軍職專長,專長代碼,民間工作任務用語,職業類別,職業名稱,職業代碼,轉銜理由,必須證照,建議證照
航空指揮將官,AD00,"1.航空營運統籌管理
  1.1統籌航空相關作業與整體運行。
  1.2確保運作效率與執行品質。
  1.3提升組織整體營運績效。
2.跨部門整合與資源協調
  2.1整合人員、資源與各部門運作。
  2.2協調不同單位之工作流程。
  2.3提升整體運作效率與協同能力。
3.計畫審核與決策管理
  3.1審核作業計畫與執行方向。
  3.2提供專業判斷與策略建議。
  3.3支持組織決策與營運發展。",01經營/行政/總務,經營管理主管,010101,具備團隊領導、策略規劃與整體效能提升等相關實務，熟悉組織運作制度、決策流程與績效管理特性，適合擔任經營管理主管，從事組織營運規劃、資源配置與管理決策等工作。,,
,,,15物流/運輸/資材,交通運輸部門主管,150201,具備飛行任務規劃、跨單位資源整合及高風險環境決策判斷等實務經驗，熟悉運輸作業流程、任務管控機制與安全風險評估制度，適合擔任交通運輸部門主管，從事交通運輸部門之決策統籌與營運管理工作。,,
,,,21行銷/企劃/專案,專案管理主管,210301,具備飛行任務規劃、資源整合與績效管理等相關實務，熟悉專案治理流程、進度控管與跨部門協調，適合擔任專案管理主管，帶領團隊從事專案規劃、資源配置與進度管控等工作。,,建議取得「國際專案管理師（PMP）證照」
,,,21行銷/企劃/專案,營運管理師/ERP專案師,210302,具備策略規劃與資源整合經驗，熟悉系統導入與跨部門協調，適合擔任營運管理師/ERP專案師，從事營運流程優化/系統導入規劃、跨部門整合等相關工作。,,建議取得經濟部「營運智慧分析師能力鑑定證書」
,,,22其他職類,顧問,220106,具備策略規劃、團隊領導、資源整合與危機應處能力，適合擔任企業顧問，提供營運策略諮詢及襄理重大專案工作。,,
,,,14教育/學術/研究,歷史／政治相關研究人員,140307,具備策略規劃及複雜情境下分析判斷實務經驗，熟悉國際關係、政策評估及研究流程，適合擔任歷史／政治相關研究人員，從事政策研究分析工作。,,
高速定翼機飛行指揮官,AD01,"1.飛航作業與營運管理
  1.1管理飛行相關作業與整體運行。
  1.2確保作業品質與運行效率。
  1.3提升單位整體營運表現。
2.作業規劃與跨部門協調
  2.1規劃飛行與相關作業流程。
  2.2協調不同部門資源與作業。
  2.3提升整體執行效率與協同能力。
3.計畫審核與風險控管
  3.1審查作業計畫與執行內容。
  3.2評估風險並提出改善建議。
  3.3確保作業安全與穩定執行。",15物流/運輸/資材,飛行機師,150203,具備飛行操作、任務規劃與飛航風險管理等相關實務，熟悉飛航作業流程、飛航安全制度，適合擔任飛行機師，從事運輸旅客，郵件、或貨物之工作。,應取得交通部民用航空局核發之「航空人員檢定證：航空器駕駛員檢定證」等相關證照,
,,,15物流/運輸/資材,交通運輸部門主管,150201,具備飛行任務規劃、跨單位資源整合及高風險環境決策判斷等實務經驗，熟悉運輸作業流程、任務管控機制與安全風險辨識評估，適合擔任交通運輸部門主管，從事交通運輸部門之決策統籌與營運管理工作。,,
,,,15物流/運輸/資材,飛航安全技術員,150204,具備飛航任務風險評估、作業監督與安全事件分析等相關實務，熟悉飛航作業流程與飛安管理實務，適合飛航安全技術員，從事飛航風險分析、安全稽核與作業改善建議等工作。,應取得交通部民用航空局核發之「航空人員檢定證：飛航管制員檢定證」等相關證照,
,,,21行銷/企劃/專案,營運管理師/ERP專案師,210302,具備策略規劃與資源整合經驗，熟悉系統導入與跨部門協調，適合擔任營運管理師/ERP專案師，從事營運流程優化/系統導入規劃、跨部門整合等相關工作。,,建議取得經濟部「營運智慧分析師能力鑑定證書」
,,,21行銷/企劃/專案,專案管理師,210304,具備跨部門協調與計畫統籌能力，熟悉任務規劃、資源配置與跨部門協調，適合擔任專案管理師，從事專案規劃、進度控管與成效評估工作。,,建議取得「國際專案管理師（PMP）證照」
慢速定翼機飛行指揮官,AD13,"1.飛航作業管理與執行
  1.1管理飛行相關作業與執行流程。
  1.2確保日常運作穩定與順暢。
  1.3提升整體作業效率。
2.計畫轉化與流程推動
  2.1將規劃轉換為具體執行流程。
  2.2設計作業節奏與推動落實。
  2.3確保各項工作依規劃執行。
3.品質控管與成效優化
  3.1審查作業內容與執行成果。
  3.2分析執行狀況並提出改善建議。
  3.3持續提升作業品質與人員能力。",15物流/運輸/資材,飛行機師,150203,具備飛行操作、任務規劃與飛航風險管理等相關實務，熟悉飛航作業流程、飛航安全制度，適合擔任飛行機師，從事運輸旅客，郵件、或貨物之工作。,應取得交通部民用航空局核發之「航空人員檢定證：航空器駕駛員檢定證」等相關證照,
,,,15物流/運輸/資材,交通運輸部門主管,150201,具備飛行任務規劃、跨單位資源整合及高風險環境決策判斷等實務經驗，熟悉運輸作業流程、任務管控機制與安全風險辨識評估，適合擔任交通運輸部門主管，從事交通運輸部門之決策統籌與營運管理工作。,,
,,,15物流/運輸/資材,運輸配送經理,150109,具備任務規劃、跨單位資源整合及高壓情境決策判斷等實務經驗，熟悉運輸調度流程、作業管控機制與風險評估制度，適合擔任運輸配送經理，從事運輸調度規劃與配送營運管理工作。,,
,,,15物流/運輸/資材,飛航安全技術員,150204,具備飛航任務風險評估、作業監督與安全事件分析等相關實務，熟悉飛航作業流程與飛安管理實務，適合飛航安全技術員，從事飛航風險分析、安全稽核與作業改善建議等工作。,應取得交通部民用航空局核發之「航空人員檢定證：飛航管制員檢定證」等相關證照,
,,,21行銷/企劃/專案,營運管理師/ERP專案師,210302,具備策略規劃與資源整合經驗，熟悉系統導入與跨部門協調，適合擔任營運管理師/ERP專案師，從事營運流程優化/系統導入規劃、跨部門整合等相關工作。,,建議取得經濟部「營運智慧分析師能力鑑定證書」
,,,21行銷/企劃/專案,專案管理師,210304,具備跨部門協調與計畫統籌能力，熟悉任務規劃、資源配置與跨部門協調，適合擔任專案管理師，從事專案規劃、進度控管與成效評估工作。,,建議取得「國際專案管理師（PMP）證照」
旋翼機飛行指揮官,AD21,"1.飛航作業管理與執行
  1.1管理飛行相關作業與整體運行。
  1.2確保作業順暢與執行成果。
  1.3提升整體運作效率。
2.計畫轉化與行動推動
  2.1將規劃轉為具體行動方案。
  2.2協調跨部門資源與作業。
  2.3推動各項作業順利執行。
3.即時應變與品質控管
  3.1監控作業狀況並即時調整。
  3.2評估風險並進行應變處置。
  3.3確保作業品質與穩定運行。",15物流/運輸/資材,飛行機師,150203,具備飛行操作、任務規劃與飛航風險管理等相關實務，熟悉飛航作業流程、飛航安全制度，適合擔任飛行機師，從事運輸旅客，郵件、或貨物之工作。,應取得交通部民用航空局核發之「航空人員檢定證：航空器駕駛員檢定證」等相關證照,
,,,15物流/運輸/資材,交通運輸部門主管,150201,具備飛行任務規劃、跨單位資源整合及高風險環境決策判斷等實務經驗，熟悉運輸作業流程、任務管控機制與安全風險辨識評估，適合擔任交通運輸部門主管，從事交通運輸部門之決策統籌與營運管理工作。,,
,,,15物流/運輸/資材,運輸配送經理,150109,具備任務規劃、跨單位資源整合及高壓情境決策判斷等實務經驗，熟悉運輸調度流程、作業管控機制與風險評估制度，適合擔任運輸配送經理，從事運輸調度規劃與配送營運管理工作。,,
,,,15物流/運輸/資材,飛航安全技術員,150204,具備飛航任務風險評估、作業監督與安全事件分析等相關實務，熟悉飛航作業流程與飛安管理實務，適合飛航安全技術員，從事飛航風險分析、安全稽核與作業改善建議等工作。,應取得交通部民用航空局核發之「航空人員檢定證：飛航管制員檢定證」等相關證照,
,,,21行銷/企劃/專案,營運管理師/ERP專案師,210302,具備策略規劃與資源整合經驗，熟悉系統導入與跨部門協調，適合擔任營運管理師/ERP專案師，從事營運流程優化/系統導入規劃、跨部門整合等相關工作。,,建議取得經濟部「營運智慧分析師能力鑑定證書」
,,,21行銷/企劃/專案,專案管理師,210304,具備跨部門協調與計畫統籌能力，熟悉任務規劃、資源配置與跨部門協調，適合擔任專案管理師，從事專案規劃、進度控管與成效評估工作。,,建議取得「國際專案管理師（PMP）證照」
艦艇指揮將官,AE00,"1.海事營運統籌管理
  1.1統籌船舶與相關單位運作。
  1.2確保整體運行效率與穩定性。
  1.3提升組織整體營運績效。
2.計畫規劃與執行推動
  2.1擬定營運方向與作業計畫。
  2.2推動計畫落實與執行。
  2.3確保各項工作依規劃推進。
3.組織管理與運作監督
  3.1管理各項業務運作與人員配置。
  3.2監控整體運行狀況與績效。
  3.3持續優化組織運作模式。",01經營/行政/總務,經營管理主管,010101,具備團隊領導、策略規劃與整體效能提升等相關實務，熟悉組織運作、決策流程與績效管理，適合擔任經營管理主管，從事營運規劃、資源整合與團隊領導等工作。,,
,,,15物流/運輸/資材,交通運輸部門主管,150201,具備航行任務規劃、跨單位資源整合及高風險環境決策判斷等實務經驗，熟悉運輸作業流程、任務管控機制與安全風險辨識評估，適合擔任交通運輸部門主管，從事交通運輸部門之決策統籌與營運管理工作。,,
,,,21行銷/企劃/專案,專案管理主管,210301,具備航行任務規劃、資源整合與績效管理等相關實務，熟悉專案治理流程、進度控管與跨部門協調，適合擔任專案管理主管，帶領團隊從事專案規劃、資源配置與進度管控等工作。,,建議取得「國際專案管理師（PMP）證照」
,,,21行銷/企劃/專案,營運管理師/ERP專案師,210302,具備策略規劃與資源整合經驗，熟悉系統導入與跨部門協調，適合擔任營運管理師/ERP專案師，從事營運流程優化/系統導入規劃、跨部門整合等相關工作。,,建議取得經濟部「營運智慧分析師能力鑑定證書」
,,,22其他職類,顧問,220106,具備策略規劃、團隊領導、資源整合與危機應處能力，適合擔任企業顧問，提供營運策略諮詢及襄理重大專案工作。,,
,,,14教育/學術/研究,歷史／政治相關研究人員,140307,具備策略規劃及複雜情境下分析判斷實務經驗，熟悉國際關係、政策評估及研究流程，適合擔任歷史／政治相關研究人員，從事政策研究分析工作。,,
戰隊指揮官,AE01,"1.艦隊營運管理
  1.1管理多船舶或多單位整體運作。
  1.2確保各單位協同運行。
  1.3提升整體營運效率。
2.計畫規劃與執行推動
  2.1制定整體營運與行動計畫。
  2.2推動各單位依計畫執行。
  2.3確保工作方向一致。
3.績效評估與優化
  3.1分析整體營運成果。
  3.2規劃改善措施與優化方案。
  3.3持續提升組織績效表現。",01經營/行政/總務,經營管理主管,010101,具備團隊領導、策略規劃與整體效能提升等相關實務，熟悉組織運作、決策流程與績效管理，適合擔任經營管理主管，從事營運規劃、資源整合與團隊領導等工作。,,
,,,15物流/運輸/資材,交通運輸部門主管,150201,具備航行任務規劃、跨單位資源整合及高風險環境決策判斷等實務經驗，熟悉運輸作業流程、任務管控機制與安全風險辨識評估，適合擔任交通運輸部門主管，從事交通運輸部門之決策統籌與營運管理工作。,,
,,,21行銷/企劃/專案,專案管理主管,210301,具備航行任務規劃、資源整合與績效管理等相關實務，熟悉專案治理流程、進度控管與跨部門協調，適合擔任專案管理主管，帶領團隊從事專案規劃、資源配置與進度管控等工作。,,建議取得「國際專案管理師（PMP）證照」
,,,21行銷/企劃/專案,營運管理師/ERP專案師,210302,具備策略規劃與資源整合經驗，熟悉系統導入與跨部門協調，適合擔任營運管理師/ERP專案師，從事營運流程優化/系統導入規劃、跨部門整合等相關工作。,,建議取得經濟部「營運智慧分析師能力鑑定證書」
,,,15物流/運輸/資材,船長／大副,150208,具備航行指揮、船舶操作與船員管理等相關實務，熟悉航行安全制度、國際海事規範與船務營運管理，適合擔任船長，從事船舶航行指揮、航行安全管理與船員調度等工作。,應取得交通部航港局核發「船長或大副適任證書」等相關證照,
艦艇指揮官,AE11,"1.船舶運作與航行管理
  1.1負責船舶航行與操作管理。
  1.2確保運行順暢與作業執行。
  1.3維持整體運作效率。
2.安全控管與設備維護
  2.1監控航行安全與作業狀況。
  2.2管理設備維護與保養作業。
  2.3確保設備正常運行。
3.團隊管理與現場運作
  3.1分析整體營運成果。
  3.2規劃改善措施與優化方案。
  3.3持續提升組織績效表現。",01經營/行政/總務,經營管理主管,010101,具備團隊領導、策略規劃與整體效能提升等相關實務，熟悉組織運作、決策流程與績效管理，適合擔任經營管理主管，從事營運規劃、資源整合與團隊領導等工作。,,
,,,15物流/運輸/資材,交通運輸部門主管,150201,具備航行任務規劃、跨單位資源整合及高風險環境決策判斷等實務經驗，熟悉運輸作業流程、任務管控機制與安全風險辨識評估，適合擔任交通運輸部門主管，從事交通運輸部門之決策統籌與營運管理工作。,,
,,,21行銷/企劃/專案,專案管理主管,210301,具備航行任務規劃、資源整合與績效管理等相關實務，熟悉專案治理流程、進度控管與跨部門協調，適合擔任專案管理主管，帶領團隊從事專案規劃、資源配置與進度管控等工作。,,建議取得「國際專案管理師（PMP）證照」
,,,21行銷/企劃/專案,營運管理師/ERP專案師,210302,具備策略規劃與資源整合經驗，熟悉系統導入與跨部門協調，適合擔任營運管理師/ERP專案師，從事營運流程優化/系統導入規劃、跨部門整合等相關工作。,,建議取得經濟部「營運智慧分析師能力鑑定證書」
,,,15物流/運輸/資材,船長／大副,150208,具備航行指揮、船舶操作與船員管理等相關實務，熟悉航行安全制度、國際海事規範與船務營運管理，適合擔任船長，從事船舶航行指揮、航行安全管理與船員調度等工作。,應取得交通部航港局核發「船長或大副適任證書」等相關證照,
艇隊指揮官,AE41,"1.船隊運作與區域管理
  1.1管理多船舶於特定區域之運作。
  1.2確保巡航與作業順暢。
  1.3提升整體運行效率。
2.作業規劃與執行推動
  2.1規劃船隊作業流程與運作方式。
  2.2推動各單位依規劃執行。
  2.3確保整體運作一致性。
3.即時調度與設備管理
  3.1掌握船舶狀態與維護情形。
  3.2進行即時調度與資源分配。
  3.3維持整體運作效能。",15物流/運輸/資材,船長／大副,150208,具備航行指揮、船舶操作與船員管理等相關實務，熟悉航行安全制度、國際海事規範與船務營運管理，適合擔任船長，從事船舶航行指揮、航行安全管理與船員調度等工作。,應取得交通部航港局核發「船長或大副適任證書」等相關證照,
,,,01經營/行政/總務,經營管理主管,010101,具備團隊領導、策略規劃與整體效能提升等相關實務，熟悉組織運作、決策流程與績效管理，適合擔任經營管理主管，從事營運規劃、資源整合與團隊領導等工作。,,
,,,15物流/運輸/資材,交通運輸部門主管,150201,具備航行任務規劃、跨單位資源整合及高風險環境決策判斷等實務經驗，熟悉運輸作業流程、任務管控機制與安全風險辨識評估，適合擔任交通運輸部門主管，從事交通運輸部門之決策統籌與營運管理工作。,,
,,,21行銷/企劃/專案,專案管理主管,210301,具備航行任務規劃、資源整合與績效管理等相關實務，熟悉專案治理流程、進度控管與跨部門協調，適合擔任專案管理主管，帶領團隊從事專案規劃、資源配置與進度管控等工作。,,建議取得「國際專案管理師（PMP）證照」
,,,21行銷/企劃/專案,營運管理師/ERP專案師,210302,具備策略規劃與資源整合經驗，熟悉系統導入與跨部門協調，適合擔任營運管理師/ERP專案師，從事營運流程優化/系統導入規劃、跨部門整合等相關工作。,,建議取得經濟部「營運智慧分析師能力鑑定證書」
潛艦指揮將官,AE80,"1.高風險營運統籌管理
  1.1管理高風險環境下之整體運作。
  1.2確保系統與流程穩定運行。
  1.3提升整體營運可靠度。
2.計畫規劃與執行推動
  2.1制定整體營運策略與行動方案。
  2.2推動計畫執行與落實。
  2.3確保運作方向一致。
3.系統整合與資源管理
  3.1整合人員與設備資源運用。
  3.2維持複雜系統穩定運作。
  3.3提升整體效能與運作效率。",01經營/行政/總務,經營管理主管,010101,具備團隊領導、策略規劃與整體效能提升等相關實務，熟悉組織運作、決策流程與績效管理，適合擔任經營管理主管，從事營運規劃、資源整合與團隊領導等工作。,,
,,,15物流/運輸/資材,交通運輸部門主管,150201,具備航行任務規劃、跨單位資源整合及高風險環境決策判斷等實務經驗，熟悉運輸作業流程、任務管控機制與安全風險辨識評估，適合擔任交通運輸部門主管，從事交通運輸部門之決策統籌與營運管理工作。,,
,,,21行銷/企劃/專案,專案管理主管,210301,具備航行任務規劃、資源整合與績效管理等相關實務，熟悉專案治理流程、進度控管與跨部門協調，適合擔任專案管理主管，帶領團隊從事專案規劃、資源配置與進度管控等工作。,,建議取得「國際專案管理師（PMP）證照」
,,,21行銷/企劃/專案,營運管理師/ERP專案師,210302,具備策略規劃與資源整合經驗，熟悉系統導入與跨部門協調，適合擔任營運管理師/ERP專案師，從事營運流程優化/系統導入規劃、跨部門整合等相關工作。,,建議取得經濟部「營運智慧分析師能力鑑定證書」
,,,22其他職類,顧問,220106,具備策略規劃、團隊領導、資源整合與危機應處能力，適合擔任企業顧問，提供營運策略諮詢及襄理重大專案工作。,,
,,,14教育/學術/研究,歷史／政治相關研究人員,140307,具備策略規劃及複雜情境下分析判斷實務經驗，熟悉國際關係、政策評估及研究流程，適合擔任歷史／政治相關研究人員，從事政策研究分析工作。,,
潛艦艦指揮官,AE82,"1.高風險現場營運管理
  1.1管理封閉或高風險環境下之現場運作。
  1.2確保各部門協同運行。
  1.3維持整體運作穩定。
2.即時決策與操作主導
  2.1於關鍵情境中進行快速判斷。
  2.2必要時直接介入現場操作。
  2.3確保整體運作不受影響。
3.作業審查與應變處理
  3.1審核作業流程與執行內容。
  3.2主導突發狀況之應變處理。
  3.3提升整體應變能力與穩定性。",01經營/行政/總務,經營管理主管,010101,具備團隊領導、策略規劃與整體效能提升等相關實務，熟悉組織運作、決策流程與績效管理，適合擔任經營管理主管，從事營運規劃、資源整合與團隊領導等工作。,,
,,,15物流/運輸/資材,交通運輸部門主管,150201,具備航行任務規劃、跨單位資源整合及高風險環境決策判斷等實務經驗，熟悉運輸作業流程、任務管控機制與安全風險辨識評估，適合擔任交通運輸部門主管，從事交通運輸部門之決策統籌與營運管理工作。,,
,,,21行銷/企劃/專案,專案管理主管,210301,具備航行任務規劃、資源整合與績效管理等相關實務，熟悉專案治理流程、進度控管與跨部門協調，適合擔任專案管理主管，帶領團隊從事專案規劃、資源配置與進度管控等工作。,,建議取得「國際專案管理師（PMP）證照」
,,,21行銷/企劃/專案,營運管理師/ERP專案師,210302,具備策略規劃與資源整合經驗，熟悉系統導入與跨部門協調，適合擔任營運管理師/ERP專案師，從事營運流程優化/系統導入規劃、跨部門整合等相關工作。,,建議取得經濟部「營運智慧分析師能力鑑定證書」
,,,15物流/運輸/資材,船長／大副,150208,具備航行指揮、船舶操作與船員管理等相關實務，熟悉航行安全制度、國際海事規範與船務營運管理，適合擔任船長，從事船舶航行指揮、航行安全管理與船員調度等工作。,應取得交通部航港局核發「船長或大副適任證書」等相關證照,
潛艦艦指導官,AE83,"1.營運與部門協調管理
  1.1協調多部門運作以維持整體一致性。
  1.2確保作業流程與運行順暢。
  1.3提升組織內部整合效率。
2.訓練與運作維持
  2.1規劃與管理訓練與值勤安排。
  2.2維持組織持續運作能力。
  2.3強化整體即時應變能力。
3.決策支援與代理職能
  3.1支援高階決策與作業判斷。
  3.2承接部分管理與指揮職能。
  3.3協助維持整體營運穩定性。",15物流/運輸/資材,船長／大副,150208,具備航行指揮、船舶操作與船員管理等相關實務，熟悉航行安全制度、國際海事規範與船務營運管理，適合擔任船長，從事船舶航行指揮、航行安全管理與船員調度等工作。,應取得交通部航港局核發「船長或大副適任證書」等相關證照,
,,,01經營/行政/總務,經營管理主管,010101,具備團隊領導、策略規劃與整體效能提升等相關實務，熟悉組織運作、決策流程與績效管理，適合擔任經營管理主管，從事營運規劃、資源整合與團隊領導等工作。,,
,,,15物流/運輸/資材,交通運輸部門主管,150201,具備航行任務規劃、跨單位資源整合及高風險環境決策判斷等實務經驗，熟悉運輸作業流程、任務管控機制與安全風險辨識評估，適合擔任交通運輸部門主管，從事交通運輸部門之決策統籌與營運管理工作。,,
,,,21行銷/企劃/專案,專案管理主管,210301,具備航行任務規劃、資源整合與績效管理等相關實務，熟悉專案治理流程、進度控管與跨部門協調，適合擔任專案管理主管，帶領團隊從事專案規劃、資源配置與進度管控等工作。,,建議取得「國際專案管理師（PMP）證照」
,,,21行銷/企劃/專案,營運管理師/ERP專案師,210302,具備策略規劃與資源整合經驗，熟悉系統導入與跨部門協調，適合擔任營運管理師/ERP專案師，從事營運流程優化/系統導入規劃、跨部門整合等相關工作。,,建議取得經濟部「營運智慧分析師能力鑑定證書」
戰鬥系統指導官,AE51,"1.系統整合管理
  1.1管理多系統整合運作（感測／控制／輸出）。
  1.2確保系統間協同與穩定運行。
  1.3提升整體系統運作效率。
2.技術維護與設備管理
  2.1管理設備使用狀態與維護流程。
  2.2協調技術支援與修護作業。
  2.3確保設備效能維持最佳狀態。
3.系統效能分析與優化
  3.1分析系統運作效能與瓶頸。
  3.2提出改善與優化方案。
  3.3提升整體運作效率與穩定性。",21行銷/企劃/專案,專案管理師,210304,具備任務規劃、資源整合與績效管理等相關實務，熟悉專案治理流程、進度控管與跨部門協調，適合擔任專案管理主管，從事專案規劃、資源配置與進度管控等工作。,,建議取得「國際專案管理師（PMP）證照」
,,,21行銷/企劃/專案,營運管理師/ERP專案師,210302,具備策略規劃與資源整合經驗，熟悉系統導入與跨部門協調，適合擔任營運管理師/ERP專案師，從事營運流程優化/系統導入規劃、跨部門整合等相關工作。,,建議取得經濟部「營運智慧分析師能力鑑定證書」
,,,15物流/運輸/資材,船長／大副,150208,具備部門指揮、系統操作與船員管理等相關實務，熟悉航行安全制度、國際海事規範與船務營運管理，適合擔任船長，從事船舶航行指揮、航行安全管理與船員調度等工作。,應取得交通部航港局核發「船長或大副適任證書」等相關證照,
,,,07工程/研發/生技,自動控制工程師,070217,具備系統整合規劃、跨單位協調及作業參數分析判斷等實務經驗，熟悉自動控制系統運作原理、資料監控機制，適合擔任自動控制工程師，從事控制系統設計、設備調整與運轉監控等工作。,,建議取得經濟部認可之「自動化工程師」等相關證照
,,,07工程/研發/生技,RF通訊工程師,070110,具備通訊系統整合、訊號分析判斷及跨單位協調等實務經驗，熟悉無線通訊原理、訊號傳輸機制與系統運作架構，適合擔任RF通訊工程師，從事無線通訊系統設計與訊號分析工作。。,,建議取得經濟部認證之「天線設計工程師能力鑑定證書」
艦作戰指導官,AE52,"1.系統整合與營運協調
  1.1整合多系統運作流程與資訊流。
  1.2確保跨部門運作一致性。
  1.3提升整體運作效率。
2.感測與資訊整合管理
  2.1管理多來源資訊整合與彙整。
  2.2提升資訊傳輸與處理效率。
  2.3強化系統協同運作能力。
3.資訊運用與調度支援
  3.1協調資訊資源配置與使用。
  3.2支援即時資訊判讀與應用。
  3.3維持資訊運作穩定與完整。",21行銷/企劃/專案,專案管理師,210304,具備任務規劃、資源整合與績效管理等相關實務，熟悉專案治理流程、進度控管與跨部門協調，適合擔任專案管理主管，從事專案規劃、資源配置與進度管控等工作。,,建議取得「國際專案管理師（PMP）證照」
,,,21行銷/企劃/專案,營運管理師/ERP專案師,210302,具備策略規劃與資源整合經驗，熟悉系統導入與跨部門協調，適合擔任營運管理師/ERP專案師，從事營運流程優化/系統導入規劃、跨部門整合等相關工作。,,建議取得經濟部「營運智慧分析師能力鑑定證書」
,,,15物流/運輸/資材,船長／大副,150208,具備部門指揮、系統操作與船員管理等相關實務，熟悉航行安全制度、國際海事規範與船務營運管理，適合擔任船長，從事船舶航行指揮、航行安全管理與船員調度等工作。,應取得交通部航港局核發「船長或大副適任證書」等相關證照,
,,,07工程/研發/生技,自動控制工程師,070217,具備系統整合規劃、跨單位協調及作業參數分析判斷等實務經驗，熟悉自動控制系統運作原理、資料監控機制，適合擔任自動控制工程師，從事控制系統設計、設備調整與運轉監控等工作。,,建議取得經濟部認可之「自動化工程師」等相關證照
,,,07工程/研發/生技,RF通訊工程師,070110,具備通訊系統整合、訊號分析判斷及跨單位協調等實務經驗，熟悉無線通訊原理、訊號傳輸機制與系統運作架構，適合擔任RF通訊工程師，從事無線通訊系統設計與訊號分析工作。。,,建議取得經濟部認證之「天線設計工程師能力鑑定證書」
艦飛彈指導官,AE62,"1.高技術系統作業指揮與執行
  1.1指揮並協調專業技術團隊執行高風險、高精密系統作業任務。
  1.2確保系統作業流程符合計畫、規範與安全要求。
  1.3即時處理作業異常狀況，維持任務穩定執行。
2.系統維運、測試與可靠度管理
  2.1規劃並督導系統測試、校正與維修保養作業。
  2.2分析系統故障與運作數據，提出改善與精進建議。
  2.3確保關鍵設備維持可用率與性能穩定度。
3.技術研究、訓練與制度化管理
  3.1規劃並推動專業技術訓練，提升團隊整體技術能力。
  3.2參與系統運用與作業模式之研究與優化。
  3.3管理技術文件、作業紀錄與行政流程，確保制度化運作。",21行銷/企劃/專案,專案管理師,210304,具備任務規劃、資源整合與績效管理等相關實務，熟悉專案治理流程、進度控管與跨部門協調，適合擔任專案管理主管，從事專案規劃、資源配置與進度管控等工作。,,建議取得「國際專案管理師（PMP）證照」
,,,21行銷/企劃/專案,營運管理師/ERP專案師,210302,具備策略規劃與資源整合經驗，熟悉系統導入與跨部門協調，適合擔任營運管理師/ERP專案師，從事營運流程優化/系統導入規劃、跨部門整合等相關工作。,,建議取得經濟部「營運智慧分析師能力鑑定證書」
,,,15物流/運輸/資材,船長／大副,150208,具備部門指揮、系統操作與船員管理等相關實務，熟悉航行安全制度、國際海事規範與船務營運管理，適合擔任船長，從事船舶航行指揮、航行安全管理與船員調度等工作。,應取得交通部航港局核發「船長或大副適任證書」等相關證照,
,,,07工程/研發/生技,自動控制工程師,070217,具備系統整合規劃、跨單位協調及作業參數分析判斷等實務經驗，熟悉自動控制系統運作原理、資料監控機制，適合擔任自動控制工程師，從事控制系統設計、設備調整與運轉監控等工作。,,建議取得經濟部認可之「自動化工程師」等相關證照
,,,09品管/製造/環衛,品管/品保工程師,090107,具備系統運作監控、設備測試校正及跨單位協調等實務經驗，熟悉設備維護流程、品質管控機制與可靠度分析方法，適合擔任品管/品保工程師，從事設備品質管理與可靠度分析工作。,,建議取得中華民國品質學會之「品質工程師證書」(經濟部認證)
救難指導官,AE63,"1.緊急應變與營運調度
  1.1規劃緊急事件應對流程與資源配置。
  1.2統整跨單位支援與調度機制。
  1.3提升應變效率與處置速度。
2.設備管理與維運整備
  2.1管理救援與拖救設備維護流程。
  2.2確保設備即時可用與穩定運作。
  2.3規劃設備配置與補給策略。
3.現場協調與資源整合
  3.1協調多單位執行緊急應變行動。
  3.2整合人力與設備資源運用。
  3.3提升整體處置協同效率。",21行銷/企劃/專案,專案管理師,210304,具備任務規劃、資源整合與績效管理等相關實務，熟悉專案治理流程、進度控管與跨部門協調，適合擔任專案管理主管，從事專案規劃、資源配置與進度管控等工作。,,建議取得「國際專案管理師（PMP）證照」
,,,21行銷/企劃/專案,營運管理師/ERP專案師,210302,具備策略規劃與資源整合經驗，熟悉系統導入與跨部門協調，適合擔任營運管理師/ERP專案師，從事營運流程優化/系統導入規劃、跨部門整合等相關工作。,,建議取得經濟部「營運智慧分析師能力鑑定證書」
,,,15物流/運輸/資材,船長／大副,150208,具備部門指揮、系統操作與船員管理等相關實務，熟悉航行安全制度、國際海事規範與船務營運管理，適合擔任船長，從事船舶航行指揮、航行安全管理與船員調度等工作。,應取得交通部航港局核發「船長或大副適任證書」等相關證照,
,,,07工程/研發/生技,自動控制工程師,070217,具備裝備保養檢查即故障排除實務經驗，熟悉自動控制系統運作原理與參數判讀，適合擔任自動控制工程師，從事控制系統設計、設備調整與運轉監控等工作。,,建議取得經濟部認可之「自動化工程師」證照
,,,09品管/製造/環衛,廠務,090220,具備任務規劃、設備維護管理及跨單位協調等實務經驗，熟悉作業流程、設備運作機制與緊急應變處置，適合擔任廠務，從事廠務運作管理與設備維護工作。,,
掃布雷指揮官,AE71,"1.水域安全與作業管理
  1.1規劃水域安全與環境管理流程。
  1.2建立作業標準與執行機制。
  1.3確保整體水域運作穩定。
2.組織運作與資源配置
  2.1管理人力、訓練與資源配置。
  2.2優化部門運作效率。
  2.3強化整體執行協同能力。
3.作業計畫與執行協調
  3.1制定並推動作業執行計畫。
  3.2協調跨單位執行流程。
  3.3提升整體執行品質與效率。",通俗職業未收錄依UCAN對應,水下遙控無人載具作業主管,,具備水下監測、聲納與定位技術，適合擔任至ROV作業主管，從事水下遙控無人載具任務規劃、操作與維護工作。,,建議參加海洋委員會國家海洋研究院「水下遙控載具機師培訓課」
,,,通俗職業未收錄依UCAN對應,水文技術人員,,具備水下聲波傳播、海流觀測與目標搜尋經驗，適合擔任水文技術人員，從事海洋環境觀測、潮汐與海流監測、水下聲學資料分析及水文測繪等相關工作。,,建議參加海洋委員會國家海洋研究院「水下噪音監測員培訓課」或「被動聲學監測員培訓課」
,,,21行銷/企劃/專案,專案管理師,210304,具備任務規劃、資源整合與績效管理等相關實務，熟悉專案治理流程、進度控管與跨部門協調，適合擔任專案管理主管，從事專案規劃、資源配置與進度管控等工作。,,建議取得「國際專案管理師（PMP）證照」
,,,21行銷/企劃/專案,營運管理師/ERP專案師,210302,具備策略規劃與資源整合經驗，熟悉系統導入與跨部門協調，適合擔任營運管理師/ERP專案師，從事營運流程優化/系統導入規劃、跨部門整合等相關工作。,,建議取得經濟部「營運智慧分析師能力鑑定證書」
,,,15物流/運輸/資材,船長／大副,150208,具備部門指揮、系統操作與船員管理等相關實務，熟悉航行安全制度、國際海事規範與船務營運管理，適合擔任船長，從事船舶航行指揮、航行安全管理與船員調度等工作。,應取得交通部航港局核發「船長或大副適任證書」等相關證照,
,,,07工程/研發/生技,自動控制工程師,070217,具備系統操作、設備監控與參數調校等相關實務，熟悉自動控制系統運作原理與參數判讀，適合擔任自動控制工程師，從事控制系統設計、設備調整與運轉監控等工作。,,建議取得經濟部認可之「自動化工程師」證照
,,,通俗職業未收錄依UCAN對應,離岸作業水下支撐結構檢測人員,,具備聲納探測與水下異常判斷能力，適合擔任離岸作業水下支撐結構檢測人員，從事海洋風電基座、管線及平台結構之檢測、維護與風險評估等工作。,,建議參加勞動部離岸風電設備巡檢人才培訓班，並取得國際海事組織認可之BST基本安全訓練證照
水雷反制指導官,AE72,"1.水域風險管理與安全規劃
  1.1分析水域環境風險與潛在影響。
  1.2規劃風險控制與處置流程。
  1.3提升整體水域安全管理能力。
2.設備運作與維護管理
  2.1管理專業設備操作與維護流程。
  2.2確保設備穩定性與可用性。
  2.3提升設備運作效率與可靠性。
3.技術配置與效能優化
  3.1評估設備配置與使用方式。
  3.2提出技術運用優化建議。
  3.3提升整體系統運作效能。",通俗職業未收錄依UCAN對應,水下遙控無人載具作業主管,,具備水下監測、聲納與定位技術，適合擔任至ROV作業主管，從事水下遙控無人載具任務規劃、操作與維護工作。,,建議參加海洋委員會國家海洋研究院「水下遙控載具機師培訓課」
,,,通俗職業未收錄依UCAN對應,水文技術人員,,具備水下聲波傳播、海流觀測與目標搜尋經驗，適合擔任水文技術人員，從事海洋環境觀測、潮汐與海流監測、水下聲學資料分析及水文測繪等相關工作。,,建議參加海洋委員會國家海洋研究院「水下噪音監測員培訓課」或「被動聲學監測員培訓課」
,,,21行銷/企劃/專案,專案管理師,210304,具備任務規劃、資源整合與績效管理等相關實務，熟悉專案治理流程、進度控管與跨部門協調，適合擔任專案管理主管，從事專案規劃、資源配置與進度管控等工作。,,建議取得「國際專案管理師（PMP）證照」
,,,21行銷/企劃/專案,營運管理師/ERP專案師,210302,具備策略規劃與資源整合經驗，熟悉系統導入與跨部門協調，適合擔任營運管理師/ERP專案師，從事營運流程優化/系統導入規劃、跨部門整合等相關工作。,,建議取得經濟部「營運智慧分析師能力鑑定證書」
,,,15物流/運輸/資材,船長／大副,150208,具備部門指揮、系統操作與船員管理等相關實務，熟悉航行安全制度、國際海事規範與船務營運管理，適合擔任船長，從事船舶航行指揮、航行安全管理與船員調度等工作。,應取得交通部航港局核發「船長或大副適任證書」等相關證照,
,,,07工程/研發/生技,自動控制工程師,070217,具備系統操作、設備監控與參數調校等相關實務，熟悉自動控制系統運作原理與參數判讀，適合擔任自動控制工程師，從事控制系統設計、設備調整與運轉監控等工作。,,建議取得經濟部認可之「自動化工程師」證照
,,,通俗職業未收錄依UCAN對應,離岸作業水下支撐結構檢測人員,,具備聲納探測與水下異常判斷能力，適合擔任離岸作業水下支撐結構檢測人員，從事海洋風電基座、管線及平台結構之檢測、維護與風險評估等工作。,,建議參加勞動部離岸風電設備巡檢人才培訓班，並取得國際海事組織認可之BST基本安全訓練證照
雷達情報部隊指揮官,AE91,"1.監測系統與資訊管理
  1.1管理即時監測系統運作流程。
  1.2整合監測資料與資訊流。
  1.3提升資訊即時性與準確性。
2.情境判讀與運作調度
  2.1依環境變化進行資訊判讀與分析。
  2.2管理監控作業流程與調度。
  2.3提升整體反應效率與判讀品質。
3.系統維護與穩定運作
  3.1規劃設備保養與測試流程。
  3.2確保系統穩定與可用性。
  3.3提升整體運作可靠度。",01經營/行政/總務,經營管理主管,010101,具備團隊領導、策略規劃與整體效能提升等相關實務，熟悉組織運作、決策流程與績效管理，適合擔任經營管理主管，從事營運規劃、資源整合與團隊領導等工作。,,
,,,07工程/研發/生技,通訊系統工程師,070109,具備通訊系統整合、作業訊號管制與跨部門協調等相關實務，熟悉通訊系統建置流程、系統操作規範與作業風險管控特性，適合擔任通訊系統工程師，從事通訊系統規劃、系統測試驗證與運作穩定性管理等工作。,,建議取得國家通訊傳播委員會「通信技術(電信線路)技術士證」
,,,07工程/研發/生技,RF通訊工程師,070110,具備射頻通訊設備操作、訊號品質監控與系統干擾判讀等相關實務，熟悉射頻通訊作業流程、設備管制制度與訊號干擾管理特性，適合擔任RF通訊工程師，從事射頻設備測試、訊號品質分析與通訊效能改善等工作。,,建議取得經濟部認證之「天線設計工程師能力鑑定證書」
,,,07工程/研發/生技,電力系統工程師,070119,具備系統運作監控、設備維護管理及跨單位協調等實務經驗，熟悉電力系統運作原理、設備監控機制與異常判斷流程，適合擔任電力系統工程師，從事電力系統運轉監控與設備維護工作。,,建議取得勞動部「工業電子技術士」證
,,,21行銷/企劃/專案,專案管理師,210304,具備任務規劃、資源整合與績效管理等相關實務，熟悉專案治理流程、進度控管與跨部門協調，適合擔任專案管理主管，從事專案規劃、資源配置與進度管控等工作。,,建議取得「國際專案管理師（PMP）證照」
,,,21行銷/企劃/專案,營運管理師/ERP專案師,210302,具備策略規劃與資源整合經驗，熟悉系統導入與跨部門協調，適合擔任營運管理師/ERP專案師，從事營運流程優化/系統導入規劃、跨部門整合等相關工作。,,建議取得經濟部「營運智慧分析師能力鑑定證書」
海岸工作指揮官,DG01,"1.基地／園區營運管理
  1.1規劃並執行大型基地營運流程。
  1.2建立作業制度與標準流程。
  1.3提升整體營運效率與穩定性。
2.設施維運與資源整合
  2.1管理設備維護與資源配置。
  2.2優化資源使用效率。
  2.3確保設施長期穩定運作。
3.安全與人力運作管理
  3.1建立並維持營運安全機制。
  3.2管理人力配置與運作安排。
  3.3提升整體協同與執行效率。",15物流/運輸/資材,交通運輸部門主管,150201,具備大型場域調度、跨單位協調與營運管理等相關實務經驗，熟悉交通運輸制度、營運流程與安全管理特性，適合擔任交通運輸部門主管，從事運輸系統規劃、部門管理與營運風險控管等工作。,,
,,,01經營/行政/總務,行政總務主管,010301,具備大型場域調度、跨單位協調與營運管理等相關實務經驗，熟悉部門行政運作流程，適合擔任行政總務主管，從事行政制度建置與日常庶務管理等工作。,,
,,,15物流/運輸/資材,物流中心經理,150108,具備港口調度、進出港管制與後勤支援統籌等相關實務，熟悉物流運作、進出管制與現場安全管理，適合擔任物流中心經理，從事物流作業調度、場站營運管理與作業安全控管等工作。,,建議取得財政部關務署核發「優質企業供應鏈安全專責人員證書」
,,,21行銷/企劃/專案,專案管理師,210304,具備任務規劃、資源整合與績效管理等相關實務，熟悉專案治理流程、進度控管與跨部門協調，適合擔任專案管理主管，從事專案規劃、資源配置與進度管控等工作。,,建議取得「國際專案管理師（PMP）證照」
,,,21行銷/企劃/專案,營運管理師/ERP專案師,210302,具備策略規劃與資源整合經驗，熟悉系統導入與跨部門協調，適合擔任營運管理師/ERP專案師，從事營運流程優化/系統導入規劃、跨部門整合等相關工作。,,建議取得經濟部「營運智慧分析師能力鑑定證書」
陸戰隊指揮將官,AF00,"1.組織營運與策略執行
  1.1統籌大型組織整體運作與發展方向。
  1.2推動策略落地與執行管理。
  1.3提升整體營運效能與穩定性。
2.資源整合與組織管理
  2.1整合人力、設備與資源配置。
  2.2建立高效運作機制。
  2.3提升組織整體運作效率。
3.即時決策與協同管理
  3.1進行高壓情境下之決策判斷。
  3.2協調跨單位合作與資源運用。
  3.3確保整體運作順暢推進。",01經營/行政/總務,經營管理主管,010101,具備團隊領導、策略規劃與整體效能提升等相關實務，熟悉組織運作制度、決策流程與績效管理特性，適合擔任經營管理主管，從事組織營運規劃、資源配置與管理決策等工作。,,
,,,21行銷/企劃/專案,專案管理主管,210301,具備航行任務規劃、資源整合與績效管理等相關實務，熟悉專案治理流程、進度控管與跨部門協調，適合擔任專案管理主管，帶領團隊從事專案規劃、資源配置與進度管控等工作。,,建議取得「國際專案管理師（PMP）證照」
,,,21行銷/企劃/專案,營運管理師/ERP專案師,210302,具備策略規劃與資源整合經驗，熟悉系統導入與跨部門協調，適合擔任營運管理師/ERP專案師，從事營運流程優化/系統導入規劃、跨部門整合等相關工作。,,建議取得經濟部「營運智慧分析師能力鑑定證書」
,,,22其他職類,顧問,220106,具備高階決策支援、策略分析與組織診斷等相關實務，熟悉決策流程、風險評估制度與組織治理特性，適合擔任顧問，從事策略建議、組織優化與決策支援等工作。,,建議取得管理顧問或策略分析相關訓練
,,,14教育/學術/研究,歷史／政治相關研究人員,140307,具備策略規劃及複雜情境下分析判斷實務經驗，熟悉國際關係、政策評估及研究流程，適合擔任歷史／政治相關研究人員，從事政策研究分析工作。,,
陸戰隊指揮官,AF01,"1.營運執行與現場管理
  1.1管理現場運作與執行流程。
  1.2確保作業依計畫順利推進。
  1.3提升整體執行效率。
2.組織運作與資源配置
  2.1管理人力與資源配置。
  2.2維持組織穩定運作。
  2.3優化整體運作效率。
3.即時決策與協同運作
  3.1進行現場判斷與決策。
  3.2協調跨單位合作。
  3.3確保整體運作一致性。",01經營/行政/總務,行政總務主管,010301,具備單位行政統籌、資源調配等相關實務經驗，熟悉內部管控制度與標準作業程序，適合擔任行政總務主管，從事組織行政管理、總務支援等工作。,,
,,,21行銷/企劃/專案,專案管理師,210304,具備任務規劃、跨部門協調與資源整合等相關實務，熟悉專案流程、任務分工與風險管控，適合擔任專案管理師，從事專案策劃及進度管控等工作。,,建議取得「國際專案管理師（PMP）認證」
,,,21行銷/企劃/專案,營運管理師/ERP專案師,210302,具備策略規劃與資源整合經驗，熟悉系統導入與跨部門協調，適合擔任營運管理師/ERP專案師，從事營運流程優化/系統導入規劃、跨部門整合等相關工作。,,建議取得經濟部「營運智慧分析師能力鑑定證書」
,,,21行銷/企劃/專案,企業永續發展人員,210305,具備政策制定、資料分析與協調整合能力，熟悉制度建置、績效管理與法規遵循，適合擔任企業永續發展人員，從事企業永續策略規劃、碳盤查與社會責任推動等工作。,,建議取得經濟部「淨零碳規劃管理師」能力鑑定
,,,03人資/法務/智財,教育訓練人員,030104,具備課程規劃設計及訓練成效評估等實務經驗，熟悉訓練需求分析、教案設計流程與訓練回饋機制，適合擔任教育訓練人員，從事企業人才培育工作。,,
,,,21行銷/企劃/專案,行銷企劃人員,210103,具備任務規劃、資源整合及情境判斷應變等實務經驗，熟悉活動設計與溝通協作，適合擔任行銷企劃人員，從事行銷策略規劃與專案執行工作。,,建議取得經濟部「品牌企劃師能力鑑定證書」
,,,16旅遊/餐飲/休閒,導遊,160102,具備職務養成之專案規劃、團隊溝通與突發狀況應變處置能力，適合擔任導遊，從事旅遊導覽、旅客接待與行程解說工作。,應取得交通部觀光署核發之「導遊人員執業證」,
,,,16旅遊/餐飲/休閒,領隊,160103,具備職務養成之專案規劃、團隊溝通與突發狀況應變處置能力，適合擔任領隊，從事旅遊導覽、旅客接待與行程解說工作。,應取得交通部觀光署核發之「領隊人員執業證」,
,,,03人資/法務/智財,幹事,010104,具備行政管理、活動規劃及跨單位協調等實務經驗，熟悉章程研擬與總務管理，適合擔任法人團體幹事，從事活動規劃與會務推展工作。,,
聯合訓練基地指揮將官,DA20,"1.教育訓練營運管理
  1.1管理大型訓練中心或培訓體系運作。
  1.2統整多單位培訓流程與執行。
  1.3提升整體培訓效率與穩定性。
2.訓練制度與品質控管
  2.1規劃培訓課程與評核制度。
  2.2建立標準化訓練流程。
  2.3確保訓練品質與一致性。
3.成效分析與制度優化
  3.1分析培訓成果與數據。
  3.2提出制度改善與優化建議。
  3.3持續提升整體培訓成效。",01經營/行政/總務,經營管理主管,010101,具備團隊領導、策略規劃與整體效能提升等相關實務，熟悉組織運作制度、決策流程與績效管理特性，適合擔任經營管理主管，從事組織營運規劃、資源配置與管理決策等工作。,,
,,,21行銷/企劃/專案,專案管理主管,210301,具備航行任務規劃、資源整合與績效管理等相關實務，熟悉專案治理流程、進度控管與跨部門協調，適合擔任專案管理主管，帶領團隊從事專案規劃、資源配置與進度管控等工作。,,建議取得「國際專案管理師（PMP）證照」
,,,21行銷/企劃/專案,營運管理師/ERP專案師,210302,具備策略規劃與資源整合經驗，熟悉系統導入與跨部門協調，適合擔任營運管理師/ERP專案師，從事營運流程優化/系統導入規劃、跨部門整合等相關工作。,,建議取得經濟部「營運智慧分析師能力鑑定證書」
,,,22其他職類,顧問,220106,具備高階決策支援、策略分析與組織診斷等相關實務，熟悉決策流程、風險評估制度與組織治理特性，適合擔任顧問，從事策略建議、組織優化與決策支援等工作。,,建議取得管理顧問或策略分析相關訓練
,,,14教育/學術/研究,歷史／政治相關研究人員,140307,具備策略規劃及複雜情境下分析判斷實務經驗，熟悉國際關係、政策評估及研究流程，適合擔任歷史／政治相關研究人員，從事政策研究分析工作。,,
聯合訓練基地指揮官,DA21,"1.培訓執行與現場管理
  1.1管理培訓活動執行與現場運作。
  1.2規劃模擬情境與演練流程。
  1.3確保培訓活動順利進行。
2.評核作業與品質控管
  2.1協助執行評核與測驗流程。
  2.2維持評估標準一致性。
  2.3提升整體評核品質。
3.營運支援與日常管理
  3.1管理單位日常運作流程。
  3.2協調人力與資源配置。
  3.3維持整體運作穩定性。",01經營/行政/總務,行政總務主管,010301,具備單位行政統籌、資源調配等相關實務經驗，熟悉內部管控制度與標準作業程序，適合擔任行政總務主管，從事組織行政管理、總務支援等工作。,,
,,,21行銷/企劃/專案,專案管理師,210304,具備任務規劃、跨部門協調與資源整合等相關實務，熟悉專案流程、任務分工與風險管控，適合擔任專案管理師，從事專案策劃及進度管控等工作。,,建議取得「國際專案管理師（PMP）認證」
,,,21行銷/企劃/專案,營運管理師/ERP專案師,210302,具備策略規劃與資源整合經驗，熟悉系統導入與跨部門協調，適合擔任營運管理師/ERP專案師，從事營運流程優化/系統導入規劃、跨部門整合等相關工作。,,建議取得經濟部「營運智慧分析師能力鑑定證書」
,,,21行銷/企劃/專案,企業永續發展人員,210305,具備政策制定、資料分析與協調整合能力，熟悉制度建置、績效管理與法規遵循，適合擔任企業永續發展人員，從事企業永續策略規劃、碳盤查與社會責任推動等工作。,,建議取得經濟部「淨零碳規劃管理師」能力鑑定
,,,03人資/法務/智財,教育訓練人員,030104,具備課程規劃設計及訓練成效評估等實務經驗，熟悉訓練需求分析、教案設計流程與訓練回饋機制，適合擔任教育訓練人員，從事企業人才培育工作。,,
,,,21行銷/企劃/專案,行銷企劃人員,210103,具備任務規劃、資源整合及情境判斷應變等實務經驗，熟悉活動設計與溝通協作，適合擔任行銷企劃人員，從事行銷策略規劃與專案執行工作。,,建議取得經濟部「品牌企劃師能力鑑定證書」
,,,16旅遊/餐飲/休閒,導遊,160102,具備職務養成之專案規劃、團隊溝通與突發狀況應變處置能力，適合擔任導遊，從事旅遊導覽、旅客接待與行程解說工作。,應取得交通部觀光署核發之「導遊人員執業證」,
,,,16旅遊/餐飲/休閒,領隊,160103,具備職務養成之專案規劃、團隊溝通與突發狀況應變處置能力，適合擔任領隊，從事旅遊導覽、旅客接待與行程解說工作。,應取得交通部觀光署核發之「領隊人員執業證」,
,,,03人資/法務/智財,幹事,010104,具備行政管理、活動規劃及跨單位協調等實務經驗，熟悉章程研擬與總務管理，適合擔任法人團體幹事，從事活動規劃與會務推展工作。,,
兩棲部隊指揮官,DD01,"1.跨場域營運管理
  1.1管理多場域（陸地／水域）作業整合。
  1.2規劃複合型環境作業流程。
  1.3提升整體運作協同效率。
2.組織運作與資源配置
  2.1管理人力、設備與資訊資源。
  2.2維持組織穩定運作。
  2.3優化整體營運效率。
3.計畫執行與流程控管
  3.1規劃並推動作業執行計畫。
  3.2監控執行進度與品質。
  3.3確保整體執行一致性。",01經營/行政/總務,行政總務主管,010301,具備單位行政統籌、資源調配等相關實務經驗，熟悉內部管控制度與標準作業程序，適合擔任行政總務主管，從事組織行政管理、總務支援等工作。,,
,,,21行銷/企劃/專案,專案管理師,210304,具備任務規劃、跨部門協調與資源整合等相關實務，熟悉專案流程、任務分工與風險管控，適合擔任專案管理師，從事專案策劃及進度管控等工作。,,建議取得「國際專案管理師（PMP）認證」
,,,21行銷/企劃/專案,營運管理師/ERP專案師,210302,具備策略規劃與資源整合經驗，熟悉系統導入與跨部門協調，適合擔任營運管理師/ERP專案師，從事營運流程優化/系統導入規劃、跨部門整合等相關工作。,,建議取得經濟部「營運智慧分析師能力鑑定證書」
,,,21行銷/企劃/專案,企業永續發展人員,210305,具備政策制定、資料分析與協調整合能力，熟悉制度建置、績效管理與法規遵循，適合擔任企業永續發展人員，從事企業永續策略規劃、碳盤查與社會責任推動等工作。,,建議取得經濟部「淨零碳規劃管理師」能力鑑定
,,,03人資/法務/智財,教育訓練人員,030104,具備課程規劃設計及訓練成效評估等實務經驗，熟悉訓練需求分析、教案設計流程與訓練回饋機制，適合擔任教育訓練人員，從事企業人才培育工作。,,
,,,21行銷/企劃/專案,行銷企劃人員,210103,具備任務規劃、資源整合及情境判斷應變等實務經驗，熟悉活動設計與溝通協作，適合擔任行銷企劃人員，從事行銷策略規劃與專案執行工作。,,建議取得經濟部「品牌企劃師能力鑑定證書」
,,,16旅遊/餐飲/休閒,導遊,160102,具備職務養成之專案規劃、團隊溝通與突發狀況應變處置能力，適合擔任導遊，從事旅遊導覽、旅客接待與行程解說工作。,應取得交通部觀光署核發之「導遊人員執業證」,
,,,16旅遊/餐飲/休閒,領隊,160103,具備職務養成之專案規劃、團隊溝通與突發狀況應變處置能力，適合擔任領隊，從事旅遊導覽、旅客接待與行程解說工作。,應取得交通部觀光署核發之「領隊人員執業證」,
,,,03人資/法務/智財,幹事,010104,具備行政管理、活動規劃及跨單位協調等實務經驗，熟悉章程研擬與總務管理，適合擔任法人團體幹事，從事活動規劃與會務推展工作。,,
水中爆破指揮官,DD41,"1.水下工程與障礙處理
  1.1規劃水下障礙排除與環境整治。
  1.2管理航道或水域通行條件。
  1.3提升水域作業效率與安全性。
2.技術整合與作業執行
  2.1整合設備與技術執行水下作業。
  2.2規劃作業流程與操作方式。
  2.3提升整體作業效能。
3.安全控管與跨單位協調
  3.1建立高風險作業安全機制。
  3.2協調多單位共同執行作業。
  3.3確保作業穩定與人員安全。",01經營/行政/總務,經營管理主管,010101,具備團隊領導、策略規劃與整體效能提升等相關實務，熟悉組織運作、決策流程與績效管理，適合擔任經營管理主管，從事營運規劃、資源整合與團隊領導等工作。,,
,,,16旅遊/餐飲/休閒,運動教練,160301,具備潛水專業與訓練規劃經驗，適合擔任潛水運動教練，從事休閒潛水教學、專業救援與潛水安全訓練等工作,應取得運動部核發「水上救生員證書」及「國際潛水教練證照」,
,,,通俗職業未收錄依UCAN對應,商業潛水員,,具備深潛與水肺潛水專業，適合擔任商業潛水員，從事海洋建設、沉船打撈、管線維修與水下探勘等工作。,應取得勞動部「職業潛水」技術士證,
,,,通俗職業未收錄依UCAN對應,水下遙控無人載具作業主管,,具備水下監控與目標指示經驗，適合擔任至ROV作業主管，從事水下機器人的任務規劃、操作與維護。,,建議參加海洋委員會國家海洋研究院「水下遙控載具機師培訓課」
,,,通俗職業未收錄依UCAN對應,水文技術人員,,具備水域作業規劃、現場指揮調度及高風險環境判斷等實務經驗，熟悉水文作業流程，適合擔任水文技術人員，從事潮流測量、海底地形繪製與水質監測等工作。,,建議參加海洋委員會國家海洋研究院「水下噪音監測員培訓課」或「被動聲學監測員培訓課」
,,,通俗職業未收錄依UCAN對應,離岸作業水下支撐結構檢測人員,,具備水下作業規劃、結構檢測判讀及高風險環境作業實務經驗，熟悉水下檢測技術與設備操作流程，適合離岸作業水下支撐結構檢測人員，從事離岸風電、油氣平台檢測維護。,,建議參加勞動部離岸風電設備巡檢人才培訓班，並取得國際海事組織認可之BST基本安全訓練證照
航海領導士,AE115,"1.航行監測與操作支援
  1.1協助監控航行狀態與操作流程。
  1.2支援現場指令傳達與執行。
  1.3確保航行作業順暢。
2.設備與資料管理
  2.1管理導航設備與相關系統。
  2.2維護圖資更新與正確性。
  2.3確保設備穩定運作。
3.通訊與規範執行
  3.1支援通訊與信號作業。
  3.2配合相關作業標準與規範。
  3.3維持整體運作一致性。",15物流/運輸/資材,船員,150210,具備航行監控作業、設備操作維護及通訊協調等實務經驗，熟悉航行作業流程、航儀設備運作與安全規範，適合擔任船員，從事船舶航行支援與操作工作。,應取得交通部航港局核發之船員適任證照,
,,,15物流/運輸/資材,運輸交通專業人員,150101,具備航程規劃、航海儀器管理與航行紀錄整理經驗，適合擔任至運輸交通專業人員，從事交通運輸規劃與航運協調。,應取得交通部航港局核發之「船員適任證照」或「港勤引水人員適任證書」,
,,,15物流/運輸/資材,營運調度人員,150211,具備運輸調度規劃、作業流程管控及跨單位協調等實務經驗，熟悉調度作業機制、營運管理流程與異常應變處置，適合擔任營運調度人員，從事運輸調度規劃與營運管理工作。,,
,,,06客服/門市,連鎖店管理人員,060205,具備軍中差勤管理、物料補給及設施環境維護等實務經驗，熟悉人員調度與突發狀況處理，適合轉銜為連鎖店管理人員，從事連鎖體系門市營運管理、人員督導與日常營運協調等工作。,,建議取得勞動部核發之「門市服務技術士證」等相關證照
,,,01經營/行政/總務,行政總務人員,010302,具備作業流程執行、設備管理維護及跨單位協調等實務經驗，熟悉行政作業流程與資產管理機制，適合擔任行政總務人員，從事行政支援與總務管理工作。,,
帆纜領導士,AE215,"1.設備維護與現場管理
  1.1管理船舶外部設備與設施維護。
  1.2確保設備穩定與安全運作。
  1.3提升整體維運品質。
2.作業設備操作與管理
  2.1操作並管理各類機具與繩索系統。
  2.2維持設備使用效率與可靠性。
  2.3強化設備管理制度。
3.海上作業支援與協調
  3.1協調繫泊、靠泊與相關作業。
  3.2支援各類現場作業流程。
  3.3確保整體作業順暢進行。",15物流/運輸/資材,船員,150210,具備甲板作業管理、設備操作維護及海上作業支援等實務經驗，熟悉船舶作業流程、設備運作機制與安全規範，適合擔任船員，從事船舶作業與航行支援工作。,應取得交通部航港局核發之船員適任證書,
,,,15物流/運輸/資材,運輸交通專業人員,150101,具備甲板作業管理、海上作業支援及跨單位協調等實務經驗，熟悉運輸作業流程、設備運作機制與安全規範，適合擔任運輸交通專業人員，從事交通運輸規劃與航運協調等工作。,應取得交通部航港局核發之「船員適任證書」或「港勤引水人員適任證書」,
,,,10技術/維修/操作,其他機械操作員,100390,具備繩纜吊掛、固定與搬運操作能力，熟悉甲板設備作業流程，適合擔任其他機械操作員，從事船上設備操作與維護等工作，從事船舶設備操作與維護等工作。,應取得勞動部「固定式起重機操作（架空式-機上操作）單一級」技術士證照,
,,,09品管/製造/環衛,職業安全衛生人員,090301,具備高風險作業管控及設備操作實務經驗，熟悉作業安全規範、風險評估機制，適合擔任職業安全衛生人員，從事職業安全管理相關工作。,應取得勞動部「職業安全衛生管理乙級技術士證」,
,,,09品管/製造/環衛,廠務,090220,具備任務規劃、設備維護管理及跨單位協調等實務經驗，熟悉作業流程、設備運作機制與緊急應變處置，適合擔任廠務，從事廠務運作管理與設備維護工作。,,
,,,06客服/門市,連鎖店管理人員,060205,具備職務所需差勤管理、物料補給及設施環境維護等實務經驗，熟悉人員調度與物品清點，適合轉銜為連鎖店管理人員，從事連鎖體系門市營運管理、人員督導與日常營運協調等工作。,,建議取得勞動部核發之「門市服務技術士證」等相關證照
電子作戰領導士,AE315,"1.電子系統設備操作與維護
  1.1操作與維護電子監測／分析設備，確保系統正常運行。
  1.2執行設備檢修、校正與效能調整，降低故障風險。
2.技術資料蒐集與分析報告
  2.1蒐集系統運作與訊號資料，進行分析與比對。
  2.2彙整分析結果，撰寫技術報告與作業紀錄。
3.專業團隊管理與技術培訓
  3.1管理所屬技術人員之工作分配與執行狀況。
  3.2規劃並實施專業訓練，提升團隊技術能力。",10技術/維修/操作,精密儀器製造工及修理人員,100203,具備設備操作維修、故障診斷分析與調整校正等相關實務經驗，熟悉設備保養制度與檢修流程，適合擔任精密儀器製造工及修理工，從事精密設備組裝、故障檢修與性能測試等工作。,,建議取得勞動部「工業電子」或「儀表電子」技術士等相關證照
,,,10技術/維修/操作,通訊產品維修人員,100210,具備設備操作維修、故障診斷分析與調整校正等相關實務經驗，熟悉設備保養制度與檢修流程，適合擔任通訊產品維修人員，從事通訊設備維修、系統測試與客戶端技術支援等工作。,,建議取得勞動部「電器修護技術士證」等相關證照
,,,10技術/維修/操作,電子設備裝修技術員,100208,具備設備操作維修、故障診斷分析與調整校正等相關實務經驗，熟悉設備保養制度與檢修流程，適合擔任電子設備裝修技術員，從事電子設備維修、系統安裝與故障排除等工作。,,建議取得勞動部「工業電子」或「儀表電子」技術士等相關證照
,,,09品管/製造/環衛,測試校正人員,090104,具備設備測試校正、系統操作維護及資料分析等實務經驗，熟悉測試作業流程、設備校正機制與品質管控規範，適合擔任測試校正人員，從事設備測試與校正管理工作。,,
信號領導士,AE415,"1.通信訊息傳遞管理
  1.1管理多元訊息傳遞方式與流程。
  1.2確保資訊準確性與即時性。
  1.3提升整體溝通效率。
2.設備與資料管理
  2.1管理通信設備與資料資源。
  2.2執行設備維護與管理作業。
  2.3確保設備穩定運作。
3.訓練與標準化流程管理
  3.1規劃訊息傳遞訓練內容。
  3.2建立標準作業流程。
  3.3提升作業一致性與熟練度。",15物流/運輸/資材,船員,150210,具備通信作業執行、設備管理維護及訊號傳遞協調等實務經驗，熟悉航行作業與通信機制，適合擔任船員，從事船舶航行支援與通信作業工作。,應取得交通部航港局核發之船員適任證書,
,,,15物流/運輸/資材,運輸交通專業人員,150101,具備通信作業執行、設備管理維護及訊號傳遞協調等實務經驗，熟悉運輸作業流程、通信運作機制與安全規範，適合擔任運輸交通專業人員，從事運輸交通相關作業與營運支援工作。,應取得交通部航港局核發之船員適任證書,
,,,01經營/行政/總務,行政總務人員,010301,具備作業流程執行、設備管理維護及跨單位協調等實務經驗，熟悉行政作業流程、資產管理機制與安全規範，適合擔任行政總務人員，從事行政支援與總務管理工作。,,
,,,06客服/門市,連鎖店管理人員,060205,具備軍中差勤管理、物料補給及設施環境維護等實務經驗，熟悉人員調度與突發狀況處理，適合轉銜為連鎖店管理人員，從事連鎖體系門市營運管理、人員督導與日常營運協調等工作。,,建議取得勞動部核發之「門市服務技術士證」等相關證照
射控系統領導士,AE515,"1.精密系統操作與維運管理
  1.1操作並維護高精密控制系統。
  1.2確保系統穩定與長期運作。
  1.3提升設備運作效率與可靠性。
2.測試與校正作業管理
  2.1執行系統性能測試與檢測。
  2.2進行設備校正與精度調整。
  2.3確保系統輸出準確性。
3.異常處理與系統維修
  3.1診斷系統異常狀況。
  3.2執行故障排除與修復。
  3.3維持設備持續可用性。",15物流/運輸/資材,船員,150210,具備設備操作維護、系統測試校正及故障排除等實務經驗，熟悉船舶作業流程、設備運作機制與安全規範，適合擔任船員，從事船舶設備操作與航行支援工作。,應取得交通部航港局核發之船員適任證照,
,,,07工程/研發/生技,機電整合工程師,070218,具備系統整合運作、設備測試校正及故障排除等實務經驗，熟悉機電整合原理、系統控制機制與設備維護流程，適合擔任機電整合工程師，從事機電系統設計與整合應用工作。,,建議取得勞動部「機電整合」技術士證
,,,10技術/維修/操作,電子設備裝修技術員,100208,具備電子設備操作維護、系統測試校正及故障排除等實務經驗，熟悉電子系統運作原理與設備維修流程，適合擔任電子設備裝修技術員，從事電子設備維修與保養工作。,,建議取得勞動部「工業電子」或「儀表電子」技術士等相關證照
,,,09品管/製造/環衛,測試校正人員,090104,具備設備測試校正、系統操作維護及資料分析等實務經驗，熟悉測試作業流程、設備校正機制與品質管控規範，適合擔任測試校正人員，從事設備測試與校正管理工作。,,
,,,06客服/門市,連鎖店管理人員,060205,具備軍中差勤管理、物料補給及設施環境維護等實務經驗，熟悉人員調度與突發狀況處理，適合轉銜為連鎖店管理人員，從事連鎖體系門市營運管理、人員督導與日常營運協調等工作。,,建議取得勞動部核發之「門市服務技術士證」等相關證照
聲納領導士,AE616,"1.精密感測系統操作與維護
  1.1操作高精密水下／聲學感測設備，執行目標搜尋與訊號接收作業。
  1.2依標準程序進行設備校正、參數調整與日常保養。
2.訊號判讀與系統狀態分析
  2.1分析感測回傳訊號，判讀目標特性、距離與運動趨勢。
  2.2辨識環境噪訊與異常訊號，降低誤判風險。
3.作業支援與技術紀錄管理
  3.1記錄設備操作狀況、測試結果與異常事件。
  3.2協助作業流程優化與技術參數調整建議。",通俗職業未收錄依UCAN對應,水下遙控無人載具作業主管,,具備聲波探測、水下目標定位及聲納訊號判讀，適合擔任水下遙控無人載具技術工程師，可參加海洋委員會國家海洋研究院「水下遙控載具機師培訓課」，從事水下遙控載具任務規劃、操作與維護工作。,,
,,,通俗職業未收錄依UCAN對應,水文技術人員,,具備海洋與水中聲學基礎，並能運用監測數據進行分析，適合擔任水文技術人員，可參加海洋委員會國家海洋研究院「水下噪音監測員培訓課」或「被動聲學監測員培訓課」，從事潮流測量、海底地形繪製與水質監測等工作。,,
,,,07工程/研發/生技,聲學／噪音工程師,070205,具備水中聲學原理與聲納運用，適合擔任至聲學／噪音工程師，從事水下聲波監測、噪音分析及聲源定位工作。,,
,,,08資訊/軟體/系統,系統操作人員,080303,具備電子設備操作、數據回報、異常處置實務經驗，適合擔任系統操作人員，從事資料監控、系統維護與操作異常排除等工作。,,建議取得勞動部「電腦硬體裝修或工業電子技術士證」等相關證照
,,,通俗職業未收錄依UCAN對應,離岸作業水下支撐結構檢測人員,,具備水下探測與裝備維護實務經驗，適合擔任至離岸作業水下支撐結構檢測人員，從事離岸風電、海洋石油平台、水下管線與結構檢測等工作。,,建議參加勞動部離岸風電設備巡檢人才培訓班，並取得國際海事組織認可之BST基本安全訓練證照
砲械領導士,AE715,"1.重型設備維護與保修
  1.1執行重型設備之定期保養、檢修與零組件更換作業。
  1.2依設備規範進行機械結構與系統狀態檢查，確保可用度。
2.系統檢測與安全確認
  2.1操作量測與測試儀器，執行設備功能與安全性檢查。
  2.2依作業標準進行測試程序，降低操作與運轉風險。
3.技術文件與人員訓練支援
  3.1依技術手冊與流程文件執行維修與檢測作業。
  3.2協助整理設備保養、檢修與測試紀錄。",15物流/運輸/資材,船員,150210,具備設備操作維護、系統測試校正及故障排除等實務經驗，熟悉船舶作業流程、設備運作機制與安全規範，適合擔任船員從事船舶設備操作與航行支援工作。,應取得交通部航港局核發之船員適任證照，,
,,,07工程/研發/生技,機電整合工程師,070218,具備系統整合運作、設備測試校正及故障排除等實務經驗，熟悉機電整合原理、系統控制機制與設備維護流程，適合擔任機電整合工程師，從事機電系統設計與整合應用工作。,,建議取得勞動部「機電整合」技術士證
,,,10技術/維修/操作,其他機械操作員,100390,具備機械設備操作、維護檢修及測試校正等實務經驗，熟悉機台運作原理、設備維護流程與品質管控機制，適合擔任其他機械操作員，從事各類機械設備操作、安裝與維修工作。,,
,,,09品管/製造/環衛,測試校正人員,090104,具備設備測試校正、系統操作維護及資料分析等實務經驗，熟悉測試作業流程、設備校正機制與品質管控規範，適合擔任測試校正人員，從事設備測試與校正管理工作。,,
,,,06客服/門市,連鎖店管理人員,060205,具備軍中差勤管理、物料補給及設施環境維護等實務經驗，熟悉人員調度與突發狀況處理，適合轉銜為連鎖店管理人員，從事連鎖體系門市營運管理、人員督導與日常營運協調等工作。,,建議取得勞動部核發之「門市服務技術士證」等相關證照
反潛火箭領導士,AE815,"1.機電整合系統操作與維護
  1.1操作具機械、電控與動力系統之複合型設備。
  1.2執行設備日常保養、檢修與基礎修復作業。
2.系統檢測與功能驗證
  2.1使用量測儀表與測試設備進行系統狀態檢查。
  2.2依標準流程判讀信號、壓力與動作回饋數據。
3.技術紀錄與維修支援
  3.1依操作手冊與技術文件執行維修與檢查作業。
  3.2協助記錄設備狀況、檢修結果與測試數據。",15物流/運輸/資材,船員,150210,具備設備操作維護、系統測試校正及故障排除等實務經驗，熟悉船舶作業流程、設備運作機制與安全規範，適合擔任船員，從事船舶設備操作與航行支援工作。,應取得交通部航港局核發之船員適任證照,
,,,07工程/研發/生技,機電整合工程師,070218,具備系統整合運作、設備測試校正及故障排除等實務經驗，熟悉機電整合原理、系統控制機制與設備維護流程，適合擔任機電整合工程師，從事機電系統設計與整合應用工作。,,建議取得勞動部「機電整合」技術士證
,,,10技術/維修/操作,電子設備裝修技術員,100208,具備電子設備操作維護、系統測試校正及故障排除等實務經驗，熟悉電子系統運作原理與設備維修流程，適合擔任電子設備裝修技術員，從事電子設備維修與保養工作。,,建議取得勞動部「工業電子」或「儀表電子」技術士等相關證照
,,,10技術/維修/操作,其他機械操作員,100390,具備機械設備操作、維護檢修及測試校正等實務經驗，熟悉機台運作原理、設備維護流程與品質管控機制，適合擔任其他機械操作員，從事各類機械設備操作、安裝與維修工作。,,
,,,09品管/製造/環衛,測試校正人員,090104,具備設備測試校正、系統操作維護及資料分析等實務經驗，熟悉測試作業流程、設備校正機制與品質管控規範，適合擔任測試校正人員，從事設備測試與校正管理工作。,,
,,,06客服/門市,連鎖店管理人員,060205,具備軍中差勤管理、物料補給及設施環境維護等實務經驗，熟悉人員調度與突發狀況處理，適合轉銜為連鎖店管理人員，從事連鎖體系門市營運管理、人員督導與日常營運協調等工作。,,建議取得勞動部核發之「門市服務技術士證」等相關證照
魚雷領導士,AE915,"1.精密設備維護與測試
  1.1執行高精密設備之檢查、保養、功能測試與基礎修復。
  1.2依標準作業流程（SOP）完成設備發射前與運作前檢測。
2.系統操作與異常排除
  2.1操作整合式控制與推送系統，支援設備啟動與運作流程。
  2.2使用量測工具進行電路與系統狀態判讀。
3.安全管控與技術文件支援
  3.1依安全規範執行高風險設備之裝配、調校與操作。
  3.2管理設備存放、運輸與測試器材之使用與保修紀錄。",10技術/維修/操作,其他機械操作員,100390,具備精密設備操作與檢修實務經驗，適合擔任其他機械操作員，從事設軍民用裝備吊掛、運補作業與精密設備安裝等相關工作。,應取得勞動部「固定式起重機操作（架空式-機上操作）單一級」技術士證照,
,,,10技術/維修/操作,銲接、切割工,100123,具備具備精密設備操作與檢修實務經驗，適合擔任銲接、切割工，從事船舶修造、鋼構工程或能源產業等工作。,,建議取得勞動部「氬氣鎢極電銲電銲單一級技術士證」
,,,通俗職業未收錄依UCAN對應,水下遙控無人載具技術工程師,,具備電工基礎、精密儀器維護與海上作業經驗，適合擔任水下遙控無人載具技術工程師，從事水下機器人的任務規劃、操作與維護工作。,,建議參加海洋委員會國家海洋研究院「水下遙控載具機師培訓課」
,,,09品管/製造/環衛,職業安全衛生人員,090301,具備高風險作業管控及設備操作實務經驗，熟悉作業安全規範、風險評估機制，適合擔任職業安全衛生人員，從事職業安全管理相關工作。,應取得勞動部「職業安全衛生管理乙級技術士證」,
,,,09品管/製造/環衛,廠務,090220,具備任務規劃、設備維護管理及跨單位協調等實務經驗，熟悉作業流程、設備運作機制與緊急應變處置，適合擔任廠務，從事廠務運作管理與設備維護工作。,,
,,,09品管/製造/環衛,測試校正人員,090104,具備設備測試校正、系統操作維護及資料分析等實務經驗，熟悉測試作業流程、設備校正機制與品質管控規範，適合擔任測試校正人員，從事設備測試與校正管理工作。,,
,,,06客服/門市,連鎖店管理人員,060205,具備軍中差勤管理、物料補給及設施環境維護等實務經驗，熟悉人員調度與突發狀況處理，適合轉銜為連鎖店管理人員，從事連鎖體系門市營運管理、人員督導與日常營運協調等工作。,,建議取得勞動部核發之「門市服務技術士證」等相關證照
陸戰隊野砲目標觀測領導士,AF335,"1.現場資訊蒐集與整合
  1.1蒐集來自現場觀測、地形與目標的多元資訊，並進行初步整理與比對。
  1.2將零散資訊轉化為可供決策參考的結構化資料與重點摘要。
2.分析判斷與精準修正
  2.1依據觀測結果進行偏差分析，找出誤差來源與修正方向。
  2.2提出具體修正建議，確保後續行動能朝向預期目標收斂。
3.工具操作與作業支援
  3.1操作與維護各類觀測與分析工具，確保設備在關鍵時刻可用。
  3.2於高壓、即時環境下支援團隊運作，必要時可代理關鍵角色持續任務。",11營建/製圖/施作,量測／儀校人員,110320,具備現場測量、數據判讀及設備操作維護等實務經驗，熟悉測量作業流程，適合擔任量測／儀校人員，從事測量與儀器校正工作。,應取得勞動部「測量」技術士證,
,,,09品管/製造/環衛,測試校正人員,090104,具備測量數據判讀、設備操作維護及校正調整等實務經驗，熟悉測試作業流程、儀器校正機制與品質管控規範，適合擔任測試校正人員，從事設備測試與校正管理工作。,,
,,,10技術/維修/操作,遙控無人機專業人員,100316,具備目標觀測判讀、設備操作控制及現場判斷應變等實務經驗，熟悉操作流程與安全規範，適合擔任遙控無人機專業人員，從事無人機操作執行商用、空拍、監測、研究、農藥噴灑等相關工作。,應取得交通部民用航空局核發之「遙控無人機操作證」等相關證照,
,,,20農林漁牧相關,森林防護人員,200203,具備野外環境識別判斷、巡查監控及現場應變處置等實務經驗，熟悉風險辨識評估與事件處理回報，適合擔任森林防護人員，從事森林巡護與環境安全管理工作。,,
,,,06客服/門市,連鎖店管理人員,060205,具備軍中差勤管理、物料補給及設施環境維護等實務經驗，熟悉人員調度與突發狀況處理，適合轉銜為連鎖店管理人員，從事連鎖體系門市營運管理、人員督導與日常營運協調等工作。,,建議取得勞動部核發之「門市服務技術士證」
陸戰隊登陸戰車領導士,AF435,"1.特種車輛操作與維運
  1.1操作重型／特殊用途履帶車輛。
  1.2執行車輛日常保養與維護。
  1.3確保車輛穩定運作與安全性。
2.運輸與物流調度管理
  2.1執行人員與物資運輸作業。
  2.2協調運輸流程與載運安排。
  2.3提升運輸效率與安全性。
3.設備防護與維護處理  3.1執行設備清潔與防護處理。
  3.2管理特殊環境下設備維護流程。
  3.3確保裝備持續可用性。",通俗職業未收錄依UCAN對應,物料搬運機械及車輛操作人員的第一線主管,,具備駕駛重型機具實務經驗，熟悉現場調度指揮與作業安全規範，適合擔任物料搬運機械及車輛操作人員的第一線主管，從事搬運設備操作、人員調度與作業安全維護等工作。,,建議取得勞動部「堆高機」、「挖土機」或「推土機」操作單一技術證
,,,10技術/維修/操作,自動化機械加工技術人員,100106,具備重型機具保養檢查及故障排除能力，熟悉機械結構與電控系統工作原理，適合擔任自動化機械技術人員，從事自動化機械之操作、製程機具維護與設備異常排除等工作。,,建議取得勞動部「機械加工」技術士證
,,,10技術/維修/操作,農業及工業用機器裝修人員,100204,具備重型機具保養檢查及故障排除能力，熟悉檢查、維護與故障排除流程，適合擔任農業及工業用機器裝修人員，從事工業用機械設備、零組件及引擎之安裝、檢查、維修與性能測試等工作。,應取得勞動部「重機械修護技術士」,
,,,15物流/運輸/資材,運輸交通專業人員,150101,因職務歷練，具備指揮調度及軍品裝卸運輸實務經驗，熟悉運輸流程規劃與車隊管理，適合擔任運輸交通專業人員。從事交通運輸、物流配送等工作，負責運輸規劃、車隊管理與效率管控等任務。,,
,,,15物流/運輸/資材,倉儲物流人員,150107,因職務歷練，具備指揮調度及軍品清點、裝卸及運輸實務經驗，熟悉物料管理流程與現場作業規範，適合擔任倉儲物流人員，從事理貨、包裝、進出貨、庫存盤點與補貨等物流管理作業。,,建議取得勞動部「堆高機操作單一技術士證」
,,,09品管/製造/環衛,廠務,090220,因於部隊長期接觸裝備保養、環境巡查、財產清點等實務工作，並具備遵守安全作業規定與設備控管能力，適合轉銜廠務，協助從事設施維護、環境管理等工作。,,
,,,06客服/門市,連鎖店管理人員,060205,具備軍中差勤管理、物料補給及設施環境維護等實務經驗，熟悉人員調度、流程管控及突發狀況處理，適合轉銜為連鎖店管理人員，從事連鎖體系門市營運管理、人員督導與日常營運協調等工作。,,建議取得勞動部核發之「門市服務技術士證」
灘岸勤務領導士,DD315,"1.岸際作業與運輸管制
  1.1管理岸際與水域交界之運輸動線。
  1.2協調載具進出與作業順序。
  1.3提升整體運輸效率與安全性。
2.水域救援與障礙排除
  2.1執行水域救援與支援作業。
  2.2處理擱淺或故障設備。
  2.3維持作業環境順暢。
3.臨時設施建置與支援
  3.1建置臨時碼頭與作業設施。
  3.2支援人員與物資上下作業。
  3.3確保現場作業順利進行。",11營建/製圖/施作,工地監工人員,100205,具備灘岸施工指揮經驗，熟悉人員調度、裝備操作及現場安全維護，適合擔任營建工程監工人員，從事現場調度、施工協調與進度管理。,應取得內政部國土管理署「營造業工地主任執業證」,
,,,通俗職業未收錄依UCAN對應,物料搬運機械及車輛操作人員的第一線主管,,具備駕駛重型機具實務經驗，熟悉現場調度指揮與作業安全規範，適合擔任物料搬運機械及車輛操作人員的第一線主管，從事搬運設備操作、人員調度與作業安全維護等工作。,,建議取得勞動部「堆高機」、「挖土機」或「推土機」操作單一技術證
,,,11營建/製圖/施作,推土機、怪手操作員,110305,具備灘岸施工指揮經驗，熟悉重型機具操作及保養檢查要領，適合擔任推土機、挖掘機操作員，操作大型機具從事土木施工、灘岸整地相關工作。,應取得勞動部「重機械操作－推土機或挖掘機操作技術士證」,
,,,15物流/運輸/資材,大貨車司機,150102,具備車輛駕駛、物資運補及現場調度支援等實務經驗，熟悉車輛駕駛與道路安全規範，適合擔任大貨車司機，從事貨物運輸與物流配送工作。。,應取得交通部公路局職業大型車駕駛執照,
,,,15物流/運輸/資材,倉儲物流人員,150107,具備物資調度管理、現場作業指揮實務經驗，熟悉倉儲作業流程與物流管理規範，適合擔任倉儲物流人員，從事倉儲管理與物流配送作業。,,建議取得勞動部「堆高機操作」單一技術士證
,,,09品管/製造/環衛,廠務,090220,因於部隊長期接觸裝備保養、環境巡查、財產清點等實務工作，並具備遵守安全作業規定與設備控管能力，適合轉銜廠務，協助從事設施維護、環境管理等工作。,,
,,,06客服/門市,連鎖店管理人員,060205,具備軍中差勤管理、物料補給及設施環境維護等實務經驗，熟悉人員調度、流程管控及突發狀況處理，適合轉銜為連鎖店管理人員，從事連鎖體系門市營運管理、人員督導與日常營運協調等工作。,,建議取得勞動部核發之「門市服務技術士證」
兩棲重機械操作領導士,DD325,"1.重機械操作與工程支援
  1.1操作重型工程設備進行現場作業。
  1.2支援岸際或特殊環境工程需求。
  1.3提升作業效率與執行品質。
2.設備維護與運轉管理
  2.1執行設備保養與潤滑作業。
  2.2管理設備使用狀況。
  2.3確保機械穩定運作。
3.安全控管與紀錄管理
  3.1執行現場安全控管措施。
  3.2管理設備使用與保養紀錄。
  3.3提升作業安全與可追溯性。",通俗職業未收錄依UCAN對應,物料搬運機械及車輛操作人員的第一線主管,,具備操作重型機具實務經驗，熟悉現場調度指揮與作業安全規範，適合擔任物料搬運機械及車輛操作人員的第一線主管，從事搬運設備操作、人員調度與作業安全維護等工作。,,建議取得勞動部「堆高機」、「挖土機」或「推土機」操作單一技術證
,,,11營建/製圖/施作,吊車、起重機操作員,110304,具備操作重型機具實務經驗，熟悉現場調度指揮與作業安全規範，適合擔任吊車、起重機操作員，從事重物吊掛、現場工程支援與機具保養檢修等工作。,應取得勞動部「重機械操作－固定式起重機操作技術士證」,
,,,11營建/製圖/施作,推土機、怪手操作員,110305,具備操作重型機具實務經驗，熟悉現場調度指揮與作業安全規範，適合擔任推土機、怪手操作員，從事土方整地、建築施工等工作。,應取得勞動部「重機械操作－推土機或挖掘機操作技術士證」,
,,,10技術/維修/操作,農業及工業用機器裝修工,100204,具備機械拆裝、潤滑與液控系統維護等相關實務，熟悉保養流程及安全規範，適合擔任農業及工業用機器裝修工，從事機械維修、系統調校與設備檢修保養等工作。,,建議取得勞動部「重機械修護技術士」
,,,09品管/製造/環衛,廠務,090220,因於部隊長期接觸裝備保養、環境巡查、財產清點等實務工作，並具備遵守安全作業規定與設備控管能力，適合轉銜廠務，協助從事設施維護、環境管理等工作。,,
,,,06客服/門市,連鎖店管理人員,060205,具備軍中差勤管理、物料補給及設施環境維護等實務經驗，熟悉人員調度、流程管控及突發狀況處理，適合轉銜為連鎖店管理人員，從事連鎖體系門市營運管理、人員督導與日常營運協調等工作。,,建議取得勞動部核發之「門市服務技術士證」
兩棲偵搜領導士,DD415,"1.重機械操作與工程支援
  1.1操作重型工程設備進行現場作業。
  1.2支援岸際或特殊環境工程需求。
  1.3提升作業效率與執行品質。
2.設備維護與運轉管理
  2.1執行設備保養與潤滑作業。
  2.2管理設備使用狀況。
  2.3確保機械穩定運作。
3.安全控管與紀錄管理
  3.1執行現場安全控管措施。
  3.2管理設備使用與保養紀錄。
  3.3提升作業安全與可追溯性。",15物流/運輸/資材,船員,150201,具備水域環境判讀、操舟作業及現場應變處置等實務經驗，熟悉航行作業流程、水域安全規範與設備操作機制，適合擔任船員，從事小型船舶操駕與水域現場作業支援,應取得交通部航港局核發之「營業用動力小船」駕照,
,,,通俗職業未收錄依UCAN對應,商業潛水員,,具備水下作業執行、潛水操作及高風險環境應變等實務經驗，熟悉潛水作業流程、水域安全規範與設備操作機制，適合擔任商業潛水員，從事水下作業活動。,應取得勞動部「職業潛水」技術士證,
,,,16旅遊/餐飲/休閒,水上救生員,160302,具備水域救援作業、現場應變處置及人員安全管控等實務經驗，熟悉水域安全規範、救援流程與緊急應變機制，適合擔任水上救生員，從事水域安全維護與救援工作。,應取得運動部核發「水上救生員證書」,
,,,10技術/維修/操作,遙控無人機專業人員,100316,具備設備操作控制、任務執行規劃及現場判斷應變等實務經驗，熟悉操作流程、安全規範與任務管控機制，適合擔任遙控無人機專業人員，操作無人機從事商用、空拍、監測、研究及農藥噴灑等相關工作。,應取得交通部民用航空局核發之「遙控無人機操作證」,
,,,18保全/軍警消,保全技術人員,180106,具備風險評估、現場警戒與安防設備運用等相關實務，熟悉巡檢通報流程、門禁管制制度與事件應對管理特性，適合擔任保全技術人員，從事安防系統監控、異常通報與現場支援等工作。,,
,,,16旅遊/餐飲/休閒,運動教練,160301,具備格鬥及游泳、潛水技能，熟悉體能訓練規劃與評量，適合擔任運動教練，從事練、游泳、潛水教學及體能訓練工作。,應取得運動部核發「水上救生員證書」、「國際潛水教練證照」或「國民體適能指導員」等相關證照,
,,,18保全/軍警消,運鈔員,180104,具備高風險任務執行、安全警戒管控及現場應變處置等實務經驗，熟悉安全管理機制與緊急應變程序，適合擔任運鈔員，從事現金運送與安全護衛工作。,,
水中爆破領導士,DD515,"1.水下工程與障礙排除
  1.1執行水下障礙物處理與工程作業，確保航道或作業區域安全。
  1.2依作業規範完成爆破與排除流程，降低對周邊環境之風險影響。
2.現地偵察與情資回報
  2.1蒐集灘岸與港區設施之現地資訊，進行初步整理與分析。
  2.2將關鍵資訊即時回報，支援後續行動與決策規劃。
3.裝備管理與救援支援
  3.1管理並維護潛水、偵爆與工程裝備，確保設備可用與安全。
  3.2協助水下清理、沉船處理與拖救作業，支援複雜環境下之任務行動。",通俗職業未收錄依UCAN對應,爆破工程人員,,具備炸藥知識與引信拆卸技能，熟悉爆破作業流程、安全管理機制與風險控管程序，適合擔任爆破工程人員，可參加經濟部地質調查及礦業管理中心核定之「礦場安全管理人員技術訓練班」或「事業用爆炸物爆破專業人員訓練班」，從事隧道開挖、礦山爆破、建築拆除與工程爆破安全管理等工作。,,
,,,通俗職業未收錄依UCAN對應,離岸作業水下支撐結構檢測人員,,具備潛水技能與水下檢測經驗，熟悉水下作業流程與風險管控程序，適合擔任離岸作業水下支撐接購檢測人員，從事離岸風電、油氣平台檢測維護。,,建議參加勞動部離岸風電設備巡檢人才培訓班，並取得國際海事組織認可之BST基本安全訓練證照
,,,通俗職業未收錄依UCAN對應,商業潛水員,,具備水下作業執行、潛水操作及高風險環境應變等實務經驗，熟悉潛水作業流程、水域安全規範與設備操作機制，適合擔任商業潛水員，從事水下作業活動。,應取得勞動部「職業潛水」技術士證,
,,,16旅遊/餐飲/休閒,水上救生員,160302,具備水域救援作業、現場應變處置及人員安全管控等實務經驗，熟悉水域安全規範、救援流程與緊急應變機制，適合擔任水上救生員，從事水域安全維護與救援工作。,應取得運動部核發「水上救生員證書」,
,,,16旅遊/餐飲/休閒,運動教練,160301,具備格鬥及游泳、潛水技能，熟悉體能訓練規劃與評量，適合擔任運動教練，從事練、游泳、潛水教學及體能訓練工作。,應取得運動部核發「水上救生員證書」、「國際潛水教練證照」或「國民體適能指導員」等相關證照,
,,,10技術/維修/操作,遙控無人機專業人員,100316,具備設備操作控制、任務執行規劃及現場判斷應變等實務經驗，熟悉操作流程、安全規範與任務管控機制，適合擔任遙控無人機專業人員，操作無人機從事商用、空拍、監測、研究及農藥噴灑等相關工作。,應取得交通部民用航空局核發之「遙控無人機操作證」,
,,,18保全/軍警消,保全技術人員,180106,具備風險評估、現場警戒與安防設備運用等相關實務，熟悉巡檢通報流程、門禁管制制度與事件應對管理特性，適合擔任保全技術人員，從事安防系統監控、異常通報與現場支援等工作。,,
,,,18保全/軍警消,運鈔員,180104,具備高風險任務執行、安全警戒管控及現場應變處置等實務經驗，熟悉安全管理機制與緊急應變程序，適合擔任運鈔員，從事現金運送與安全護衛工作。,,
水中械彈處理領導士,DD615,"1.危險物處理與安全管理
  1.1辨識並處理高風險物件。
  1.2執行安全控管與風險降低措施。
  1.3確保作業環境安全。
2.精密設備處理與技術操作
  2.1執行裝置拆解與檢測作業。
  2.2進行細部結構檢查與處理。
  2.3確保設備處理精準度。
3.安全控管與紀錄管理
  3.1執行現場安全控管措施。
  3.2管理設備使用與保養紀錄。
  3.3提升作業安全與可追溯性。",通俗職業未收錄依UCAN對應,爆破工程人員,,具備炸藥知識與引信拆卸技能，熟悉爆破作業流程、安全管理機制與風險控管程序，適合擔任爆破工程人員，可參加經濟部地質調查及礦業管理中心核定之「礦場安全管理人員技術訓練班」或「事業用爆炸物爆破專業人員訓練班」，從事隧道開挖、礦山爆破、建築拆除與工程爆破安全管理等工作。,,
,,,通俗職業未收錄依UCAN對應,離岸作業水下支撐結構檢測人員,,具備潛水技能與水下檢測經驗，熟悉水下作業流程與風險管控程序，適合擔任離岸作業水下支撐接購檢測人員，從事離岸風電、油氣平台檢測維護。,,建議參加勞動部離岸風電設備巡檢人才培訓班，並取得國際海事組織認可之BST基本安全訓練證照
,,,通俗職業未收錄依UCAN對應,商業潛水員,,具備水下作業執行、潛水操作及高風險環境應變等實務經驗，熟悉潛水作業流程、水域安全規範與設備操作機制，適合擔任商業潛水員，從事水下作業活動。,應取得勞動部「職業潛水」技術士證,
,,,16旅遊/餐飲/休閒,水上救生員,160302,具備水域救援作業、現場應變處置及人員安全管控等實務經驗，熟悉水域安全規範、救援流程與緊急應變機制，適合擔任水上救生員，從事水域安全維護與救援工作。,應取得運動部核發「水上救生員證書」,
,,,16旅遊/餐飲/休閒,運動教練,160301,具備格鬥及游泳、潛水技能，熟悉體能訓練規劃與評量，適合擔任運動教練，從事練、游泳、潛水教學及體能訓練工作。,應取得運動部核發「水上救生員證書」、「國際潛水教練證照」或「國民體適能指導員」等相關證照,
,,,10技術/維修/操作,遙控無人機專業人員,100316,具備設備操作控制、任務執行規劃及現場判斷應變等實務經驗，熟悉操作流程、安全規範與任務管控機制，適合擔任遙控無人機專業人員，操作無人機從事商用、空拍、監測、研究及農藥噴灑等相關工作。,應取得交通部民用航空局核發之「遙控無人機操作證」,
,,,18保全/軍警消,保全技術人員,180106,具備風險評估、現場警戒與安防設備運用等相關實務，熟悉巡檢通報流程、門禁管制制度與事件應對管理特性，適合擔任保全技術人員，從事安防系統監控、異常通報與現場支援等工作。,,
,,,18保全/軍警消,運鈔員,180104,具備高風險任務執行、安全警戒管控及現場應變處置等實務經驗，熟悉安全管理機制與緊急應變程序，適合擔任運鈔員，從事現金運送與安全護衛工作。,,
步兵指揮將官,AA00,"1.教育訓練與人才發展管理
  1.1規劃大型組織培訓體系。
  1.2建立教育訓練制度與流程。
  1.3提升整體人才發展成效。
2.組織制度與專業架構設計
  2.1設計組織運作模式與制度。
  2.2建立專業能力發展架構。
  2.3優化組織運作效率。
3.技術發展與策略整合
  3.1規劃技術與設備發展方向。
  3.2整合訓練與技術應用需求。
  3.3提升整體發展競爭力。",01經營/行政/總務,經營管理主管,010101,具備政策制定、高階領導與資源整合能力，熟悉策略規劃與績效管理，適合擔任經營管理主管，從事企業營運規劃、策略擬定與決策執行等工作。,,
,,,21行銷/企劃/專案,專案管理主管,210301,具備大型專案指導與統籌規劃實務經驗，適合擔任專案管理主管，從事企業專案推動、風險控管與目標達成等工作。,,建議取得「國際專案管理師（PMP）認證」
,,,21行銷/企劃/專案,營運管理師/ERP專案師,210302,具備策略規劃與資源整合經驗，熟悉系統導入與跨部門協調，適合擔任營運管理師/ERP專案師，從事營運流程優化/系統導入規劃、跨部門整合等相關工作。,,建議取得經濟部「營運智慧分析師能力鑑定證書」
,,,22其他職類,顧問,220106,具備策略規劃、團隊領導、資源整合實務經驗，熟悉問題診斷與危機處理，適合擔任企業顧問，提供營運策略諮詢及襄理重大專案等工作。,,
,,,14教育/學術/研究,歷史／政治相關研究人員,140307,具備策略規劃及複雜情境下分析判斷實務經驗，熟悉國際關係、政策評估及研究流程，適合擔任歷史／政治相關研究人員，從事政策研究分析工作。,,
機械化步兵指揮官,AA01,"1.機動型營運管理
  1.1管理高機動性組織運作流程。
  1.2規劃多場域移動與執行模式。
  1.3提升整體執行效率。
2.組織運作與資源整合
  2.1管理人力、訓練與設備維護。
  2.2維持組織穩定運作。
  2.3提升整體運作效能。
3.即時決策與協同管理
  3.1進行現場情境判斷與決策。
  3.2協調跨單位合作與資源整合。
  3.3確保整體運作一致性。",01經營/行政/總務,行政總務主管,010301,具備單位行政統籌、資源調配等相關實務經驗，熟悉內部管控制度與標準作業程序，適合擔任行政總務主管，從事組織行政管理、總務支援等工作。,,
,,,21行銷/企劃/專案,專案管理師,210304,具備任務規劃、跨部門協調與資源整合等相關實務，熟悉專案流程、任務分工與風險管控，適合擔任專案管理師，從事專案策劃及進度管控等工作。,,建議取得「國際專案管理師（PMP）認證」
,,,21行銷/企劃/專案,營運管理師/ERP專案師,210302,具備策略規劃與資源整合經驗，熟悉系統導入與跨部門協調，適合擔任營運管理師/ERP專案師，從事營運流程優化/系統導入規劃、跨部門整合等相關工作。,,建議取得經濟部「營運智慧分析師能力鑑定證書」
,,,21行銷/企劃/專案,企業永續發展人員,210305,具備政策制定、資料分析與協調整合能力，熟悉制度建置、績效管理與法規遵循，適合擔任企業永續發展人員，從事企業永續策略規劃、碳盤查與社會責任推動等工作。,,建議取得經濟部「淨零碳規劃管理師」能力鑑定
,,,03人資/法務/智財,教育訓練人員,030104,具備課程規劃設計及訓練成效評估等實務經驗，熟悉訓練需求分析、教案設計流程與訓練回饋機制，適合擔任教育訓練人員，從事企業人才培育工作。,,
,,,21行銷/企劃/專案,行銷企劃人員,210103,具備任務規劃、資源整合及情境判斷應變等實務經驗，熟悉活動設計與溝通協作，適合擔任行銷企劃人員，從事行銷策略規劃與專案執行工作。,,建議取得經濟部「品牌企劃師能力鑑定證書」
,,,16旅遊/餐飲/休閒,導遊,160102,具備職務養成之專案規劃、團隊溝通與突發狀況應變處置能力，適合擔任導遊，從事旅遊導覽、旅客接待與行程解說工作。,應取得交通部觀光署核發之「導遊人員執業證」,
,,,16旅遊/餐飲/休閒,領隊,160103,具備職務養成之專案規劃、團隊溝通與突發狀況應變處置能力，適合擔任領隊，從事旅遊導覽、旅客接待與行程解說工作。,應取得交通部觀光署核發之「領隊人員執業證」,
,,,03人資/法務/智財,幹事,010104,具備行政管理、活動規劃及跨單位協調等實務經驗，熟悉章程研擬與總務管理，適合擔任法人團體幹事，從事活動規劃與會務推展工作。,,
裝甲兵指揮將官,AB00,"1.重型機動營運管理
  1.1規管理高機動重裝備組織運作。
  1.2規劃大型機動系統與運作流程。
  1.3提升整體執行效率。
2.組織設計與戰術應用規劃
  2.1設計組織架構與運作模式。
  2.2規劃系統化運用策略。
  2.3提升組織整體效能。
3.裝備發展與訓練體系管理
  3.1規劃重型裝備發展方向。
  3.2建立訓練與評核制度。
  3.3整合裝備與訓練發展。",01經營/行政/總務,經營管理主管,010101,具備政策制定、高階領導與資源整合能力，熟悉策略規劃與績效管理，適合擔任經營管理主管，從事企業營運規劃、策略擬定與決策執行等工作。,,
,,,21行銷/企劃/專案,專案管理主管,210301,具備大型專案指導與統籌規劃實務經驗，適合擔任專案管理主管，從事企業專案推動、風險控管與目標達成等工作。,,建議取得「國際專案管理師（PMP）認證」
,,,21行銷/企劃/專案,營運管理師/ERP專案師,210302,具備策略規劃與資源整合經驗，熟悉系統導入與跨部門協調，適合擔任營運管理師/ERP專案師，從事營運流程優化/系統導入規劃、跨部門整合等相關工作。,,建議取得經濟部「營運智慧分析師能力鑑定證書」
,,,22其他職類,顧問,220106,具備策略規劃、團隊領導、資源整合實務經驗，熟悉問題診斷與危機處理，適合擔任企業顧問，提供營運策略諮詢及襄理重大專案等工作。,,
,,,14教育/學術/研究,歷史／政治相關研究人員,140307,具備策略規劃及複雜情境下分析判斷實務經驗，熟悉國際關係、政策評估及研究流程，適合擔任歷史／政治相關研究人員，從事政策研究分析工作。,,
裝甲部隊指揮官,AB01,"1.重型機動營運管理
  1.1管理重型機動組織運作流程。
  1.2規劃大型移動與執行架構。
  1.3提升整體營運效率。
2.跨單位整合與協同管理
  2.1協調多單位運作與資源整合。
  2.2建立協同作業流程。
  2.3確保組織一致性與執行力。
3.訓練與設備維運管理
  3.1規劃教育訓練體系。
  3.2管理裝備維護與運作狀態。
  3.3提升整體運作品質。",01經營/行政/總務,行政總務主管,010301,具備單位行政統籌、資源調配等相關實務經驗，熟悉內部管控制度與標準作業程序，適合擔任行政總務主管，從事組織行政管理、總務支援等工作。,,
,,,21行銷/企劃/專案,專案管理師,210304,具備任務規劃、跨部門協調與資源整合等相關實務，熟悉專案流程、任務分工與風險管控，適合擔任專案管理師，從事專案策劃及進度管控等工作。,,建議取得「國際專案管理師（PMP）認證」
,,,21行銷/企劃/專案,營運管理師/ERP專案師,210302,具備策略規劃與資源整合經驗，熟悉系統導入與跨部門協調，適合擔任營運管理師/ERP專案師，從事營運流程優化/系統導入規劃、跨部門整合等相關工作。,,建議取得經濟部「營運智慧分析師能力鑑定證書」
,,,21行銷/企劃/專案,企業永續發展人員,210305,具備政策制定、資料分析與協調整合能力，熟悉制度建置、績效管理與法規遵循，適合擔任企業永續發展人員，從事企業永續策略規劃、碳盤查與社會責任推動等工作。,,建議取得經濟部「淨零碳規劃管理師」能力鑑定
,,,03人資/法務/智財,教育訓練人員,030104,具備課程規劃設計及訓練成效評估等實務經驗，熟悉訓練需求分析、教案設計流程與訓練回饋機制，適合擔任教育訓練人員，從事企業人才培育工作。,,
,,,21行銷/企劃/專案,行銷企劃人員,210103,具備任務規劃、資源整合及情境判斷應變等實務經驗，熟悉活動設計與溝通協作，適合擔任行銷企劃人員，從事行銷策略規劃與專案執行工作。,,建議取得經濟部「品牌企劃師能力鑑定證書」
,,,16旅遊/餐飲/休閒,導遊,160102,具備職務養成之專案規劃、團隊溝通與突發狀況應變處置能力，適合擔任導遊，從事旅遊導覽、旅客接待與行程解說工作。,應取得交通部觀光署核發之「導遊人員執業證」,
,,,16旅遊/餐飲/休閒,領隊,160103,具備職務養成之專案規劃、團隊溝通與突發狀況應變處置能力，適合擔任領隊，從事旅遊導覽、旅客接待與行程解說工作。,應取得交通部觀光署核發之「領隊人員執業證」,
,,,03人資/法務/智財,幹事,010104,具備行政管理、活動規劃及跨單位協調等實務經驗，熟悉章程研擬與總務管理，適合擔任法人團體幹事，從事活動規劃與會務推展工作。,,
聯合兵種指揮官將官,DA00,"1.大型營運與組織管理
  1.1統籌多部門組織運作。
  1.2規劃整體營運策略與方向。
  1.3提升組織整體效能。
2.制度與培訓體系整合
  2.1建立教育訓練與作業制度。
  2.2整合人力與資源配置。
  2.3優化組織運作流程。
3.決策與跨部門協同
  3.1進行高壓情境下決策判斷。
  3.2協調跨部門與多單位合作。
  3.3確保整體執行一致性。",01經營/行政/總務,經營管理主管,010101,具備政策制定、高階領導與資源整合能力，熟悉策略規劃與績效管理，適合擔任經營管理主管，從事企業營運規劃、策略擬定與決策執行等工作。,,
,,,21行銷/企劃/專案,專案管理主管,210301,具備大型專案指導與統籌規劃實務經驗，適合擔任專案管理主管，從事企業專案推動、風險控管與目標達成等工作。,,建議取得「國際專案管理師（PMP）認證」
,,,21行銷/企劃/專案,營運管理師/ERP專案師,210302,具備策略規劃與資源整合經驗，熟悉系統導入與跨部門協調，適合擔任營運管理師/ERP專案師，從事營運流程優化/系統導入規劃、跨部門整合等相關工作。,,建議取得經濟部「營運智慧分析師能力鑑定證書」
,,,22其他職類,顧問,220106,具備策略規劃、團隊領導、資源整合實務經驗，熟悉問題診斷與危機處理，適合擔任企業顧問，提供營運策略諮詢及襄理重大專案等工作。,,
,,,14教育/學術/研究,歷史／政治相關研究人員,140307,具備策略規劃及複雜情境下分析判斷實務經驗，熟悉國際關係、政策評估及研究流程，適合擔任歷史／政治相關研究人員，從事政策研究分析工作。,,
聯合兵種指揮官,DA01,"1.跨部門整合與營運管理
  1.1統籌多部門或多專業團隊運作。
  1.2規劃整體營運與執行流程。
  1.3提升組織整體效能。
2.組織管理與資源整合
  2.1管理人員、訓練與設備運作。
  2.2整合資源配置與使用效率。
  2.3維持組織穩定運作。
3.情境判斷與決策協調
  3.1進行現場狀況分析與判斷。
  3.2執行即時決策與調整。
  3.3協調各單位確保執行一致。",01經營/行政/總務,行政總務主管,010301,具備單位行政統籌、資源調配等相關實務經驗，熟悉內部管控制度與標準作業程序，適合擔任行政總務主管，從事組織行政管理、總務支援等工作。,,
,,,21行銷/企劃/專案,專案管理師,210304,具備任務規劃、跨部門協調與資源整合等相關實務，熟悉專案流程、任務分工與風險管控，適合擔任專案管理師，從事專案策劃及進度管控等工作。,,建議取得「國際專案管理師（PMP）認證」
,,,21行銷/企劃/專案,營運管理師/ERP專案師,210302,具備策略規劃與資源整合經驗，熟悉系統導入與跨部門協調，適合擔任營運管理師/ERP專案師，從事營運流程優化/系統導入規劃、跨部門整合等相關工作。,,建議取得經濟部「營運智慧分析師能力鑑定證書」
,,,21行銷/企劃/專案,企業永續發展人員,210305,具備政策制定、資料分析與協調整合能力，熟悉制度建置、績效管理與法規遵循，適合擔任企業永續發展人員，從事企業永續策略規劃、碳盤查與社會責任推動等工作。,,建議取得經濟部「淨零碳規劃管理師」能力鑑定
,,,03人資/法務/智財,教育訓練人員,030104,具備課程規劃設計及訓練成效評估等實務經驗，熟悉訓練需求分析、教案設計流程與訓練回饋機制，適合擔任教育訓練人員，從事企業人才培育工作。,,
,,,21行銷/企劃/專案,行銷企劃人員,210103,具備任務規劃、資源整合及情境判斷應變等實務經驗，熟悉活動設計與溝通協作，適合擔任行銷企劃人員，從事行銷策略規劃與專案執行工作。,,建議取得經濟部「品牌企劃師能力鑑定證書」
,,,16旅遊/餐飲/休閒,導遊,160102,具備職務養成之專案規劃、團隊溝通與突發狀況應變處置能力，適合擔任導遊，從事旅遊導覽、旅客接待與行程解說工作。,應取得交通部觀光署核發之「導遊人員執業證」,
,,,16旅遊/餐飲/休閒,領隊,160103,具備職務養成之專案規劃、團隊溝通與突發狀況應變處置能力，適合擔任領隊，從事旅遊導覽、旅客接待與行程解說工作。,應取得交通部觀光署核發之「領隊人員執業證」,
,,,03人資/法務/智財,幹事,010104,具備行政管理、活動規劃及跨單位協調等實務經驗，熟悉章程研擬與總務管理，適合擔任法人團體幹事，從事活動規劃與會務推展工作。,,
砲兵指揮將官,AC00,"1.高複雜系統營運管理
  1.1管理大型高精密系統運作。
  1.2規劃系統應用與執行流程。
  1.3提升整體系統效能。
2.流程設計與精準執行管理
  2.1設計標準化作業流程。
  2.2執行高精準度計畫與操作。
  2.3確保輸出品質與穩定性。
3.組織營運與資源整合
  3.1管理人力與設備資源配置。
  3.2統籌訓練與運作規劃。
  3.3維持組織穩定與效率。",01經營/行政/總務,經營管理主管,010101,具備政策制定、高階領導與資源整合能力，熟悉策略規劃與績效管理，適合擔任經營管理主管，從事企業營運規劃、策略擬定與決策執行等工作。,,
,,,21行銷/企劃/專案,專案管理主管,210301,具備大型專案指導與統籌規劃實務經驗，適合擔任專案管理主管，從事企業專案推動、風險控管與目標達成等工作。,,建議取得「國際專案管理師（PMP）認證」
,,,21行銷/企劃/專案,營運管理師/ERP專案師,210302,具備策略規劃與資源整合經驗，熟悉系統導入與跨部門協調，適合擔任營運管理師/ERP專案師，從事營運流程優化/系統導入規劃、跨部門整合等相關工作。,,建議取得經濟部「營運智慧分析師能力鑑定證書」
,,,22其他職類,顧問,220106,具備策略規劃、團隊領導、資源整合實務經驗，熟悉問題診斷與危機處理，適合擔任企業顧問，提供營運策略諮詢及襄理重大專案等工作。,,
,,,14教育/學術/研究,歷史／政治相關研究人員,140307,具備策略規劃及複雜情境下分析判斷實務經驗，熟悉國際關係、政策評估及研究流程，適合擔任歷史／政治相關研究人員，從事政策研究分析工作。,,
野戰砲兵指揮官,AC01,"1.系統整合與支援管理
  1.1整合多單位系統與運作流程。
  1.2提供跨部門支援與協同機制。
  1.3提升整體運作效率。
2.流程建構與執行管理
  2.1建立作業流程與執行架構。
  2.2規劃與管理執行進度。
  2.3確保作業品質與一致性。
3.組織營運與資源整合
  3.1管理人員與設備資源配置。
  3.2規劃訓練與運作機制。
  3.3維持組織穩定與效能。",01經營/行政/總務,行政總務主管,010301,具備單位行政統籌、資源調配等相關實務經驗，熟悉內部管控制度與標準作業程序，適合擔任行政總務主管，從事組織行政管理、總務支援等工作。,,
,,,21行銷/企劃/專案,專案管理師,210304,具備任務規劃、跨部門協調與資源整合等相關實務，熟悉專案流程、任務分工與風險管控，適合擔任專案管理師，從事專案策劃及進度管控等工作。,,建議取得「國際專案管理師（PMP）認證」
,,,21行銷/企劃/專案,營運管理師/ERP專案師,210302,具備策略規劃與資源整合經驗，熟悉系統導入與跨部門協調，適合擔任營運管理師/ERP專案師，從事營運流程優化/系統導入規劃、跨部門整合等相關工作。,,建議取得經濟部「營運智慧分析師能力鑑定證書」
,,,21行銷/企劃/專案,企業永續發展人員,210305,具備政策制定、資料分析與協調整合能力，熟悉制度建置、績效管理與法規遵循，適合擔任企業永續發展人員，從事企業永續策略規劃、碳盤查與社會責任推動等工作。,,建議取得經濟部「淨零碳規劃管理師」能力鑑定
,,,03人資/法務/智財,教育訓練人員,030104,具備課程規劃設計及訓練成效評估等實務經驗，熟悉訓練需求分析、教案設計流程與訓練回饋機制，適合擔任教育訓練人員，從事企業人才培育工作。,,
,,,21行銷/企劃/專案,行銷企劃人員,210103,具備任務規劃、資源整合及情境判斷應變等實務經驗，熟悉活動設計與溝通協作，適合擔任行銷企劃人員，從事行銷策略規劃與專案執行工作。,,建議取得經濟部「品牌企劃師能力鑑定證書」
,,,16旅遊/餐飲/休閒,導遊,160102,具備職務養成之專案規劃、團隊溝通與突發狀況應變處置能力，適合擔任導遊，從事旅遊導覽、旅客接待與行程解說工作。,應取得交通部觀光署核發之「導遊人員執業證」,
,,,16旅遊/餐飲/休閒,領隊,160103,具備職務養成之專案規劃、團隊溝通與突發狀況應變處置能力，適合擔任領隊，從事旅遊導覽、旅客接待與行程解說工作。,應取得交通部觀光署核發之「領隊人員執業證」,
,,,03人資/法務/智財,幹事,010104,具備行政管理、活動規劃及跨單位協調等實務經驗，熟悉章程研擬與總務管理，適合擔任法人團體幹事，從事活動規劃與會務推展工作。,,
火箭防空砲兵指揮官,AC41,"1.監測系統整合與運營
  1.1整合多元監測與感測設備。
  1.2建立監控與預警機制。
  1.3提升系統運行效能。
2.系統配置與流程管理
  2.1規劃設備部署與運作模式。
  2.2建立標準化作業流程。
  2.3提升整體運作效率。
3.數據分析與決策支援
  3.1分析監測數據與動態資訊。
  3.2建立判斷模型與分析邏輯。
  3.3提供策略與決策建議。",01經營/行政/總務,行政總務主管,010301,具備單位行政統籌、資源調配等相關實務經驗，熟悉內部管控制度與標準作業程序，適合擔任行政總務主管，從事組織行政管理、總務支援等工作。,,
,,,21行銷/企劃/專案,專案管理師,210304,具備任務規劃、跨部門協調與資源整合等相關實務，熟悉專案流程、任務分工與風險管控，適合擔任專案管理師，從事專案策劃及進度管控等工作。,,建議取得「國際專案管理師（PMP）認證」
,,,21行銷/企劃/專案,營運管理師/ERP專案師,210302,具備策略規劃與資源整合經驗，熟悉系統導入與跨部門協調，適合擔任營運管理師/ERP專案師，從事營運流程優化/系統導入規劃、跨部門整合等相關工作。,,建議取得經濟部「營運智慧分析師能力鑑定證書」
,,,21行銷/企劃/專案,企業永續發展人員,210305,具備政策制定、資料分析與協調整合能力，熟悉制度建置、績效管理與法規遵循，適合擔任企業永續發展人員，從事企業永續策略規劃、碳盤查與社會責任推動等工作。,,建議取得經濟部「淨零碳規劃管理師」能力鑑定
,,,03人資/法務/智財,教育訓練人員,030104,具備課程規劃設計及訓練成效評估等實務經驗，熟悉訓練需求分析、教案設計流程與訓練回饋機制，適合擔任教育訓練人員，從事企業人才培育工作。,,
,,,21行銷/企劃/專案,行銷企劃人員,210103,具備任務規劃、資源整合及情境判斷應變等實務經驗，熟悉活動設計與溝通協作，適合擔任行銷企劃人員，從事行銷策略規劃與專案執行工作。,,建議取得經濟部「品牌企劃師能力鑑定證書」
,,,16旅遊/餐飲/休閒,導遊,160102,具備職務養成之專案規劃、團隊溝通與突發狀況應變處置能力，適合擔任導遊，從事旅遊導覽、旅客接待與行程解說工作。,應取得交通部觀光署核發之「導遊人員執業證」,
,,,16旅遊/餐飲/休閒,領隊,160103,具備職務養成之專案規劃、團隊溝通與突發狀況應變處置能力，適合擔任領隊，從事旅遊導覽、旅客接待與行程解說工作。,應取得交通部觀光署核發之「領隊人員執業證」,
,,,03人資/法務/智財,幹事,010104,具備行政管理、活動規劃及跨單位協調等實務經驗，熟悉章程研擬與總務管理，適合擔任法人團體幹事，從事活動規劃與會務推展工作。,,
飛彈部隊指揮官,AC61,"1.高精密系統營運管理
  1.1管理複雜設備與系統運作。
  1.2規劃系統應用與執行模式。
  1.3提升整體運行效能。
2.測試驗證與維護管理
  2.1執行設備測試與狀態檢核。
  2.2建立維護與保養流程。
  2.3確保系統穩定與可靠性。
3.組織運作與決策支援
  3.1整合人員與資源配置。
  3.2分析運作狀況與數據。
  3.3提供決策建議與優化方向。",01經營/行政/總務,行政總務主管,010301,具備單位行政統籌、資源調配等相關實務經驗，熟悉內部管控制度與標準作業程序，適合擔任行政總務主管，從事組織行政管理、總務支援等工作。,,
,,,21行銷/企劃/專案,專案管理師,210304,具備任務規劃、跨部門協調與資源整合等相關實務，熟悉專案流程、任務分工與風險管控，適合擔任專案管理師，從事專案策劃及進度管控等工作。,,建議取得「國際專案管理師（PMP）認證」
,,,21行銷/企劃/專案,營運管理師/ERP專案師,210302,具備策略規劃與資源整合經驗，熟悉系統導入與跨部門協調，適合擔任營運管理師/ERP專案師，從事營運流程優化/系統導入規劃、跨部門整合等相關工作。,,建議取得經濟部「營運智慧分析師能力鑑定證書」
,,,21行銷/企劃/專案,企業永續發展人員,210305,具備政策制定、資料分析與協調整合能力，熟悉制度建置、績效管理與法規遵循，適合擔任企業永續發展人員，從事企業永續策略規劃、碳盤查與社會責任推動等工作。,,建議取得經濟部「淨零碳規劃管理師」能力鑑定
,,,03人資/法務/智財,教育訓練人員,030104,具備課程規劃設計及訓練成效評估等實務經驗，熟悉訓練需求分析、教案設計流程與訓練回饋機制，適合擔任教育訓練人員，從事企業人才培育工作。,,
,,,21行銷/企劃/專案,行銷企劃人員,210103,具備任務規劃、資源整合及情境判斷應變等實務經驗，熟悉活動設計與溝通協作，適合擔任行銷企劃人員，從事行銷策略規劃與專案執行工作。,,建議取得經濟部「品牌企劃師能力鑑定證書」
,,,16旅遊/餐飲/休閒,導遊,160102,具備職務養成之專案規劃、團隊溝通與突發狀況應變處置能力，適合擔任導遊，從事旅遊導覽、旅客接待與行程解說工作。,應取得交通部觀光署核發之「導遊人員執業證」,
,,,16旅遊/餐飲/休閒,領隊,160103,具備職務養成之專案規劃、團隊溝通與突發狀況應變處置能力，適合擔任領隊，從事旅遊導覽、旅客接待與行程解說工作。,應取得交通部觀光署核發之「領隊人員執業證」,
,,,03人資/法務/智財,幹事,010104,具備行政管理、活動規劃及跨單位協調等實務經驗，熟悉章程研擬與總務管理，適合擔任法人團體幹事，從事活動規劃與會務推展工作。,,
砲兵領導士,AC015,"1.精密設備操作與定位
  1.1操作量測工具進行設備定位。
  1.2確保設備配置準確性。
  1.3提升作業精準度。
2.現場流程管理與執行
  2.1規劃並執行標準作業流程。
  2.2帶領團隊完成現場作業。
  2.3確保作業品質與安全。
3.設備與物資管理
  3.1管理設備與物資使用狀況。
  3.2建立保管與使用流程。
  3.3執行現場環境配置與整理。",11營建/製圖/施作,量測／儀校人員,110320,具備現場測量、數據判讀及設備操作維護等實務經驗，熟悉測量作業流程，適合擔任量測／儀校人員，從事測量與儀器校正工作。,應取得勞動部「測量技術士證」,
,,,通俗職業未收錄依UCAN對應,物料搬運機械及車輛操作人員的第一線主管,,具備操作重型機具實務經驗，熟悉現場調度指揮與作業安全規範，適合擔任物料搬運機械及車輛操作人員的第一線主管，從事搬運設備操作、人員調度與作業安全維護等工作。,,建議取得勞動部「堆高機」、「挖土機」或「推土機」操作單一技術證
,,,09品管/製造/環衛,測試校正人員,090104,具備測量數據判讀、設備操作維護及校正調整等實務經驗，熟悉測試作業流程、儀器校正機制與品質管控規範，適合擔任測試校正人員，從事設備測試與校正管理工作。,,
,,,10技術/維修/操作,遙控無人機專業人員,100316,具備目標觀測、設備操作及現場判斷應變等實務經驗，熟悉操作流程與安全規範，適合擔任遙控無人機專業人員，從事無人機操作執行商用、空拍、監測、研究、農藥噴灑等相關工作。,應取得交通部民用航空局核發之「遙控無人機操作證」,
,,,09品管/製造/環衛,廠務,090220,因於部隊長期接觸裝備保養、環境巡查、財產清點等實務工作，並具備遵守安全作業規定與流程控管能力，適合轉銜廠務，協助從事設施維護、環境管理等工作。,,
,,,16旅遊/餐飲/休閒,運動教練,160301,具備部隊體能訓練實務經驗，熟悉體能鍛鍊要領與訓練安全規範，適合擔任運動教練，從事體能訓練指導與運動教學相關工作。,應取得運動部全民運動署核發「國民體適能指導員初級證書」、「運動部學校專任運動教練初級證書」或「運動防護員證書」,
,,,06客服/門市,連鎖店管理人員,060205,具備軍中差勤管理、物料補給及設施環境維護等實務經驗，熟悉人員調度與突發狀況處理，適合轉銜為連鎖店管理人員，從事連鎖體系門市營運管理、人員督導與日常營運協調等工作。,,建議取得勞動部核發之「門市服務技術士證」
火箭部隊領導士,AC415,"1.現場規劃與配置管理
  1.1進行場域勘查與位置選擇。
  1.2規劃設備與物資配置。
  1.3建立安全且高效的作業環境。
2.設備操作與安全控管
  2.1操作設備並執行現場防護措施。
  2.2維持作業環境安全。
  2.3確保人員與設備穩定運行。
3.參數設定與數據校正
  3.1設定設備運行參數。
  3.2觀測與分析運作數據。
  3.3進行設備校正與紀錄管理。",通俗職業未收錄依UCAN對應,物料搬運機械及車輛操作人員的第一線主管,,具備操作重型機具實務經驗，熟悉現場調度指揮與作業安全規範，適合擔任物料搬運機械及車輛操作人員的第一線主管，從事搬運設備操作、人員調度與作業安全維護等工作。,,建議取得勞動部「堆高機」、「挖土機」或「推土機」操作單一技術證
,,,11營建/製圖/施作,量測／儀校人員,110320,具備現場測量、數據判讀及設備操作維護等實務經驗，熟悉測量作業流程，適合擔任量測／儀校人員，從事測量與儀器校正工作。,應取得勞動部「測量技術士證」,
,,,09品管/製造/環衛,測試校正人員,090104,具備測量數據判讀、設備操作維護及校正調整等實務經驗，熟悉測試作業流程、儀器校正機制與品質管控規範，適合擔任測試校正人員，從事設備測試與校正管理工作。,,
,,,10技術/維修/操作,遙控無人機專業人員,100316,具備目標觀測、設備操作及現場判斷應變等實務經驗，熟悉操作流程與安全規範，適合擔任遙控無人機專業人員，從事無人機操作執行商用、空拍、監測、研究、農藥噴灑等相關工作。,應取得交通部民用航空局核發之「遙控無人機操作證」,
,,,09品管/製造/環衛,廠務,090220,因於部隊長期接觸裝備保養、環境巡查、財產清點等實務工作，並具備遵守安全作業規定與流程控管能力，適合轉銜廠務，協助從事設施維護、環境管理等工作。,,
,,,16旅遊/餐飲/休閒,運動教練,160301,具備部隊體能訓練實務經驗，熟悉體能鍛鍊要領與訓練安全規範，適合擔任運動教練，從事體能訓練指導與運動教學相關工作。,應取得運動部全民運動署核發「國民體適能指導員初級證書」、「運動部學校專任運動教練初級證書」或「運動防護員證書」,
,,,06客服/門市,連鎖店管理人員,060205,具備軍中差勤管理、物料補給及設施環境維護等實務經驗，熟悉人員調度與突發狀況處理，適合轉銜為連鎖店管理人員，從事連鎖體系門市營運管理、人員督導與日常營運協調等工作。,,建議取得勞動部核發之「門市服務技術士證」
砲兵雷達領導士,AC516,"1.感測系統建置與運作
  1.1建立監測設備作業環境。
  1.2執行設備部署與啟用。
  1.3維持系統穩定運行。
2.數據監測與分析
  2.1操作監測設備進行資料蒐集。
  2.2進行數據判讀與分析。
  2.3製作圖表與分析報告。
3.設備維運與培訓
  3.1執行設備保養與簡易維修。
  3.2管理設備使用狀況。
  3.3培訓人員操作與應用能力。",10技術/維修/操作,電機技術人員,100102,具備雷達設備操作、系統維護檢修及故障排除等實務經驗，熟悉電機設備原理、配線作業流程與設備維護機制，適合擔任電機技術人員，從事電機設備安裝與維護工作。,,建議取得勞動部「工業配線」或「室內配線」技術士證
,,,通俗職業未收錄依UCAN對應,物料搬運機械及車輛操作人員的第一線主管,,具備操作重型機具實務經驗，熟悉現場調度指揮與作業安全規範，適合擔任物料搬運機械及車輛操作人員的第一線主管，從事搬運設備操作、人員調度與作業安全維護等工作。,,建議取得勞動部「堆高機」、「挖土機」或「推土機」操作單一技術證
,,,10技術/維修/操作,電子設備裝修技術員,100208,具備電子設備操作維護、系統測試校正及故障排除等實務經驗，熟悉電子系統運作原理與設備維修流程，適合擔任電子設備裝修技術員，從事各種電子設備如無線電、雷達、電子醫療設備、電子計算機及附件等之裝配、調整、修理、檢查及試驗工作。,,建議取得勞動部「工業電子」或「儀表電子」技術士等相關證照
,,,11營建/製圖/施作,量測／儀校人員,110320,具備現場測量、數據判讀及設備操作維護等實務經驗，熟悉測量作業流程，適合擔任量測／儀校人員，從事測量與儀器校正工作。,應取得勞動部「測量技術士證」,
,,,09品管/製造/環衛,測試校正人員,090104,具備測量數據判讀、設備操作維護及校正調整等實務經驗，熟悉測試作業流程、儀器校正機制與品質管控規範，適合擔任測試校正人員，從事設備測試與校正管理工作。,,
,,,10技術/維修/操作,遙控無人機專業人員,100316,具備目標觀測、設備操作及現場判斷應變等實務經驗，熟悉操作流程與安全規範，適合擔任遙控無人機專業人員，從事無人機操作執行商用、空拍、監測、研究、農藥噴灑等相關工作。,應取得交通部民用航空局核發之「遙控無人機操作證」,
,,,09品管/製造/環衛,廠務,090220,因於部隊長期接觸裝備保養、環境巡查、財產清點等實務工作，並具備遵守安全作業規定與流程控管能力，適合轉銜廠務，協助從事設施維護、環境管理等工作。,,
,,,16旅遊/餐飲/休閒,運動教練,160301,具備部隊體能訓練實務經驗，熟悉體能鍛鍊要領與訓練安全規範，適合擔任運動教練，從事體能訓練指導與運動教學相關工作。,應取得運動部全民運動署核發「國民體適能指導員初級證書」、「運動部學校專任運動教練初級證書」或「運動防護員證書」,
,,,06客服/門市,連鎖店管理人員,060205,具備軍中差勤管理、物料補給及設施環境維護等實務經驗，熟悉人員調度與突發狀況處理，適合轉銜為連鎖店管理人員，從事連鎖體系門市營運管理、人員督導與日常營運協調等工作。,,建議取得勞動部核發之「門市服務技術士證」
野砲測地領導士,AC526,"1.測量作業與現場管理
  1.1規劃與執行測量作業流程。
  1.2指導現場人員操作。
  1.3確保測量品質與一致性。
2.測量設備操作與維護
  2.1操作測量儀器進行數據蒐集。
  2.2執行設備保養與校正。
  2.3維持測量精度與穩定性。
3.空間數據處理與分析
  3.1進行測量數據計算與整理。
  3.2分析空間資訊與結果應用。
  3.3支援圖資與數據決策需求。",11營建/製圖/施作,量測／儀校人員,110320,具備現場測量、數據判讀及設備操作維護等實務經驗，熟悉測量作業流程，適合擔任量測／儀校人員，從事測量與儀器校正工作。,應取得勞動部「測量技術士證」,
,,,09品管/製造/環衛,測試校正人員,090104,具備測量數據判讀、設備操作維護及校正調整等實務經驗，熟悉測試作業流程、儀器校正機制與品質管控規範，適合擔任測試校正人員，從事設備測試與校正管理工作。,,
,,,10技術/維修/操作,遙控無人機專業人員,100316,具備目標觀測判讀、設備操作控制及現場判斷應變等實務經驗，熟悉操作流程與安全規範，適合擔任遙控無人機專業人員，從事無人機操作執行商用、空拍、監測、研究、農藥噴灑等相關工作。,應取得交通部民用航空局核發之「遙控無人機操作證」,
,,,20農林漁牧相關,森林防護人員,200203,具備野外環境識別判斷、巡查監控及現場應變處置等實務經驗，熟悉風險辨識評估與事件處理回報，適合擔任森林防護人員，從事森林巡護與環境安全管理工作。,,
,,,16旅遊/餐飲/休閒,運動教練,160301,具備部隊體能訓練實務經驗，熟悉體能鍛鍊要領與訓練安全規範，適合擔任運動教練，從事體能訓練指導與運動教學相關工作。,應取得運動部全民運動署核發「國民體適能指導員初級證書」、「運動部學校專任運動教練初級證書」或「運動防護員證書」,
,,,06客服/門市,連鎖店管理人員,060205,具備軍中差勤管理、物料補給及設施環境維護等實務經驗，熟悉人員調度與突發狀況處理，適合轉銜為連鎖店管理人員，從事連鎖體系門市營運管理、人員督導與日常營運協調等工作。,,建議取得勞動部核發之「門市服務技術士證」
砲兵彈道氣象領導士,AC535,"1.環境監測與數據蒐集
  1.1使用設備進行環境數據觀測。
  1.2蒐集並紀錄即時資料。
  1.3建立基礎數據來源。
2.數據處理與分析應用
  2.1整理與分析環境數據。
  2.2製作圖表與報表。
  2.3計算關鍵參數並提供判讀。
3.設備操作與技術支援
  3.1操作測量與監測設備。
  3.2執行設備保養與校正。
  3.3支援人員訓練與技術應用。",10技術/維修/操作,電子設備裝修技術員,100208,具備電子設備操作維護、系統測試校正及故障排除等實務經驗，熟悉電子系統運作原理與設備維修流程，適合擔任電子設備裝修技術員，從事各種電子設備如無線電、雷達、電子醫療設備、電子計算機及附件等之裝配、調整、修理、檢查及試驗工作。,,建議取得勞動部「工業電子」或「儀表電子」技術士等相關證照
,,,通俗職業未收錄依UCAN對應,物料搬運機械及車輛操作人員的第一線主管,,具備操作重型機具實務經驗，熟悉現場調度指揮與作業安全規範，適合擔任物料搬運機械及車輛操作人員的第一線主管，從事搬運設備操作、人員調度與作業安全維護等工作。,,建議取得勞動部「堆高機」、「挖土機」或「推土機」操作單一技術證
,,,11營建/製圖/施作,量測／儀校人員,110320,具備現場測量、數據判讀及設備操作維護等實務經驗，熟悉測量作業流程，適合擔任量測／儀校人員，從事測量與儀器校正工作。,應取得勞動部「測量技術士證」,
,,,09品管/製造/環衛,測試校正人員,090104,具備測量數據判讀、設備操作維護及校正調整等實務經驗，熟悉測試作業流程、儀器校正機制與品質管控規範，適合擔任測試校正人員，從事設備測試與校正管理工作。,,
,,,10技術/維修/操作,遙控無人機專業人員,100316,具備目標觀測判讀、設備操作控制及現場判斷應變等實務經驗，熟悉操作流程與安全規範，適合擔任遙控無人機專業人員，從事無人機操作執行商用、空拍、監測、研究、農藥噴灑等相關工作。,應取得交通部民用航空局核發之「遙控無人機操作證」,
,,,16旅遊/餐飲/休閒,運動教練,160301,具備部隊體能訓練實務經驗，熟悉體能鍛鍊要領與訓練安全規範，適合擔任運動教練，從事體能訓練指導與運動教學相關工作。,應取得運動部全民運動署核發「國民體適能指導員初級證書」、「運動部學校專任運動教練初級證書」或「運動防護員證書」,
,,,06客服/門市,連鎖店管理人員,060205,具備軍中差勤管理、物料補給及設施環境維護等實務經驗，熟悉人員調度與突發狀況處理，適合轉銜為連鎖店管理人員，從事連鎖體系門市營運管理、人員督導與日常營運協調等工作。,,建議取得勞動部核發之「門市服務技術士證」
防空槍砲領導士,AC615,"1.設備操作與現場執行
  1.1操作精密設備完成作業流程。
  1.2協同團隊執行現場工作。
  1.3確保作業穩定與品質。
2.現場配置與物資管理
  2.1規劃作業場域與設施配置。
  2.2管理物資儲存與運送流程。
  2.3建立安全與管理機制。
3.判讀分析與參數控制
  3.1辨識目標與環境狀況。
  3.2計算距離與相關參數。
  3.3調整設備設定確保精準度。",11營建/製圖/施作,量測／儀校人員,110320,具備現場測量、數據判讀及設備操作維護等實務經驗，熟悉測量作業流程，適合擔任量測／儀校人員，從事測量與儀器校正工作。,應取得勞動部「測量技術士證」,
,,,通俗職業未收錄依UCAN對應,物料搬運機械及車輛操作人員的第一線主管,,具備操作重型機具實務經驗，熟悉現場調度指揮與作業安全規範，適合擔任物料搬運機械及車輛操作人員的第一線主管，從事搬運設備操作、人員調度與作業安全維護等工作。,,建議取得勞動部「堆高機」、「挖土機」或「推土機」操作單一技術證
,,,09品管/製造/環衛,測試校正人員,090104,具備測量數據判讀、設備操作維護及校正調整等實務經驗，熟悉測試作業流程、儀器校正機制與品質管控規範，適合擔任測試校正人員，從事設備測試與校正管理工作。,,
,,,10技術/維修/操作,遙控無人機專業人員,100316,具備目標觀測、設備操作及現場判斷應變等實務經驗，熟悉操作流程與安全規範，適合擔任遙控無人機專業人員，從事無人機操作執行商用、空拍、監測、研究、農藥噴灑等相關工作。,應取得交通部民用航空局核發之「遙控無人機操作證」,
,,,09品管/製造/環衛,廠務,090220,因於部隊長期接觸裝備保養、環境巡查、財產清點等實務工作，並具備遵守安全作業規定與流程控管能力，適合轉銜廠務，協助從事設施維護、環境管理等工作。,,
,,,16旅遊/餐飲/休閒,運動教練,160301,具備部隊體能訓練實務經驗，熟悉體能鍛鍊要領與訓練安全規範，適合擔任運動教練，從事體能訓練指導與運動教學相關工作。,應取得運動部全民運動署核發「國民體適能指導員初級證書」、「運動部學校專任運動教練初級證書」或「運動防護員證書」,
,,,06客服/門市,連鎖店管理人員,060205,具備軍中差勤管理、物料補給及設施環境維護等實務經驗，熟悉人員調度與突發狀況處理，適合轉銜為連鎖店管理人員，從事連鎖體系門市營運管理、人員督導與日常營運協調等工作。,,建議取得勞動部核發之「門市服務技術士證」
防砲雷達領導士,AC626,"1.感測系統建置與操作
  1.1架設並啟用監測設備。
  1.2操作系統進行資料蒐集。
  1.3維持系統穩定運作。
2.監測流程與目標追蹤
  2.1執行搜尋與定位流程。
  2.2進行目標追蹤與數據更新。
  2.3確保資料準確與即時性。
3.設備維運與管理
  3.1執行設備檢查與保養。
  3.2維護設備運作狀態。
  3.3降低故障並提升可靠度。",10技術/維修/操作,電機技術人員,100102,具備雷達設備操作、系統維護檢修及故障排除等實務經驗，熟悉電機設備原理、配線作業流程與設備維護機制，適合擔任電機技術人員，從事電機設備安裝與維護工作。,,建議取得勞動部「工業配線」或「室內配線」技術士證
,,,通俗職業未收錄依UCAN對應,物料搬運機械及車輛操作人員的第一線主管,,具備操作重型機具實務經驗，熟悉現場調度指揮與作業安全規範，適合擔任物料搬運機械及車輛操作人員的第一線主管，從事搬運設備操作、人員調度與作業安全維護等工作。,,建議取得勞動部「堆高機」、「挖土機」或「推土機」操作單一技術證
,,,10技術/維修/操作,電子設備裝修技術員,100208,具備電子設備操作維護、系統測試校正及故障排除等實務經驗，熟悉電子系統運作原理與設備維修流程，適合擔任電子設備裝修技術員，從事各種電子設備如無線電、雷達、電子醫療設備、電子計算機及附件等之裝配、調整、修理、檢查及試驗工作。,,建議取得勞動部「工業電子」或「儀表電子」技術士等相關證照
,,,11營建/製圖/施作,量測／儀校人員,110320,具備現場測量、數據判讀及設備操作維護等實務經驗，熟悉測量作業流程，適合擔任量測／儀校人員，從事測量與儀器校正工作。,應取得勞動部「測量技術士證」,
,,,09品管/製造/環衛,測試校正人員,090104,具備測量數據判讀、設備操作維護及校正調整等實務經驗，熟悉測試作業流程、儀器校正機制與品質管控規範，適合擔任測試校正人員，從事設備測試與校正管理工作。,,
,,,10技術/維修/操作,遙控無人機專業人員,100316,具備目標觀測、設備操作及現場判斷應變等實務經驗，熟悉操作流程與安全規範，適合擔任遙控無人機專業人員，從事無人機操作執行商用、空拍、監測、研究、農藥噴灑等相關工作。,應取得交通部民用航空局核發之「遙控無人機操作證」,
,,,09品管/製造/環衛,廠務,090220,因於部隊長期接觸裝備保養、環境巡查、財產清點等實務工作，並具備遵守安全作業規定與流程控管能力，適合轉銜廠務，協助從事設施維護、環境管理等工作。,,
,,,16旅遊/餐飲/休閒,運動教練,160301,具備部隊體能訓練實務經驗，熟悉體能鍛鍊要領與訓練安全規範，適合擔任運動教練，從事體能訓練指導與運動教學相關工作。,應取得運動部全民運動署核發「國民體適能指導員初級證書」、「運動部學校專任運動教練初級證書」或「運動防護員證書」,
,,,06客服/門市,連鎖店管理人員,060205,具備軍中差勤管理、物料補給及設施環境維護等實務經驗，熟悉人員調度與突發狀況處理，適合轉銜為連鎖店管理人員，從事連鎖體系門市營運管理、人員督導與日常營運協調等工作。,,建議取得勞動部核發之「門市服務技術士證」
飛彈部隊領導士,AC716,"1.設備操作與執行
  1.1操作高精密設備完成作業。
  1.2確保設備穩定運行。
  1.3提升執行效率。
2.人員帶領與操作指導
  2.1指導人員操作流程。
  2.2帶領團隊執行現場作業。
  2.3建立標準化操作模式。
3.流程控管與品質維持
  3.1管理作業流程執行。
  3.2進行品質檢核與修正。
  3.3確保成果一致與穩定。",通俗職業未收錄依UCAN對應,物料搬運機械及車輛操作人員的第一線主管,,具備重型機具操作實務經驗，熟悉現場調度指揮與作業安全規範，適合擔任物料搬運機械及車輛操作人員的第一線主管，從事搬運設備操作、人員調度與作業安全維護等工作。,,建議取得勞動部「堆高機」、「挖土機」或「推土機」操作單一技術證
,,,11營建/製圖/施作,量測／儀校人員,110320,具備現場測量、數據判讀及設備操作維護等實務經驗，熟悉測量作業流程，適合擔任量測／儀校人員，從事測量與儀器校正工作。,應取得勞動部「測量技術士證」,
,,,09品管/製造/環衛,測試校正人員,090104,具備測量數據判讀、設備操作維護及校正調整等實務經驗，熟悉測試作業流程、儀器校正機制與品質管控規範，適合擔任測試校正人員，從事設備測試與校正管理工作。,,
,,,10技術/維修/操作,遙控無人機專業人員,100316,具備目標觀測、設備操作及現場判斷應變等實務經驗，熟悉操作流程與安全規範，適合擔任遙控無人機專業人員，從事無人機操作執行商用、空拍、監測、研究、農藥噴灑等相關工作。,應取得交通部民用航空局核發之「遙控無人機操作證」,
,,,09品管/製造/環衛,廠務,090220,因於部隊長期接觸裝備保養、環境巡查、財產清點等實務工作，並具備遵守安全作業規定與流程控管能力，適合轉銜廠務，協助從事設施維護、環境管理等工作。,,
,,,16旅遊/餐飲/休閒,運動教練,160301,具備部隊體能訓練實務經驗，熟悉體能鍛鍊要領與訓練安全規範，適合擔任運動教練，從事體能訓練指導與運動教學相關工作。,應取得運動部全民運動署核發「國民體適能指導員初級證書」、「運動部學校專任運動教練初級證書」或「運動防護員證書」,
,,,06客服/門市,連鎖店管理人員,060205,具備軍中差勤管理、物料補給及設施環境維護等實務經驗，熟悉人員調度與突發狀況處理，適合轉銜為連鎖店管理人員，從事連鎖體系門市營運管理、人員督導與日常營運協調等工作。,,建議取得勞動部核發之「門市服務技術士證」
特戰指揮將官,DE00,"1.高機動專案管理
  1.1規劃複雜環境下之專案執行。
  1.2協調跨單位與跨區域合作。
  1.3動態調整執行策略與進度。
2.協作網絡與資訊整合
  2.1建立並維護協作網絡。
  2.2蒐集並整合多方資訊來源。
  2.3提供決策所需之情資與分析。
3.資源與設備管理
  3.1規劃與配置設備使用方式。
  3.2管理裝備與工具運用效率。
  3.3確保資源可持續與穩定運作。",01經營/行政/總務,經營管理主管,010101,具備政策制定、高階領導與資源整合能力，熟悉策略規劃與績效管理，適合擔任經營管理主管，從事企業營運規劃、策略擬定與決策執行等工作。,,
,,,21行銷/企劃/專案,專案管理主管,210301,具備大型專案指導與統籌規劃實務經驗，適合擔任專案管理主管，從事企業專案推動、風險控管與目標達成等工作。,,建議取得「國際專案管理師（PMP）認證」
,,,21行銷/企劃/專案,營運管理師/ERP專案師,210302,具備策略規劃與資源整合經驗，熟悉系統導入與跨部門協調，適合擔任營運管理師/ERP專案師，從事營運流程優化/系統導入規劃、跨部門整合等相關工作。,,建議取得經濟部「營運智慧分析師能力鑑定證書」
,,,22其他職類,顧問,220106,具備策略規劃、團隊領導、資源整合實務經驗，熟悉問題診斷與危機處理，適合擔任企業顧問，提供營運策略諮詢及襄理重大專案等工作。,,
,,,14教育/學術/研究,歷史／政治相關研究人員,140307,具備策略規劃及複雜情境下分析判斷實務經驗，熟悉國際關係、政策評估及研究流程，適合擔任歷史／政治相關研究人員，從事政策研究分析工作。,,
特戰部隊指揮官,DE11,"1.高機動專案與行動管理
  1.1規劃動態環境下之專案執行。
  1.2協調跨區域與多方合作。
  1.3即時調整執行策略與資源。
2.協作網絡與資訊整合
  2.1建立在地與跨組織合作網絡。
  2.2蒐集與整合多元資訊來源。
  2.3提供決策支援與情勢分析。
3.資源與設備整合管理
  3.1規劃設備與資源配置方式。
  3.2管理物資與工具使用效率。
  3.3維持資源穩定與可持續運作。",01經營/行政/總務,行政總務主管,010301,具備單位行政統籌、資源調配等相關實務經驗，熟悉內部管控制度與標準作業程序，適合擔任行政總務主管，從事組織行政管理、總務支援等工作。,,
,,,21行銷/企劃/專案,專案管理師,210304,具備任務規劃、跨部門協調與資源整合等相關實務，熟悉專案流程、任務分工與風險管控，適合擔任專案管理師，從事專案策劃及進度管控等工作。,,建議取得「國際專案管理師（PMP）認證」
,,,21行銷/企劃/專案,營運管理師/ERP專案師,210302,具備策略規劃與資源整合經驗，熟悉系統導入與跨部門協調，適合擔任營運管理師/ERP專案師，從事營運流程優化/系統導入規劃、跨部門整合等相關工作。,,建議取得經濟部「營運智慧分析師能力鑑定證書」
,,,21行銷/企劃/專案,企業永續發展人員,210305,具備政策制定、資料分析與協調整合能力，熟悉制度建置、績效管理與法規遵循，適合擔任企業永續發展人員，從事企業永續策略規劃、碳盤查與社會責任推動等工作。,,建議取得經濟部「淨零碳規劃管理師」能力鑑定
,,,03人資/法務/智財,教育訓練人員,030104,具備課程規劃設計及訓練成效評估等實務經驗，熟悉訓練需求分析、教案設計流程與訓練回饋機制，適合擔任教育訓練人員，從事企業人才培育工作。,,
,,,21行銷/企劃/專案,行銷企劃人員,210103,具備任務規劃、資源整合及情境判斷應變等實務經驗，熟悉活動設計與溝通協作，適合擔任行銷企劃人員，從事行銷策略規劃與專案執行工作。,,建議取得經濟部「品牌企劃師能力鑑定證書」
,,,16旅遊/餐飲/休閒,導遊,160102,具備職務養成之專案規劃、團隊溝通與突發狀況應變處置能力，適合擔任導遊，從事旅遊導覽、旅客接待與行程解說工作。,應取得交通部觀光署核發之「導遊人員執業證」,
,,,16旅遊/餐飲/休閒,領隊,160103,具備職務養成之專案規劃、團隊溝通與突發狀況應變處置能力，適合擔任領隊，從事旅遊導覽、旅客接待與行程解說工作。,應取得交通部觀光署核發之「領隊人員執業證」,
,,,03人資/法務/智財,幹事,010104,具備行政管理、活動規劃及跨單位協調等實務經驗，熟悉章程研擬與總務管理，適合擔任法人團體幹事，從事活動規劃與會務推展工作。,,
特種作戰領導士,DE115,"1.高風險技術流程執行
  1.1執行高精密技術操作流程。
  1.2確保標準程序正確落實。
  1.3維持作業安全與穩定性。
2.專業設備維護與管理
  2.1檢查與保養專業器材。
  2.2進行設備狀態維護與紀錄。
  2.3提升設備可用性與可靠度。
3.技術訓練支援與教學
  3.1協助技術訓練課程執行。
  3.2示範標準操作流程。
  3.3輔助人員技術學習與熟練。",通俗職業未收錄依UCAN對應,山域響導/戶外活動教練,,具備野外求生、地圖判讀與困難地形通過等技能，適合擔任山域嚮導，從事野外探索、帶領登山活動等相關工作。,應取得運動部全民運動署核發之「山域嚮導證書」（登山、攀岩、溯溪、雪攀等類別）,
,,,通俗職業未收錄依UCAN對應,爆破工程人員,,具備炸藥知識與引信拆卸技能，熟悉爆破作業流程、安全管理機制與風險控管程序，適合擔任爆破工程人員，可參加經濟部地質調查及礦業管理中心核定之「礦場安全管理人員技術訓練班」或「事業用爆炸物爆破專業人員訓練班」，從事隧道開挖、礦山爆破、建築拆除等工作。,,
,,,20農林漁牧相關,森林防護人員,200203,具備野外環境識別判斷、巡查監控及現場應變處置等實務經驗，熟悉風險辨識評估與事件處理回報，適合擔任森林防護人員，從事森林巡護與環境安全管理工作。,,
,,,10技術/維修/操作,遙控無人機專業人員,100316,具備設備操作控制、任務執行規劃及現場判斷應變等實務經驗，熟悉操作流程、安全規範與任務管控機制，適合擔任遙控無人機專業人員，操作無人機從事商用、空拍、監測、研究及農藥噴灑等相關工作。,應取得交通部民用航空局核發之「遙控無人機操作證」,
,,,16旅遊/餐飲/休閒,運動教練,160301,具備格鬥及游泳、潛水技能，熟悉體能訓練規劃與評量，適合擔任運動教練，從事練、游泳、潛水教學及體能訓練工作。,應取得運動部核發「水上救生員證書」、「國際潛水教練證照」或「國民體適能指導員」等相關證照,
,,,18保全/軍警消,保全技術人員,180106,具備風險評估、現場警戒與安防設備運用等相關實務，熟悉巡檢通報流程、門禁管制制度與事件應對管理特性，適合擔任保全技術人員，從事安防系統監控、異常通報與現場支援等工作。,,
,,,18保全/軍警消,運鈔員,180104,具備高風險任務執行、安全警戒管控及現場應變處置等實務經驗，熟悉安全管理機制與緊急應變程序，適合擔任運鈔員，從事現金運送與安全護衛工作。,,
,,,06客服/門市,連鎖店管理人員,060205,具備軍中差勤管理、物料補給及設施環境維護等實務經驗，熟悉人員調度與突發狀況處理，適合轉銜為連鎖店管理人員，從事連鎖體系門市營運管理、人員督導與日常營運協調等工作。,,建議取得勞動部核發之「門市服務技術士證」
特戰訓練督導官,3T14,"1.教育訓練規劃與制度管理
  1.1設計並優化訓練課程架構。
  1.2管理訓練流程與執行標準。
  1.3建立制度化教育訓練體系。
2.教官管理與教學品質控管
  2.1選派與培訓教學人員。
  2.2確保教學內容與標準一致。
  2.3提升教學品質與執行效率。
3.成效評估與改善優化
  3.1分析訓練成果與表現數據。
  3.2提出流程改善與優化建議。
  3.3強化訓練安全與執行穩定性。",01經營/行政/總務,行政總務主管,010301,具備單位行政統籌、資源調配等相關實務經驗，熟悉內部管控制度與標準作業程序，適合擔任行政總務主管，從事組織行政管理、總務支援等工作。,,
,,,21行銷/企劃/專案,專案管理師,210304,具備任務規劃、跨部門協調與資源整合等相關實務，熟悉專案流程、任務分工與風險管控，適合擔任專案管理師，從事專案策劃及進度管控等工作。,,建議取得「國際專案管理師（PMP）認證」
,,,21行銷/企劃/專案,營運管理師/ERP專案師,210302,具備策略規劃與資源整合經驗，熟悉系統導入與跨部門協調，適合擔任營運管理師/ERP專案師，從事營運流程優化/系統導入規劃、跨部門整合等相關工作。,,建議取得經濟部「營運智慧分析師能力鑑定證書」
,,,21行銷/企劃/專案,企業永續發展人員,210305,具備政策制定、資料分析與協調整合能力，熟悉制度建置、績效管理與法規遵循，適合擔任企業永續發展人員，從事企業永續策略規劃、碳盤查與社會責任推動等工作。,,建議取得經濟部「淨零碳規劃管理師」能力鑑定
,,,03人資/法務/智財,教育訓練人員,030104,具備課程規劃設計及訓練成效評估等實務經驗，熟悉訓練需求分析、教案設計流程與訓練回饋機制，適合擔任教育訓練人員，從事企業人才培育工作。,,
,,,21行銷/企劃/專案,行銷企劃人員,210103,具備任務規劃、資源整合及情境判斷應變等實務經驗，熟悉活動設計與溝通協作，適合擔任行銷企劃人員，從事行銷策略規劃與專案執行工作。,,建議取得經濟部「品牌企劃師能力鑑定證書」
,,,16旅遊/餐飲/休閒,導遊,160102,具備職務養成之專案規劃、團隊溝通與突發狀況應變處置能力，適合擔任導遊，從事旅遊導覽、旅客接待與行程解說工作。,應取得交通部觀光署核發之「導遊人員執業證」,
,,,16旅遊/餐飲/休閒,領隊,160103,具備職務養成之專案規劃、團隊溝通與突發狀況應變處置能力，適合擔任領隊，從事旅遊導覽、旅客接待與行程解說工作。,應取得交通部觀光署核發之「領隊人員執業證」,
,,,03人資/法務/智財,幹事,010104,具備行政管理、活動規劃及跨單位協調等實務經驗，熟悉章程研擬與總務管理，適合擔任法人團體幹事，從事活動規劃與會務推展工作。,,
特戰士,3A435,"1.高風險技術執行
  1.1執行高風險技術操作流程。
  1.2針對目標進行精準處置。
  1.3確保作業安全與穩定性。
2.設備管理與安全維護
  2.1檢查與維護專業設備。
  2.2管理器材使用狀態與安全性。
  2.3建立高標準安全操作流程。
3.技術訓練與現場支援
  3.1協助技術訓練課程執行。
  3.2示範標準操作流程。
  3.3支援團隊現場協作與執行。",通俗職業未收錄依UCAN對應,山域響導/戶外活動教練,,具備野外求生、地圖判讀與困難地形通過等技能，適合擔任山域嚮導，從事野外探索、帶領登山活動等相關工作。,應取得運動部全民運動署核發之「山域嚮導證書」（登山、攀岩、溯溪、雪攀等類別）,
,,,通俗職業未收錄依UCAN對應,爆破工程人員,,具備炸藥知識與引信拆卸技能，熟悉爆破作業流程、安全管理機制與風險控管程序，適合擔任爆破工程人員，可參加經濟部地質調查及礦業管理中心核定之「礦場安全管理人員技術訓練班」或「事業用爆炸物爆破專業人員訓練班」，從事隧道開挖、礦山爆破、建築拆除等工作。,,
,,,20農林漁牧相關,森林防護人員,200203,具備野外環境識別判斷、巡查監控及現場應變處置等實務經驗，熟悉風險辨識評估與事件處理回報，適合擔任森林防護人員，從事森林巡護與環境安全管理工作。,,
,,,10技術/維修/操作,遙控無人機專業人員,100316,具備設備操作控制、任務執行規劃及現場判斷應變等實務經驗，熟悉操作流程、安全規範與任務管控機制，適合擔任遙控無人機專業人員，操作無人機從事商用、空拍、監測、研究及農藥噴灑等相關工作。,應取得交通部民用航空局核發之「遙控無人機操作證」,
,,,16旅遊/餐飲/休閒,運動教練,160301,具備格鬥及游泳、潛水技能，熟悉體能訓練規劃與評量，適合擔任運動教練，從事練、游泳、潛水教學及體能訓練工作。,應取得運動部核發「水上救生員證書」、「國際潛水教練證照」或「國民體適能指導員」等相關證照,
,,,18保全/軍警消,保全技術人員,180106,具備風險評估、現場警戒與安防設備運用等相關實務，熟悉巡檢通報流程、門禁管制制度與事件應對管理特性，適合擔任保全技術人員，從事安防系統監控、異常通報與現場支援等工作。,,
,,,18保全/軍警消,運鈔員,180104,具備高風險任務執行、安全警戒管控及現場應變處置等實務經驗，熟悉安全管理機制與緊急應變程序，適合擔任運鈔員，從事現金運送與安全護衛工作。,,
,,,06客服/門市,連鎖店管理人員,060205,具備軍中差勤管理、物料補給及設施環境維護等實務經驗，熟悉人員調度與突發狀況處理，適合轉銜為連鎖店管理人員，從事連鎖體系門市營運管理、人員督導與日常營運協調等工作。,,建議取得勞動部核發之「門市服務技術士證」
特戰兵,3A43,"1.高風險技術執行
  1.1執行高風險技術操作流程。
  1.2進行目標處置與現場作業。
  1.3確保作業安全與標準一致性。
2.設備維護與管理
  2.1檢查與保養專業器材。
  2.2維持設備安全與可用狀態。
  2.3建立標準化維護流程。
3.現場協同與執行
  3.1配合團隊完成現場作業。
  3.2支援操作流程執行。
  3.3提升整體作業效率與穩定性。",通俗職業未收錄依UCAN對應,山域響導/戶外活動教練,,具備野外求生、地圖判讀與困難地形通過等技能，適合擔任山域嚮導，從事野外探索、帶領登山活動等相關工作。,應取得運動部全民運動署核發之「山域嚮導證書」（登山、攀岩、溯溪、雪攀等類別）,
,,,20農林漁牧相關,森林防護人員,200203,具備野外環境識別判斷、巡查監控及現場應變處置等實務經驗，熟悉風險辨識評估與事件處理回報，適合擔任森林防護人員，從事森林巡護與環境安全管理工作。,,
,,,通俗職業未收錄依UCAN對應,爆破工程人員,,具備炸藥知識與引信拆卸技能，熟悉爆破作業流程、安全管理機制與風險控管程序，適合擔任爆破工程人員，可參加經濟部地質調查及礦業管理中心核定之「礦場安全管理人員技術訓練班」或「事業用爆炸物爆破專業人員訓練班」，從事隧道開挖、礦山爆破、建築拆除等工作。,,
,,,10技術/維修/操作,遙控無人機專業人員,100316,具備設備操作控制、任務執行規劃及現場判斷應變等實務經驗，熟悉操作流程、安全規範與任務管控機制，適合擔任遙控無人機專業人員，操作無人機從事商用、空拍、監測、研究及農藥噴灑等相關工作。,應取得交通部民用航空局核發之「遙控無人機操作證」,
,,,16旅遊/餐飲/休閒,運動教練,160301,具備格鬥及游泳、潛水技能，熟悉體能訓練規劃與評量，適合擔任運動教練，從事練、游泳、潛水教學及體能訓練工作。,應取得運動部核發「水上救生員證書」、「國際潛水教練證照」或「國民體適能指導員」等相關證照,
,,,18保全/軍警消,保全技術人員,180106,具備風險評估、現場警戒與安防設備運用等相關實務，熟悉巡檢通報流程、門禁管制制度與事件應對管理特性，適合擔任保全技術人員，從事安防系統監控、異常通報與現場支援等工作。,,
,,,18保全/軍警消,運鈔員,180104,具備高風險任務執行、安全警戒管控及現場應變處置等實務經驗，熟悉安全管理機制與緊急應變程序，適合擔任運鈔員，從事現金運送與安全護衛工作。,,
,,,06客服/門市,連鎖店管理人員,060205,具備軍中差勤管理、物料補給及設施環境維護等實務經驗，熟悉人員調度與突發狀況處理，適合轉銜為連鎖店管理人員，從事連鎖體系門市營運管理、人員督導與日常營運協調等工作。,,建議取得勞動部核發之「門市服務技術士證」
人事(力)行政將官,1A00,"1.人力資源策略規劃
1.1制定整體人力資源政策、制度與規章。
1.2規劃長期人力資源發展與管理計畫。
1.3評估政策成效並提出改進建議。
2.部門管理與督導
2.1擔任人力資源部門主管，統籌部門運作。
2.2督導部門各項人事作業，確保流程符合政策規範。
2.3管理部門績效，指導中高階主管與專案執行。
3.法規遵循與風險控管
3.1確保各項人事政策與操作符合相關法規。
3.2審核人事作業流程與資料，降低行政與合規風險。
3.3提供管理層人力決策參考與風險分析。",03人資/法務/智財,人力資源主管,030101,具備策訂及督導實施人事政策、計畫及法令規章實務經驗，熟悉人力運用、人才開發及法規遵循，適合擔任人力資源主管；從事人力規劃、組織發展與人才訓練等工作。,,
,,,01經營/行政/總務,經營管理主管,010101,具備制定政策與組織領導能力，熟悉資源整合、績效管理及跨部門溝通，適合擔任經營管理主管；從事企業營運規劃、策略擬定與決策執行等工作。,,
,,,21行銷/企劃/專案,專案管理主管,210301,具備大型計畫規劃與督導經驗，熟悉進度管控與資源配置，適合擔任專案管理主管，從事企業專案推動、風險控管等工作，確保專案如期如質如預算達成。,,建議取得「國際專案管理師（PMP）認證」等相關證照
,,,21行銷/企劃/專案,營運管理師/ERP專案師,210302,具備計畫擬定與資源整合能力，適合擔任營運管理師/ERP專案師，從事營運流程優化、跨部門資源整合與績效追蹤等工作。,,建議取得經濟部「營運智慧分析師能力鑑定證書」
,,,22其他職類,顧問,220106,具備政策規劃、高階管理與跨域整合能力，熟悉策略規劃與問題診斷，適合擔任顧問；從事策略諮詢、決策建議與危機處理等工作。,,
人事(力)管理督導官,1A01,"1.人力資源策略規劃
1.1制定部門整體人力資源政策、制度與流程。
1.2規劃人力資源專案與發展計畫。
1.3評估政策與計畫成效並提出改善建議。
2.部門管理與督導
2.1擔任人力資源部門主管，統籌日常運作。
2.2督導各單位人事作業流程，確保符合規範。
2.3管理部門績效並指導下屬完成專案任務。
3.法規遵循與風險控管
3.1確保人事政策與作業符合相關法規規章。
3.2審核人事作業文件與程序，降低行政與合規風險。
3.3提供高層管理人員決策支援與合規建議。",03人資/法務/智財,人力資源主管,030101,具備策訂及督導實施人事政策、計畫及法令規章實務經驗，熟悉人力運用、人才開發及法規遵循，適合擔任人力資源主管；從事人力規劃、組織發展與人才訓練等工作。,,
,,,03人資/法務/智財,教育訓練人員,030104,具備人力資源政策規劃與推動實務經驗，熟悉訓練課程規劃與成效評估，適合擔任教育訓練人員；從事訓練需求分析、課程設計規劃、訓練執行督導與成效評估等工作。,,
,,,03人資/法務/智財,人力/移工仲介,030105,具備人事政策規劃、制度督導執行等相關實務經驗，熟悉人力運用流程與法規遵循原則，適合擔任人力/移工仲介，從事人力/外籍移工媒合、續聘與離境作業。,,建議取得勞動部「就業服務」技術士證
,,,01經營/行政/總務,行政總務主管,010301,具備行政事務統籌實務經驗，熟悉單位運作與庶務管理，適合擔任行政總務主管；從事行政總務事務規劃與執行相關工作。,,
,,,01經營/行政/總務,協會/公會幹事,010104,具備制度規劃推動、法規研修解釋、人員資料管理與案件審查處理等相關實務經驗，熟悉行政流程與法令遵循原則，適合擔任協會／公會幹事；從事會務推動、會員資料管理、政策宣導與活動籌辦等工作。,,
,,,21行銷/企劃/專案,專案管理師,210304,具備人事政策規劃推動、制度建置督導、作業流程管控與跨單位協調等相關實務經驗，熟悉專案流程與進度控管，適合擔任專案管理師，從事專案規劃、資源管理、跨部門協調與成果整合等工作。,,建議取得「國際專案管理師（PMP）認證」等相關證照
,,,21行銷/企劃/專案,營運管理師/ERP專案師,210302,具備計畫擬定與資源整合能力，適合擔任營運管理師/ERP專案師，從事營運流程優化、跨部門資源整合與績效追蹤等工作。,,建議取得經濟部「營運智慧分析師能力鑑定證書」
保險撫卹官,1A23,"1.保險與福利政策規劃
1.1制定部門保險與撫卹相關政策與操作流程。
1.2確保福利制度符合法規與組織規範。
1.3評估政策效果並提出改善建議。
2.資料管理與檔案維護
2.1建立並管理人員資料庫與投保檔案。
2.2蒐集、整理與分析人員傷病、事故與特殊事件資料。
2.3編製報表、紀錄及統計分析，支援決策與執行。
3.福利執行與關懷管理
3.1處理特殊福利、撫卹與補助事務。
3.2評估受益人生活狀況，提供支援與協助。
3.3辦理表彰、紀念及關懷活動，確保制度落實。",04財務/金融/保險,核保/保險內勤人員,040303,具備制度解讀與案件審核能力，熟悉保險、撫卹相關法規與作業程序，適合擔任核保/保險內勤人員，從事保險案件危險分級審核與核定費率等相關工作。,應取得「人身／保險業務員資格測驗合格證書」或「財產保險業務員資格測驗合格證書」等相關證照,
,,,04財務/金融/保險,保險業務員,040301,具備制度解讀與案件審核能力，熟悉保險、撫卹相關法規與作業程序，，適合擔任保險業務員，從事保險銷售、理賠與諮詢服務等工作。,應取得「人身保險經紀人」或「人身保險代理人」等相關證照,
,,,03人資/法務/智財,人力資源專員,030102,具備擬定保險、撫卹政策實務經驗，熟悉案件審核及法規查詢，適合擔任人力資源專員，從事企業人力規劃、處理員工薪資與勞健保等相關工作。,,建議取得勞動部「就業服務」技術士證
,,,01經營/行政/總務,協會/公會幹事,010104,具備保險撫卹政策研擬、法規適用審查、資料建檔等相關實務經驗，熟悉行政作業流程與制度控管原則，適合擔任幹事；從事業務承辦、文書建檔及會務推動等工作。,,
,,,06客服/門市,客戶服務人員,060102,具備服務對象關懷等實務經驗，熟悉人員狀況調查與異動處理，適合擔任客戶服務人員；從事客戶資料維護、案件諮詢服務與滿意度追蹤等工作。,,
,,,01經營/行政/總務,行政總務主管,010301,具備制度規劃、資料管理等實務經驗，熟悉行政運作與總務管理，適合擔任行政總務主管；從事行政事務統籌、資料檔案管理與資源設備規劃等工作。,,
,,,22其他職類,禮儀師,220103,具備遺族聯繫服務、祭祀儀節規劃與紀錄建檔管理等相關實務經驗，熟悉禮儀流程與權益說明作業原則，適合擔任禮儀師，從事治喪流程規劃、家屬溝通協調、儀式安排執行與相關文件處理等工作。,應取得「喪?服務」技術士證,
役政管理官,1B23,"1.制度規劃與行政管理
1.1研究與設計組織制度，建立標準作業流程。
1.2規劃並監督行政作業執行，確保制度運作符合規範。
1.3評估制度成效並提出改進建議。
2.法規解釋與制度溝通
2.1研習與解釋相關法規政策，確保組織遵循法令。
2.2協調人員與管理單位之制度適用與流程執行。
2.3處理人員資格審核、異動與特殊狀況管理。
3.人員配置與調度管理
3.1制定人員分配、徵補及調度計畫。
3.2監督人員甄選、檢查及資格審核流程。
3.3管理人員異動、健康狀況評估及職務調整。",03人資/法務/智財,人力資源專員,030102,具備人力運用規劃、制度研擬、法規適用審查相關實務經驗，熟悉人力運用流程與法令遵循原則，適合擔任人力資源專員，從事人力規劃、制度執行與人事資料建檔分析等工作。,,建議取得勞動部「就業服務」技術士證
,,,03人資/法務/智財,人力/移工仲介,030105,具備人力運用規劃、資格審查管理、制度執行督導與異動案件處理等相關實務經驗，熟悉人力運用流程與法令遵循原則，適合擔任人力／移工仲介，從事人才招募媒合、人員配置管理等工作。,,建議取得勞動部「就業服務」技術士證
,,,01經營/行政/總務,協會/公會幹事,010104,具備制度規劃推動、法規研修解釋、人員資料管理與案件審查處理等相關實務經驗，熟悉行政流程與法令遵循原則，適合擔任協會／公會幹事；從事會務推動、會員資料管理、政策宣導與活動籌辦等工作。,,
,,,14教育/學術/研究,研究助理,140202,具備政策規劃、法規研修解釋、統計資料整理等相關實務經驗，熟悉研究分析流程與文件撰擬，適合擔任研究助理；從事資料蒐集整理、政策分析支援、研究報告撰寫與行政協助等工作。,,
,,,21行銷/企劃/專案,專案管理師,210304,具備政策規劃、法規研修、人員配賦管控等相關實務經驗，熟悉專案規劃流程與進度控管原則，適合擔任專案管理師，從事專案規劃執行、時程與資源管理、跨單位協調與成果整合等工作。,,建議取得「國際專案管理師（PMP）認證」等相關證照
,,,21行銷/企劃/專案,營運管理師/ERP專案師,210302,具備人力資源政策規劃與跨部門溝通整合能力，適合擔任營運管理師/ERP專案師，從事營運流程優化、跨部門資源整合與績效追蹤等工作。,,建議取得經濟部「營運智慧分析師能力鑑定證書」
人事行政管理兵,1A011,"1.人事資料管理
1.1建立與維護人事表單、檔案與資料庫。
1.2登錄並統計人員異動、傷病及福利資料。
1.3生成人事報表與統計分析支援決策。
2.行政支援與文件管理
2.1管理公文、通知與內部文件傳遞流程。
2.2協助辦理員工住宿、膳食與日常行政事務。
2.3協調行政資源確保日常作業順利運作。
3.請假與異動流程管理
3.1彙整與審核員工請假及異動申請。
3.2確保相關行政流程依規定及時完成。
3.3提供行政報告與作業紀錄，支援上級決策。",01經營/行政/總務,行政助理,010206,具備異動資料登載統計、公文管理與行政流程辦理等相關實務經驗，熟悉文書處理流程與資料管理原則，適合擔任行政助理；從事文書處理、資料建檔管理、會議與流程支援及行政庶務協助等工作。,,
,,,03人資/法務/智財,人力資源助理,030103,具備人力運用規劃、制度研擬、法規適用審查相關實務經驗，熟悉人事資料管理流程與制度執行原則，適合擔任人力資源助理；從事人事資料建檔維護、招募行政支援、出勤管理協助與人事文件整理等工作。,,
,,,06客服/門市,客戶服務人員,060102,具備人事資料登載、行政流程服務等相關實務經驗，熟悉服務流程與制度說明原則，適合擔任客戶服務人員；從事客戶資料維護、案件諮詢服務與滿意度追蹤等工作。,,
,,,06客服/門市,專櫃／門市（人員／儲備幹部）,060203,具備人事資料登載統計、行政流程說明、公文處理與案件協助等相關實務經驗，熟悉服務流程與溝通應對原則，適合擔任專櫃／門市儲備幹部，從事顧客接待服務、商品說明銷售、問題回應處理與現場營運支援等工作。,,建議取得「門市服務」技術士證
,,,06客服/門市,連鎖店管理人員,060205,具備軍中內部管理、物料補給、設施環境維護等實務經驗，並具備遵守紀律、流程管控與標準化執行力，適合擔任連鎖店管理人員，從事門市人員管理、營運流程執行、客訴處理協調與現場作業督導等工作。,,建議取得「門市服務」技術士證
人事(行政)管理督導士,1A014,"1.行政支援與業務執行
1.1協助處理日常行政與業務作業。
1.2支援部門運作與流程執行。
1.3確保工作依規範完成。
2.溝通聯繫與跨部門協作
2.1擔任部門間溝通窗口。
2.2協調資源與作業進度。
2.3促進資訊流通與作業順暢。
3.任務支援與彈性執行
3.1支援各項專案或臨時要求。
3.2配合需求調整工作內容。
3.3提供即時支援確保項目完成。",03人資/法務/智財,人力資源專員,030102,具備人事法規運用、作業流程執行、資料建檔管理與人員溝通協調等相關實務經驗，熟悉人力資源作業流程與制度執行原則，適合擔任人力資源專員，從事招募任用作業、人事資料管理、教育訓練規劃執行與考核作業管理等工作。,,建議取得勞動部「就業服務」技術士證
,,,03人資/法務/智財,教育訓練人員,030104,具備人事作業執行、教育訓練規劃、資料建檔管理與人員溝通協調等相關實務經驗，熟悉訓練流程與制度執行原則，適合擔任教育訓練人員；從事課程規劃安排、訓練執行管理、學員資料管理與訓練成效追蹤等工作。,,
,,,01經營/行政/總務,協會/公會幹事,010104,具備行政業務承辦、法規作業執行、資料建檔管理與人員溝通協調等相關實務經驗，熟悉會務行政流程與制度執行原則，適合擔任協會／公會幹事；從事會務行政辦理、會員資料管理、活動規劃執行與政策宣導協調等工作。,,
,,,01經營/行政/總務,客戶服務人員,060102,具備行政業務承辦、制度流程說明、資料建檔管理與案件處理等相關實務經驗，熟悉服務流程與問題回應原則，適合擔任客戶服務人員，從事客戶資料維護、案件諮詢服務與滿意度追蹤等工作。,,建議取得「門市服務」技術士證
,,,06客服/門市,連鎖店管理人員,060205,具備軍中內部管理、物料補給、設施環境維護等實務經驗，並具備遵守紀律、流程管控與標準化執行力，適合擔任連鎖店管理人員，從事連鎖店面營運工作。,,建議取得「門市服務」技術士證
教育行政將官,1D00,"1.教育訓練策略與制度規劃
1.1制定組織教育訓練政策與發展策略。
1.2規劃年度教育訓練計畫與課程方案。
1.3督導教育訓練制度執行，確保符合組織發展需求。
2.學員管理與訓練秩序維護
2.1管理學員學習與生活紀律，維持訓練秩序。
2.2建立學員管理制度與學習輔導機制。
2.3協助處理學員管理與訓練相關行政事務。
3.教育資源與設備管理
3.1規劃教育訓練設施與設備配置。
3.2督導設備維護與資源運用。
3.3確保訓練環境與設施符合教學需求。",01經營/行政/總務,經營管理主管,010101,具備政策制訂、執行與成效評估檢討等相關實務經驗，熟悉策略規劃流程與績效管理架構，適合擔任經營管理主管；從事營運策略規劃、組織資源整合與整體營運管理工作。,,
,,,03人資/法務/智財,人力資源主管,030101,具備教育政策規劃、訓練制度建置、成效評估管理與人員督導等相關實務經驗，熟悉人力發展流程與績效管理架構，適合擔任人力資源主管；從事訓練發展規劃、人事制度管理、績效考核設計與人力資源策略統籌等工作。,,
,,,14教育/學術/研究,補習班主任,140110,具備教育方案規劃、訓練計畫執行、學員管理督導與成效評估檢討等相關實務經驗，熟悉教務管理流程與課程品質控管原則，適合擔任補習班主任；從事課程規劃管理、師資安排督導、學員輔導管理與營運行政統籌等工作。,,
,,,21行銷/企劃/專案,營運管理師/ERP專案師,210302,具備教育制度規劃、訓練流程建置、成效評估管理與跨單位協調等相關實務經驗，熟悉流程優化與專案推動原則，適合擔任營運管理師∕ERP專案師，從事營運流程整合、系統導入規劃、專案執行管理與效益評估分析等工作。,,建議取得經濟部「營運智慧分析師能力鑑定證書」等相關證照
,,,21行銷/企劃/專案,專案管理主管,210301,具備教育政策策訂、訓練制度建置、專案統籌管理與成效評估檢討等相關實務經驗，熟悉專案治理架構與資源整合原則，適合擔任專案管理主管，從事專案策略規劃、跨部門資源整合、專案進度控管與績效成果管理等工作。,,建議取得「國際專案管理師（PMP）認證」等相關證照
,,,22其他職類,顧問,220106,具備教育政策策訂、訓練制度建置、成效評估檢討與組織管理督導等相關實務經驗，熟悉策略分析流程與制度優化原則，適合擔任顧問；從事組織診斷分析、制度規劃建議、專案改善輔導與人才發展策略諮詢等工作。,,
教育行政督導官,1D01,"1.教育訓練規劃與推動
1.1協助制定教育訓練政策與年度訓練計畫。
1.2規劃與推動教育課程及訓練方案。
1.3督導訓練計畫執行，確保符合組織發展需求。
2.學員管理與訓練秩序維護
2.1督導學員學習與生活管理。
2.2維持訓練秩序與紀律，營造良好學習環境。
2.3協助建立學員管理制度與訓練規範。
3.教育設備與資源管理
3.1規劃教育訓練設備配置與使用。
3.2督導訓練設備維護與資源管理。
3.3確保教學設施與設備符合訓練需求。",03人資/法務/智財,人力資源主管,030101,具備教育政策規劃、訓練制度建置、成效評估管理與人員督導等相關實務經驗，熟悉人力發展流程與績效管理架構，適合擔任人力資源主管；從事訓練發展規劃、人事制度管理、績效考核設計與人力資源策略統籌等工作。,,
,,,03人資/法務/智財,教育訓練人員,030104,具備教育政策規劃、訓練方案設計、成效評估檢討與學員管理督導等相關實務經驗，熟悉訓練流程建置與教育品質管理原則，適合擔任教育訓練人員；從事課程規劃設計、訓練執行管理、學習成效評估等工作。,,
,,,14教育/學術/研究,補習班主任,140110,具備教育方案規劃、訓練計畫執行、學員管理督導與成效評估檢討等相關實務經驗，熟悉教務管理流程與課程品質控管原則，適合擔任補習班主任；從事課程規劃管理、師資安排督導、學員輔導管理與營運行政統籌等工作。,,
,,,21行銷/企劃/專案,專案管理師,210304,具備教育政策策訂、訓練制度建置、專案統籌管理與成效評估檢討等相關實務經驗，熟悉專案治理架構與資源整合原則，適合擔任專案管理師；，從事專案策略規劃、跨部門資源整合、專案進度控管與績效成果管理等工作。,,建議取得「國際專案管理師（PMP）認證」等相關證照
,,,21行銷/企劃/專案,營運管理師/ERP專案師,210302,具備教育制度規劃、訓練流程建置、成效評估管理與跨單位協調等相關實務經驗，熟悉流程優化與專案推動原則，適合擔任營運管理師或ERP專案師，從事營運流程整合、系統導入規劃、專案執行管理與效益評估分析等工作。,,建議取得經濟部「營運智慧分析師能力鑑定證書」等相關證照
,,,21行銷/企劃/專案,企業永續發展人員,210305,具備教育制度規劃、訓練流程建置、成效評估檢討與改進機制推動等相關實務經驗，熟悉制度管理架構與績效指標設計原則，適合擔任企業永續發展人員，從事企業永續策略規劃、碳盤查與社會責任推動等工作。,,建議取得經濟部「淨零碳規劃管理師能力鑑定證書」
招募督導官,1F01,"1.人才招募策略與計畫管理
1.1制定人才招募策略與年度招募計畫。
1.2督導招募行政作業與流程執行。
1.3建立招募績效評估機制並追蹤成效。
2.招募資料分析與決策支援
2.1蒐集與分析人才市場及招募相關資料。
2.2研判招募趨勢與人力需求狀況。
2.3規劃招募行動方案並提供管理決策建議。
3.招募活動與品牌推廣
3.1規劃與督導各類招募活動與宣傳策略。
3.2推動雇主品牌與組織形象宣傳。
3.3規劃校園招募、就業博覽會與人才推廣活動。",21行銷/企劃/專案,行銷企劃人員,210103,具備招募策略規劃、行動方案設計與宣導活動統籌等相關實務經驗，熟悉市場分析流程與行銷推廣原則，適合擔任行銷企劃人員，從事行銷策略規劃、活動企劃執行、品牌形象推廣與成效評估分析等工作。,,建議取得經濟部商業發展署「品牌企劃師能力鑑定證書」
,,,03人資/法務/智財,人力資源專員,030102,具備招募策略規劃、人力需求分析與招募流程督導等相關實務經驗，熟悉人力資源作業流程與制度執行原則，適合擔任人力資源專員，從事招募任用管理、人力規劃分析、招募活動推動與人事資料管理等工作。,,建議取得勞動部「就業服務」技術士證
,,,21行銷/企劃/專案,專案管理師,210304,具備招募計畫規劃、行動方案推動與跨單位資源整合等相關實務經驗，熟悉專案規劃流程與進度控管原則，適合擔任專案管理師，從事專案規劃執行、時程與資源管理、跨部門協調與成果評估等工作。,,建議取得「國際專案管理師（PMP）認證」等相關證照
,,,21行銷/企劃/專案,營運管理師/ERP專案師,210302,具備招募規劃、活動執行與跨單位資源整合等相關實務經驗，熟悉流程優化原則與專案管理架構，適合擔任營運管理師∕ERP專案師，從事營運流程優化、跨部門資源整合與績效追蹤等工作。,,建議取得經濟部「營運智慧分析師能力鑑定證書」等相關證照
,,,21行銷/企劃/專案,客戶服務人員,060102,具備招募宣導推廣、活動執行統籌與對外溝通協調等相關實務經驗，熟悉服務流程與問題回應原則，適合擔任客戶服務人員；從事客戶諮詢受理、需求說明回應、活動現場服務與服務品質維護等工作。,,
學校部隊指揮將官,DB00,"1.教育機構經營與發展管理
1.1制定教育發展策略與校務推動計畫。
1.2規劃並督導教育課程與訓練制度之執行。
1.3管理教育資源並推動教學環境與設施改善。
2.學員管理與品格教育
2.1督導學生學習、生活與品格發展管理。
2.2建立學生輔導與行為管理制度。
2.3維護校園紀律與良好學習環境。
3.教育品質管理與成效評估
3.1建立教育品質管理與績效評估機制。
3.2檢討教育與訓練成果並提出改進方案。
3.3督導教學品質與課程持續改善。",01經營/行政/總務,經營管理主管,010101,具備教育政策制訂、執行與成效評估檢討等相關實務經驗，熟悉策略規劃流程與績效管理架構，適合擔任經營管理主管；從事營運策略規劃、組織資源整合、績效制度建置與整體營運管理等工作。,,
,,,03人資/法務/智財,人力資源主管,030101,具備教育政策規劃、訓練制度建置、成效評估管理與人員督導等相關實務經驗，熟悉人力發展流程與績效管理架構，適合擔任人力資源主管，從事訓練發展規劃、人事制度管理、績效考核設計與人力資源策略統籌等工作。,,建議取得勞動部「就業服務」技術士證
,,,14教育/學術/研究,補習班主任,140110,具備教育方案規劃、訓練計畫執行、學員管理督導與成效評估檢討等相關實務經驗，熟悉教務管理流程與課程品質控管原則，適合擔任補習班主任；從事課程規劃管理、師資安排督導、學員輔導管理與營運行政統籌等工作。,,
,,,21行銷/企劃/專案,營運管理師/ERP專案師,210302,具備教育制度規劃、訓練流程建置、成效評估管理與跨單位協調等相關實務經驗，熟悉流程優化與專案推動原則，適合擔任營運管理師或ERP專案師，從事營運流程整合、系統導入規劃、專案執行管理與效益評估分析等工作。,,建議取得經濟部「營運智慧分析師能力鑑定證書」等相關證照
,,,21行銷/企劃/專案,專案管理主管,210301,具備教育政策策訂、訓練制度建置、專案統籌管理與成效評估檢討等相關實務經驗，熟悉專案治理架構與資源整合原則，適合擔任專案管理主管，從事專案策略規劃、跨部門資源整合、專案進度控管與績效成果管理等工作。,,建議取得「國際專案管理師（PMP）認證」等相關證照
,,,22其他職類,顧問,220106,具備教育政策策訂、訓練制度建置、成效評估檢討與組織管理督導等相關實務經驗，熟悉策略分析流程與制度優化原則，適合擔任顧問；從事組織診斷分析、制度規劃建議、專案改善輔導與人才發展策略諮詢等工作。,,
學校部隊指揮官,DB11,"1.人員管理與培育發展
1.1督導人員學習、生活與行為管理。
1.2推動人員品格教育與能力培養。
1.3執行人員考核與培訓制度，促進整體發展。
2.管理制度與績效考核
2.1制定人員管理與績效考核制度。
2.2建立獎懲與管理規範，確保制度公平與一致性。
2.3檢討並優化人員管理流程與制度。
3.行政管理與資源協調
3.1督導單位行政事務與日常運作。
3.2協調裝備、物資與行政資源管理。
3.3提出管理制度與行政流程改善建議。",03人資/法務/智財,教育訓練人員,030104,具備學員管理督導、訓練計畫執行、考核制度建置與行政作業統籌等相關實務經驗，熟悉教育訓練流程與成效管理原則，適合擔任教育訓練人員；從事課程規劃管理、訓練執行督導、學員成效評估與制度優化等工作。,,
,,,03人資/法務/智財,人力/移工仲介,030105,具備人力運用規劃、資格審查管理、制度執行督導與異動案件處理等相關實務經驗，熟悉人力運用流程與法令遵循原則，適合擔任人力／移工仲介，從事移工人力媒合與生活管理工作。,,建議取得勞動部「就業服務」技術士證
,,,14教育/學術/研究,補習班主任,140110,具備學員管理督導、訓練計畫執行、考核制度建置與行政作業統籌等相關實務經驗，熟悉教務管理流程與學習成效控管原則，適合擔任補習班主任；從事課程規劃管理、師資督導協調、學員輔導管理與營運行政統籌等工作。,,
,,,21行銷/企劃/專案,專案管理師,210304,具備學員管理規劃、訓練計畫推動、制度建置執行與行政統籌協調等相關實務經驗，熟悉專案規劃流程與進度控管原則，適合擔任專案管理師，從事專案規劃執行、時程與資源管理、跨部門協調與成果評估等工作。,,建議取得「國際專案管理師（PMP）認證」等相關證照
,,,21行銷/企劃/專案,營運管理師/ERP專案師,210302,具備管理制度建置、訓練流程執行、行政作業統籌與成效檢討改進等相關實務經驗，熟悉流程優化原則與專案管理架構，適合擔任營運管理師/ERP專案師，從事營運流程優化、跨部門資源整合與績效追蹤等工作。,,建議取得經濟部「營運智慧分析師能力鑑定證書」
,,,01經營/行政/總務,行政總務主管,010301,具備人員管理輔導、考核獎懲執行、行政資源協調等行政管理實務，適合擔任行政總務主管，從事行政庶務處理、資源配置管理、設備維護督導等工作。,,
教育行政士,1D214,"1.教育訓練執行
1.1執行基礎教育訓練課程與技能教學。
1.2協助學員進行基礎能力培養與訓練活動。
1.3配合訓練計畫完成教學與實務指導。
2.學員管理與行政支援
2.1協助學員生活管理與學習輔導。
2.2協助辦理學員考核與學習紀錄管理。
2.3支援教育訓練相關行政作業與臨時任務。
3.教學設備管理
3.1管理教育訓練器材與設備。
3.2執行設備保養、維護與簡易修護作業。
3.3確保教學設備正常運作以支援訓練需求。",03人資/法務/智財,教育訓練人員,030104,具備基礎訓練執行、學員生活管理、訓練成效考核與器材保養等教育訓練實務，適合擔任教育訓練人員，從事基礎課程教學、學員行為管理、考核行政作業與設備維護等工作。,,
,,,16旅遊/餐飲/休閒,運動教練,160301,具備儀態及體能訓練帶領、學員生活管理與器材維護等相關實務經驗，熟悉訓練指導流程與安全管理原則，適合擔任運動教練，從事體能訓練指導、運動技術教學、學員管理督導與器材保養維護等工作。,,建議取得「國民體適能指導員證書」相關證照
,,,14教育/學術/研究,補習班導師/管理人員,140111,具備基礎訓練執行、受訓人員管理實務經驗，適合擔任補習班導師/管理人員，從事基礎課程教學協助、學生行為紀律管理與學習進度追蹤等工作。,,
,,,01經營/行政/總務,行政總務人員,010302,具備基礎訓練執行、器材保養維護等行政支援實務，適合擔任行政總務人員，從事文件資料處理、會議活動協助、辦公室環境維護等工作。,,
,,,06客服/門市,連鎖店管理人員,060205,具備軍中內部管理、物料補給、設施環境維護等實務經驗，並具備遵守紀律、流程管控與標準化執行力，適合擔任連鎖店管理人員，從事連鎖系列直營店或分店內督導及協調所屬人員之日常工作及營運等工作。,,建議取得「門市服務」相關技術士證
教育器材兵,1D411,"1.教學設備管理
1.1協助管理教育訓練設備與器材。
1.2建立並維護設備使用與管理紀錄。
1.3協助設備調度與使用安排。
2.設備保養與維護
2.1協助執行設備日常保養與檢查。
2.2進行簡易維護與故障回報處理。
2.3確保設備維持正常運作以支援教學需求。
3.教學支援作業
3.1協助教育訓練活動之器材準備與場地支援。
3.2配合教學需求提供設備操作協助。
3.3支援教育單位日常行政與教學相關作業。",15物流/運輸/資材,倉管人員,150304,具備器材管理、設備保養修護等實務經驗，熟悉物品清點與帳籍管理，適合擔任倉管人員；從事物品清點盤點、庫存進出管理、設備保養整理等工作。,,
,,,15物流/運輸/資材,物管/資材人員,150305,具備保管及基本器材維護能力，熟悉物品清點與帳籍管理適合擔任物管/資材人員；從事物資清點盤點、庫存進出管理、設備保養調度等工作。,,
,,,09品管/製造/環衛,廠務助理,090214,具備協助教學器材管理經驗，熟悉設備維護與物品清點，適合擔任廠務助理；從事設備巡檢保養、廠房環境維護、資源配置協調等工作。,,
,,,01經營/行政/總務,行政助理,010206,具備基礎訓練執行、器材保養維護等行政支援實務，適合擔任行政助理；從事文件資料處理、會議活動協助、辦公室環境維護等工作。,,
,,,06客服/門市,連鎖店管理人員,060205,因於部隊長期接觸人員管理、物料補給、設施環境維護等實務工作，並具備遵守紀律、流程管控與標準化執行力，適合擔任為連鎖店管理人員，從事服務品質維護、存貨管理、排班調度等門店營運工作。,,建議取得「門市服務」相關技術士證
,,,06客服/門市,賣場（人員／儲備幹部）,060202,因具備物品管理、庫存整理經驗，熟悉貨品盤存及帳籍管理，適合擔任為賣場儲備幹部，進行收銀、陳列、補貨與顧客服務等作業，並培養營運管理與團隊領導能力。,,
招募連絡士,1F014,"1.招募業務推廣
1.1協助推廣人才招募計畫與相關活動。
1.2向潛在應徵者說明招募制度與流程。
1.3回應求職者諮詢並提供招募相關資訊。
2.招募活動執行
2.1協助執行招募計畫與宣傳活動。
2.2支援校園招募、就業博覽會或說明會。
2.3協助整理招募資料並追蹤招募進度。
3.行政與業務支援
3.1協助年度業務計畫執行與資料整理。
3.2支援部門行政管理與日常作業。
3.3協助處理臨時任務與跨單位聯絡事務。",21行銷/企劃/專案,行銷企劃人員,210103,具備招募策略規劃、行動方案設計與宣導活動統籌等相關實務經驗，熟悉市場分析流程與行銷推廣原則，適合擔任行銷企劃人員，從事行銷策略規劃、活動企劃執行、品牌形象推廣與成效評估分析等工作。,,建議取得經濟部商業發展署「品牌企劃師能力鑑定證書」
,,,03人資/法務/智財,人力資源專員,030102,具備招募策略規劃、人才需求分析、成效評估管理與招募流程督導等相關實務經驗，熟悉人力資源作業流程與制度執行原則，適合擔任人力資源專員，從事招募任用管理、人力規劃分析、招募活動推動與人事資料管理等工作。,,建議取得勞動部「就業服務」技術士證
,,,02業務/貿易/銷售,業務人員,020102,具備招募宣導與諮詢服務等相關實務經驗，適合擔任業務人員；從事業務推廣說明、客戶需求分析、行政協調支援與銷售目標達成等工作。,,
,,,06客服/門市,客戶服務人員,060102,具備招募宣導推廣、活動執行統籌與對外溝通協調等相關實務經驗，熟悉服務流程與問題回應原則，適合擔任客戶服務人員；從事客戶諮詢受理、需求說明回應、活動現場服務與服務品質維護等工作。,,
,,,06客服/門市,連鎖店管理人員,060205,因於部隊長期接觸人員管理、物料補給、設施環境維護等實務工作，並具備遵守紀律、流程管控與標準化執行力，適合擔任為連鎖店管理人員，從事服務品質維護、存貨管理、排班調度等門店營運工作。,,建議取得「門市服務」相關技術士證
軍樂部隊指揮官,DA41,"1.音樂團隊管理與指揮
1.1指導與指揮音樂團隊演出與排練。
1.2規劃並執行音樂人員訓練與專業培育。
1.3管理團隊演出品質與表演水準。
2.音樂節目與曲目規劃
2.1選擇、編排與製作演出曲目。
2.2規劃音樂活動節目內容與演出流程。
2.3配合活動需求設計音樂演出方案。
3.樂器與設備管理
3.1管理樂器與音樂設備之採購與配置。
3.2督導樂器保養、維護與使用管理。
3.3確保音樂設備與器材運作正常。",14教育/學術/研究,音樂老師,140115,具備音樂團隊指揮經驗，熟悉訓練管理規劃、器材設備維護，適合擔任音樂老師；從事樂器教學指導、團隊排練訓練、演出活動管理等工作。,,
,,,13傳播/娛樂/藝術,音樂/作曲/歌唱家及演奏家,130301,具備軍樂樂器特性及編排音樂能力，熟悉音樂理論知識，適合擔任音樂/作曲/歌唱家及演奏家；從事音樂演出指導、曲目編排表演、團隊訓練管理等工作。,,
,,,21行銷/企劃/專案,行銷企劃部門主管,210101,具備表演活動企劃經驗，熟悉音樂內容編排，適合擔任行銷企劃部門主管，從事行銷活動企劃、推廣內容設計與活動成效分析等工作。,,建議取得經濟部產業發展署「初階行銷企劃證照」等相關證照
,,,13傳播/娛樂/藝術,節目企劃,130107,具備音樂活動規劃經驗，熟悉曲目編排、資源整合，適合擔任節目企劃；從事節目內容規劃、表演團隊協調與活動執行評估等工作。,,
,,,01經營/行政/總務,行政總務主管,010301,具備器材設備管理與表演活動統籌等實務經驗，適合擔任行政總務主管，從事行政事務統籌、資源設備配置、活動排程管理等工作。,,
勤務部隊指揮官,DA31,"1.營運管理與組織領導
1.1統籌部門整體營運與管理。
1.2領導團隊達成組織目標。
1.3確保運作效率與品質穩定。
2.資源整合與行政管理
2.1整合人力、設備與物資資源。
2.2管理行政流程與作業制度。
2.3確保資源有效配置與使用。
3.安全管理與制度執行
3.1建立安全與風險管理機制。
3.2督導紀律與作業規範落實。
3.3維持良好工作環境與秩序。",01經營/行政/總務,行政總務主管,010301,具備現場管理、營運支援等行政管理實務經驗，熟悉資源配置、制度執行，適合擔任行政總務主管，從事行政庶務統籌、設備資源維護、環境安全督導等工作。,,
,,,09品管/製造/環衛,工廠主管,090101,因具備現場管理、營運支援及安全維護等實務經驗，熟悉資源配置、制度執行，適合擔任為工廠主管，負責控管生產製造、廠務及人員管理工作。,,
,,,21行銷/企劃/專案,專案管理主管,210301,具備專案規劃、進度控管、流程優化及跨部門溝通等能力，熟悉行政事務規劃及人員調度，適合擔任為專案管理主管，從事專案規劃、管控及協調相關工作。,,建議取得國際專案管理師（PMP）
,,,21行銷/企劃/專案,營運管理師/企業ERP管理師,210302,具備制度規劃與資源調度能力，適合擔任營運管理師/企業ERP管理師，從事營運流程優化、跨部門資源整合與績效追蹤等工作。,,建議取得經濟部「營運智慧分析師」相關能力鑑定證書
侍衛士,1C234,"1.人身安全維護與即時應變支援
1.1隨侍重要人員，執行安全維護與風險觀察作業。
1.2於突發狀況下即時回應並配合應變處置。
1.3協助維持活動與行程之安全秩序。
2.行政支援與資訊傳遞
2.1負責指示與資訊之即時傳達，確保溝通準確無誤。
2.2協助處理行程與日常事務之行政支援工作。
2.3配合主管或團隊需求完成臨時交辦事項。",01經營/行政/總務,行政事務秘書,010202,具備精準溝通與資訊組織能力，處理突發事務，熟悉日常事務處理與作業流程控管，適合擔任行政事務秘書，從事行程安排協調、文件資料處理、會議事務支援等工作。,,
,,,01經營/行政/總務,大廈或社區總幹事/幹事,010106,具備溝通協調與狀況處置能力，適合擔任大廈或社區總幹事/幹事，從事社區營運管理與事務協調。,應取得內政部「公寓大廈管理服務人員認可證」,
,,,06客服/門市,賣場（人員／儲備幹部）,060202,具備高度責任感與服務意識，熟悉溝通協調、突發狀況應對，適合擔任為賣場儲備幹部；從事賣場營運工作，並培養營運管理與團隊領導能力。,,
,,,18保全/軍警消,運鈔員,180104,具備安全維護應變、資訊傳達協調與行政事務支援等安全管理實務經驗，適合擔任運鈔員；從事現金或其他貴重物品運送之安全維護等保全工作。,,
,,,18保全/軍警消,保全人員,180101,具備安全維護應變、資訊傳達協調與行政事務支援等安全管理實務經驗，適合擔任保全人員；從事門禁管制巡邏、風險觀察應變、秩序維護與行政支援等工作。,,
軍樂兵,1C811,"1.典禮演出與活動執行
1.1依活動規劃執行正式演出與音樂表演，確保流程與節奏準確。
1.2配合活動指示進行排練與現場演奏，維持專業表現。
1.3支援大型活動之音樂執行需求，確保演出品質。
2.文化宣傳與國際交流支援
2.1參與文化或形象宣傳活動，協助組織對外形象展現。
2.2配合國際或對外活動需求，執行具代表性之音樂演出。
2.3協助活動現場之禮賓與流程配合，確保互動得體。
3.訊號傳達與器材維護
3.1依規範以音樂或訊號方式傳達指示，支援現場作業運作。
3.2管理並維護演奏器材，確保設備可用與安全。
3.3執行器材清潔與基本修護，延長使用壽命。",14教育/學術/研究,音樂老師,140115,具備樂器演奏經驗，熟悉曲目練習及樂器保養知識，適合擔任音樂老師；從事樂器演奏教學、團隊排練指導、演出活動協助等工作。,,
,,,01經營/行政/總務,樂器製造及調音技術員,100125,具備樂器操作演奏及日常保養維護經驗，熟悉樂器結構與音準調整，適合擔任樂器製造及調音技術員；從事樂器調音維護、故障排除等工作。,,
,,,13傳播/娛樂/藝術,音樂/作曲/歌唱家及演奏家,130301,具備音樂演奏與舞台演出經驗，熟悉樂器操作與保養，適合擔任音樂/作曲/歌唱家及演奏家；演出執行、團隊排練與表演呈現等工作。,,
,,,13傳播/娛樂/藝術,節目助理人員,130109,具備活動支援與禮儀接待經驗，熟悉現場協調及宣傳活動支援，適合擔任節目助理人員，從事節目現場執行、器材設備維護、表演流程配合與行政支援協助等工作。,,
軍樂士,1C815,"1.典禮與表演執行
1.1規劃並執行各類正式典禮及表演演出，呈現專業形象與文化價值。
1.2配合活動流程與場地要求，確保演出順暢與效果最佳化。
1.3在演出過程中應變，處理突發狀況，維持演出品質。
2.人員訓練與團隊協作
2.1訓練與指導團隊成員，提升演奏技能與舞台表現能力。
2.2協調演奏隊形與工作分工，確保整體演出協調與準時完成。
2.3監督團隊合作與表現，持續優化演出質量與效率。
3.樂器與設備管理
3.1管理並維護樂器設備，確保器材完好與可用。
3.2執行樂器保養、清潔與簡單維修作業，延長器材壽命。
3.3建立設備管理制度與紀錄，提升資源使用效率與可靠性。",14教育/學術/研究,音樂老師,140115,具備樂器演奏經驗，熟悉曲目練習及樂器保養知識，適合擔任音樂老師；從事樂器演奏教學、團隊排練指導、演出活動協助等工作。,,
,,,01經營/行政/總務,樂器製造及調音技術員,100125,具備樂器操作演奏及日常保養維護經驗，熟悉樂器結構與音準調整，適合擔任樂器製造及調音技術員；從事樂器調音維護、故障排除等工作。,,
,,,13傳播/娛樂/藝術,音樂/作曲/歌唱家及演奏家,130301,具備音樂演奏與舞台演出經驗，熟悉樂器操作與保養，適合擔任音樂/作曲/歌唱家及演奏家；演出執行、團隊排練與表演呈現等工作。,,
,,,06客服/門市,節目助理人員,130109,具備活動支援與禮儀接待經驗，熟悉現場協調及宣傳活動支援，適合擔任節目助理人員，從事節目現場執行、器材設備維護、表演流程配合與行政支援協助等工作。,,
儀隊兵,1C941,"1.典禮與迎賓執行
1.1規劃並執行正式典禮與迎賓任務，展現專業形象。
1.2遵循流程與規範，確保活動順暢與禮節完整。
1.3在突發狀況下保持專業應對，維持現場秩序。
2.操演與團隊協作
2.1執行技能操演與隊形變換，呈現團隊整體協調與專業水平。
2.2訓練與協調團隊成員，確保動作一致性與演出品質。
2.3優化操演流程與表現，提升專案或活動視覺效果。
3.現場安全與秩序管理
3.1規劃並執行現場安全與警衛作業，保障人員與環境安全。
3.2建立值勤與巡邏制度，確保應變能力與連續性。
3.3處理突發事件，降低風險並維持現場秩序。",18保全/軍警消,保全人員,180101,具備現場秩序維護及安全警戒經驗，熟悉隊形動線控管與突發狀況應對，適合擔任保全人員；從事現場管控、秩序維護、安全風險預防及突發事件應變處置等工作。,,
,,,01經營/行政/總務,接待人員,010205,具備儀式執行及現場秩序維護經驗，熟悉貴賓接待及團隊協同作業，適合擔任接待人員；從事禮賓接待及現場管理等工作。,,
,,,18保全/軍警消,運鈔員,180104,具備警衛勤務執行實務經驗，熟悉動線管制與突發狀況應對能力，適合擔任運鈔員；從事運鈔車輛護送、安全警戒維護、現場秩序管控與突發應變處理等工作。,,
,,,18保全/軍警消,禮儀師,220103,具備禮賓儀典及重大展演執行經驗，熟悉高度儀態訓練與細節執行，適合待任禮儀師，從事喪禮儀式主持及會場秩序維護等工作。,應取得「喪禮服務」相關技術士證,
,,,18保全/軍警消,空中服務員,150205,具備儀態展示與安全維護經驗，熟悉群眾秩序維持及突發狀況應對能力，適合擔任空中服務員，從事旅客迎送服務、安全指示示範、機艙秩序維護與緊急應變協助等工作。,,
勤務部隊領導士,DA014,"1.現場營運管理與作業執行
1.1帶領團隊執行日常營運作業。
1.2控管現場流程與作業品質。
1.3確保作業依計畫順利完成。
2.行政管理與資源配置
2.1管理人員配置與工作分工。
2.2協調設備與物資使用。
2.3維持整體運作順暢。
3.訓練推動與環境管理
3.1執行教育訓練與作業指導。
3.2建立良好工作流程與作業習慣。
3.3維持安全且整潔的作業環境。",01經營/行政/總務,行政總務人員,010302,具備現場管理、營運支援等行政管理實務經驗，熟悉人事管理、資源調度，適合擔任行政總務人員；從事行政庶務統籌、設備資源維護、環境安全督導等工作。,,
,,,15物流/運輸/資材,倉儲物流人員,150107,具備軍品管理、庫存控管與作業流程協調經驗，熟悉人員編組、補給管理，適合擔任為倉儲物流人員，負責進出貨、盤點、補貨與倉儲維護等物流管理工作。,,建議取得勞動部「堆高機操作」技術士證
,,,06客服/門市,連鎖店管理人員,060205,因於部隊長期接觸人員管理、軍品補給、設施環境維護等實務工作，並具備遵守紀律、流程管控與標準化執行力，適合擔任為連鎖店管理人員，從事服務品質維護、存貨管理、排班調度等門店營運工作。,,建議取得「門市服務」相關技術士證
,,,06客服/門市,賣場（人員／儲備幹部）,060202,因具備物品管理、庫存整理與現場指揮能力，適合擔任為賣場儲備幹部；進行收銀、陳列、補貨與顧客服務等作業，並培養營運管理與團隊領導能力。,,
,,,03人資/法務/智財,教育訓練人員,030104,具備基礎訓練執行、生活管理、行政考核與器材保養等教育訓練實務，適合擔任教育訓練人員，從事基礎課程教學、學員行為管理、考核行政作業與設備維護等工作。,,
史政編譯將官,1H00,"1.知識管理與內容策略規劃
1.1建立內容管理與知識整理制度。?
1.2規劃資料蒐整、編輯與應用方向。?
1.3發展組織知識資產與內容價值。
2.制度設計與政策推動
2.1規劃作業制度與管理流程。?
2.2推動政策落實並持續優化。?
2.3確保制度運作一致與有效。
3.組織督導與品質管理
3.1監督內容產出流程與標準。?
3.2管控成果品質與一致性。
3.3提升整體運作效率與產出價值。",14教育/學術/研究,哲學/歷史/政治相關研究人員,140307,具備史政資料蒐集整理、編譯政策規劃、制度建置推動與作業督導等相關實務經驗，熟悉史料研究流程與學術分析架構，適合擔任哲學／歷史／政治相關研究人員；從事史料研究分析、學術資料編整、研究計畫規劃與成果發表等工作。,,
,,,01經營/行政/總務,美術館/圖書館/博物館專業人員,3432,具備史政編譯、戰略素養及文物典藏專業知識，適合擔任美術館、圖書館及博物館助理專業人員，從事展覽規劃、檔案典藏與出版控管等工作。,,
,,,21行銷/企劃/專案,行銷企劃部門主管,210101,具備文物典藏及史政編譯及專業知識，熟悉內容規劃與部門統籌，適合擔任行銷企劃部門主管；從事行銷策略規劃、品牌內容管理、跨部門資源整合與行銷專案統籌等工作。,,
,,,21行銷/企劃/專案,專案管理主管,210301,因為擁有專案規劃、進度控管、流程優化及跨部門溝通等能力，適合擔任為專案管理主管，從事專案規劃、管控及協調相關工作。,,建議取得國際專案管理師（PMP）認證
,,,22其他職類,顧問,220106,因具備計畫擬定、風險評估與專案推動經驗，擁有流程管控、資料蒐整與跨部門溝通能力，適合擔任為顧問，接受企業委託，提供專業諮詢及經營建議。,,
史政管理督導官,1H11,"1.政策與制度管理
1.1制定或修訂政策、制度與作業流程，確保組織運作規範。?
1.2督導部門遵循制度執行，提升組織效率與合規性。?
1.3評估政策效果，提出改善與優化建議。
2.史料與檔案管理
2.1規劃並執行史料、檔案及文物整理與保存作業。?
2.2研判資料價值，編纂、呈送及陳列支援決策或教育用途。?
2.3建立資料管理制度與稽核機制，確保資訊完整性與可追蹤性。
3.業務策進與教育推行
3.1規劃並推動業務發展計畫，提升組織專業能力與績效。?
3.2執行教育訓練與知識傳承，確保員工技能與專業水準。?
3.3督導績效考核與成果展示，維持工作標準與知識管理。",14教育/學術/研究,哲學/歷史/政治相關研究人員,140307,具備政策規劃、文獻與檔案管理實務經驗，適合擔任哲學/歷史/政治相關研究人員；從事研究資料蒐集整理、檔案與出版品管理及內容品質審查等工作。,,
,,,12新聞/出版/印刷,編輯,120203,具備軍史資料蒐集、文稿撰寫、專刊與紀念出版品編輯經驗，適合擔任編輯；從事選稿、編修、改寫、文字潤飾與結構調整等工作。,,
,,,14教育/學術/研究,教授／副教授／助理教授,140201,具備軍史資料蒐集、文稿撰寫、專刊與紀念出版品編輯經驗，適合擔任教授／副教授／助理教授，從事大專院校教學、研究與推廣的工作。,應取得教育部教授／副教授／助理教授資格,
,,,通俗職業未收錄依標準職業類別產出,美術館/圖書館/博物館助理專業人員,3432,具備軍事史學、戰略素養及檔案法規知識，適合擔任美術館/圖書館/博物館助理專業人員；從事展覽規劃、檔案典藏與出版控管等工作。,,
,,,21行銷/企劃/專案,行銷企劃人員,210103,具備歷史資料管理、文獻檔案整理與教育推廣規劃等知識管理實務經驗，適合擔任行銷企劃人員，從事品牌故事企劃、內容行銷推廣、活動展演規劃與宣傳材料製作等工作。,,建議取得經濟部商業發展署「品牌企劃師能力鑑定證書」
史政士,1H334,"1.資料整理與檔案管理
1.1蒐集並整理各類資料與檔案，建立系統化管理。?
1.2執行資料分類與保存作業，確保資訊完整性。
1.3維護資料庫與檔案管理流程，提升資料查詢效率。
2.文件與檔案基本管理
2.1參與活動或會議並進行紀錄整理。?
2.2蒐集相關資料與背景資訊，支援業務分析。
2.3彙整紀錄與文件，提供後續作業參考。
3.行政支援與業務協作
3.1協助部門資料整理與文件管理作業。?
3.2配合業務需求提供資料支援與行政協助。
3.3維持文件與資訊管理秩序，確保作業效率。",14教育/學術/研究,哲學/歷史/政治相關研究人員,140307,具備協助史政政策規劃、文獻與檔案管理實務經驗，適合擔任哲學/歷史/政治相關研究人員；從事研究資料蒐集整理、檔案與出版品管理及內容品質審查等工作。,,
,,,12新聞/出版/印刷,編輯,120203,具備協助軍史資料蒐集、文稿撰寫、專刊與紀念出版品編輯經驗，適合擔任編輯；從事選稿、編修、改寫、文字潤飾與結構調整等工作。,,
,,,通俗職業未收錄依標準職業類別產出,美術館/圖書館/博物館助理專業人員,3432,具備軍事史學及檔案法規知識，適合擔任美術館/圖書館/博物館助理專業人員；從事展覽規劃、檔案典藏與出版控管等工作。,,
,,,21行銷/企劃/專案,行銷企劃人員,210103,具備歷史資料管理、文獻檔案整理與教育推廣規劃等知識管理實務經驗，適合擔任行銷企劃人員，從事品牌故事企劃、內容行銷推廣、活動展演規劃與宣傳材料製作等工作。,,建議取得經濟部商業發展署「品牌企劃師能力鑑定證書」
資料檔案管理官,1C53,"1.檔案制度與管理政策規劃
1.1制定檔案與資料管理制度，建立標準化作業流程。?
1.2規劃檔案管理政策與改善方案，提升資料治理效率。
1.3評估制度運作成效並提出優化建議。?
2.檔案資料整理與保存管理
2.1執行檔案資料分類、編目與保存作業。?
2.2建立資料保存與移轉流程，確保資料完整性。?
2.3管理資料庫與文件系統，提升資訊查詢與應用效率。
3.檔案設施與知識管理推動
3.1規劃檔案管理環境與設備，確保資料安全與保存品質。?
3.2培訓相關人員檔案管理技能，提升專業能力。
3.3與各部門協調資料取得與更新，強化知識管理機制。",01經營/行政/總務,檔案資料管理人員,010204,具備檔案分類編目、保存年限與移交規畫能力，熟悉資料移轉保存與統計作業流程，適合擔任檔案資料管理人員；從事紙本與數位檔案管理、調閱服務等相關工作。,,
,,,01經營/行政/總務,行政總務人員,010302,具備文件與檔案收發與表報製作等行政實務經驗，熟悉資料統計與資訊更新管理，適合擔任行政總務人員；從事行政作業執行、文件與檔案管理、辦公環境與資源維護及跨部門庶務協調等工作。,,
,,,14教育/學術/研究,研究助理,140202,具備資料檔案分類、編目典藏管理等實務經驗，熟悉資訊整理及資料庫維護，適合擔任研究助理；從事資料蒐集整理、檔案審查分析、研究報告編撰與資訊檢索應用等工作。,,
,,,15物流/運輸/資材,資材主管,150302,具備資料檔案分類、圖書清理移轉與制度流程規劃經驗，熟悉資材盤點、編目與安全管理流程，適合擔任資材主管；從事物料資料建檔管理、庫存與進出管制、資材流程規劃與跨部門協調運作等工作。,,
,,,12新聞/出版/印刷,編輯,120203,具備擬定編輯大綱、協調撰稿人力、審閱與修改文稿實務經驗，熟悉資料查核、內容整理，適合擔任編輯，從事正式文稿與出版品的用語、格式與史實查核等相關工作。,,
,,,12新聞/出版/印刷,文字編輯校對人員,120202,具備文獻與檔案整理及出版品編纂等內容管理實務，熟悉資料檢索應用、校核管理，適合擔任文字編輯校對人員；從事歷史或專業主題出版品之文字編輯、內容審查與校對作業。,,
文書資料檔案管理士,1C514,"1.文件與檔案實務管理
1.1執行文件與資料之分類、編目與保存管理。?
1.2維護文件管理系統，確保資料完整與可追溯性。?
1.3管理文件保存與移轉流程，提升資料使用效率。
2.公文處理與行政流程管理
2.1負責文件收發與登記，確保行政流程順暢。?
2.2追蹤文件處理進度，確保作業時效。?
2.3維持行政文件管理制度，提升部門作業效率。
3.檔案室管理與資料統計
3.1維護文件與檔案保存環境，確保資料安全。?
3.2建立文件管理紀錄與統計資料。
3.3編製各類行政報表，支援管理決策。",01經營/行政/總務,檔案資料管理人員,010204,具備檔案分類編目、保存年限與移交規畫能力，熟悉資料移轉保存與統計作業流程，適合擔任檔案資料管理人員；從事紙本與數位檔案管理、調閱服務等相關工作。,,
,,,01經營/行政/總務,行政總務人員,010302,具備文件與檔案收發與表報製作等行政實務經驗，熟悉資料統計與資訊更新管理，適合擔任行政總務人員；從事行政作業執行、文件與檔案管理、辦公環境與資源維護及跨部門庶務協調等工作。,,
,,,14教育/學術/研究,研究助理,140202,具備資料檔案分類、編目典藏管理等實務經驗，熟悉資訊整理及資料庫維護，適合擔任研究助理；從事資料蒐集整理、檔案審查分析、研究報告編撰與資訊檢索應用等工作。,,
,,,15物流/運輸/資材,資材主管,150302,具備資料檔案分類、圖書清理移轉與制度流程規劃經驗，熟悉資材盤點、編目與安全管理流程，適合擔任資材主管；從事物料資料建檔管理、庫存與進出管制、資材流程規劃與跨部門協調運作等工作。,,
,,,12新聞/出版/印刷,編輯,120203,具備擬定編輯大綱、協調撰稿人力、審閱與修改文稿實務經驗，熟悉資料查核、內容整理，適合擔任編輯，從事正式文稿與出版品的用語、格式與史實查核等相關工作。,,
,,,12新聞/出版/印刷,文字編輯校對人員,120202,具備文獻與檔案整理及出版品編纂等內容管理實務，熟悉資料檢索應用、校核管理，適合擔任文字編輯校對人員；從事歷史或專業主題出版品之文字編輯、內容審查與校對作業。,,
文書資料檔案管理兵,1C514,"1.文書處理與行政支援
1.1使用電腦系統處理行政文件與資料輸入作業。?
1.2協助部門進行文書製作與文件整理。
1.3支援日常行政流程，維持部門運作效率。
2.文件與資料整理管理
2.1蒐集並整理文件與資料，建立基本分類管理。?
2.2協助維護文件與檔案管理系統。?
2.3確保資料保存完整並便於查詢使用。
3.史政資料整理與資訊支援
3.1協助蒐集並整理相關歷史與行政資料。?
3.2整理資料並建立基礎紀錄與檔案。
3.3提供資料整理成果支援業務使用。",01經營/行政/總務,檔案資料管理人員,010204,具備檔案分類編目、保存年限與移交規畫能力，熟悉資料移轉保存與統計作業流程，適合擔任檔案資料管理人員；從事紙本與數位檔案管理、調閱服務等相關工作。,,
,,,01經營/行政/總務,行政總務人員,010302,具備文件與檔案收發與表報製作等行政實務經驗，熟悉資料統計與資訊更新管理，適合擔任行政總務人員；從事行政作業執行、文件與檔案管理、辦公環境與資源維護及跨部門庶務協調等工作。,,
,,,14教育/學術/研究,研究助理,140202,具備資料檔案分類、編目典藏管理等實務經驗，熟悉資訊整理及資料庫維護，適合擔任研究助理；從事資料蒐集整理、檔案審查分析、研究報告編撰與資訊檢索應用等工作。,,
,,,15物流/運輸/資材,倉管人員,150304,具備基礎行政作業與資料核對能力，熟悉物資資料建檔、盤點作業流程，適合擔任倉管人員；從事物料資料建檔維護、入出庫單據處理、庫存紀錄整理與盤點報表彙整等工作。,,
,,,12新聞/出版/印刷,文字編輯校對人員,120202,具備文獻與檔案整理及出版品編纂等內容管理實務，熟悉資料檢索應用、校核管理，適合擔任文字編輯校對人員；從事歷史或專業主題出版品之文字編輯、內容審查與校對作業。,,
情報將官,2A00,1.情資策略規劃與制度治理1.1規劃與制定組織之資訊蒐集與分析策略，建立相關制度與作業規範。1.2督導情報政策與計畫之執行，確保組織資訊決策機制有效運作。2.情報分析與決策支援2.1整合多來源資訊與情資資料，進行分析與狀況判斷。2.2提供分析結果與研判建議，支援高層決策與策略規劃。3.情資作業管理與跨部門協調3.1管理與督導情報作業流程，確保資料蒐集、分析與回報機制順暢。3.2協調跨單位資訊交流與資源整合，提升整體情資運作效率。,21行銷/企劃/專案,210101,行銷企劃部門主管,具備資訊整合分析、政策規劃設計與跨單位協調等相關實務經驗，熟悉策略規劃與績效管理，適合擔任行銷企劃部門主管；從事市場競爭分析、品牌策略規劃與部門績效考核等工作。,,
,,,21行銷/企劃/專案,210301,專案管理主管,具備跨部門協調、專案規劃與進度控管等相關實務經驗，熟悉組織決策流程、資源配置與風險管控，適合擔任專案管理主管，從事專案整體規劃、跨單位協調與專案成效督導等工作。,,建議取得「國際專案管理師（PMP）認證」等相關證照
,,,01經營/行政/總務,010101,經營管理主管,具備政策制定、高階領導與資源整合能力，熟悉任務推動與績效管理，適合擔任經營管理主管，從事企業營運規劃、策略擬定與決策執行等工作。,,
,,,22其他職類,220106,顧問,具備策略規劃、團隊領導、資源整合與危機應處能力，熟悉問題評斷與跨域協調，適合擔任企業顧問，提供營運策略諮詢及襄理重大專案工作。,,
,,,01經營/行政/總務,010201,主管特別助理,具備政策規劃、跨單位協調與決策支援分析等相關實務經驗，熟悉組織運作流程、保密規範與高層決策支援，適合擔任主管特別助理，從事決策諮詢與資源整合等工作。,,
,,,14教育/學術/研究,140307,歷史／政治相關研究人員,具備資料蒐整、政策分析等相關實務經驗，熟悉組織運作及研究方法，適合擔任歷史／政治相關研究人員，從事政策分析、報告撰寫與決策諮詢等工作。,,
情報督導官,2A11,1.情資策略規劃與作業管理1.1規劃並制定資訊蒐集與分析計畫，統籌組織資訊作業方向與重點。1.2督導資料蒐集、處理與分析流程，確保資訊運作效率與品質。2.情資分析與風險研判2.1分析國際情勢與外部環境資訊，評估潛在風險與發展趨勢。2.2將分析成果轉化為策略建議，支援組織決策與行動規劃。3.專業培訓與能力建構3.1規劃並推動專業訓練與能力培養，提升人員專業素養。3.2建立標準作業流程與知識傳承機制，確保組織運作品質。,21行銷/企劃/專案,210101,行銷企劃部門主管,具備資訊整合分析、政策規劃設計與跨單位協調等相關實務經驗，熟悉策略規劃與績效管理，適合擔任行銷企劃部門主管；從事市場競爭分析、品牌策略規劃與部門績效考核等工作。,,
,,,21行銷/企劃/專案,210301,專案管理主管,具備跨部門協調、專案規劃與進度控管等相關實務經驗，熟悉組織決策流程、資源配置與風險管控，適合擔任專案管理主管，從事專案整體規劃、跨單位協調與專案成效督導等工作。,,建議取得「國際專案管理師（PMP）認證」等相關證照
,,,01經營/行政/總務,010101,經營管理主管,具備政策制定、高階領導與資源整合能力，熟悉任務推動與績效管理，適合擔任經營管理主管，從事企業營運規劃、策略擬定與決策執行等工作。,,
,,,22其他職類,220106,顧問,具備策略規劃、團隊領導、資源整合與危機應處能力，熟悉問題評斷與跨域協調，適合擔任企業顧問，提供營運策略諮詢及襄理重大專案工作。,,
,,,01經營/行政/總務,010201,主管特別助理,具備政策規劃、跨單位協調與決策支援分析等相關實務經驗，熟悉組織運作流程、保密規範與高層決策支援，適合擔任主管特別助理，從事決策諮詢與資源整合等工作。,,
,,,14教育/學術/研究,140307,歷史／政治相關研究人員,具備資料蒐整、政策分析等相關實務經驗，熟悉組織運作及研究方法，適合擔任歷史／政治相關研究人員，從事政策分析、報告撰寫與決策諮詢等工作。,,
,,,21行銷/企劃/專案,210105,市場調查／市調分析,具備資訊蒐集規劃、資料整合分析、趨勢研判評估等相關實務經驗，熟悉制度化分析流程與決策支援機制，適合擔任市場調查/市調分析專員；從事市場資料蒐整、產業趨勢分析、需求預測評估與分析報告撰寫等工作。,,
電子戰情報官,2A17,1.電子情報蒐集與資料治理1.1統籌電子訊號與技術資料之蒐集、建檔與管理，建立完整資訊資料庫。1.2整理與分析電子資訊資料，確保資料可供分析與決策運用。2.技術情報分析與決策支援2.1分析電子訊號與技術情報資料，評估技術威脅與作業風險。2.2提供分析結果與專業建議，支援組織策略判斷與行動規劃。3.情報系統建置與技術管理3.1規劃與建置電子情報蒐集系統，確保系統運作穩定與效能。3.2建立技術參數與標準化資料（如電子參數資料庫），提升系統整體運作能力。,07工程/研發/生技,070109,通訊系統工程師,具備通訊系統規劃、訊號分析與系統整合等相關實務經驗，熟悉通訊系統設計流程、系統測試與效能管理，適合擔任通訊系統工程師，從事通訊系統設計、效能分析與系統優化等工作。,,建議取得勞動部「通信技術（電信線路）技術士」相關證照
,,,07工程/研發/生技,070110,RF通訊工程師,具備射頻訊號分析、參數調校與系統測試等相關實務經驗，熟悉射頻系統運作、訊號干擾分析與效能管理，適合擔任RF通訊工程師，從事射頻系統分析、參數調校與效能驗證等工作。,,建議取得經濟部「天線設計工程師能力鑑定證書」相關證照
,,,21行銷/企劃/專案,210304,專案管理師,具備專案規劃、進度追蹤與跨部門整合等相關實務經驗，熟悉專案管理流程，適合擔任專案管理師，從事專案進度控管、專案文件彙整與成果回報等工作。,,建議取得「國際專案管理師（PMP）認證」等相關證照
,,,21行銷/企劃/專案,210302,營運管理師/ERP專案師,具備系統架構規劃、資料整合分析、參數設定管理與效能監督執行等相關實務經驗，熟悉制度化流程管理與系統運作監控機制，適合擔任營運管理師/ERP專案師，從事資訊系統導入、營運流程優化、跨部門資源整合與績效管理等工作。,,建議取得經濟部核發之「營運智慧分析師能力鑑定證書」等相關證照
國際情報參謀官,2A42,1.國際情勢與安全資訊分析1.1蒐集並研究駐在國及周邊國家之政治、安全與軍事相關資訊，掌握區域情勢變化。1.2分析並評估各類情資資料，提供戰略研判與政策參考。2.國際聯絡與跨國協調2.1與外國軍事及外交單位建立聯絡與溝通管道，維持國際合作與資訊交流。2.2協調跨國合作事務與專業交流活動，促進雙邊或多邊合作關係。3.情資資訊審核與資訊傳遞3.1審查並篩選各來源情報資料，辨識具決策價值之重要資訊。3.2整理與傳遞分析成果，支援相關單位進行策略規劃與決策判斷。,02業務/貿易/銷售,020101,業務主管,具備國際情勢研判、對外聯絡協調與跨國溝通交涉等相關實務經驗，熟悉組織目標管理、國際商務禮儀與跨部門整合，適合擔任業務主管；從事國際市場拓展、跨國合作談判與業務策略規劃等工作。,,
,,,02業務/貿易/銷售,020201,國貿人員,具備國際資訊蒐整研析、跨國聯絡協調及對外溝通交涉等相關實務經驗，熟悉外事作業流程與跨境協調機制，適合擔任國貿人員；從事國際市場資料蒐集分析、市場開發、訂單接洽與貨物進出口管理等工作。,,
,,,05廣告/公關/設計,050203,公關企劃人員,具備對外聯絡協調、跨文化溝通交涉、資訊整合篩選等相關實務經驗，熟悉涉外作業流程與訊息管控機制，適合擔任公關企劃人員；從事公共關係經營、活動企劃、訊息發布與危機管理等工作。,,
,,,12新聞/出版/印刷,120104,翻譯,具備外文資料翻譯、譯文審查與跨語言溝通等相關實務經驗，熟悉翻譯作業流程、文件審校制度，適合擔任翻譯；從事外文資料翻譯、譯文校對與現場口譯等工作。,,
,,,21行銷/企劃/專案,210105,市場調查／市調分析,具備跨國資料蒐集、資訊比對與趨勢研判等相關實務經驗，熟悉研究流程與資料驗證，適合擔任市場調查／市調分析人員；從事國際市場研究、趨勢分析與研究報告撰寫等工作。,,
,,,14教育/學術/研究,140307,哲學／歷史／政治相關研究人員,具備國際情勢分析、政策脈絡研判等相關實務經驗，熟悉資料蒐集流程與政策分析方法，適合擔任歷史／政治相關研究人員；從事國際政治研究、政策分析與研究報告撰寫等工作。,,
情報兵,2A012,1.資訊蒐集與資料回報1.1蒐集並整理現地資訊與相關資料，確保資訊回報即時且準確。1.2建立與維護資訊傳遞機制，確保重要資訊能有效流通。2.安全審查與風險防護2.1審查並監控安全風險相關活動，維護資訊與作業安全。2.2建立安全管理措施，防範機密資料外洩與資訊風險。3.現地調查與跨單位協作3.1參與現場調查與資料蒐集作業，提供分析所需基礎資訊。3.2與相關單位建立聯繫與協作機制，確保資訊交流順暢。,18保全/軍警消,180101,保全人員,具備風險辨識與現地觀察通報等相關實務經驗，熟悉安全管理與狀況回報機制，適合擔任保全人員，從事場域安全維護、異常狀況監控通報、進出管制與安全巡查等工作。,,
,,,18保全/軍警消,180104,運鈔員,具備安全風險辨識、機密維護控管、現地警戒通報與異常狀況應變等相關實務經驗，熟悉制度化安全作業流程與通報管理機制，適合擔任運鈔員；從事現金與貴重物品運送、路線安全控管、異常狀況通報與現場安全維護等工作。,,
,,,22其他職類,220104,私家偵探(徵信員),具備情報蒐集、現地調查等相關實務經驗，熟悉保密作業流程、與狀況處理回報，適合擔任私家偵探(徵信員)；從事背景調查、資料蒐證等工作。,,
,,,01經營/行政/總務,010206,行政助理,具備資料彙整、文書處理與事故回報等相關實務經驗，熟悉行政作業流程與文件管理，適合擔任行政助理；從事文件整理、行政支援與庶務聯繫等工作。,,
,,,06客服/門市,060102,客戶服務人員,具備資訊蒐集、協調聯繫、問題即時處理回報等相關實務經驗，熟悉制度化作業流程與通報管理機制，適合擔任客戶服務人員；從事客戶需求回應、問題處理協調、資訊紀錄管理與服務品質維護等工作。,,
,,,10技術/維修/操作,100316,遙控無人機專業人員,具備目標偵查與無人機操作實務經驗，適合擔任遙控無人機專業人員，從事無人機操作執行商用、空拍、監測、研究、農藥噴灑等相關工作。,應取得交通部民用航空局核發之「遙控無人機操作證」等相關證照,
情報士,2A015,1.情資蒐集、整理與分析支援1.1蒐集多元資訊並進行初步整理，支援分析與研判作業。1.2建立資料登錄與分發機制，確保資訊傳遞即時正確。1.3協助彙整分析結果，提供決策或研究參考。2.資訊安全與反制作業輔助2.1協助執行資訊安全與保密措施，維護作業機密。2.2支援調查與詢問相關作業，確保流程合規。2.3與相關單位協作，降低作業風險。3.地理資訊與資料庫管理支援3.1協助進行地理、環境與交通等資料之調查與整理。3.2判讀地圖與影像資料，支援空間與環境分析。3.3管理與維護資訊圖籍與資料庫，確保資料完整性。,18保全/軍警消,180101,保全人員,具備風險辨識與現地觀察通報等相關實務經驗，熟悉安全管理與狀況回報機制，適合擔任保全人員，從事場域安全維護、異常狀況監控通報、進出管制與安全巡查等工作。,,
,,,18保全/軍警消,180104,運鈔員,具備安全風險辨識、機密維護控管、現地警戒通報與異常狀況應變等相關實務，熟悉制度化安全作業流程與通報管理機制，適合擔任運鈔員；從事現金與貴重物品運送、路線安全控管、異常狀況通報與現場安全維護等工作。,,
,,,22其他職類,220104,私家偵探(徵信員),具備情報蒐集、現地調查等相關實務經驗，熟悉保密作業流程、與狀況處理回報，適合擔任私家偵探(徵信員)；從事背景調查、資料蒐證等工作。,,
,,,01經營/行政/總務,010206,行政助理,具備資料彙整、文書處理與事故回報等相關實務經驗，熟悉行政作業流程與文件管理，適合擔任行政助理；從事文件整理、行政支援與庶務聯繫等工作。,,
,,,06客服/門市,060102,客戶服務人員,具備資訊蒐集、協調聯繫、問題即時處理回報等相關實務經驗，熟悉制度化作業流程與通報管理機制，適合擔任客戶服務人員；從事客戶需求回應、問題處理協調、資訊紀錄管理與服務品質維護等工作。,,
,,,10技術/維修/操作,100316,遙控無人機專業人員,具備目標偵查與無人機操作實務經驗，適合擔任遙控無人機專業人員，從事無人機操作執行商用、空拍、監測、研究、農藥噴灑等相關工作。,應取得交通部民用航空局核發之「遙控無人機操作證」等相關證照,
情報指揮官,DC01,1.情資策略規劃與作業管理1.1規劃並制定資訊蒐集與分析計畫，統籌組織資訊作業方向與重點。1.2管理資料蒐集、處理與分析流程，確保資訊品質與運作效率。2.情資分析與風險評估2.1分析外部環境與相關資訊資料，研判潛在風險與發展趨勢。2.2將分析成果轉化為策略建議，支援組織決策與行動規劃。3.專業培訓與能力建構3.1規劃並推動專業培訓與能力發展計畫，提升人員專業素養。3.2建立標準作業流程與知識管理機制，確保組織運作品質。,21行銷/企劃/專案,210101,行銷企劃部門主管,具備資訊整合分析、政策規劃設計與跨單位協調等相關實務經驗，熟悉策略規劃與績效管理，適合擔任行銷企劃部門主管；從事市場競爭分析、品牌策略規劃與部門績效考核等工作。,,
,,,21行銷/企劃/專案,210301,專案管理主管,具備跨部門協調、專案規劃與進度控管等相關實務經驗，熟悉組織決策流程、資源配置與風險管控，適合擔任專案管理主管，從事專案整體規劃、跨單位協調與專案成效督導等工作。,,建議取得「國際專案管理師（PMP）認證」等相關證照
,,,01經營/行政/總務,010101,經營管理主管,具備政策制定、高階領導與資源整合能力，熟悉任務推動與績效管理，適合擔任經營管理主管，從事企業營運規劃、策略擬定與決策執行等工作。,,
,,,22其他職類,220106,顧問,具備策略規劃、團隊領導、資源整合與危機應處能力，熟悉問題評斷與跨域協調，適合擔任企業顧問，提供營運策略諮詢及襄理重大專案工作。,,
,,,01經營/行政/總務,010201,主管特別助理,具備政策規劃、跨單位協調與決策支援分析等相關實務經驗，熟悉組織運作流程、保密規範與高層決策支援，適合擔任主管特別助理，從事決策諮詢與資源整合等工作。,,
,,,14教育/學術/研究,140307,歷史／政治相關研究人員,具備資料蒐整、政策分析等相關實務經驗，熟悉組織運作及研究方法，適合擔任歷史／政治相關研究人員，從事政策分析、報告撰寫與決策諮詢等工作。,,
,,,21行銷/企劃/專案,210105,市場調查／市調分析,具備資訊蒐集規劃、資料整合分析、趨勢研判評估等相關實務經驗，熟悉制度化分析流程與決策支援機制，適合擔任市場調查/市調分析專員；從事市場資料蒐整、產業趨勢分析、需求預測評估與分析報告撰寫等工作。,,
情報指揮將官,DC20,1.訊號情報分析與資訊整合1.1規劃並管理電子訊號資料蒐集與分析流程，建立完整資訊資料架構。1.2整合訊號資料與技術分析成果，提供決策所需之關鍵資訊。2.技術系統規劃與資源管理2.1規劃與管理電子監測系統與設備資源，確保系統穩定與運作效能。2.2建立相關技術標準與作業流程，提升系統整體運作效率。3.組織管理與專業能力培養3.1規劃並推動專業培訓與知識管理機制，提升團隊技術能力。3.2協調跨單位資源與專案執行，確保資訊與技術運作順暢。,21行銷/企劃/專案,210101,行銷企劃部門主管,具備資訊整合分析、政策規劃設計與跨單位協調等相關實務經驗，熟悉策略規劃與績效管理，適合擔任行銷企劃部門主管；從事市場競爭分析、品牌策略規劃與部門績效考核等工作。,,
,,,21行銷/企劃/專案,210301,專案管理主管,具備跨部門協調、專案規劃與進度控管等相關實務經驗，熟悉組織決策流程、資源配置與風險管控，適合擔任專案管理主管，從事專案整體規劃、跨單位協調與專案成效督導等工作。,,建議取得「國際專案管理師（PMP）認證」等相關證照
,,,01經營/行政/總務,010101,經營管理主管,具備政策制定、高階領導與資源整合能力，熟悉任務推動與績效管理，適合擔任經營管理主管，從事企業營運規劃、策略擬定與決策執行等工作。,,
,,,22其他職類,220106,顧問,具備策略規劃、團隊領導、資源整合與危機應處能力，熟悉問題評斷與跨域協調，適合擔任企業顧問，提供營運策略諮詢及襄理重大專案工作。,,
,,,01經營/行政/總務,010201,主管特別助理,具備政策規劃、跨單位協調與決策支援分析等相關實務經驗，熟悉組織運作流程、保密規範與高層決策支援，適合擔任主管特別助理，從事決策諮詢與資源整合等工作。,,
,,,14教育/學術/研究,140307,歷史／政治相關研究人員,具備資料蒐整、政策分析等相關實務經驗，熟悉組織運作及研究方法，適合擔任歷史／政治相關研究人員，從事政策分析、報告撰寫與決策諮詢等工作。,,
特業情報將官,2B00,1.情資策略規劃與制度治理1.1規劃並建立資訊蒐集與分析制度，確保組織資訊決策機制運作有效。1.2制定相關政策與作業標準，統籌組織資訊工作方向。2.技術發展與跨部門整合2.1推動專業分析技術與方法之研究與發展，提升資訊分析能力。2.2協調跨部門資源與專業合作，建立完整作業架構。3.高階分析與人才培育3.1進行情勢研判與策略分析，提供決策層重要建議。3.2規劃並推動專業培訓與知識傳承，培育高階分析人才。,02業務/貿易/銷售,020101,業務主管,具備任務方向規劃、專業技術發展、跨部門協調整合與組織建置推動等相關實務經驗，熟悉制度化策略規劃流程與績效管理機制，適合擔任業務主管；從事市場開發規劃、團隊管理統籌及跨部門協調等工作。,,
,,,21行銷/企劃/專案,210101,行銷企劃部門主管,具備資訊整合分析、政策規劃設計與跨單位協調等相關實務經驗，熟悉策略規劃與績效管理，適合擔任行銷企劃部門主管；從事市場競爭分析、品牌策略規劃與部門績效考核等工作。,,
,,,21行銷/企劃/專案,210301,專案管理主管,具備跨部門協調、專案規劃與進度控管等相關實務經驗，熟悉組織決策流程、資源配置與風險管控，適合擔任專案管理主管，從事專案整體規劃、跨單位協調與專案成效督導等工作。,,建議取得「國際專案管理師（PMP）認證」等相關證照
,,,01經營/行政/總務,010101,經營管理主管,具備政策制定、高階領導與資源整合能力，熟悉任務推動與績效管理，適合擔任經營管理主管，從事企業營運規劃、策略擬定與決策執行等工作。,,
,,,22其他職類,220106,顧問,具備策略規劃、團隊領導、資源整合與危機應處能力，熟悉問題評斷與跨域協調，適合擔任企業顧問，提供營運策略諮詢及襄理重大專案工作。,,
,,,01經營/行政/總務,010201,主管特別助理,具備政策規劃、跨單位協調與決策支援分析等相關實務經驗，熟悉組織運作流程、保密規範與高層決策支援，適合擔任主管特別助理，從事決策諮詢與資源整合等工作。,,
特種情報督導官,2B11,1.情資策略規劃與制度治理1.1規劃並建立資訊蒐集與分析制度，確保組織資訊作業方向與品質。1.2制定作業政策與流程標準，統籌高敏感資訊作業之整體運作。2.技術發展與跨部門整合2.1推動專業分析技術與方法之研究與發展，提升資訊分析能力。2.2協調跨部門資源與專業合作，建立並管理相關專業單位運作。3.高階分析與人才培育3.1進行環境情勢與風險研判，提供策略決策建議。3.2規劃並推動專業培訓與教育課程，建立組織長期能力發展機制。,02業務/貿易/銷售,020101,業務主管,具備任務方向規劃、專業技術發展、跨部門協調整合與組織建置推動等相關實務經驗，熟悉制度化策略規劃流程與績效管理機制，適合擔任業務主管；從事市場開發規劃、團隊管理統籌及跨部門協調等工作。,,
,,,21行銷/企劃/專案,210101,行銷企劃部門主管,具備資訊整合分析、政策規劃設計與跨單位協調等相關實務經驗，熟悉策略規劃與績效管理，適合擔任行銷企劃部門主管；從事市場競爭分析、品牌策略規劃與部門績效考核等工作。,,
,,,21行銷/企劃/專案,210301,專案管理主管,具備跨部門協調、專案規劃與進度控管等相關實務經驗，熟悉組織決策流程、資源配置與風險管控，適合擔任專案管理主管，從事專案整體規劃、跨單位協調與專案成效督導等工作。,,建議取得「國際專案管理師（PMP）認證」等相關證照
,,,01經營/行政/總務,010101,經營管理主管,具備政策制定、高階領導與資源整合能力，熟悉任務推動與績效管理，適合擔任經營管理主管，從事企業營運規劃、策略擬定與決策執行等工作。,,
,,,22其他職類,220106,顧問,具備策略規劃、團隊領導、資源整合與危機應處能力，熟悉問題評斷與跨域協調，適合擔任企業顧問，提供營運策略諮詢及襄理重大專案工作。,,
,,,01經營/行政/總務,010201,主管特別助理,具備政策規劃、跨單位協調與決策支援分析等相關實務經驗，熟悉組織運作流程、保密規範與高層決策支援，適合擔任主管特別助理，從事決策諮詢與資源整合等工作。,,
,,,22其他職類,220104,私家偵探(徵信員),具備情報蒐集、現地調查等相關實務經驗，熟悉保密作業流程、與狀況處理回報，適合擔任私家偵探(徵信員)；從事背景調查、資料蒐證等工作。,,
特種電訊督導官,2B21,1.訊號監測與資料分析管理1.1規劃與管理訊號資料蒐集與監測流程，確保資料品質與系統穩定。1.2整合監測資料並提供技術分析，支援組織決策與技術應用。2.技術系統維運與設備管理2.1管理電子監測設備之維護、檢查與運作，確保系統可靠性。2.2建立設備保養與資源管理制度，維持長期運作效能。3.專業培訓與作業協調3.1規劃並執行技術培訓與能力發展計畫，提升團隊專業能力。3.2協調跨單位技術合作與作業流程，確保任務執行順暢。,07工程/研發/生技,070109,通訊系統工程師,具備通訊系統運作監督、設備維護管理、技術作業檢查與效能穩定控管等相關實務經驗，熟悉系統運作架構與技術管理流程，適合擔任通訊系統工程師，從事通訊架構規劃設計、系統建置整合、設備維護管理與效能監測優化等工作。,,建議取得國家通訊傳播委員會「通信技術（電信線路）技術士證」等相關證照
,,,07工程/研發/生技,070110,RF通訊工程師,具備射頻訊號監測分析、通訊設備效能控管、系統參數設定管理與技術作業督導等相關實務經驗，熟悉射頻系統運作架構與技術分析流程，適合擔任RF通訊工程師，從事射頻訊號測試分析、電路性能驗證、系統參數調校與通訊設備整合優化等工作。,,建議取得經濟部「天線設計工程師能力鑑定證書」等相關證照
,,,08資訊/軟體/系統,080104,網路安全工程師,具備系統運作監督、技術作業檢查、異常風險辨識與設備維護管理等相關實務經驗，熟悉系統安全管理架構與風險控管流程，適合擔任網路安全工程師，從事網路安全監控、資安事件分析與防護機制建置等工作。,,建議取得經濟部「資訊安全工程師能力鑑定證書」或「ISO/IEC27001」等相關證照
,,,08資訊/軟體/系統,080309,網路管理工程師,具備通訊系統運作監督、設備維護檢查、作業流程控管與效能穩定管理等相關實務經驗，熟悉網路系統運作架構與維運管理流程，適合擔任網路管理工程師，從事網路設備管理、系統效能監控與故障排除等工作。,,建議取得「CiscoCertifiedNetworkAssociate(CCNA)」等相關證照
,,,21行銷/企劃/專案,210302,營運管理師／系統整合／ERP專案師,具備系統運作監督、作業流程控管、設備維護統籌與跨單位協調管理等相關實務經驗，熟悉營運流程架構與系統整合管理機制，適合擔任營運管理師/系統整合/ERP專案師等相關職務，從事營運流程優化規劃、資訊系統整合導入、專案進度控管與資源配置管理等工作。,,建議取得經濟部核發之「營運智慧分析師能力鑑定證書」等相關證照
特種影像督導官,2B51,1.影像資料分析與資訊整合1.1蒐集並處理影像資料，建立完整影像分析與資料管理流程。1.2整合影像資訊與其他資料來源，提供情勢研判與決策支援。2.空間資訊與技術系統管理2.1管理影像設備與相關技術資源，確保影像系統穩定與運作效率。2.2建立影像製圖與資料處理標準流程，提升資訊分析品質。3.專業培訓與能力建構3.1規劃並推動影像分析與空間資訊相關培訓，提升團隊專業能力。3.2協調跨單位資料與技術資源，促進影像資訊應用與知識傳承。,14教育/學術/研究,140301,物理天文研究人員,具備影像資料蒐集處理、圖像判讀分析、影像製圖管理與技術作業督導等相關實務經驗，熟悉影像分析流程與資料運用架構，適合擔任物理或天文研究人員，從事觀測影像資料分析、圖像判讀研究、資料處理建模與研究成果報告撰寫等工作。,,
,,,14教育/學術/研究,140303,地質及地球科學研究人員,具備影像資料蒐集處理、圖像判讀分析、影像製圖管理與技術作業督導等相關實務經驗，熟悉資料分析流程與影像運用架構，適合擔任地質及地球科學研究人員；從事地形影像判讀分析、地表變化研究、資料整合建模與研究報告撰寫等工作。,,
,,,11營建/製圖/施作,100108,測量儀校技術人員,具備影像資料獲得處理、影像製圖管理、設備整備維護與作業品質控管等相關實務經驗，熟悉測繪作業流程與儀器管理架構，適合擔任測量儀校技術人員，從事現場測量作業、儀器操作校正、測量資料整理與測量報告編製等工作。,應取得勞動部「測量」技術士相關證照,
,,,10技術/維修/操作,100316,遙控無人機專業人員,具備影像資料獲得規劃、圖像判讀分析、影像製圖管理與器材運用維護等相關實務經驗，熟悉影像作業流程與設備管理機制，適合擔任遙控無人機專業人員，從事飛行任務規劃、空拍影像蒐集、設備操作維護與影像資料整理分析等工作。,應取得交通部民用航空局「遙控無人機操作證」等相關證照,
,,,13傳播/娛樂/藝術,130111,視聽工程類人員,具備影像處理、影像設備管理、技術整備控管與作業品質監督等相關實務經驗，熟悉影音系統運作架構與設備管理流程，適合擔任視聽工程類人員，從事影音設備安裝整合、系統運作維護、設備測試調校與作業品質控管等工作。,,
,,,05廣告/公關/設計,050312,多媒體/動畫設計人員,具備影像資料處理、視覺內容判讀與技術流程控管等相關實務經驗，熟悉影像製作流程，適合擔任多媒體/動畫設計人員，從事影像剪輯、動態內容製作與成品輸出管理等工作。,,建議取得勞動部「電腦軟體應用技術士證」等相關證照
偵聽錄音士,2B265,1.通訊訊號監測與資料蒐集1.1操作電子監測設備蒐集與記錄通訊訊號資料。1.2辨識與整理通訊內容資訊，提供後續分析基礎資料。2.技術設備安裝與操作支援2.1協助監測設備與測向系統之安裝與設定作業。2.2配合技術人員進行設備操作與測試，確保系統正常運作。3.設備維護與作業管理3.1執行設備保養與基本檢查作業，維持設備可靠性。3.2依作業規範管理設備使用與紀錄，確保作業流程穩定。,08資訊/軟體/系統,080303,系統操作人員,具備設備操作監控、訊號接收錄製、裝備架設協助與設備維護保養等相關實務經驗，熟悉系統操作流程與設備管理架構，適合擔任系統操作人員，從事系統即時監控、設備操作維護及異常狀況回報等工作。,,建議取得勞動部「電腦軟體應用技術士證」等相關證照
,,,13傳播/娛樂/藝術,130111,視聽工程類人員,具備音訊設備操作、錄音品質監控、設備保養維護等相關實務經驗，熟悉視聽設備作業流程、錄音作業規範與品質控管特性，適合擔任視聽工程類人員；從事錄音設備架設、音訊錄製與調整、設備維修保養等工作。,,
,,,13傳播/娛樂/藝術,130102,電台工作人員,具備音訊設備操作、訊號接收監控、錄音資料處理與設備維護管理等相關實務經驗，熟悉音訊播送流程與設備運作架構，適合擔任電台工作人員；從事錄音操作、音控管理、節目播送監控與設備維護保養等工作。,,
,,,10技術/維修/操作,100210,通訊產品維修人員,具備電子設備檢測維護等相關實務經驗，熟悉通訊設備維修流程、測試標準與作業安全規範，適合擔任通訊產品維修人員，從事通訊設備維修、功能測試校正、設備異常排除等工作。,,建議取得勞動部「數位電子」或「電器修護」技術士等相關證照
,,,10技術/維修/操作,100209,客服支援工程師,具備設備操作監控、訊號問題辨識、裝備架設協助與設備維護保養等相關實務經驗，熟悉技術支援流程與設備管理架構，適合擔任客服支援工程師，從事產品技術支援、故障排除處理、設備測試驗證與客戶問題回應等工作。,,建議取得勞動部「數位電子」或「電器修護」技術士等相關證照
,,,18保全/軍警消,180106,保全技術人員,具備監控設備操作、訊號監聽與判斷、設備日常保養等相關實務經驗，熟悉安全監控流程、設備管理制度與事件通報特性，適合擔任保全技術人員，從事監控系統操作、設備狀態檢查、異常事件通報等工作。,,建議取得勞動部「通信技術（電信線路）」技術士證等相關證照
特種電機修護士,2B275,1.設備維修與系統維護1.1執行電子與機電設備之維修、保養與檢查作業。1.2建立設備維護流程，確保設備長期穩定運作。2.故障診斷與技術處理2.1判斷設備異常與故障原因，執行零件更換與維修作業。2.2提供維修改善建議，提升設備運作效率與可靠性。3.設備管理與維運支援3.1管理設備維修紀錄與零件補給流程，確保維修資源充足。3.2協助優化設備維運策略，提升整體系統妥善率。,10技術/維修/操作,100102,電機技術人員,具備電機設備保養檢修等相關實務經驗，熟悉電機維修流程與作業安全規範，適合擔任電機技術人員，從事電機設備維修、保養檢查作業、設備異常排除等工作。,,建議取得勞動部「工業配線」或「儀表電子」技術士證等相關證照
,,,10技術/維修/操作,100210,通訊產品維修人員,具備電機設備保養檢修等相關實務經驗，熟悉電機維修流程與作業安全規範，適合擔任通訊產品維修人員，從事通訊設備修護、功能測試校正、故障排除作業等工作。,,建議取得勞動部「數位電子」或「電器修護」技術士等相關證照
,,,10技術/維修/操作,100208,電子設備裝修技術員,具備電機設備保養檢修等相關實務經驗，熟悉電機維修流程與作業安全規範，適合擔任電子設備裝修技術員，從事設備檢修、零件更換或設備測試等工作。,,建議取得勞動部「工業電子」或「儀表電子技術士」等相關證照
,,,09品管/製造/環衛,090104,測試校正人員,具備具備電機設備功能測試、保養檢修、校準等相關實務，熟悉測試校正流程，適合擔任測試校正人員；從事設備校準、測試數據紀錄、校正品質控管等工作。,,
照(影相情報督導,官2D11,1.影像資料分析與判讀1.1蒐集與分析影像資料，辨識地理特徵並建立影像資訊資料庫。1.2整合影像資料與地圖資訊，提供情勢分析與決策支援。2.空間資訊與影像技術管理2.1建立影像處理與製圖標準流程，確保資料品質與分析一致性。2.2管理影像設備與相關技術資源，提升影像資料應用效率。3.技術規劃與專業培訓3.1規劃影像分析與空間資訊技術之應用發展與作業策略。3.2指導團隊影像分析與製圖能力，建立專業技術傳承與培訓制度。,14教育/學術/研究,140301,物理天文研究人員,具備影像資料蒐集處理、圖像判讀分析、影像製圖管理與技術作業督導等相關實務經驗，熟悉影像分析流程與資料運用架構，適合擔任物理或天文研究人員，從事觀測影像資料分析、圖像判讀研究、資料處理建模與研究成果報告撰寫等工作。,,
,,,14教育/學術/研究,140303,地質及地球科學研究人員,具備影像資料蒐集處理、圖像判讀分析、影像製圖管理與技術作業督導等相關實務經驗，熟悉資料分析流程與影像運用架構，適合擔任地質及地球科學研究人員；從事地形影像判讀分析、地表變化研究、資料整合建模與研究報告撰寫等工作。,,
,,,11營建/製圖/施作,100108,測量儀校技術人員,具備影像資料獲得處理、影像製圖管理、設備整備維護與作業品質控管等相關實務經驗，熟悉測繪作業流程與儀器管理架構，適合擔任測量儀校技術人員，從事現場測量作業、儀器操作校正、測量資料整理與測量報告編製等工作。,,建議取得勞動部「測量」技術士相關證照
,,,10技術/維修/操作,100316,遙控無人機專業人員,具備影像資料獲得規劃、圖像判讀分析、影像製圖管理與器材運用維護等相關實務經驗，熟悉影像作業流程與設備管理機制，適合擔任遙控無人機專業人員，從事飛行任務規劃、空拍影像蒐集、設備操作維護與影像資料整理分析等工作。,應取得交通部民用航空局「遙控無人機操作證」等相關證照,
,,,13傳播/娛樂/藝術,130111,視聽工程類人員,具備影像資料處理、影像設備管理、技術整備控管與作業品質監督等相關實務經驗，熟悉影音系統運作架構與設備管理流程，適合擔任視聽工程類人員，從事影音設備安裝整合、系統運作維護、設備測試調校與作業品質控管等工作。,,
,,,05廣告/公關/設計,050312,多媒體/動畫設計人員,具備影像資料處理、視覺內容判讀與技術流程控管等相關實務經驗，熟悉影像製作流程，適合擔任多媒體/動畫設計人員，從事影像剪輯、動態內容製作與成品輸出管理等工作。,,建議取得勞動部「電腦軟體應用技術士證」等相關證照
照相兵,2D011,1.影像處理與製作作業1.1執行影像沖洗、顯影與後製處理作業，確保影像品質與呈現效果。1.2進行照片與底片之輸出、複製與整理，建立完整影像資料成果。2.視覺資料製作與整合2.1運用影像製作工具進行圖像整理與版面處理。2.2協助製作影像資料與視覺呈現內容，提升資料可視化效果。,05廣告/公關/設計,050312,多媒體／動畫設計人員,具備影像資料處理、視覺內容判讀與技術流程控管等相關實務經驗，熟悉影像製作流程，適合擔任多媒體/動畫設計人員，從事影像剪輯、動態內容製作與成品輸出管理等工作。,,建議取得勞動部「電腦軟體應用技術士證」等相關證照
,,,05廣告/公關/設計,050301,美術、商業設計師,具備影像沖洗處理、照片印晒複製與圖像修整等相關實務經驗，熟悉影像製作流程、輸出品質控管與視覺呈現管理特性，適合擔任美術、商業設計師，從事視覺設計製作、影像編修與商業宣傳素材設計等工作。,,建議取得平面設計軟體應用（Photoshop、Illustrator）相關證照
,,,12新聞/出版/印刷,120203,編輯,具備影像素材篩選、內容編排整理、檔案建檔等相關實務經驗，熟悉內容製作流程、版本管理與交件審核，適合擔任編輯，從事影像與文字素材整理、內容編排、成果交付等工作。,,建議取得勞動部「電腦軟體應用技術士證」等相關證照
,,,08資訊/軟體/系統,080303,系統操作人員,具備大量資料處理、系統建檔存管等相關實務經驗，熟悉影像系統操作流程，適合擔任系統操作人員，從事資料上傳建檔、系統操作、狀態監控與異常回報等工作。,,建議取得勞動部「電腦軟體應用技術士證」等相關證照
,,,10技術/維修/操作,100316,遙控無人機專業人員,具備影像判讀製圖與圖資整合等相關實務經驗，熟悉空拍影像處理流程與圖資運用架構；適合擔任遙控無人機專業人員，從事航拍影像取得、影像整理後製、成果交付等工作。,應取得交通部民用航空局「遙控無人機操作證」等相關證照,
照相士,2D015,1.攝影與影像紀錄作業1.1執行人物、活動與場景等攝影任務，完成影像紀錄與素材蒐集。1.2依任務需求規劃拍攝內容，確保影像資料完整與可用性。2.影像處理與後製作業2.1執行影像沖洗與暗室處理流程，確保影像品質與成像效果。2.2進行影像後製、照片輸出與影像優化處理。3.影像資料管理與視覺製作3.1管理照片與影像資料，建立影像檔案與素材管理制度。3.2製作影像拼接與圖像資料整理，提升視覺資料呈現效果。,05廣告/公關/設計,050312,多媒體／動畫設計人員,具備影像資料處理、視覺內容判讀與技術流程控管等相關實務經驗，熟悉影像製作流程，適合擔任多媒體/動畫設計人員，從事影像剪輯、動態內容製作與成品輸出管理等工作。,,建議取得勞動部「電腦軟體應用技術士證」等相關證照
,,,05廣告/公關/設計,050301,美術、商業設計師,具備影像沖洗處理、照片印晒複製與圖像修整等相關實務經驗，熟悉影像製作流程、輸出品質控管與視覺呈現管理特性，適合擔任美術、商業設計師，從事視覺設計製作、影像編修與商業宣傳素材設計等工作。,,建議取得平面設計軟體應用（Photoshop、Illustrator）相關證照
,,,12新聞/出版/印刷,120203,編輯,具備影像素材篩選、內容編排整理、檔案建檔等相關實務經驗，熟悉內容製作流程、版本管理與交件審核，適合擔任編輯，從事影像與文字素材整理、內容編排、成果交付等工作。,,建議取得勞動部「電腦軟體應用技術士證」等相關證照
,,,08資訊/軟體/系統,080303,系統操作人員,具備大量資料處理、系統建檔存管等相關實務經驗，熟悉影像系統操作流程，適合擔任系統操作人員，從事資料上傳建檔、系統操作、狀態監控與異常回報等工作。,,建議取得勞動部「電腦軟體應用技術士證」等相關證照
,,,10技術/維修/操作,100316,遙控無人機專業人員,具備影像判讀製圖與圖資整合等相關實務經驗，熟悉空拍影像處理流程與圖資運用架構；適合擔任遙控無人機專業人員，從事航拍影像取得、影像整理後製、成果交付等工作。,應取得交通部民用航空局「遙控無人機操作證」等相關證照,
,,,08資訊/軟體/系統,080105,資訊助理員,具備數位檔案管理、資料整理備份、設備操作支援等相關實務經驗，熟悉資訊作業流程、資料管理制度與資安規範特性，適合擔任資訊助理員，從事資料整理建檔、設備與系統支援、檔案管理等工作。,,建議取得勞動部「電腦軟體應用技術士證」等相關證照
照相判讀兵,2D112,1.空間影像分析1.1分析空中影像與地圖資料，辨識地形與空間環境特徵。1.2整合影像與地理資訊資料，提供空間分析與判讀結果。2.影像判讀設備操作2.1操作影像判讀與測量設備（如立體鏡與測量工具）進行影像分析。2.2使用放大與繪圖工具進行影像觀測與資料判讀作業。3.空間資料管理3.1建立與維護空中影像、地圖與判讀資料之檔案管理制度。3.2管理影像判讀設備與資料資源，確保資料完整與可追溯。,05廣告/公關/設計,050312,多媒體／動畫設計人員,具備影像資料處理、視覺內容判讀與技術流程控管等相關實務經驗，熟悉影像製作流程，適合擔任多媒體/動畫設計人員，從事影像剪輯、動態內容製作與成品輸出管理等工作。,,建議取得勞動部「電腦軟體應用技術士證」等相關證照
,,,05廣告/公關/設計,050301,美術、商業設計師,具備影像沖洗處理、照片印晒複製與圖像修整等相關實務經驗，熟悉影像製作流程、輸出品質控管與視覺呈現管理特性，適合擔任美術、商業設計師，從事視覺設計製作、影像編修與商業宣傳素材設計等工作。,,建議取得平面設計軟體應用（Photoshop、Illustrator）相關證照
,,,12新聞/出版/印刷,120203,編輯,具備影像素材篩選、內容編排整理、檔案建檔等相關實務經驗，熟悉內容製作流程、版本管理與交件審核，適合擔任編輯，從事影像與文字素材整理、內容編排、成果交付等工作。,,建議取得勞動部「電腦軟體應用技術士證」等相關證照
,,,08資訊/軟體/系統,080303,系統操作人員,具備大量資料處理、系統建檔存管等相關實務經驗，熟悉影像系統操作流程，適合擔任系統操作人員，從事資料上傳建檔、系統操作、狀態監控與異常回報等工作。,,建議取得勞動部「電腦軟體應用技術士證」等相關證照
,,,10技術/維修/操作,100316,遙控無人機專業人員,具備影像判讀製圖與圖資整合等相關實務經驗，熟悉空拍影像處理流程與圖資運用架構；適合擔任遙控無人機專業人員，從事航拍影像取得、影像整理後製、成果交付等工作。,應取得交通部民用航空局「遙控無人機操作證」等相關證照,
照相判讀士,2D115,1.空間影像分析與判讀1.1分析空中影像與地圖資料，辨識地形與空間環境特徵。1.2將影像分析成果轉化為決策或作業參考資訊。2.地理資訊與影像資料處理2.1執行影像標定、索引整理與資料編列，建立完整影像資料系統。2.2進行數位影像整理與資料化管理，提升資料可運用性。3.技術管理與專業培訓3.1管理影像判讀設備與相關技術資源，確保設備與資料完整。3.2規劃並執行影像判讀相關訓練，提升團隊分析能力。,05廣告/公關/設計,050312,多媒體／動畫設計人員,具備影像資料處理、視覺內容判讀與技術流程控管等相關實務經驗，熟悉影像製作流程，適合擔任多媒體/動畫設計人員，從事影像剪輯、動態內容製作與成品輸出管理等工作。,,建議取得勞動部「電腦軟體應用技術士證」等相關證照
,,,05廣告/公關/設計,050301,美術、商業設計師,具備影像沖洗處理、照片印晒複製與圖像修整等相關實務經驗，熟悉影像製作流程、輸出品質控管與視覺呈現管理特性，適合擔任美術、商業設計師，從事視覺設計製作、影像編修與商業宣傳素材設計等工作。,,建議取得視覺設計應用軟體（Photoshop、Illustrator）相關證照
,,,12新聞/出版/印刷,120203,編輯,具備影像素材篩選、內容編排整理、檔案建檔等相關實務經驗，熟悉內容製作流程、版本管理與交件審核，適合擔任編輯，從事影像與文字素材整理、內容編排、成果交付等工作。,,建議取得勞動部「電腦軟體應用技術士證」等相關證照
,,,08資訊/軟體/系統,080303,系統操作人員,具備大量資料處理、系統建檔存管等相關實務經驗，熟悉影像系統操作流程，適合擔任系統操作人員，從事資料上傳建檔、系統操作、狀態監控與異常回報等工作。,,建議取得勞動部「電腦軟體應用技術士證」等相關證照
,,,10技術/維修/操作,100316,遙控無人機專業人員,具備影像判讀製圖與圖資整合等相關實務經驗，熟悉空拍影像處理流程與圖資運用架構；適合擔任遙控無人機專業人員，從事航拍影像取得、影像整理後製、成果交付等工作。,應取得交通部民用航空局「遙控無人機操作證」等相關證照,
,,,08資訊/軟體/系統,080105,資訊助理員,具備數位檔案管理、資料整理備份、設備操作支援等相關實務經驗，熟悉資訊作業流程、資料管理制度與資安規範特性，適合擔任資訊助理員，從事資料整理建檔、設備與系統支援、檔案管理等工作。,,建議取得勞動部「電腦軟體應用技術士證」等相關證照
製圖兵,2D212,1.影像鑲嵌與圖資整合製作1.1進行多張影像之拼接、校正與整合，形成完整圖資。1.2依需求完成圖像編排與輸出，提升資料可讀性。2.視覺化呈現與模型製作支援2.1製作空間或地形模型，協助說明分析重點。2.2運用視覺設計概念強化成果呈現效果。,12新聞/出版/印刷,100105,印刷及排版技術人員,具備圖像拼接處理、版面編排製作、模型呈現作業與視覺比例設計等相關實務經驗，熟悉印刷排版流程與圖文整合架構，適合擔任印刷及排版技術人員；從事版面排版設計、圖文整合處理、印刷輸出製作與模型成品呈現等工作。,,
,,,05廣告/公關/設計,050301,美術、商業設計師,具備空照影像整合處理、圖資校對交付與數位影像修整等相關實務經驗，熟悉視覺設計流程與圖文整合架構，適合擔任美術、商業設計師，從事視覺設計製作、影像編修與商業宣傳素材設計等工作。,,建議取得視覺設計應用軟體（Photoshop、Illustrator）相關證照
,,,08資訊/軟體/系統,080303,系統操作人員,具備圖資建檔管理、系統操作與資料更新、成果交付等相關實務經驗，熟悉系統操作流程、資料交接制度與作業紀律管理特性，適合擔任系統操作人員，從事圖資建檔、系統操作、狀態監控與異常回報等工作。,,建議取得勞動部「電腦軟體應用技術士證」等相關證照
,,,08資訊/軟體/系統,080105,資訊助理員,具備圖資建檔管理、資料整理備份、設備操作支援等相關實務經驗，熟悉資訊作業流程、資料管理制度與資安規範特性，適合擔任資訊助理員，從事資料整理建檔、設備與系統支援、檔案管理等工作。,,建議取得勞動部「電腦軟體應用技術士證」等相關證照
,,,10技術/維修/操作,100316,遙控無人機專業人員,具備航拍影像整理、圖資合成處理、前後影像比對等相關實務經驗，熟悉無人機作業流程、影像交付規範與安全管理特性，適合擔任遙控無人機專業人員，從事航拍影像後製、圖資處理、成果交付等工作。,應取得交通部民用航空局「遙控無人機操作證」等相關證照,
製圖士,2D215,1.空照影像整合與圖資製作1.1進行空照影像之拼接、校正與整合，形成可用圖資。1.2執行影像修整與輸出作業，確保圖像品質與一致性。2.地圖、航空圖表與目標圖製作2.1繪製地圖與航空相關圖表，支援分析與作業需求。2.2製作目標型或示意圖，清楚呈現重點資訊。3.圖資整理、校對與流程配合3.1整理與校對圖資內容，確保資料正確性。3.2配合分析或規劃單位需求進行圖面修訂。,12新聞/出版/印刷,100105,印刷及排版技術人員,具備圖像拼接處理、版面編排製作、模型呈現作業與視覺比例設計等相關實務經驗，熟悉印刷排版流程與圖文整合架構，適合擔任印刷及排版技術人員；從事版面排版設計、圖文整合處理、印刷輸出製作與模型成品呈現等工作。,,
,,,05廣告/公關/設計,050301,美術、商業設計師,具備空照影像整合處理、圖資校對交付與數位影像修整等相關實務經驗，熟悉視覺設計流程與圖文整合架構，適合擔任美術、商業設計師，從事視覺設計製作、影像編修與商業宣傳素材設計等工作。,,建議取得視覺設計應用軟體（Photoshop、Illustrator）相關證照
,,,08資訊/軟體/系統,080303,系統操作人員,具備圖資建檔管理、系統操作與資料更新、成果交付等相關實務經驗，熟悉系統操作流程、資料交接制度與作業紀律管理特性，適合擔任系統操作人員，從事圖資建檔、系統操作、狀態監控與異常回報等工作。,,建議取得勞動部「電腦軟體應用技術士證」等相關證照
,,,08資訊/軟體/系統,080105,資訊助理員,具備圖資建檔管理、資料整理備份、設備操作支援等相關實務經驗，熟悉資訊作業流程、資料管理制度與資安規範特性，適合擔任資訊助理員，從事資料整理建檔、設備與系統支援、檔案管理等工作。,,建議取得勞動部「電腦軟體應用技術士證」等相關證照
,,,10技術/維修/操作,100316,遙控無人機專業人員,具備航拍影像整理、圖資合成處理、前後影像比對等相關實務經驗，熟悉無人機作業流程、影像交付規範與安全管理特性，適合擔任遙控無人機專業人員，從事航拍影像後製、圖資處理、成果交付等工作。,應取得交通部民用航空局「遙控無人機操作證」等相關證照,
外事連絡督導官,2.00E+11,1.國際溝通與會議支援1.1規劃並支援國際會議與高層會談之溝通流程。1.2提供口筆譯與文件協助，確保資訊準確傳遞。2.對外協調與關係管理2.1與外部國際夥伴進行協調與交涉，處理重要對外事務。2.2維護跨組織關係，確保合作順暢推進。3.禮賓規劃與作業督導3.1規劃並執行接待與禮賓作業，確保流程合規且得體。3.2督導所屬人員執行外事聯絡工作，維持作業品質一致性。,05廣告/公關/設計,050202,公關主管／發言人,具備涉外事務協調、禮賓接待規劃、跨文化溝通交涉與典禮儀程安排等相關實務經驗，熟悉對外溝通架構與公共關係管理流程，適合擔任公關主管/發言人；從事對外關係經營、媒體溝通協調、活動禮賓規劃與組織形象管理等工作。,,
,,,05廣告/公關/設計,050203,公關企劃人員,具備涉外聯絡協調、禮賓活動規劃、跨文化溝通交涉與會議支援統籌等相關實務經驗，熟悉對外溝通流程與活動執行管理架構，適合擔任公關企劃人員；從事活動企劃規劃、對外關係協調、溝通內容整合與現場執行管理等工作。,,
,,,01經營/行政/總務,010201,高階主管特別助理,具備高層行程規劃安排、涉外事務協調、禮賓細節控管與跨單位溝通統籌等相關實務經驗，熟悉決策支援架構與專案協調流程，適合擔任高階主管特別助理；從事主管行程規劃、專案推動協調、對外聯絡整合與會議籌備支援等工作。,,
,,,12新聞/出版/印刷,120104,翻譯,具備外語溝通聯絡、涉外文件處理、雙語表達轉換與會議支援統籌等相關實務經驗，熟悉跨文化溝通流程與語言運用架構，適合擔任翻譯；從事文件翻譯校對、會議口譯支援、雙語資料整理與溝通內容轉譯等工作。,,
,,,16旅遊/餐飲/休閒,160102,導遊,具備跨文化溝通與說明、外賓接待與行程引導、突發狀況應變等相關實務經驗，熟悉接待流程、行程控管制度與服務品質管理特性，適合擔任導遊，從事外賓導覽解說、行程執行、跨文化溝通協調等工作。,應取得交通部觀光署「導遊人員執業證書」,
,,,16旅遊/餐飲/休閒,160103,領隊,具備團體行程規劃與控管、對外聯絡協調、禮賓接待與臨場應變等相關實務經驗，熟悉團務作業流程、跨單位協調制度與風險控管特性，適合擔任領隊，從事團務統籌、外賓接待、跨文化溝通與協調等工作。,應取得交通部觀光署「領隊人員執業證書」,
,,,21行銷/企劃/專案,210304,專案管理師,具備專案規劃、進度追蹤與跨部門協調等相關實務經驗，熟悉專案管理流程、跨部門協調與執行管制管理特性，適合擔任專案管理師，從事專案進度控管、專案文件彙整與成果回報等工作。,,建議取得「國際專案管理師（PMP）認證」等相關證照
外事連絡士,2.00E+235,1.跨語言溝通與翻譯支援1.1提供口筆譯服務，確保跨語言資訊準確傳遞。1.2協助整理與翻譯文件，支援會議與正式往來。2.外事聯絡與接待協調2.1規劃並執行外賓接待與聯絡作業，確保流程順暢。2.2協助主管進行交涉與會議支援，維持良好對外互動。3.禮賓規劃與作業執行3.1提供接見儀節建議，確保禮賓作業符合規範。3.2推動並落實外事聯絡與禮賓工作，維持作業品質一致性。,05廣告/公關/設計,050203,公關企劃人員,具備涉外聯絡協調、禮賓活動規劃、跨文化溝通交涉與會議支援統籌等相關實務經驗，熟悉對外溝通流程與活動執行管理架構，適合擔任公關企劃人員；從事活動企劃規劃、對外關係協調、溝通內容整合與現場執行管理等工作。,,
,,,01經營/行政/總務,010201,高階主管特別助理,具備高層行程規劃安排、涉外事務協調、禮賓細節控管與跨單位溝通統籌等相關實務經驗，熟悉決策支援架構與專案協調流程，適合擔任高階主管特別助理；從事主管行程規劃、專案推動協調、對外聯絡整合與會議籌備支援等工作。,,
,,,12新聞/出版/印刷,120104,翻譯,具備外語溝通聯絡、涉外文件處理、雙語表達轉換與會議支援統籌等相關實務經驗，熟悉跨文化溝通流程與語言運用架構，適合擔任翻譯；從事文件翻譯校對、會議口譯支援、雙語資料整理與溝通內容轉譯等工作。,,
,,,01經營/行政/總務,010202,行政事務秘書,具備雙語口筆譯支援、涉外聯絡接待、會議安排協調與禮賓作業執行等相關實務經驗，熟悉行政支援流程與行程統籌管理架構，適合擔任行政事務秘書，從事文書資料處理、主管行程安排、會議紀錄整理與對外聯絡協調等工作。,,
,,,16旅遊/餐飲/休閒,160102,導遊,具備跨文化溝通與說明、外賓接待與行程引導、突發狀況應變等相關實務經驗，熟悉接待流程、行程控管制度與服務品質管理特性，適合擔任導遊，從事外賓導覽解說、行程執行、跨文化溝通協調等工作。,應取得交通部觀光署「導遊人員執業證書」,
,,,16旅遊/餐飲/休閒,160103,領隊,具備團體行程規劃與控管、對外聯絡協調、禮賓接待與臨場應變等相關實務，熟悉團務作業流程、跨單位協調制度與風險控管特性，適合擔任領隊，從事團務統籌、外賓接待、跨文化溝通與協調等工作。,應取得交通部觀光署「領隊人員執業證書」,
編譯督導官,2H21,1.專業文件翻譯與編譯1.1執行高專業度文件之中外文翻譯與編譯，確保語意一致與用語精確。1.2依內容性質進行結構調整與文字優化，提升文件可讀性與專業度。2.編輯流程規劃與品質控管2.1規劃並推動編譯作業流程，確保進度與品質符合要求。2.2督導文件內容一致性與術語標準化，維持出版品質。3.通譯支援與對外溝通3.1於正式場合提供即時通譯支援，協助跨語言溝通。3.2支援外賓接待與國際交流活動，確保資訊準確傳達。,12新聞/出版/印刷,120203,編輯,具備中外文件互譯編修、專業術語校訂、內容整合編輯與出版流程督導等相關實務經驗，熟悉內容製作架構與稿件品質管理流程，適合擔任編輯；從事稿件審校編修、內容整合編排、出版製作管理與文字品質把關等工作。,,
,,,21行銷/企劃/專案,210206,發行企劃／出版人員,具備中外內容編修整合、出版流程規劃推動、稿件品質審核與跨單位協調管理等相關實務經驗，熟悉出版運作架構與內容製作流程，適合擔任發行企劃或出版人員；從事出版主題規劃、內容資源整合、製作流程管理與發行執行統籌等工作。,,
,,,21行銷/企劃/專案,210304,專案管理師,具備編譯流程規劃推動、工作分配控管、品質審核管理與跨單位協調整合等相關實務經驗，熟悉專案管理架構與進度控管流程，適合擔任專案管理師，從事專案進度控管、專案文件彙整與成果回報等工作。,,建議取得「國際專案管理師（PMP）認證」等相關證照
,,,12新聞/出版/印刷,120104,翻譯,具備中外文件互譯、專業術語校訂、內容整合編修與正式場合通譯支援等相關實務經驗，熟悉語言轉換架構與文本品質管理流程，適合擔任翻譯，從事文件翻譯校對、會議口譯支援、雙語資料整理與專業內容轉譯等工作。,,
,,,05廣告/公關/設計,050203,公關企劃人員,具備出版品推廣、專業文字撰述與跨單位協調管理等相關實務經驗，熟悉活動企劃架構與內容製作流程，適合擔任公關(策展)企劃人員，從事活動主題規劃、內容素材整合、對外溝通協調與現場執行管理等工作。,,建議取得經濟部國際貿易署「會議展覽專業人員認證及格證書」等相關證照
,,,21行銷/企劃/專案,210202,網站行銷企劃,具備中外內容編修整合、出版規劃推動、專業文字撰述與品質審核管理等相關實務經驗，熟悉數位內容製作架構與行銷溝通流程，適合擔任網站行銷企劃，從事網站內容規劃、行銷文案撰寫、數位素材整合與成效追蹤分析等工作。,,
,,,21行銷/企劃/專案,210105,市場調查／市調分析,具備資料蒐集整理、交叉比對分析、趨勢研判與成果彙整等相關實務經驗，熟悉分析決策流程，適合擔任市場調查或市調分析，從事市場資料蒐整、產業趨勢分析、需求預測與分析報告撰寫等工作。,,
編譯兵,2H142,1.雙語文件翻譯與整理1.1協助執行中外文文件之翻譯、文字整理與版面調整，確保內容清楚、格式一致並符合內部規範。1.2依指示整理並分送完成之譯文與相關附件，支援內外部溝通及專案文件流轉。2.內容編輯與知識素材轉換2.1協助翻譯與整理與專業領域相關之書籍章節、教材與背景資料，將外文資料轉換為易於閱讀與教育訓練使用的內容。2.2依既有模板與編輯規範，協助修訂文字、標題與註解，使內容更符合目標讀者需求。3.術語標準化與資料彙整3.1參與彙整專有名詞與關鍵概念之標準譯法，協助建立與維護中外文術語表，確保文件用語一致。3.2協助整理翻譯參考資料與過往譯例，提供團隊在日後翻譯與編修時使用，提升工作效率與品質。,12新聞/出版/印刷,120104,中英翻譯,具備中外文互譯、資料繕寫整理、專業術語標準化與文件分送處理等相關實務經驗，熟悉文本轉換流程與用語校訂原則，適合擔任翻譯；從事文件翻譯校對、資料整理編修與專業內容轉譯等工作。,,
,,,21行銷/企劃/專案,210202,網站行銷企劃,具備中外文轉譯、資料整理編修、專業術語校訂與內容整合等相關實務經驗，熟悉內容製作流程與文字品質控管，適合擔任網站行銷企劃；從事網站內容規劃、行銷文案撰寫、數位素材整合與成效追蹤分析等工作。,,
,,,21行銷/企劃/專案,210103,行銷企劃人員,具備中外文轉譯、資料整理編修、專業術語校訂與內容整合等相關實務經驗，熟悉訊息表達流程與文字品質控管原則，適合擔任行銷企劃人員，從事行銷文案撰寫、活動內容規劃、素材整合製作與企劃執行管理等工作。,,建議取得經濟部「品牌企劃師能力鑑定證書」等相關證照
,,,12新聞/出版/印刷,120202,文字編輯校對人員,具備中外文轉譯、資料繕寫整理、專業術語校訂與文件編修等相關實務經驗，熟悉文本校對流程與用語標準原則，適合擔任文字編輯校對人員；從事稿件校對修訂、內容整理編排、用語審校與出版品質把關等工作。,,
,,,05廣告/公關/設計,050102,廣告公關文案撰稿員,具備中外文轉譯、資料整理編修、專業術語校訂與內容撰寫等相關實務經驗，熟悉訊息表達流程與文字品質控管原則，適合擔任廣告公關文案撰稿員；從事文案撰寫、宣傳內容設計、素材整合製作與品牌訊息傳達等工作。,,
編譯士,2H145,1.雙語文件翻譯與整理1.1協助執行中外文文件之翻譯、文字整理與版面調整，確保內容清楚、格式一致並符合內部規範。1.2依指示整理並分送完成之譯文與相關附件，支援內外部溝通及專案文件流轉。2.內容編輯與知識素材轉換2.1協助翻譯與整理與專業領域相關之書籍章節、教材與背景資料，將外文資料轉換為易於閱讀與教育訓練使用的內容。2.2依既有模板與編輯規範，協助修訂文字、標題與註解，使內容更符合目標讀者需求。3.術語標準化與資料彙整3.1參與彙整專有名詞與關鍵概念之標準譯法，協助建立與維護中外文術語表，確保文件用語一致。3.2協助整理翻譯參考資料與過往譯例，提供團隊在日後翻譯與編修時使用，提升工作效率與品質。,12新聞/出版/印刷,120203,編輯,具備中外文件互譯編修、專業術語校訂、內容整合編輯與出版流程督導等相關實務經驗，熟悉內容製作架構與稿件品質管理流程，適合擔任編輯；從事稿件審校編修、內容整合編排、出版製作管理與文字品質把關等工作。,,
,,,21行銷/企劃/專案,210206,發行企劃／出版人員,具備中外內容編修整合、出版流程規劃推動、稿件品質審核與跨單位協調管理等相關實務經驗，熟悉出版運作架構與內容製作流程，適合擔任發行企劃或出版人員；從事出版主題規劃、內容資源整合、製作流程管理與發行執行統籌等工作。,,
,,,21行銷/企劃/專案,210304,專案管理師,具備編譯流程規劃推動、工作分配控管、品質審核管理與跨單位協調整合等相關實務經驗，熟悉專案管理架構與進度控管流程，適合擔任專案管理師，從事專案進度控管、專案文件彙整與成果回報等工作。,,建議取得「國際專案管理師（PMP）認證」等相關證照
,,,12新聞/出版/印刷,120104,翻譯,具備中外文件互譯、專業術語校訂、內容整合編修與正式場合通譯支援等相關實務經驗，熟悉語言轉換架構與文本品質管理流程，適合擔任翻譯，從事文件翻譯校對、會議口譯支援、雙語資料整理與專業內容轉譯等工作。,,
,,,05廣告/公關/設計,050203,公關企劃人員,具備出版品推廣、專業文字撰述與跨單位協調管理等相關實務經驗，熟悉活動企劃架構與內容製作流程，適合擔任公關(策展)企劃人員，從事活動主題規劃、內容素材整合、對外溝通協調與現場執行管理等工作。,,建議取得經濟部國際貿易署「會議展覽專業人員認證及格證書」等相關證照
,,,21行銷/企劃/專案,210202,網站行銷企劃,具備中外內容編修整合、出版規劃推動、專業文字撰述與品質審核管理等相關實務經驗，熟悉數位內容製作架構與行銷溝通流程，適合擔任網站行銷企劃，從事網站內容規劃、行銷文案撰寫、數位素材整合與成效追蹤分析等工作。,,
,,,21行銷/企劃/專案,210105,市場調查／市調分析,具備資料蒐集整理、交叉比對分析、趨勢研判與成果彙整等相關實務經驗，熟悉分析決策流程，適合擔任市場調查或市調分析，從事市場資料蒐整、產業趨勢分析、需求預測與分析報告撰寫等工作。,,
氣象督導官,2C11,1.氣象研究與資料分析1.1督導並執行氣象與相關環境科學研究，建立分析模型與知識基礎。1.2整合多源資料進行分析，產出可供決策使用之研究成果。2.預報決策支援與資訊提供2.1分析氣象圖表與觀測資料，提供專業預報與建議。2.2將氣象資訊轉化為可行動的決策參考，支援組織規劃與行動。3.技術系統規劃與設備管理3.1規劃並管理氣象電子設備之採購、測試與維護，確保系統可靠。3.2督導技術標準與作業流程，維持設備與業務之長期穩定運作。,14教育/學術/研究,140302,氣象學研究人員,具備氣象資料分析研究、預報判讀整合、氣象圖表編製與技術作業督導等相關實務經驗，熟悉氣象分析流程與研究運作架構，適合擔任氣象學研究人員；從事氣象資料分析、預報模型研析、氣象圖表編製與研究成果彙整等工作。,,
,,,14教育/學術/研究,140201,教授／副教授／助理教授,具備氣象資料分析研究、預報判讀整合、氣象圖表編製與業務規劃督導等相關實務經驗，熟悉研究發展流程與專業教學架構，適合擔任教授/副教授/助理教授，從事氣象學術研究、課程教學指導、研究計畫規劃與成果發表等工作。,應取得教育部教授/副教授/助理教授資格,
,,,21行銷/企劃/專案,210304,專案管理師,具備業務計畫擬定、氣象技術整合、圖表分析編製與資源統籌管控等相關實務經驗，熟悉專案規劃流程與進度控管機制，適合擔任專案管理師，從事專案規劃執行、時程與資源管理、跨單位協調與成果彙整等工作。,,建議取得「國際專案管理師（PMP）認證」等相關證照
,,,21行銷/企劃/專案,210305,企業永續發展人員,具備氣象資料分析研究、趨勢判讀整合、圖表編製與業務規劃推動等相關實務經驗，熟悉環境風險評估流程與策略規劃架構，適合擔任企業永續發展人員，從事氣候風險分析、環境數據整合、永續策略規劃與報告編製等工作。,,建議取得經濟部「淨零碳規劃管理師」能力鑑定證書
砲兵彈道督導官,2C15,1.監測站建置與現地管理1.1規劃並設置環境監測站，確保設備與作業條件符合需求。1.2管理現地作業環境，維持觀測流程順暢。2.環境數據蒐集與報告支援2.1蒐集並整理觀測數據，產出專業技術報告。2.2提供特定用途之分析結果，支援相關作業決策。3.作業督導與人員訓練3.1督導團隊執行觀測與作業流程，確保品質一致。3.2規劃並執行人員訓練，提升整體作業能力。,10技術/維修/操作,100102,電機技術人員,具備觀測設備設置、電子儀器操作、氣象數據判讀與設備維護等相關實務經驗，熟悉電機設備運作原理與檢測流程，適合擔任電機技術人員，從事電機設備安裝維護、儀器檢測校驗、故障排除與技術支援等工作。,,建議取得勞動部「工業配線」或「儀表電子」技術士證等相關證照
,,,10技術/維修/操作,100108,測量儀校技術人員,具備觀測站設置規劃、氣象數據蒐集判讀、量測設備督導與人員訓練等相關實務經驗，熟悉量測作業流程與數據品質控管原則，適合擔任測量儀校技術人員，從事現場測量作業、儀器校正維護、數據整理分析與測量報告編製等工作。,,建議取得勞動部「測量」技術士相關證照
,,,14教育/學術/研究,140302,氣象學研究人員,具備氣象觀測規劃設置、數據蒐集判讀、氣象報告編製與人員訓練等相關實務經驗，熟悉氣象分析流程與資料運用架構，適合擔任氣象學研究人員；從事氣象資料分析、預報模型研析、氣象圖表編製與研究成果整理等工作。,,
,,,21行銷/企劃/專案,210304,專案管理師,具備測站規劃設置、作業流程督導、氣象數據整合與人員訓練統籌等相關實務經驗，熟悉專案規劃流程與進度管控原則，適合擔任專案管理師，從事專案規劃執行、時程與資源管理、跨單位協調與成果彙整等工作。,,建議取得「國際專案管理師（PMP）認證」等相關證照
,,,10技術/維修/操作,100316,遙控無人機專業人員,具備觀測站選址設置、氣象數據蒐集判讀、環境條件評估與人員訓練等相關實務經驗，熟悉現場作業流程與環境風險判斷原則，適合擔任遙控無人機專業人員，從事飛行任務規劃、空域環境評估、影像資料蒐集與設備操作管理等工作。,應取得交通部民用航空局「遙控無人機操作證」等證照,
氣象指揮將官,DC30,1.專業團隊指揮與資源管理1.1指揮並管理專業團隊與技術資源，確保任務有效執行。1.2整合人力、裝備與支援資源，提升整體作業效能。2.氣象業務規劃與執行2.1規劃並督導各項氣象業務之執行，確保品質與時效。2.2依業務需求提供專業判斷，支援組織決策。3.技術問題解決與組織運作督導3.1分析並解決氣象技術或作業流程相關問題。3.2督導行政、訓練與後勤等作業，維持組織穩定運作。,14教育/學術/研究,140302,氣象學研究人員,具備氣象資料分析研究、預報判讀整合、氣象圖表編製與技術作業督導等相關實務經驗，熟悉氣象分析流程與研究運作架構，適合擔任氣象學研究人員；從事氣象資料分析、預報模型研析、氣象圖表編製與研究成果彙整等工作。,,
,,,14教育/學術/研究,140201,教授／副教授／助理教授,具備氣象資料分析研究、預報判讀整合、氣象圖表編製與業務規劃督導等相關實務經驗，熟悉研究發展流程與專業教學架構，適合擔任教授/副教授/助理教授，從事氣象學術研究、課程教學指導、研究計畫規劃與成果發表等工作。,應取得教育部教授/副教授/助理教授資格,
,,,21行銷/企劃/專案,210304,專案管理師,具備業務計畫擬定、氣象技術整合、圖表分析編製與資源統籌管控等相關實務經驗，熟悉專案規劃流程與進度控管機制，適合擔任專案管理師，從事專案規劃執行、時程與資源管理、跨單位協調與成果彙整等工作。,,建議取得「國際專案管理師（PMP）認證」等相關證照
,,,21行銷/企劃/專案,210305,企業永續發展人員,具備氣象資料分析研究、趨勢判讀整合、圖表編製與業務規劃推動等相關實務經驗，熟悉環境風險評估流程與策略規劃架構，適合擔任企業永續發展人員，從事氣候風險分析、環境數據整合、永續策略規劃與報告編製等工作。,,建議取得經濟部「淨零碳規劃管理師」能力鑑定證書
氣象兵,2C012,1.設備維護與現場支援1.1執行儀器之基本檢查與維護，確保設備穩定可用。1.2協助觀測現場之準備與整理，維持作業順暢。2.資料整理與圖表協助2.1分送並整理天氣報告與相關圖表。2.2協助製作與更新氣象圖表，支援值班作業。3.觀測作業協助與環境維護3.1協助高空風與探空觀測作業之準備與執行。3.2維持觀測場地整潔，確保作業環境符合標準。,10技術/維修/操作,100108,測量儀校技術人員,具備協助氣象器材操作、觀測數據判讀與儀器校準維護等相關實務經驗，熟悉測量流程、儀校標準與品質控管管理特性，適合擔任測量儀校技術人員，從事量測儀器校準、數據檢測與精度驗證等工作。,,建議取得勞動部「測量」技術士相關證照
,,,10技術/維修/操作,100102,電機技術人員,具備氣象儀器操作維護、故障查找排除、圖表分送整理與觀測支援等相關實務經驗，熟悉電機設備基本原理與維護流程，，適合擔任電機技術人員，從事設備安裝維護、系統故障排除與電機檢測等工作。,,建議取得勞動部「工業配線」或「儀表電子」技術士證等相關證照
,,,09品管/製造/環衛,090104,測試校正人員,具備氣象儀器操作維護、故障查找排除、觀測數據確認與圖表製作支援等相關實務經驗，熟悉測試校正流程與設備檢驗原則，適合擔任測試校正人員，從事儀器性能測試、校正驗證、數據記錄整理與設備維護等工作。,,建議取得經濟部「品質工程師認證」等證照
,,,10技術/維修/操作,100316,遙控無人機專業人員,具備協助氣象測報與即時判讀、風場與能見度評估、作業安全風險判斷等相關實務經驗，熟悉飛航氣象判斷流程、作業安全規範與風險控管管理特性，適合擔任遙控無人機專業人員，從事無人機飛行前氣象評估、任務飛行環境判斷、飛行安全支援與通報等工作。,應取得交通部民用航空局「遙控無人機操作證」等證照,
氣象士,2C015,1.氣象觀測與資料蒐集1.1進行現地觀測並蒐集多項氣象參數，確保資料完整與準確。1.2審查與記錄觀測結果，建立可追溯之資料基礎。2.資料分析與圖表產製2.1計算與分析氣象數據，產製圖表與圖解以支援判讀。2.2進行專用參數計算（如風速、風向、密度），提供專業報告。3.儀器管理與作業督導3.1裝設、檢查與維護觀測設備，確保系統穩定運作。3.2協調補給與作業流程，督導人員執行，維持作業效率。,10技術/維修/操作,100108,測量儀校技術人員,具備協助氣象器材操作、觀測數據判讀與儀器校準維護等相關實務經驗，熟悉測量流程、儀校標準與品質控管管理特性，適合擔任測量儀校技術人員，從事量測儀器校準、數據檢測與精度驗證等工作。,,建議取得勞動部「測量」技術士相關證照
,,,14教育/學術/研究,140302,氣象學研究人員,具備氣象資料分析研究、預報判讀整合、氣象圖表編製與技術作業督導等相關實務經驗，熟悉氣象分析流程與研究運作架構，適合擔任氣象學研究人員；從事氣象資料分析、預報模型研析、氣象圖表編製與研究成果彙整等工作。,,
,,,10技術/維修/操作,100102,電機技術人員,具備氣象儀器操作維護、故障查找排除、圖表分送整理與觀測支援等相關實務經驗，熟悉電機設備基本原理與維護流程，，適合擔任電機技術人員，從事設備安裝維護、系統故障排除與電機檢測等工作。,,建議取得勞動部「工業配線」或「儀表電子」技術士證等相關證照
,,,09品管/製造/環衛,090104,測試校正人員,具備氣象儀器操作維護、故障查找排除、觀測數據確認與圖表製作支援等相關實務經驗，熟悉測試校正流程與設備檢驗原則，適合擔任測試校正人員，從事儀器性能測試、校正驗證、數據記錄整理與設備維護等工作。,,建議取得經濟部「品質工程師認證」等證照
,,,10技術/維修/操作,100316,遙控無人機專業人員,具備協助氣象測報與即時判讀、風場與能見度評估、作業安全風險判斷等相關實務經驗，熟悉飛航氣象判斷流程、作業安全規範與風險控管管理特性，適合擔任遙控無人機專業人員，從事無人機飛行前氣象評估、任務飛行環境判斷、飛行安全支援與通報等工作。,應取得交通部民用航空局「遙控無人機操作證」等證照,
氣象設備修護士,2C145,1.設備安裝與預防維護1.1依規範執行設備安裝與初始檢查，確保系統可正常運作。1.2規劃並執行預防性保養，降低設備故障風險。2.故障檢測與修理作業2.1使用測試儀表進行設備檢測，判讀故障原因。2.2執行必要之修理與功能復原作業，確保設備性能。3.維修紀錄與品質控管3.1填寫並維護修護報告與維修紀錄，確保資料完整。3.2依紀錄追蹤設備狀態，支援後續維護與管理決策。,10技術/維修/操作,100203,精密儀器製造及修理技術人員,具備氣象設備裝置、預防維護、故障修理與維修紀錄管理等相關實務經驗，熟悉電子電路原理與測試儀表操作流程，適合擔任精密儀器製造工及修理技術人員，從事精密設備檢修、功能測試、故障排除與品質確認等工作。,,建議取得勞動部「工業電子」或「儀表電子」技術士等相關證照
,,,10技術/維修/操作,100208,電子設備裝修技術員,具備氣象設備裝置、預防維護、故障修理與維修紀錄管理等相關實務經驗，熟悉電子電路原理與測試儀表操作流程，適合擔任電子設備裝修技術員，從事電子設備維修、故障排除、設備安裝與測試等工作。,,建議取得勞動部「工業電子」或「儀表電子」技術士等相關證照
,,,10技術/維修/操作,100316,遙控無人機專業人員,具備設備裝置、預防維護、故障修理與維修紀錄管理等相關實務經驗，熟悉電子電路原理與檢測流程，適合擔任遙控無人機專業人員，從事無人機設備維護、系統檢測調校、故障排除與飛行前檢查等工作。,應取得交通部民用航空局「遙控無人機操作證」等證照,
,,,10技術/維修/操作,100108,測量儀校技術人員,具備設備裝置、預防維護、故障修理與測試儀表操作等相關實務經驗，熟悉儀器檢測流程與精度控制原則，適合擔任測量儀校技術人員，從事儀器校正測試、性能驗證、數據記錄整理與設備維護等工作。,,建議取得勞動部「測量」技術士相關證照
大氣海洋官,2G11,1.空間與環境資料蒐集執行1.1執行地理、海洋與水文等空間資料之實地量測作業。1.2蒐集氣象、水文、航海等環境數據，確保資料完整與可靠。1.3依作業需求進行資料整理與初步品質控管。2.資料分析與圖表成果產出2.1進行氣象、水文與測量資料之分析、推算與整合。2.2製作預報圖表、測量成果圖與分析報告，支援決策使用。2.3協助建立資料視覺化成果，以利跨單位理解與應用。3.作業規劃、管理與人員訓練3.1規劃氣象觀測、測量與海洋探測作業流程。3.2管理相關業務執行，並督導作業進度與品質。3.3執行人員訓練與作業指導，確保團隊作業能力穩定。,14教育/學術/研究,140302,氣象學研究人員,具備氣象與水文資料蒐集分析、預報圖表製作、觀測作業規劃與人員督導等相關實務經驗，熟悉氣象研究流程與資料研析架構，適合擔任氣象學研究人員；從事氣象資料分析、預報模型研析、圖表編製與研究成果彙整等工作。,,
,,,通俗職業未收錄依UCAN對應,,水下遙控無人載具作業主管,具備水下監測、聲納與定位技術，適合擔任至ROV作業主管，從事水下遙控無人載具任務規劃、操作與維護工作。,,建議參加海洋委員會國家海洋研究院「水下遙控載具機師培訓課」
,,,通俗職業未收錄依UCAN對應,,水文技術人員,具備水下聲波傳播、海流觀測與目標搜尋經驗，適合擔任水文技術人員，從事海洋環境觀測、潮汐與海流監測、水下聲學資料分析及水文測繪等相關工作。,,建議參加海洋委員會國家海洋研究院「水下噪音監測員培訓課」或「被動聲學監測員培訓課」
,,,14教育/學術/研究,140303,地質及地球科學研究人員,具備測量作業執行、氣象水文資料蒐集分析、空間圖資製作與觀測作業督導等相關實務經驗，熟悉地球科學資料研析流程與空間資訊運用原則，適合擔任地質及地球科學研究人員；從事地質資料分析、地形判讀研究、圖資建模與研究成果整理等工作。,,
,,,14教育/學術/研究,140201,教授／副教授／助理教授,具備氣象水文資料分析、測量作業規劃、預報圖表製作與人員督導等相關實務經驗，熟悉研究發展流程與專業教學架構，適合擔任教授、副教授或助理教授；從事學術研究、課程教學、研究計畫規劃與成果發表等工作。,,
,,,10技術/維修/操作,100108,測量儀校技術人員,具備海道與大地測量執行、氣象水文資料計算整理、圖資製作與觀測作業督導等相關實務經驗，熟悉測量作業流程與精度控管原則，適合擔任測量儀校技術人員，從事現場測量作業、儀器校正檢測、數據分析整理與測量報告編製等工作。,,建議取得勞動部「測量」技術士相關證照
,,,21行銷/企劃/專案,210304,專案管理師,具備測量觀測規劃、氣象水文資料整合、圖表製作與人員督導等相關實務經驗，熟悉專案規劃流程與進度控管原則，適合擔任專案管理師，從事專案規劃執行、時程與資源管理、跨單位協調與成果整合等工作。,,建議取得「國際專案管理師（PMP）認證」等相關證照
大氣海洋士,2G015,1.海道測量成果計算與資料處理1.1協助辦理各類海道測量成果之簡易計算工作，運用數學與對數等方法處理水深、座標與測線資料，整理成可供後續製圖與分析使用的數值成果。1.2熟練使用各種計算用表、對數表及計算機等工具，依作業規範核對與換算測量結果，減少人工計算誤差並提高成果資料之正確性與一致性。2.圖表調製、晒印與成果管理2.1負責將測量成果轉製為圖表，包含草圖整理、圖面描繪與版面配置等，熟悉晒圖（藍晒等）作業流程，製作正式成果圖與相關表冊。2.2辦理各種測量成果圖與表冊之晒印、編號與建檔，並依規定保管與歸檔，使海道測量成果能被有效追蹤、調閱與後續應用（如海圖修正或電子海圖建置）。,10技術/維修/操作,100316,遙控無人機專業人員,具備測量器材整備、現場作業指揮、成果資料整理與表冊編製等相關實務經驗，熟悉設備保管流程與外場作業原則，適合擔任遙控無人機專業人員，從事飛行任務支援、設備整備保管、影像資料整理與作業紀錄管理等工作。,應取得交通部民用航空局「遙控無人機操作證」等證照,
,,,通俗職業未收錄依UCAN對應,,水下遙控無人載具作業主管,具備水下監測、聲納與定位技術，適合擔任至ROV作業主管，從事水下遙控無人載具任務規劃、操作與維護工作。,,建議參加海洋委員會國家海洋研究院「水下遙控載具機師培訓課」
,,,通俗職業未收錄依UCAN對應,,水文技術人員,具備水下聲波傳播、海流觀測與目標搜尋經驗，適合擔任水文技術人員，從事海洋環境觀測、潮汐與海流監測、水下聲學資料分析及水文測繪等相關工作。,,建議參加海洋委員會國家海洋研究院「水下噪音監測員培訓課」或「被動聲學監測員培訓課」
,,,10技術/維修/操作,100108,測量儀校技術人員,具備測量儀器整置保管、現場支援作業、成果資料整理與表冊編製等相關實務經驗，熟悉測量作業流程與儀器操作原則，適合擔任測量儀校技術人員，從事現場測量、數據整理保管與測量報告編製等工作。,,建議取得勞動部「測量」技術士相關證照
,,,01經營/行政/總務,010302,行政總務人員,具備器材整置保管、成果資料整理、表冊編製與現場作業支援等相關實務經驗，熟悉行政流程與物資管理原則，適合擔任行政總務人員；從事行政庶務處理、物資設備管理、文件整理建檔與部門後勤支援等工作。,,
,,,12新聞/出版/印刷,100105,印刷及排版技術人員,具備調製晒印成果表冊，資料編號保管相關實務經驗，熟悉版面整理流程與成品管理原則，適合擔任印刷及排版技術人員；從事版面排版製作、印刷作業協助、稿件整理校對與成品管理等工作。,,
大氣海洋兵,2G012,1.測量作業現場支援1.1協助測量作業所需儀器與設備之搬運與現場配置。1.2支援測量標誌設置與相關輔助作業執行。2.儀器與成果資料管理協助2.1協助測量儀器與用具之整置、保管與基本維護。2.2協助管理測量成果、圖資與相關作業工具。3.圖資模型與基礎作業支援3.1協助地圖模型與視覺化成果之基礎製作作業。3.2支援測量成果整理與輔助展示需求。,10技術/維修/操作,100316,遙控無人機專業人員,具備測量器材整置搬運、現場作業支援、成果資料整理與表冊編製等相關實務經驗，熟悉設備保管流程與外場作業原則，適合擔任遙控無人機專業人員，從事飛行任務支援、設備整備保管、影像資料整理與作業紀錄管理等工作。,應取得交通部民用航空局「遙控無人機操作證」等證照,
,,,通俗職業未收錄依UCAN對應,,水下遙控無人載具作業主管,具備水下監測、聲納與定位技術，適合擔任至ROV作業主管，從事水下遙控無人載具任務規劃、操作與維護工作。,,建議參加海洋委員會國家海洋研究院「水下遙控載具機師培訓課」
,,,通俗職業未收錄依UCAN對應,,水文技術人員,具備水下聲波傳播、海流觀測與目標搜尋經驗，適合擔任水文技術人員，從事海洋環境觀測、潮汐與海流監測、水下聲學資料分析及水文測繪等相關工作。,,建議參加海洋委員會國家海洋研究院「水下噪音監測員培訓課」或「被動聲學監測員培訓課」
,,,10技術/維修/操作,100108,測量儀校技術人員,具備測量儀器整置保管、現場支援作業、成果資料整理與表冊編製等相關實務經驗，熟悉測量作業流程與儀器操作原則，適合擔任測量儀校技術人員，從事現場測量、數據整理保管與測量報告編製等工作。,,建議取得勞動部「測量」技術士相關證照
,,,01經營/行政/總務,010206,行政助理,具備成果資料整理、表冊編製、器材保管與作業支援等相關實務經驗，熟悉文件處理流程與資料管理原則，適合擔任行政助理；從事文書處理、資料建檔管理、會議支援與行政庶務協助等工作。,,
一般作戰將官,3A00,"1.策略擬定與政策推動
1.1制定組織層級的策略方針與作業規範並發佈落實。
1.2分析內外環境（風險、威脅、資源）以調整策略優先次序。
1.3監督政策執行成效並提出修正或優化建議。
2.資源整合與跨單位協調
2.1規劃並調度人力、資金與物資資源以滿足任務需求。
2.2建立跨單位協作機制，推動多單位共同專案或聯合行動。
2.3評估並優化資源分配，提高組織整體效能。
3.決策領導與危機指揮
3.1在重大事件或突發情境下進行快速判斷並下達指導方針。
3.2建立危機應變體系（流程、通報、責任歸屬）並演練驗證。",01經營/行政/總務,經營管理主管,010101,具備團隊領導、策略規劃與跨部門溝通等相關實務經驗，熟悉組織運作、決策流程與績效管理，適合擔任經營管理主管；從事組織營運規劃、資源整合與危機處理等工作。,,
,,,21行銷/企劃/專案,營運管理師/ERP專案師,210302,具備政策制定、高階領導與資源整合能力，適合擔任營運管理師/ERP專案師，從事營運流程優化、跨部門資源整合與績效追蹤等工作。,,建議取得經濟部產業發展署核發之「營運智慧分析師能力鑑定證書」等相關證照
,,,21行銷/企劃/專案,專案管理主管,210301,具備大型演訓計畫指導與統籌規劃實務經驗，適合擔任專案管理主管，從事企業專案推動、風險控管與目標達成等工作。,,建議取得「國際專案管理師（PMP）認證」等相關證照
,,,21行銷/企劃/專案,行銷企劃部門主管,210101,具備策略規劃、跨部門溝通及資源整合能力，熟悉計畫推動與管控，並能整合多元資訊形成行動方案，適合擔任行銷企劃主管，從事品牌策略擬定、活動規劃與跨部門整合等工作。,,建議取得經濟部iPAS「品牌企劃師能力鑑定證書」，「初階行銷企劃證照」
,,,22其他職類,顧問,220106,具備策略規劃、團隊領導、資源整合與危機應處能力，適合擔任企業顧問，提供營運策略諮詢及襄理重大專案工作。,,
,,,14教育/學術/研究,歷史／政治相關研究人員,140307,具備策略規劃及複雜情境下分析判斷實務經驗，熟悉國際關係、政策評估及研究流程，適合擔任歷史／政治相關研究人員；從事政策研究分析工作。,,
一般參謀督導官,3N53,"1.任務分析與決策支援
1.1解讀上層指令與任務企圖，轉化為可執行的行動方案。
1.2整合相關資料，進行情境分析並提出可行建議。
1.3以決策支援方式協助領導層掌握全局與指揮行動。
2.跨部門協調與建議提供
2.1蒐集並整合各單位意見，形成具體協調建議。
2.2與多方單位溝通，確保資源分配與行動一致。
2.3適時提交意見報告，幫助領導層下達明確決心。
3.計畫制定與執行督導
3.1擬定計畫或命令，明確定義任務與執行責任。
3.2協調各部門完成任務，監控進度與落實情況。
3.3評估成果並提出修正建議，確保任務圓滿完成。",01經營/行政/總務,經營管理主管,010101,具備團隊領導、策略規劃與跨部門溝通等相關實務經驗，熟悉組織運作、決策流程與績效管理，適合擔任經營管理主管；從事組織營運規劃、資源整合與危機處理等工作。,,
,,,21行銷/企劃/專案,專案管理主管,210301,具備大型演訓計畫指導與統籌規劃實務經驗，適合擔任專案管理主管，從事企業專案推動、風險控管與目標達成等工作。,,建議取得「國際專案管理師（PMP）認證」等相關證照
,,,21行銷/企劃/專案,行銷企劃部門主管,210101,具備策略規劃、跨部門溝通及資源整合能力，熟悉計畫推動與管控，並能整合多元資訊形成行動方案，適合擔任行銷企劃主管，從事品牌策略擬定、活動規劃與跨部門整合等工作。,,建議取得經濟部iPAS「品牌企劃師能力鑑定證書」，「初階行銷企劃證照」
,,,21行銷/企劃/專案,營運管理師/ERP專案師,210302,具備政策制定、計畫管制與資源整合能力，適合擔任營運管理師/ERP專案師，依職務需求，從事營運流程優化、跨部門資源整合與績效追蹤等工作。,,建議取得經濟部產業發展署核發之「營運智慧分析師能力鑑定證書」等相關證照
,,,21行銷/企劃/專案,企業永續發展人員,210305,具備政策制定、資料分析與協調整合能力，熟悉制度建置、績效管理與法規遵循，適合擔任企業永續發展人員，從事企業永續策略規劃、碳盤查與社會責任推動等工作。,,建議取得經濟部產業發展署「淨零碳規劃管理師」能力鑑定
,,,03人資/法務/智財,幹事,010104,具備行政管理、活動規劃及跨單位協調等實務經驗，熟悉章程研擬與總務管理，適合擔任法人團體幹事；從事活動規劃與會務推展工作。,,
,,,16旅遊/餐飲/休閒,導遊,160102,具備專案規劃、團隊溝通與突發狀況應變處置能力，適合擔任導遊，從事旅遊導覽、旅客接待與行程解說工作。,應取得交通部觀光署核發之「導遊人員執業證」,
,,,16旅遊/餐飲/休閒,領隊,160103,具備專案規劃、團隊溝通與突發狀況應變處置能力，適合擔任領隊，從事旅遊導覽、旅客接待與行程解說工作。,應取得交通部觀光署核發之「領隊人員執業證」,
作戰訓練督導官,3A11,"1.專案規劃與訓練設計
1.1擬定並執行專案計畫，確保符合組織目標。
1.2根據培訓需求設計教育方案，並監督執行與成效評估。
1.3規劃與審查新技術或系統需求，提出改善建議。
2.任務分工與執行監督
2.1根據管理階層的方針撰寫專案執行計畫，明確角色與責任。
2.2督導各單位依計畫落實，確保進度與品質達標。
2.3建立回饋與追蹤機制，持續修正偏差並提升效率。
3.跨部門協調與資訊整合
3.1擔任跨部門代表，協調不同單位的工作與資源。
3.2蒐集並共享關鍵資訊，確保專案資料即時透明。
3.3協助各部門達成共識，促進資源最佳化運用。",01經營/行政/總務,經營管理主管,010101,具備團隊領導、策略規劃與跨部門溝通等相關實務經驗，熟悉組織運作、決策流程與績效管理，適合擔任經營管理主管；從事組織營運規劃、資源整合與危機處理等工作。,,
,,,03人資/法務/智財,教育訓練人員,030104,因具備部隊訓練規劃、課程實施及參與鑑測之實務經驗，熟悉訓練規劃與評量流程，適合轉銜為教育訓練人員，從事企業內部課程開發規劃等人才培育相關工作。,,
,,,21行銷/企劃/專案,專案管理主管,210301,具備大型演訓計畫指導與統籌規劃實務經驗，適合擔任專案管理主管，從事企業專案推動、風險控管與目標達成等工作。,,建議取得「國際專案管理師（PMP）認證」等相關證照
,,,21行銷/企劃/專案,行銷企劃部門主管,210101,具備策略規劃、跨部門溝通及資源整合能力，熟悉計畫推動與管控，並能整合多元資訊形成行動方案，適合擔任行銷企劃主管，從事品牌策略擬定、活動規劃與跨部門整合等工作。,,建議取得經濟部iPAS「品牌企劃師能力鑑定證書」，「初階行銷企劃證照」
,,,21行銷/企劃/專案,營運管理師/ERP專案師,210302,具備政策制定、計畫管制與資源整合能力，適合擔任營運管理師/ERP專案師，從事營運流程優化、跨部門資源整合與績效追蹤等工作。,,建議取得經濟部產業發展署核發之「營運智慧分析師能力鑑定證書」等相關證照
,,,21行銷/企劃/專案,企業永續發展人員,210305,具備政策制定、資料分析與協調整合能力，適合擔任企業永續發展人員，從事企業永續策略規劃、碳盤查與社會責任推動等工作。,,建議取得經濟部產業發展署「淨零碳規劃管理師」能力鑑定
,,,03人資/法務/智財,幹事,010104,具備行政管理、活動規劃及跨單位協調等實務經驗，熟悉章程研擬與總務管理，適合擔任法人團體幹事；從事活動規劃與會務推展工作。,,
,,,16旅遊/餐飲/休閒,導遊,160102,具備職務養成之專案規劃、團隊溝通與突發狀況應變處置能力，適合擔任導遊，取得交通部觀光署核發之「導遊人員執業證」，從事旅遊導覽、旅客接待與行程解說工作。,,
,,,16旅遊/餐飲/休閒,領隊,160103,具備職務養成之專案規劃、團隊溝通與突發狀況應變處置能力，適合擔任領隊，取得交通部觀光署核發之「領隊人員執業證」，從事旅遊導覽、旅客接待與行程解說工作。,,
作戰士,3A014,"1.行政與專案協助
1.1協助主管處理專案相關業務，確保作業流程順暢。
1.2蒐集並整理專案資料，提供決策依據。
1.3支援會議與文件作業，確保紀錄與傳達無誤。
2.資訊分析與圖資處理
2.1熟悉組織架構與運作流程，協助進行任務分工。
2.2使用地圖或資訊系統進行圖資判讀與資料製作。
2.3建立與更新圖資資料庫，確保資訊正確性與即時性。
3.流程遵循與跨部門協作
3.1依照標準作業程序執行任務，確保合規與品質。
3.2與不同單位協作，完成跨部門任務需求。
3.3協助追蹤進度，確保專案或作業如期完成。",01經營/行政/總務,行政總務人員,010206,具備日常行政管理、公文寫作與資料彙整實務經驗，適合擔任行政總務人員，從事企業內部日常行政庶務相關工作。,,建議取得勞動部「電腦軟體應用技術士證」等相關證照
,,,21行銷/企劃/專案,活動企劃人員,210203,因職務歷練具備任務規劃、流程控管與跨單位溝通經驗，熟悉活動企畫及執行，適合轉銜為活動企劃人員，從事活動專案規劃、協調與現場管理等工作。,,建議取得經濟部產業發展署iPAS「品牌企劃師能力鑑定證書」
,,,21行銷/企劃/專案,行銷企劃人員,210103,因協助作戰官辦理作戰業務，熟悉任務規劃、流程控管與跨單位溝通，適合轉銜行銷企劃人員，從事品牌策略規劃與企劃推廣工作。,,建議取得經濟部產業發展署iPAS「品牌企劃師能力鑑定證書」
,,,03人資/法務/智財,教育訓練人員,030104,因具備部隊訓練規劃、課程實施及參與鑑測之實務經驗，熟悉訓練規劃與評量流程，適合轉銜為教育訓練人員，從事企業內部課程開發規劃等人才培育相關工作。,,
,,,03人資/法務/智財,幹事,010104,具備行政管理、活動規劃及跨單位協調等實務經驗，熟悉章程研擬與總務管理，適合擔任法人團體幹事；從事活動規劃與會務推展工作。,,
,,,16旅遊/餐飲/休閒,導遊,160102,具備職務養成之專案規劃、團隊溝通與突發狀況應變處置能力，適合擔任導遊，從事旅遊導覽、旅客接待與行程解說工作。,,建議取得交通部觀光署核發之「導遊人員執業證」
,,,16旅遊/餐飲/休閒,領隊,160103,具備職務養成之專案規劃、團隊溝通與突發狀況應變處置能力，適合擔任領隊，從事旅遊導覽、旅客接待與行程解說工作。,,建議取得交通部觀光署核發之「領隊人員執業證」
空業參謀官,3A14,"1.專案規劃與資源申請
1.1擬定專案或作業支援計畫，整合任務需求與資源限制。
1.2受理並審查任務申請，協助決定優先順序。
1.3彙整需求資料，提出具體建議供決策單位參考。
2.跨部門聯繫與協調
2.1督導派駐單位或窗口人員，確保任務申請與回覆流程順暢。
2.2與多部門保持密切聯繫，協調資源與作業排程。
2.3建立協作機制，確保不同單位間的資訊即時共享。
3.整合作業策劃與流程控管
3.1擬定並協調跨部門或跨系統的聯合作業計畫。
3.2追蹤任務執行狀況，確保各單位作業符合時程與標準。
3.3提供流程優化建議，提升整體作業協同效率。",21行銷/企劃/專案,行銷企劃人員,210103,具備職務養成之策略規劃、跨部門溝通及資源整合能力，熟悉計畫推動與管控，並能整合多元資訊形成行動方案，適合擔任行銷企劃人員，從事品牌策略擬定、活動規劃與跨部門整合等工作。,,建議取得經濟部產業發展署iPAS「品牌企劃師能力鑑定證書」
,,,21行銷/企劃/專案,活動企劃人員,210203,因職務歷練具備任務規劃、流程控管與跨單位溝通經驗，熟悉活動企畫及執行，適合擔任活動企劃人員，從事活動專案規劃、協調與現場管理等工作。,,建議取得經濟部產業發展署iPAS「品牌企劃師能力鑑定證書」
,,,21行銷/企劃/專案,營運管理師/ERP專案師,210302,具備職務養成之計畫擬訂、推動、管制與資源整合能力，適合擔任營運管理師/ERP專案師，從事營運流程優化、跨部門資源整合與績效追蹤等工作。,,建議取得經濟部產業發展署核發之「營運智慧分析師能力鑑定證書」等相關證照
,,,03人資/法務/智財,幹事,010104,具備行政管理、活動規劃及跨單位協調等實務經驗，熟悉章程研擬與總務管理，適合擔任法人團體幹事；從事活動規劃與會務推展工作。,,
,,,16旅遊/餐飲/休閒,導遊,160102,具備職務養成之專案規劃、團隊溝通與突發狀況應變處置能力，適合擔任導遊，從事旅遊導覽、旅客接待與行程解說工作。,,建議取得交通部觀光署核發之「導遊人員執業證」
,,,16旅遊/餐飲/休閒,領隊,160103,具備職務養成之專案規劃、團隊溝通與突發狀況應變處置能力，適合擔任領隊，從事旅遊導覽、旅客接待與行程解說工作。,,建議取得交通部觀光署核發之「領隊人員執業證」
空業士,3A114,"1.行政與專案協助
1.1作為專案或部門主管的主要助手，協助處理日常任務。
1.2編寫與整理各類申請表報，確保資料完整與正確。
1.3追蹤專案進度，提供行政支援以確保任務順利進行。
2.資源申請與流程作業
2.1協助受理與處理各層級的支援申請業務。
2.2檢核申請文件，確認資訊是否符合規範與流程。
2.3建立與維護申請紀錄，確保作業有跡可循。
3.通訊與跨單位聯繫
3.1擔任部門或專案之間的聯絡窗口，維持資訊即時傳遞。
3.2熟悉通信工具與聯絡流程，確保訊息正確無誤。
3.3協助跨單位協調與回報，支援日常作業需求。",01經營/行政/總務,行政總務人員,010206,具備日常行政管理、公文寫作與資料彙整實務經驗，適合擔任行政總務人員，從事企業內部日常行政庶務相關工作。,,建議取得勞動部「電腦軟體應用技術士證」等相關證照
,,,21行銷/企劃/專案,活動企劃人員,210203,因職務歷練具備任務規劃、流程控管與跨單位溝通經驗，熟悉活動企畫及執行，適合擔任活動企劃人員，從事活動專案規劃、協調與現場管理等工作。,,建議取得經濟部產業發展署iPAS「品牌企劃師能力鑑定證書」
,,,21行銷/企劃/專案,行銷企劃人員,210103,具備職務養成之策略規劃、跨部門溝通及資源整合能力，熟悉計畫推動與管控，並能整合多元資訊形成行動方案，適合擔任行銷企劃人員，從事品牌策略擬定、活動規劃與跨部門整合等工作。,,建議取得經濟部產業發展署iPAS「品牌企劃師能力鑑定證書」
,,,03人資/法務/智財,教育訓練人員,030104,因具備部隊訓練規劃、課程實施及參與鑑測之實務經驗，熟悉訓練規劃與評量流程，適合轉銜為教育訓練人員，從事企業內部課程開發規劃等人才培育相關工作。,,
,,,03人資/法務/智財,幹事,010104,具備行政管理、活動規劃及跨單位協調等實務經驗，熟悉章程研擬與總務管理，適合擔任法人團體幹事；從事活動規劃與會務推展工作。,,
,,,16旅遊/餐飲/休閒,導遊,160102,具備職務養成之專案規劃、團隊溝通與突發狀況應變處置能力，適合擔任導遊，從事旅遊導覽、旅客接待與行程解說工作。,,建議取得交通部觀光署核發之「導遊人員執業證」
,,,16旅遊/餐飲/休閒,領隊,160103,具備職務養成之專案規劃、團隊溝通與突發狀況應變處置能力，適合擔任領隊，從事旅遊導覽、旅客接待與行程解說工作。,,建議取得交通部觀光署核發之「領隊人員執業證」
體育督導官,3W11,"1.體育政策與制度規劃
1.1擬訂與修訂體育政策、制度、規章與操作手冊。
1.2督導學校或組織的體育教學與活動規劃。
1.3協調體育發展計畫，確保符合組織目標與發展方向。
2.體育賽事與活動設計
2.1制定運動會或競賽的辦法與規程，確保流程規範化。
2.2規劃並組織各類體育活動與比賽，提升參與度。
2.3執行賽事管理與評判，確保公平與專業。
3.教學指導與跨組織交流
3.1設計體育課程並規劃教學與學習評量。
3.2擔任課程教學與測驗評估，培養學員體能與運動技能。
3.3與民間體育團體及其他單位進行學術交流與比賽協作。",16旅遊/餐飲/休閒,運動教練,160301,具備體能訓練規劃與教學實務經驗，適合擔任運動教練，從事體能訓練指導與運動教學工作。,應取得運動部「國民體適能指導員初級證書」、「運動部學校專任運動教練初級證書」或「運動防護員證書」,
,,,通俗職業未收錄依UCAN對應,運動裁判人員,,因具備軍中體育賽事裁判實務經驗，熟悉競賽規則、判決流程與賽事秩序維護，適合轉銜為運動裁判人員，從事比賽規則執行、賽事監督與成績評定等工作。,,
,,,03人資/法務/智財,教育訓練人員,030104,具備體育教學與課程設計經驗，熟悉訓練規劃與評量全般流程，適合擔任教育訓練人員，從事運動課程設計、體能訓練規劃與教學評量等工作。,,
,,,21行銷/企劃/專案,專案管理師,210304,具備體育賽事規劃、進度管控與跨部門溝通實務經驗，適合擔任專案管理師，從事專案規劃、進度管控、資源整合等工作，確保專案任務如期如質達成。,,建議取得「國際專案管理師（PMP）認證」等相關證照
,,,21行銷/企劃/專案,活動企劃人員,210203,因職務歷練具備任務規劃、流程控管與跨單位溝通經驗，熟悉活動企畫及執行，適合擔任活動企劃人員，從事活動專案規劃、協調與現場管理等工作。,,建議取得經濟部產業發展署iPAS「品牌企劃師能力鑑定證書」
,,,21行銷/企劃/專案,行銷企劃人員,210103,具備職務養成之策略規劃、跨部門溝通及資源整合能力，熟悉計畫推動與管控，並能整合多元資訊形成行動方案，適合擔任行銷企劃人員，從事品牌策略擬定、活動規劃與跨部門整合等工作。,,建議取得經濟部產業發展署iPAS「品牌企劃師能力鑑定證書」
,,,21行銷/企劃/專案,營運管理師/ERP專案師,210302,具備體育賽事規劃、進度管控與跨部門溝通實務經驗，熟悉資源取得、流程安排與成效追蹤，具備系統化管理思維，適合擔任營運管理師/ERP專案師，從事營運流程優化、跨部門資源整合與績效追蹤等工作。,,建議取得經濟部產業發展署核發之「營運智慧分析師能力鑑定證書」等相關證照
,,,03人資/法務/智財,幹事,010104,具備行政管理、活動規劃及跨單位協調等實務經驗，熟悉章程研擬與總務管理，適合擔任法人團體幹事；從事活動規劃與會務推展工作。,,
,,,通俗職業未收錄依UCAN對應,運動中心營運經理,,具備體育教學與組織管理經驗，適合擔任運動中心營運經理，從事運動場館營運管理工作。,,
體育士,3W314,"1.體能與運動訓練支援
1.1協助指導員或教練進行體能與技能訓練課程。
1.2擔任示範與演練角色，確保學員理解正確動作。
1.3協助執行體能測驗與比賽裁判，確保公平與規範。
2.體育賽事與測驗執行
2.1協助規劃與執行各項體育競賽與體能測驗。
2.2擔任游泳與戰技比賽的裁判，依規則進行評分。
2.3追蹤並回報測驗成績，協助分析表現結果。
3.設施與器材管理
3.1協助體育場地與設施的日常維護與保養。
3.2負責運動器材的保管與分配，確保使用安全與效率。
3.3定期檢查器材狀況，提出修繕或更新需求。",16旅遊/餐飲/休閒,運動教練,160301,具備體能訓練規劃與教學實務經驗，適合擔任運動教練，從事體能訓練指導與運動教學工作。,應取得運動部「國民體適能指導員初級證書」、「運動部學校專任運動教練初級證書」或「運動防護員證書」,
,,,通俗職業未收錄依UCAN對應,運動裁判人員,,因具備軍中體育賽事裁判實務經驗，熟悉競賽規則、判決流程與賽事秩序維護，適合轉銜為運動裁判人員，從事比賽規則執行、賽事監督與成績評定等工作。,,
,,,03人資/法務/智財,教育訓練,030104,具備體育教學與課程設計經驗，熟悉訓練規劃與評量全般流程，適合擔任教育訓練人員，從事運動課程設計、體能訓練規劃與教學評量等工作。,,
,,,21行銷/企劃/專案,活動企劃人員,210203,因職務歷練具備任務規劃、流程控管與跨單位溝通經驗，熟悉活動企畫及執行，適合擔任活動企劃人員，從事活動專案規劃、協調與現場管理等工作。,,建議取得經濟部產業發展署iPAS「品牌企劃師能力鑑定證書」
,,,21行銷/企劃/專案,行銷企劃人員,210103,具備職務養成之策略規劃、跨部門溝通及資源整合能力，熟悉計畫推動與管控，並能整合多元資訊形成行動方案，適合擔任行銷企劃人員，從事品牌策略擬定、活動規劃與跨部門整合等工作。,,建議取得經濟部產業發展署iPAS「品牌企劃師能力鑑定證書」
,,,03人資/法務/智財,幹事,010104,具備行政管理、活動規劃及跨單位協調等實務經驗，熟悉章程研擬與總務管理，適合擔任法人團體幹事；從事活動規劃與會務推展工作。,,
,,,通俗職業未收錄依UCAN對應,運動中心營運經理,,具備體育教學與組織管理經驗，適合擔任運動中心營運經理，從事運動場館營運管理工作。,,
機械化步兵領導士,AA215,"1.人員管理與在職訓練
1.1規劃並執行員工技能訓練與模擬演練，提升團隊任務執行力與應變能力。
1.2建立輪值與考核機制，監督工作紀律與績效並給予回饋與輔導。
1.3設計培訓教材與傳承機制，確保技術經驗在團隊內部延續與標準化。
2.設備維護與作業支援
2.1制定並督導設備日常保養與例行檢查，確保機具與車輛處於可用狀態。
2.2管理維修紀錄與備品耗材，執行例行保養。
2.3在設備異常時執行初步判定、啟動維修程序並協調維修資源以降低停工風險。
3.作業規劃與現場協調
3.1依據任務目標擬定作業計畫、分配人力與資源，確保現場流程順暢。
3.2監控作業進度與關鍵指標，及時通報並調整執行方案以維效率與安全。
3.3與跨部門或外部協力單位保持通訊及處理突發狀況並維持任務連續性。",通俗職業未收錄依UCAN對應,物料搬運機械及車輛操作人員的第一線主管,,因職務歷練，具備演訓各種狀況處置實務經驗，熟悉現場調度指揮與作業安全規範，適合擔任物料搬運機械及車輛操作人員的第一線主管，從事搬運設備操作、人員調度與作業安全維護等工作。,,建議取得勞動部「堆高機、挖土機或推土機操作技術士單一技術證」和勞動部認可之「甲種職業安全衛生業務主管證書」
,,,03人資/法務/智財,教育訓練人員,030104,具備部隊訓練與接受鑑測實務經驗，熟悉訓練規劃與評量全般流程，適合擔任教育訓練人員，從事企業人才發展相關工作。,,
,,,15物流/運輸/資材,倉儲物流人員,150107,因職務歷練，具備指揮調度及軍品清點、裝卸及運輸實務經驗，熟悉物料管理流程與現場作業規範，適合擔任倉儲物流人員，從事理貨、包裝、進出貨、庫存盤點與補貨等物流管理作業。,,建議取得勞動部「堆高機操作單一技術士證」
,,,03人資/法務/智財,幹事,010104,具備行政管理、活動規劃及跨單位協調等實務經驗，熟悉章程研擬與總務管理，適合擔任法人團體幹事；從事活動規劃與會務推展工作。,,
,,,06門市/客服,連鎖店管理人員,060205,具備軍中差勤管理、物料補給及設施環境維護等實務經驗，熟悉人員調度與突發狀況處理，適合轉銜為連鎖店管理人員，從事連鎖體系門市營運管理、人員督導與日常營運協調等工作。,,建議取得勞動部核發之「門市服務技術士證」
,,,06門市/客服,賣場（人員／儲備幹部）,060202,因職務歷練具備物品清點、庫存整理與基礎行政協作能力，適合轉銜為賣場儲備幹部，負責收銀、商品陳列、補貨與顧客服務等作業，並逐步培養營運管理與團隊領導能力。,,
,,,16旅遊/餐飲/休閒,運動教練,160301,因職務歷練，具備部隊體能訓練實務經驗，熟悉體能鍛鍊要領與訓練安全規範，適合擔任運動教練，從事體能訓練指導與運動教學相關工作。,應取得運動部「國民體適能指導員初級證書」、「運動部學校專任運動教練初級證書」或「運動防護員證書」,
,,,10技術/維修/操作,遙控無人機專業人員,100316,具備高價資產操作、任務執行規劃及現場判斷應變等實務經驗，熟悉裝備管理、安全規範與風險管控機制，適合擔任遙控無人機專業人員，操作無人機從事商用、空拍、監測、研究及農藥噴灑等相關工作。,應取得交通部民用航空局核發之「遙控無人機操作證」,
,,,10技術/維修/操作,汽車維修技術人員,100107,因具備履帶車輛日常保養與故障排除技能，熟悉動力機械系統構造及原理，適合轉銜為汽車維修技術人員，從事車輛檢修、保養與故障診斷等工作。,,建議取得勞動部「汽車修護技術士證」
,,,18保全/軍警消,運鈔員,180104,具備職務養成之遵守紀律、高度警覺與突發狀況應變能力，適合擔任運鈔員，從事資金押運、路線安全防護與突發事件應對工作。,,
,,,18保全/軍警消,停車場管理人員,180105,因具備職務養成之觀察警戒、場地巡檢技能，並熟悉裝備定期保養檢查與即時通報流程，適合轉銜為停車場管理人員。從事車輛進出引導、動線管制、設備檢查與環境維護工作。,,
反裝甲攻堅領導士,AA415,"1.人員管理與在職訓練
1.1制定並執行在職訓練計畫與模擬演練，提升團隊專業與應變能力。
1.2建立考核與紀律機制，監督工作表現並提供回饋與輔導，維持作業紀律與效率。
1.3規劃人才傳承與技能升級路徑，安排師徒制或內訓以確保技術延續性。
2.現場作業指揮
2.1擬定作業流程與任務分工，分派任務並確保各項作業按標準執行。
2.2檢核操作步驟並現場即時糾正以維持成效。
2.3在突發狀況下啟動應變程序，協調支援資源並回報決策單位以恢復作業穩定。
3.設備操作與安全管理
3.1制定並執行設備日常點檢與保養，確保設備可用性與作業安全。
3.2管理備品、耗材與安全儲存流程，維護領用紀錄並規劃補給時程。",通俗職業未收錄依UCAN對應,物料搬運機械及車輛操作人員的第一線主管,,因職務歷練，具備演訓各種狀況處置實務經驗，熟悉現場調度指揮與作業安全規範，適合擔任物料搬運機械及車輛操作人員的第一線主管，從事搬運設備操作、人員調度與作業安全維護等工作。,,建議取得勞動部「堆高機、挖土機或推土機操作技術士單一技術證」和勞動部認可之「甲種職業安全衛生業務主管證書」
,,,03人資/法務/智財,教育訓練人員,030104,具備部隊訓練與接受鑑測實務經驗，熟悉訓練規劃與評量全般流程，適合擔任教育訓練人員，從事企業人才發展相關工作。,,
,,,15物流/運輸/資材,倉儲物流人員,150107,因職務歷練，具備指揮調度及軍品清點、裝卸及運輸實務經驗，熟悉物料管理流程與現場作業規範，適合擔任倉儲物流人員，從事理貨、包裝、進出貨、庫存盤點與補貨等物流管理作業。,,建議取得勞動部「堆高機操作單一技術士證」
,,,10技術/維修/操作,遙控無人機專業人員,100316,具備高價資產操作、任務執行規劃及現場判斷應變等實務經驗，熟悉裝備管理、安全規範與風險管控機制，適合擔任遙控無人機專業人員，操作無人機從事商用、空拍、監測、研究及農藥噴灑等相關工作。,應取得交通部民用航空局核發之「遙控無人機操作證」,
,,,03人資/法務/智財,幹事,010104,具備行政管理、活動規劃及跨單位協調等實務經驗，熟悉章程研擬與總務管理，適合擔任法人團體幹事；從事活動規劃與會務推展工作。,,
,,,06門市/客服,連鎖店管理人員,060205,具備軍中差勤管理、物料補給及設施環境維護等實務經驗，熟悉人員調度與突發狀況處理，適合轉銜為連鎖店管理人員，從事連鎖體系門市營運管理、人員督導與日常營運協調等工作。,,建議取得勞動部核發之「門市服務技術士證」
,,,06門市/客服,賣場（人員／儲備幹部）,060202,因職務歷練具備物品清點、庫存整理與基礎行政協作能力，適合轉銜為賣場儲備幹部，負責收銀、商品陳列、補貨與顧客服務等作業，並逐步培養營運管理與團隊領導能力。,,
,,,16旅遊/餐飲/休閒,運動教練,160301,因職務歷練，具備部隊體能訓練實務經驗，熟悉體能鍛鍊要領與訓練安全規範，適合擔任運動教練，從事體能訓練指導與運動教學相關工作。,應取得運動部「國民體適能指導員初級證書」、「運動部學校專任運動教練初級證書」或「運動防護員證書」,
,,,10技術/維修/操作,汽車維修技術人員,100107,因具備輪(履)車日常保養與故障排除能力，熟悉動力機械系統構造及原理，適合轉銜為汽車維修技術人員，從事車輛檢修、保養與故障診斷等工作。,,建議取得勞動部「汽車修護技術士證」
,,,18保全/軍警消,運鈔員,180104,具備職務養成之遵守紀律、高度警覺與突發狀況應變能力，適合擔任運鈔員，從事資金押運、路線安全防護與突發事件應對工作。,,
,,,18保全/軍警消,停車場管理人員,180105,因具備職務養成之觀察警戒、場地巡檢技能，並熟悉裝備定期保養檢查與即時通報流程，適合轉銜為停車場管理人員。從事車輛進出引導、動線管制、設備檢查與環境維護工作。,,
機槍領導士,AA715,"1.人員管理與在職訓練
1.1規劃並執行員工技能訓練與模擬演練，提升團隊專業能力與反應速度。
1.2建立輪值與考核制度，監督工作紀律與績效，並提供回饋與輔導。
1.3設計技術傳承機制（如師徒制、內訓教材），確保關鍵技能在團隊內延續。
2.現場監督與協調
2.1擬定作業分工與執行順序，分派現場職責並確保各項工作按標準執行。
2.2監控現場進度與品質，發現偏差即時調整並回報上級或相關單位。
2.3在突發情況啟動應變程序，協調支援資源以恢復作業穩定性。
3.設備維護與安全管理
3.1制定並督導設備日常點檢與一級保養，確保操作設備維持可用狀態。
3.2管理備品與耗材領用、存放與補給紀錄，維護耗材週轉與安全儲存。
3.3落實作業安全規範與檢核流程並紀錄處置情形。",通俗職業未收錄依UCAN對應,物料搬運機械及車輛操作人員的第一線主管,,因職務歷練，具備演訓各種狀況處置實務經驗，熟悉現場調度指揮與作業安全規範，適合擔任物料搬運機械及車輛操作人員的第一線主管，從事搬運設備操作、人員調度與作業安全維護等工作。,,建議取得勞動部「堆高機、挖土機或推土機操作技術士單一技術證」和勞動部認可之「甲種職業安全衛生業務主管證書」
,,,03人資/法務/智財,教育訓練人員,030104,具備部隊訓練與接受鑑測實務經驗，熟悉訓練規劃與評量全般流程，適合擔任教育訓練人員，從事企業人才發展相關工作。,,
,,,15物流/運輸/資材,倉儲物流人員,150107,因職務歷練，具備指揮調度及軍品清點、裝卸及運輸實務經驗，熟悉物料管理流程與現場作業規範，適合擔任倉儲物流人員，從事理貨、包裝、進出貨、庫存盤點與補貨等物流管理作業。,,建議取得勞動部「堆高機操作單一技術士證」
,,,10技術/維修/操作,遙控無人機專業人員,100316,具備高價資產操作、任務執行規劃及現場判斷應變等實務經驗，熟悉裝備管理、安全規範與風險管控機制，適合擔任遙控無人機專業人員，操作無人機從事商用、空拍、監測、研究及農藥噴灑等相關工作。,應取得交通部民用航空局核發之「遙控無人機操作證」,
,,,03人資/法務/智財,幹事,010104,具備行政管理、活動規劃及跨單位協調等實務經驗，熟悉章程研擬與總務管理，適合擔任法人團體幹事；從事活動規劃與會務推展工作。,,
,,,06門市/客服,連鎖店管理人員,060205,具備軍中差勤管理、物料補給及設施環境維護等實務經驗，熟悉人員調度與突發狀況處理，適合轉銜為連鎖店管理人員，從事連鎖體系門市營運管理、人員督導與日常營運協調等工作。,,建議取得勞動部核發之「門市服務技術士證」
,,,06門市/客服,賣場（人員／儲備幹部）,060202,因職務歷練具備物品清點、庫存整理與基礎行政協作能力，適合轉銜為賣場儲備幹部，負責收銀、商品陳列、補貨與顧客服務等作業，並逐步培養營運管理與團隊領導能力。,,
,,,16旅遊/餐飲/休閒,運動教練,160301,因職務歷練，具備部隊體能訓練實務經驗，熟悉體能鍛鍊要領與訓練安全規範，適合擔任運動教練，從事體能訓練指導與運動教學相關工作。,應取得運動部「國民體適能指導員初級證書」、「運動部學校專任運動教練初級證書」或「運動防護員證書」,
,,,18保全/軍警消,停車場管理人員,180105,因具備職務養成之觀察警戒、場地巡檢技能，並熟悉裝備定期保養檢查與即時通報流程，適合轉銜為停車場管理人員。從事車輛進出引導、動線管制、設備檢查與環境維護工作。,,
,,,18保全/軍警消,運鈔員,180104,具備職務養成之遵守紀律、高度警覺與突發狀況應變能力，適合擔任運鈔員，從事資金押運、路線安全防護與突發事件應對工作。,,
機槍射擊士,3A185,"1.設備保養與點檢管理
1.1執行日常設備點檢與基礎保養（清潔、潤滑、緊固等），確保堪用性。
1.2建立並更新保養與點檢紀錄，追蹤耗材更換與保養週期。
1.3對設備異常進行初步判斷並通報維修，以降低停機風險。
2.現場支援與作業執行
2.1擔任現場操作人員或支援角色，根據作業指示執行關鍵任務，確保流程順暢。
2.2即時回報現場狀況與運作參數，協助主管或技術單位調度應變。
2.3在突發情況啟動應變程序（暫停、檢查、通報），並協助後續處置。",通俗職業未收錄依UCAN對應,物料搬運機械及車輛操作人員的第一線主管,,因職務歷練，具備演訓各種狀況處置實務經驗，熟悉現場調度指揮與作業安全規範，適合擔任物料搬運機械及車輛操作人員的第一線主管，從事搬運設備操作、人員調度與作業安全維護等工作。,,建議取得勞動部「堆高機、挖土機或推土機操作技術士單一技術證」和勞動部認可之「甲種職業安全衛生業務主管證書」
,,,03人資/法務/智財,教育訓練人員,030104,具備部隊訓練與接受鑑測實務經驗，熟悉訓練規劃與評量全般流程，適合擔任教育訓練人員，從事企業人才發展相關工作。,,
,,,15物流/運輸/資材,倉儲物流人員,150107,具備基層連隊軍品清點、存管、搬運等實務經驗，適合轉銜倉儲物流人員，從事收貨、檢驗與入庫作業。,,建議取得勞動部「堆高機操作單一技術士證」
,,,10技術/維修/操作,遙控無人機專業人員,100316,具備高價資產操作、任務執行規劃及現場判斷應變等實務經驗，熟悉裝備管理、安全規範與風險管控機制，適合擔任遙控無人機專業人員，操作無人機從事商用、空拍、監測、研究及農藥噴灑等相關工作。,應取得交通部民用航空局核發之「遙控無人機操作證」,
,,,03人資/法務/智財,幹事,010104,具備行政管理、活動規劃及跨單位協調等實務經驗，熟悉章程研擬與總務管理，適合擔任法人團體幹事；從事活動規劃與會務推展工作。,,
,,,06門市/客服,連鎖店管理人員,060205,具備軍中差勤管理、物料補給及設施環境維護等實務經驗，熟悉人員調度與突發狀況處理，適合轉銜為連鎖店管理人員，從事連鎖體系門市營運管理、人員督導與日常營運協調等工作。,,建議取得勞動部核發之「門市服務技術士證」
,,,06門市/客服,賣場（人員／儲備幹部）,060202,因職務歷練具備物品清點、庫存整理與基礎行政協作能力，適合轉銜為賣場儲備幹部，負責收銀、商品陳列、補貨與顧客服務等作業，並逐步培養營運管理與團隊領導能力。,,
,,,16旅遊/餐飲/休閒,運動教練,160301,因職務歷練，具備部隊體能訓練實務經驗，熟悉體能鍛鍊要領與訓練安全規範，適合擔任運動教練，從事體能訓練指導與運動教學相關工作。,應取得運動部「國民體適能指導員初級證書」、「運動部學校專任運動教練初級證書」或「運動防護員證書」,
,,,18保全/軍警消,停車場管理人員,180105,因具備職務養成之觀察警戒、場地巡檢技能，並熟悉裝備定期保養檢查與即時通報流程，適合轉銜為停車場管理人員。從事車輛進出引導、動線管制、設備檢查與環境維護工作。,,
,,,18保全/軍警消,運鈔員,180104,具備職務養成之遵守紀律、高度警覺與突發狀況應變能力，適合擔任運鈔員，從事資金押運、路線安全防護與突發事件應對工作。,,
狙擊士,3A025,"1.設備維護與精密校準
1.1執行精密器材之日常保養與校準，確保測量與觀測精準度達標。
1.2建立並維護保養與校正紀錄，管理耗材與器材使用狀態。
1.3進行初步故障判定並依程序回報或安排專業維修，降低中斷風險。
2.遠距觀測與重點識別
2.1使用觀測與測量工具進行遠距離勘測，辨識與標註重要位置或物件。
2.2蒐集、整理並分析觀測數據，產出可供決策參考的報告或位置資訊。
2.3與團隊及上級保持即時通訊，傳遞觀測結果並協助執行調整作業方案。
3.作業部署與現場風險管理
3.1規劃並執行現場佈署與隱蔽措施，確保工作點位的安全與隱私性。
3.2掌握野外作業與環境適應技能，維持長時間現場工作的持續性與自給能力。
3.3評估現場風險並建立撤離與通訊計畫，確保人員安全與通報流程暢通。",16旅遊/餐飲/休閒,運動教練,160301,因職務歷練，具備部隊體能訓練實務經驗，熟悉體能鍛鍊要領與訓練安全規範，適合擔任運動教練，從事體能訓練指導與運動教學相關工作。,應取得運動部「國民體適能指導員初級證書」、「運動部學校專任運動教練初級證書」或「運動防護員證書」,
,,,10技術/維修/操作,遙控無人機專業人員,100316,具備目標偵查與精密觀測器材操作能力，適合擔任遙控無人機專業人員，從事無人機操作執行商用、空拍、監測、研究、農藥噴灑等相關工作。,應取得交通部民用航空局核發之「遙控無人機操作證」,
,,,通俗職業未收錄依UCAN對應,山域嚮導,,具備野外求生、地圖判讀與困難地形通過等技能，適合擔任山域嚮導，從事野外探索、帶領登山活動等相關工作。,應取得運動部全民運動署核發之「山域嚮導證書」（登山、攀岩、溯溪、雪攀等類別）,
,,,18保全/軍警消,運鈔員,180104,具備職務養成之遵守紀律、高度警覺與突發狀況應變能力，適合擔任運鈔員，從事資金押運、路線安全防護與突發事件應對工作。,,
,,,15物流/運輸/資材,倉儲物流人員,150107,具備基層連隊軍品清點、存管、搬運等實務經驗，適合轉銜倉儲物流人員，從事收貨、檢驗與入庫作業。,,建議取得勞動部「堆高機操作單一技術士證」
,,,06門市/客服,連鎖店管理人員,060205,具備軍中差勤管理、物料補給及設施環境維護等實務經驗，熟悉人員調度與突發狀況處理，適合轉銜為連鎖店管理人員，從事連鎖體系門市營運管理、人員督導與日常營運協調等工作。,,建議取得勞動部核發之「門市服務技術士證」
,,,06門市/客服,賣場（人員／儲備幹部）,060202,因職務歷練具備物品清點、庫存整理與基礎行政協作能力，適合轉銜為賣場儲備幹部，負責收銀、商品陳列、補貨與顧客服務等作業，並逐步培養營運管理與團隊領導能力。,,
,,,通俗職業未收錄依UCAN對應,物料搬運機械及車輛操作人員的第一線主管,,因職務歷練，具備演訓各種狀況處置實務經驗，熟悉現場調度指揮與作業安全規範，適合擔任物料搬運機械及車輛操作人員的第一線主管，從事搬運設備操作、人員調度與作業安全維護等工作。,,建議取得勞動部「堆高機、挖土機或推土機操作技術士單一技術證」和勞動部認可之「甲種職業安全衛生業務主管證書」
步槍兵,3A121,"1.現場作業與操作執行
1.1依標準作業程序操作現場裝備或工具，完成分配之工作任務。
1.2在執行過程中即時回報作業進度與現場狀況，協助主管掌握執行成效。
1.3提供現場支援與臨時協助，依指示調整作業方式以維持流程順暢。
2.現場巡檢與資訊傳遞
2.1執行現場巡查與情況偵察，辨識異常或需優先處理之項目並記錄要點。
2.2整理並準確傳遞觀察結果與指示給相關單位或主管，確保溝通無誤。
2.3依據現場資訊提出初步處置建議或風險提示，協助後續決策與調度。
3.設備保養與勤務管理
3.1按保養計畫執行日常點檢與基礎保養（清潔、潤滑、緊固等），確保設備可用性。
3.2建立並維護保養與領用紀錄，管理耗材與儲存狀態以支援作業持續性。
3.3發現異常回報排修，降低作業中斷風險。",10技術/維修/操作,遙控無人機專業人員,100316,具備目標偵查與無人機操作實務經驗，適合擔任遙控無人機專業人員，從事無人機操作執行商用、空拍、監測、研究、農藥噴灑等相關工作。,應取得交通部民用航空局核發之「遙控無人機操作證」,
,,,15物流/運輸/資材,倉儲物流人員,150107,具備基層連隊軍品清點、存管、搬運等實務經驗，適合轉銜倉儲物流人員，從事收貨、檢驗與入庫作業。,,建議取得勞動部「堆高機操作單一技術士證」
,,,18保全/軍警消,停車場管理人員,180105,因具備職務養成之觀察警戒、場地巡檢技能，並熟悉裝備定期保養檢查與即時通報流程，適合轉銜為停車場管理人員。從事車輛進出引導、動線管制、設備檢查與環境維護工作。,,
,,,18保全/軍警消,運鈔員,180104,具備職務養成之遵守紀律、高度警覺與突發狀況應變能力，適合擔任運鈔員，從事資金押運、路線安全防護與突發事件應對工作。,,
,,,06門市/客服,連鎖店管理人員,060205,具備軍中差勤管理、物料補給及設施環境維護等實務經驗，熟悉人員調度與突發狀況處理，適合轉銜為連鎖店管理人員，從事連鎖體系門市營運管理、人員督導與日常營運協調等工作。,,建議取得勞動部核發之「門市服務技術士證」
,,,06門市/客服,賣場（人員／儲備幹部）,060202,因職務歷練具備物品清點、庫存整理與基礎行政協作能力，適合轉銜為賣場儲備幹部，負責收銀、商品陳列、補貨與顧客服務等作業，並逐步培養營運管理與團隊領導能力。,,
,,,09品管/製造/環衛,廠務助理,090214,因於部隊長期接觸裝備保養、環境巡查、財產清點等實務工作，並具備遵守安全作業規定與流程控管能力，適合轉銜廠務助理，協助從事設施維護、環境管理等工作。,,
機槍兵,3A132,"1.裝備操作與現場支援
1.1依作業指示操作各類機具設備，確保步驟正確且流程不中斷。
1.2在執行任務時即時回報設備狀況與作業進度，協助主管掌握現場情況並做出調度。
1.3提供現場支援（如協助調整、對位、臨時協作），以維整體作業效率。
2.設備保養與故障排查
2.1依保養計畫執行日常點檢與基礎維護（清潔、潤滑、緊固等），保持設備可用性。
2.2進行故障檢查與排除，記錄問題原因與處理步驟，必要時啟動維修通報流程。
2.3建立並更新保養維修紀錄，追蹤耗材更換與保養週期，降低停機風險。
3.現場巡檢與資訊傳遞
3.1執行現場巡檢與風險辨識，記錄標註需優先處理的隱患項目。
3.2整理並準確傳遞巡檢結果給相關單位或主管，確保溝通無誤且可追溯。
3.3協助現場指示的傳達與執行回報，並在突發情況下配合應變流程與支援調度。",10技術/維修/操作,遙控無人機專業人員,100316,具備目標偵查與無人機操作實務經驗，適合擔任遙控無人機專業人員，從事無人機操作執行商用、空拍、監測、研究、農藥噴灑等相關工作。,應取得交通部民用航空局核發之「遙控無人機操作證」,
,,,15物流/運輸/資材,倉儲物流人員,150107,具備基層連隊軍品清點、存管、搬運等實務經驗，適合轉銜倉儲物流人員，從事收貨、檢驗與入庫作業。,,建議取得勞動部「堆高機操作單一技術士證」
,,,18保全/軍警消,運鈔員,180104,具備職務養成之遵守紀律、高度警覺與突發狀況應變能力，適合擔任運鈔員，從事資金押運、路線安全防護與突發事件應對工作。,,
,,,18保全/軍警消,停車場管理人員,180105,因具備職務養成之觀察警戒、場地巡檢技能，並熟悉裝備定期保養檢查與即時通報流程，適合轉銜為停車場管理人員。從事車輛進出引導、動線管制、設備檢查與環境維護工作。,,
,,,06門市/客服,連鎖店管理人員,060205,具備軍中差勤管理、物料補給及設施環境維護等實務經驗，熟悉人員調度與突發狀況處理，適合轉銜為連鎖店管理人員，從事連鎖體系門市營運管理、人員督導與日常營運協調等工作。,,建議取得勞動部核發之「門市服務技術士證」
,,,06門市/客服,賣場（人員／儲備幹部）,060202,因職務歷練具備物品清點、庫存整理與基礎行政協作能力，適合轉銜為賣場儲備幹部，負責收銀、商品陳列、補貨與顧客服務等作業，並逐步培養營運管理與團隊領導能力。,,
,,,09品管/製造/環衛,廠務助理,090214,因於部隊長期接觸裝備保養、環境巡查、財產清點等實務工作，並具備遵守安全作業規定與流程控管能力，適合轉銜廠務助理，協助從事設施維護、環境管理等工作。,,
火箭彈兵,3N012,"1.設備操作與品質監控
1.1操作與設定精密投放／輸出設備，依標準流程完成啟動、校準與執行作業。
1.2執行作業前後的參數檢查與測量（如定位、距離/角度校正），確保結果符合規範。
1.3蒐集並記錄操作數據，進行品質檢核並將異常情況回報給主管或技術單位。
2.物料與耗材管理
2.1執行耗材（含敏感物資）之接收、驗收與安全存放，確保規格、批號與儲存條件正確。
2.2管理領用紀錄與庫存週轉，定期盤點並提出補給或採購需求。
3.作業支援、故障排查與安全應變
3.1在執行過程中提供現場支援（定位協助、參數調整、協同作業），確保流程連續與效率。
3.2進行基礎故障判定與即時處置（暫停、檢查、回報），並啟動後端維修或支援流程。
3.3落實作業安全規範與應變程序（包含高風險物料的防護措施）。",10技術/維修/操作,遙控無人機專業人員,100316,具備目標偵查與無人機操作實務經驗，適合擔任遙控無人機專業人員，從事無人機操作執行商用、空拍、監測、研究、農藥噴灑等相關工作。,應取得交通部民用航空局核發之「遙控無人機操作證」,
,,,15物流/運輸/資材,倉儲物流人員,150107,具備基層連隊軍品清點、存管、搬運等實務經驗，適合轉銜倉儲物流人員，從事收貨、檢驗與入庫作業。,,建議取得勞動部「堆高機操作單一技術士證」
,,,18保全/軍警消,停車場管理人員,180105,因具備職務養成之觀察警戒、場地巡檢技能，並熟悉裝備定期保養檢查與即時通報流程，適合轉銜為停車場管理人員。從事車輛進出引導、動線管制、設備檢查與環境維護工作。,,
,,,18保全/軍警消,運鈔員,180104,具備職務養成之遵守紀律、高度警覺與突發狀況應變能力，適合擔任運鈔員，從事資金押運、路線安全防護與突發事件應對工作。,,
,,,06門市/客服,連鎖店管理人員,060205,具備軍中差勤管理、物料補給及設施環境維護等實務經驗，熟悉人員調度與突發狀況處理，適合轉銜為連鎖店管理人員，從事連鎖體系門市營運管理、人員督導與日常營運協調等工作。,,建議取得勞動部核發之「門市服務技術士證」
,,,06門市/客服,賣場（人員／儲備幹部）,060202,因職務歷練具備物品清點、庫存整理與基礎行政協作能力，適合轉銜為賣場儲備幹部，負責收銀、商品陳列、補貨與顧客服務等作業，並逐步培養營運管理與團隊領導能力。,,
,,,09品管/製造/環衛,廠務助理,090214,因於部隊長期接觸裝備保養、環境巡查、財產清點等實務工作，並具備遵守安全作業規定與流程控管能力，適合轉銜廠務助理，協助從事設施維護、環境管理等工作。,,
火焰噴射兵,3A142,"1.設備操作與燃料管理
1.1依標準作業程序操作專用噴射或輸送設備，確保輸出流量與效果穩定。
1.2執行燃料（或作業用液體）的調配、裝填與存放，遵循安全規範降低風險。
1.3定期檢查燃料品質與耗材使用狀況，建立紀錄並回報補充需求。
2.空壓機具管理
2.1操作空壓機或壓縮氣體裝置，執行充填、壓力測試與輸送流程。
2.2進行設備例行保養與檢測，確保壓力系統安全與運作穩定。
2.3發現異常時執行故障排查與基本維修，並啟動維修或通報流程。
3.安全維護與現場支援
3.1落實現場作業安全規範，包括防護措施、洩漏防範與危險品操作規程。
3.2執行作業區域巡檢與風險辨識，確保人員及作業環境安全。",10技術/維修/操作,遙控無人機專業人員,100316,具備目標偵查與無人機操作實務經驗，適合擔任遙控無人機專業人員，從事無人機操作執行商用、空拍、監測、研究、農藥噴灑等相關工作。,應取得交通部民用航空局核發之「遙控無人機操作證」,
,,,15物流/運輸/資材,倉儲物流人員,150107,具備基層連隊軍品清點、存管、搬運等實務經驗，適合轉銜倉儲物流人員，從事收貨、檢驗與入庫作業。,,建議取得勞動部「堆高機操作單一技術士證」
,,,18保全/軍警消,停車場管理人員,180105,因具備職務養成之觀察警戒、場地巡檢技能，並熟悉裝備定期保養檢查與即時通報流程，適合轉銜為停車場管理人員。從事車輛進出引導、動線管制、設備檢查與環境維護工作。,,
,,,18保全/軍警消,運鈔員,180104,具備職務養成之遵守紀律、高度警覺與突發狀況應變能力，適合擔任運鈔員，從事資金押運、路線安全防護與突發事件應對工作。,,
,,,06門市/客服,連鎖店管理人員,060205,具備軍中差勤管理、物料補給及設施環境維護等實務經驗，熟悉人員調度與突發狀況處理，適合轉銜為連鎖店管理人員，從事連鎖體系門市營運管理、人員督導與日常營運協調等工作。,,建議取得勞動部核發之「門市服務技術士證」
,,,06門市/客服,賣場（人員／儲備幹部）,060202,因職務歷練具備物品清點、庫存整理與基礎行政協作能力，適合轉銜為賣場儲備幹部，負責收銀、商品陳列、補貨與顧客服務等作業，並逐步培養營運管理與團隊領導能力。,,
,,,09品管/製造/環衛,廠務助理,090214,因於部隊長期接觸裝備保養、環境巡查、財產清點等實務工作，並具備遵守安全作業規定與流程控管能力，適合轉銜廠務助理，協助從事設施維護、環境管理等工作。,,
迫擊砲領導士,AA515,"1.基層團隊訓練與管理
1.1設計並執行在職訓練課程，透過模擬演練與實作提升成員技能。
1.2評估人員技能缺口並建立個別培訓計畫，包含地圖判讀、定位與通訊操作等職能。
1.3安排值勤與輪班，監督工作表現並提供教導與回饋。
2.設備維護與校準管理
2.1制定並執行日常保養與校準作業，確保設備參數與運作狀態達到標準。
2.2建立設備履歷與保養紀錄，管理備品耗材，規劃更換與週期性檢修。
2.3監測設備效能並在發現異常時啟動初步檢測與維修通報流程，降低停機風險。
3.現場作業指揮與應變
3.1擔任現場作業負責人，判斷優先處理項目並決定資源配置。
3.2監測作業進度與關鍵參數，紀錄觀測數據並即時回報。
3.3啟動應變程序並協調跨部門支援，確保作業連續與人員安全。",通俗職業未收錄依UCAN對應,物料搬運機械及車輛操作人員的第一線主管,,因職務歷練，具備演訓各種狀況處置實務經驗，熟悉現場調度指揮與作業安全規範，適合擔任物料搬運機械及車輛操作人員的第一線主管，從事搬運設備操作、人員調度與作業安全維護等工作。,,建議取得勞動部「堆高機、挖土機或推土機操作技術士單一技術證」和勞動部認可之「甲種職業安全衛生業務主管證書」
,,,11營建/製圖/施作,量測／儀校人員,110320,具備觀測儀器操作實務經驗，熟悉大地測量原理，適合擔任量測／儀校人員，從事地形量測、資料繪製等工作。,應取得內政部國土管理署核發之「測量技術士證」,
,,,09品管/製造/環衛,品管檢驗人員,090105,因熟悉迫擊砲射擊參數計算、彈道觀測與射擊修正流程，具備數據判讀、偏差分析與結果回饋之實務經驗，適合擔任品管檢驗人員，從事依據品管規格檢查成品，使其符合製造標準之工作。,,建議取得中華民國品質學會「品質工程師認證」（經濟部認可）
,,,03人資/法務/智財,教育訓練人員,030104,具備部隊訓練與接受鑑測實務經驗，熟悉訓練規劃與評量全般流程，適合擔任教育訓練人員，從事企業人才發展相關工作。,,
,,,15物流/運輸/資材,倉儲物流人員,150107,具備基層連隊軍品清點、存管、搬運等實務經驗，適合轉銜倉儲物流人員，從事收貨、檢驗與入庫作業。,,建議取得勞動部「堆高機操作單一技術士證」
,,,06門市/客服,連鎖店管理人員,060205,具備軍中差勤管理、物料補給及設施環境維護等實務經驗，熟悉人員調度與突發狀況處理，適合轉銜為連鎖店管理人員，從事連鎖體系門市營運管理、人員督導與日常營運協調等工作。,,建議取得勞動部核發之「門市服務技術士證」
,,,06門市/客服,賣場（人員／儲備幹部）,060202,因職務歷練具備物品清點、庫存整理與基礎行政協作能力，適合轉銜為賣場儲備幹部，負責收銀、商品陳列、補貨與顧客服務等作業，並逐步培養營運管理與團隊領導能力。,,
,,,16旅遊/餐飲/休閒,運動教練,160301,因職務歷練，具備部隊體能訓練實務經驗，熟悉體能鍛鍊要領與訓練安全規範，適合擔任運動教練，從事體能訓練指導與運動教學相關工作。,應取得運動部「國民體適能指導員初級證書」、「運動部學校專任運動教練初級證書」或「運動防護員證書」,
,,,18保全/軍警消,停車場管理人員,180105,因具備職務養成之觀察警戒、場地巡檢技能，並熟悉裝備定期保養檢查與即時通報流程，適合轉銜為停車場管理人員。從事車輛進出引導、動線管制、設備檢查與環境維護工作。,,
,,,18保全/軍警消,運鈔員,180104,具備職務養成之遵守紀律、高度警覺與突發狀況應變能力，適合擔任運鈔員，從事資金押運、路線安全防護與突發事件應對工作。,,
迫擊砲射擊領導士,AA544,"1.作業計畫與參數編制
1.1審核任務所需之資料與資訊需求，確認輸入數據來源與格式。
1.2使用地圖與地理資訊判定初步作業參數，並制定執行步驟與時間表。
1.3編製作業參數表與檢核清單，以為操作依據並留存紀錄。
2.資源決策與供應管理
2.1評估任務優先順序與資源配置（包含物料種類與數量），制定供應調度計畫。
2.2監督執行人員與通訊／計算作業，確保資訊正確與流程銜接。
2.3管理補給流程與安全管控，建立領用、運送與儲存之追蹤機制。
3.定位資訊與通訊協調
3.1應用地圖判讀與定位工具確認現場座標與方位，提供精準位置資訊供決策使用。
3.2操作並維持通訊系統暢通，確保現場與後端之資訊流與回報機制穩定。
3.3蒐集並紀錄觀測/運作數據，供事後分析、品質檢核與程序改善使用。",通俗職業未收錄依UCAN對應,物料搬運機械及車輛操作人員的第一線主管,,因職務歷練，具備演訓各種狀況處置實務經驗，熟悉現場調度指揮與作業安全規範，適合擔任物料搬運機械及車輛操作人員的第一線主管，從事搬運設備操作、人員調度與作業安全維護等工作。,,建議取得勞動部「堆高機、挖土機或推土機操作技術士單一技術證」和勞動部認可之「甲種職業安全衛生業務主管證書」
,,,11營建/製圖/施作,量測／儀校人員,110320,具備觀測儀器操作實務經驗，熟悉大地測量原理，適合擔任量測／儀校人員，從事地形量測、資料繪製等工作。,應取得內政部國土管理署核發之「測量技術士證」,
,,,09品管/製造/環衛,品管檢驗人員,090105,因熟悉迫擊砲射擊參數計算、彈道觀測與射擊修正流程，具備數據判讀、偏差分析與結果回饋之實務經驗，適合擔任品管檢驗人員，從事依據品管規格檢查成品，使其符合製造標準之工作。,,建議取得中華民國品質學會「品質工程師認證」（經濟部認可）
,,,03人資/法務/智財,教育訓練人員,030104,具備部隊訓練與接受鑑測實務經驗，熟悉訓練規劃與評量全般流程，適合擔任教育訓練人員，從事企業人才發展相關工作。,,
,,,15物流/運輸/資材,倉儲物流人員,150107,具備基層連隊軍品清點、存管、搬運等實務經驗，適合轉銜倉儲物流人員，從事收貨、檢驗與入庫作業。,,建議取得勞動部「堆高機操作單一技術士證」
,,,06門市/客服,連鎖店管理人員,060205,具備軍中差勤管理、物料補給及設施環境維護等實務經驗，熟悉人員調度與突發狀況處理，適合轉銜為連鎖店管理人員，從事連鎖體系門市營運管理、人員督導與日常營運協調等工作。,,建議取得勞動部核發之「門市服務技術士證」
,,,06門市/客服,賣場（人員／儲備幹部）,060202,因職務歷練具備物品清點、庫存整理與基礎行政協作能力，適合轉銜為賣場儲備幹部，負責收銀、商品陳列、補貨與顧客服務等作業，並逐步培養營運管理與團隊領導能力。,,
,,,16旅遊/餐飲/休閒,運動教練,160301,因職務歷練，具備部隊體能訓練實務經驗，熟悉體能鍛鍊要領與訓練安全規範，適合擔任運動教練，從事體能訓練指導與運動教學相關工作。,應取得運動部「國民體適能指導員初級證書」、「運動部學校專任運動教練初級證書」或「運動防護員證書」,
,,,18保全/軍警消,停車場管理人員,180105,因具備職務養成之觀察警戒、場地巡檢技能，並熟悉裝備定期保養檢查與即時通報流程，適合轉銜為停車場管理人員。從事車輛進出引導、動線管制、設備檢查與環境維護工作。,,
,,,18保全/軍警消,運鈔員,180104,具備職務養成之遵守紀律、高度警覺與突發狀況應變能力，適合擔任運鈔員，從事資金押運、路線安全防護與突發事件應對工作。,,
迫擊砲觀測士,3A165,"1.現場情資蒐集與監測
1.1規劃並建立監測點或觀測位置，確保觀測視野與通訊覆蓋符合需求。
1.2執行現場巡查與情資蒐集，辨識重要目標或風險點並紀錄位置與狀態。
1.3提供精準位置資訊與現場情況報告，協助上級或相關單位做出決策。
2.觀測數據回報與修正
2.1依照作業流程進行觀測與量測，採集關鍵數據並記錄操作參數。
2.2針對觀測結果進行偏差分析與修正建議，並回報給執行或決策單位。
2.3與支援單位保持通訊協調，協同執行調整措施並追蹤效果。
3.觀測器材管理
3.1執行觀測器材的日常保管、點檢與基礎保養，保持裝備可用性。
3.2建立並更新器材領用、維護與校正紀錄，追蹤校正週期與耗材狀態。
3.3操作並維護通訊設備，確保現場通報與回報流程順暢。",通俗職業未收錄依UCAN對應,物料搬運機械及車輛操作人員的第一線主管,,因職務歷練，具備演訓各種狀況處置實務經驗，熟悉現場調度指揮與作業安全規範，適合擔任物料搬運機械及車輛操作人員的第一線主管，從事搬運設備操作、人員調度與作業安全維護等工作。,,建議取得勞動部「堆高機、挖土機或推土機操作技術士單一技術證」和勞動部認可之「甲種職業安全衛生業務主管證書」
,,,11營建/製圖/施作,量測／儀校人員,110320,具備觀測儀器操作實務經驗，熟悉大地測量原理，適合擔任量測／儀校人員，從事地形量測、資料繪製等工作。,應取得內政部國土管理署核發之「測量技術士證」,
,,,09品管/製造/環衛,品管檢驗人員,090105,因熟悉迫擊砲射擊參數計算、彈道觀測與射擊修正流程，具備數據判讀、偏差分析與結果回饋之實務經驗，適合擔任品管檢驗人員，從事依據品管規格檢查成品，使其符合製造標準之工作。,,建議取得中華民國品質學會「品質工程師認證」（經濟部認可）
,,,03人資/法務/智財,教育訓練人員,030104,具備部隊訓練與接受鑑測實務經驗，熟悉訓練規劃與評量全般流程，適合擔任教育訓練人員，從事企業人才發展相關工作。,,
,,,15物流/運輸/資材,倉儲物流人員,150107,具備基層連隊軍品清點、存管、搬運等實務經驗，適合轉銜倉儲物流人員，從事收貨、檢驗與入庫作業。,,建議取得勞動部「堆高機操作單一技術士證」
,,,20農林漁牧相關,森林防護人員,200203,具備野外環境識別判斷、巡查監控及現場應變處置等實務經驗，熟悉風險辨識評估與事件處理回報，適合擔任森林防護人員；從事森林巡護與環境安全管理工作。,,
,,,06門市/客服,連鎖店管理人員,060205,具備軍中差勤管理、物料補給及設施環境維護等實務經驗，熟悉人員調度與突發狀況處理，適合轉銜為連鎖店管理人員，從事連鎖體系門市營運管理、人員督導與日常營運協調等工作。,,建議取得勞動部核發之「門市服務技術士證」
,,,06門市/客服,賣場（人員／儲備幹部）,060202,因職務歷練具備物品清點、庫存整理與基礎行政協作能力，適合轉銜為賣場儲備幹部，負責收銀、商品陳列、補貨與顧客服務等作業，並逐步培養營運管理與團隊領導能力。,,
,,,16旅遊/餐飲/休閒,運動教練,160301,因職務歷練，具備部隊體能訓練實務經驗，熟悉體能鍛鍊要領與訓練安全規範，適合擔任運動教練，從事體能訓練指導與運動教學相關工作。,應取得運動部「國民體適能指導員初級證書」、「運動部學校專任運動教練初級證書」或「運動防護員證書」,
,,,18保全/軍警消,停車場管理人員,180105,因具備職務養成之觀察警戒、場地巡檢技能，並熟悉裝備定期保養檢查與即時通報流程，適合轉銜為停車場管理人員。從事車輛進出引導、動線管制、設備檢查與環境維護工作。,,
,,,18保全/軍警消,運鈔員,180104,具備職務養成之遵守紀律、高度警覺與突發狀況應變能力，適合擔任運鈔員，從事資金押運、路線安全防護與突發事件應對工作。,,
迫擊砲水平計算兵,3A153,"1.製圖與地理資訊管理
1.1根據現場回報與資料繪製初步作業地圖或現場平面圖，確保位置與比例正確。
1.2使用專業工具（方格紙、座標尺等）進行位置標註與坐標換算，以支援後續作業決策。
1.3妥善保管圖資與專業繪圖工具，維護圖檔版本管理與使用紀錄。
2.技術計算與參數制定
2.1根據觀測或檢測資料執行精確計算，產出作業參數表與作業指示資訊供執行單位使用。
2.2檢核並修正參數或目標位置，確保輸入數據與結果符合標準與精度。
2.3必要時以標準格式輸出操作命令或作業口令，並確認接收方理解執行要點，確保作業順暢。
3.資料紀錄與通訊協調
3.1完成計算與繪圖後建立正式紀錄（計算紙、參數表、圖檔）並存檔備查。
3.2與觀測、執行及支援單位保持即時通訊，傳遞位置、參數與修正資訊。
3.3對作業結果進行基本驗證與回饋，彙整紀錄供後續優化參考。",11營建/製圖/施作,量測／儀校人員,110320,具備觀測儀器操作實務經驗，熟悉大地測量原理，適合擔任量測／儀校人員，從事地形量測、資料繪製等工作。,應取得內政部國土管理署核發之「測量技術士證」,
,,,09品管/製造/環衛,品管檢驗人員,090105,因熟悉迫擊砲射擊參數計算、彈道觀測與射擊修正流程，具備數據判讀、偏差分析與結果回饋之實務經驗，適合擔任品管檢驗人員，從事依據品管規格檢查成品，使其符合製造標準之工作。,,建議取得中華民國品質學會「品質工程師認證」（經濟部認可）
,,,11營建/製圖/施作,建築製圖員,110201,因具備精確製圖與射擊規劃能力，熟悉多種專業繪圖與射擊工具之使用，適合轉銜為建築製圖員，從事施工圖繪製工作。,,建議取得勞動部「建築製圖」技術士證
,,,15物流/運輸/資材,倉儲物流人員,150107,具備基層連隊軍品清點、存管、搬運等實務經驗，適合轉銜倉儲物流人員，從事收貨、檢驗與入庫作業。,,建議取得勞動部「堆高機操作單一技術士證」
,,,06門市/客服,連鎖店管理人員,060205,具備軍中差勤管理、物料補給及設施環境維護等實務經驗，熟悉人員調度與突發狀況處理，適合轉銜為連鎖店管理人員，從事連鎖體系門市營運管理、人員督導與日常營運協調等工作。,,建議取得勞動部核發之「門市服務技術士證」
,,,06門市/客服,賣場（人員／儲備幹部）,060202,因職務歷練具備物品清點、庫存整理與基礎行政協作能力，適合轉銜為賣場儲備幹部，負責收銀、商品陳列、補貨與顧客服務等作業，並逐步培養營運管理與團隊領導能力。,,
,,,18保全/軍警消,停車場管理人員,180105,因具備職務養成之觀察警戒、場地巡檢技能，並熟悉裝備定期保養檢查與即時通報流程，適合轉銜為停車場管理人員。從事車輛進出引導、動線管制、設備檢查與環境維護工作。,,
,,,18保全/軍警消,運鈔員,180104,具備職務養成之遵守紀律、高度警覺與突發狀況應變能力，適合擔任運鈔員，從事資金押運、路線安全防護與突發事件應對工作。,,
迫擊砲兵,3A161,"1.物料管理與儲運作業
1.1執行耗材／物料的接收、驗收與安全存放，確保規格與數量正確。
1.2管理領用記錄，盤點並提出補充需求。
1.3落實物料儲運安全規範（含危險物品處理），確保運儲符合安全標準。
2.設備操作與日常保養
2.1依標準作業程序操作專用設備或儀器，確保作業精準與效率。
2.2按保養計畫執行日常點檢與一級維護（清潔、潤滑、緊固），並填寫保養紀錄。
2.3對設備異常進行初步判斷與排查，並依流程通報或安排專業維修。
3.現場部署與安全維護
3.1規劃與執行作業現場佈置，配置必要防護與通行動線，維持作業順暢。
3.2執行現場巡查與警戒（安全檢查）、辨識潛在風險並即時處置或回報。
3.3與相關單位或人員保持通報與協調機制，確保突發情況下的應變與人員安全。",11營建/製圖/施作,營建施工人員,110301,具備野戰工事及迫砲陣地構築實務經驗，熟悉基礎土木施工、場地整備與作業安全規範，適合擔任營建施工人員，從事建築或土木工程現場施工作業。,,建議取得勞動部「泥水技術士證」等相關證照
,,,15物流/運輸/資材,倉儲物流人員,150107,具備基層連隊軍品清點、存管、搬運等實務經驗，適合轉銜倉儲物流人員，從事收貨、檢驗與入庫作業。,,建議取得勞動部「堆高機操作單一技術士證」
,,,06門市/客服,連鎖店管理人員,060205,具備軍中差勤管理、物料補給及設施環境維護等實務經驗，熟悉人員調度與突發狀況處理，適合轉銜為連鎖店管理人員，從事連鎖體系門市營運管理、人員督導與日常營運協調等工作。,,建議取得勞動部核發之「門市服務技術士證」
,,,06門市/客服,賣場（人員／儲備幹部）,060202,因職務歷練具備物品清點、庫存整理與基礎行政協作能力，適合轉銜為賣場儲備幹部，負責收銀、商品陳列、補貨與顧客服務等作業，並逐步培養營運管理與團隊領導能力。,,
,,,18保全/軍警消,停車場管理人員,180105,因具備職務養成之觀察警戒、場地巡檢技能，並熟悉裝備定期保養檢查與即時通報流程，適合轉銜為停車場管理人員。從事車輛進出引導、動線管制、設備檢查與環境維護工作。,,
,,,18保全/軍警消,運鈔員,180104,具備職務養成之遵守紀律、高度警覺與突發狀況應變能力，適合擔任運鈔員，從事資金押運、路線安全防護與突發事件應對工作。,,
迫擊砲觀測兵,3A162,"1.設備操作與物料管理
1.1操作並監控專用量測或投放設備，依標準作業程序執行作業。
1.2管理耗材與儀器之接收、驗收、儲存與領用，確保規格與數量正確。
1.3執行日常保養與點檢，建立維護紀錄並在發現異常時回報或啟動維修流程。
2.現場部署與安全維護
2.1規劃並執行現場佈置與通行動線，確保作業區域布局符合安全與操作需求。
2.2負責現場巡查與風險辨識，發現危險源立即處置或通報相關單位。
2.3協調值班/輪班安排與現場聯絡機制，維持作業連續性與人員安全。
3.資料蒐集、回報與修正
3.1蒐集現場觀測或監測數據，記錄關鍵參數供後端分析使用。
3.2根據觀測結果進行偏差分析與修正建議，並將修正指示回報主管。
3.3保管並整理觀測資料與報表，提供品質稽核與流程優化使用。",11營建/製圖/施作,量測／儀校人員,110320,具備觀測儀器操作實務經驗，熟悉大地測量原理，適合擔任量測／儀校人員，從事地形量測、資料繪製等工作。,應取得內政部國土管理署核發之「測量技術士證」,
,,,09品管/製造/環衛,品管檢驗人員,090105,因熟悉迫擊砲射擊參數計算、彈道觀測與射擊修正流程，具備數據判讀、偏差分析與結果回饋之實務經驗，適合擔任品管檢驗人員，從事依據品管規格檢查成品，使其符合製造標準之工作。,,建議取得中華民國品質學會「品質工程師認證」（經濟部認可）
,,,15物流/運輸/資材,倉儲物流人員,150107,具備基層連隊軍品清點、存管、搬運等實務經驗，適合轉銜倉儲物流人員，從事收貨、檢驗與入庫作業。,,建議取得勞動部「堆高機操作單一技術士證」
,,,20農林漁牧相關,森林防護人員,200203,具備野外環境識別判斷、巡查監控及現場應變處置等實務經驗，熟悉風險辨識評估與事件處理回報，適合擔任森林防護人員；從事森林巡護與環境安全管理工作。,,
,,,06門市/客服,連鎖店管理人員,060205,具備軍中差勤管理、物料補給及設施環境維護等實務經驗，熟悉人員調度與突發狀況處理，適合轉銜為連鎖店管理人員，從事連鎖體系門市營運管理、人員督導與日常營運協調等工作。,,建議取得勞動部核發之「門市服務技術士證」
,,,06門市/客服,賣場（人員／儲備幹部）,060202,因職務歷練具備物品清點、庫存整理與基礎行政協作能力，適合轉銜為賣場儲備幹部，負責收銀、商品陳列、補貨與顧客服務等作業，並逐步培養營運管理與團隊領導能力。,,
,,,18保全/軍警消,運鈔員,180104,具備職務養成之遵守紀律、高度警覺與突發狀況應變能力，適合擔任運鈔員，從事資金押運、路線安全防護與突發事件應對工作。,,
,,,18保全/軍警消,停車場管理人員,180105,因具備職務養成之觀察警戒、場地巡檢技能，並熟悉裝備定期保養檢查與即時通報流程，適合轉銜為停車場管理人員。從事車輛進出引導、動線管制、設備檢查與環境維護工作。,,
戰車領導士,AB016,"1.人員指導與作業執行
1.1規劃與分配小組任務，確保成員依計畫完成工作。
1.2執行培訓與模擬演練，提升團隊在各種情境下的反應能力。
1.3監控現場作業進度，回報成果並即時修正。
2.設備保養與檢修管理
2.1定期進行設備的日常保養與安全檢查，確保正常運作。
2.2紀錄保養檢查狀況，建立維護檔案以追蹤使用狀態。
2.3發現異常時能初步排除或回報，降低設備停機風險。
3.教育訓練與安全防護
3.1規劃並執行單位內部教育訓練，提升人員作業能力。
3.2落實安全規範與防護措施，包含特殊環境（如核生化）的應變知識。
3.3協助跨部門或跨單位的協同作業，強化整體任務支援力。",通俗職業未收錄依UCAN對應,物料搬運機械及車輛操作人員的第一線主管,,因職務歷練，具備演訓各種狀況處置實務經驗，熟悉現場調度指揮與作業安全規範，適合擔任物料搬運機械及車輛操作人員的第一線主管，從事搬運設備操作、人員調度與作業安全維護等工作。,,建議取得勞動部「堆高機、挖土機或推土機操作技術士單一技術證」和勞動部認可之「甲種職業安全衛生業務主管證書」
,,,10技術/維修/操作,自動化機械加工技術人員,100106,具備戰車保養檢查及故障排除能力，熟悉機械結構與電控系統工作原理，適合擔任自動化機械技術人員，從事自動化機械之操作、製程機具維護與設備異常排除等工作。,,建議取得經濟部產業發展署核發之「機械加工技術士證」等相關證照
,,,10技術/維修/操作,農業及工業用機器裝修人員,100204,具備履帶車輛駕駛及保養實務經驗，熟悉大型機具檢查、維護與故障排除流程，適合擔任農業及工業用機器裝修人員，從事工業用機械設備、零組件及引擎（不含機動車與航空引擎）之安裝、檢查、維修與性能測試等工作。,應取得勞動部「重機械修護技術士」等相關證照,
,,,10技術/維修/操作,遙控無人機專業人員,100316,具備高價資產操作、任務執行規劃及現場判斷應變等實務經驗，熟悉裝備管理、安全規範與風險管控機制，適合擔任遙控無人機專業人員，操作無人機從事商用、空拍、監測、研究及農藥噴灑等相關工作。,應取得交通部民用航空局核發之「遙控無人機操作證」,
,,,09品管/製造/環衛,品管檢驗人員,090105,因具備裝備保養檢查實務經驗，熟悉依標準程序執行檢查測試，適合擔任品管檢驗人員，從事根據規格檢查成品，使其符合製造標準等工作。,,建議取得中華民國品質學會「品質工程師認證」（經濟部認可）
,,,15物流/運輸/資材,運輸交通專業人員,150101,因職務歷練，具備指揮調度及軍品裝卸運輸實務經驗，熟悉運輸流程規劃與車隊管理，適合擔任運輸交通專業人員。從事交通運輸、物流配送等工作，負責運輸規劃、車隊管理與效率管控等任務。,,
,,,03人資/法務/智財,教育訓練人員,030104,因具備部隊訓練規劃、課程實施及參與鑑測之實務經驗，熟悉訓練規劃與評量流程，適合轉銜為教育訓練人員，從事企業內部課程開發規劃等人才培育相關工作。,,
,,,15物流/運輸/資材,倉儲物流人員,150107,因職務歷練，具備指揮調度及軍品清點、裝卸及運輸實務經驗，熟悉物料管理流程與現場作業規範，適合擔任倉儲物流人員，從事理貨、包裝、進出貨、庫存盤點與補貨等物流管理作業。,,建議取得勞動部「堆高機操作單一技術士證」
,,,06門市/客服,連鎖店管理人員,060205,具備軍中差勤管理、物料補給及設施環境維護等實務經驗，熟悉人員調度、流程管控及突發狀況處理，適合轉銜為連鎖店管理人員，從事連鎖體系門市營運管理、人員督導與日常營運協調等工作。,,建議取得勞動部核發之「門市服務技術士證」
裝甲騎兵領導士,AB315,"1.作業現場指揮
1.1規劃與分配小組任務，確保成員依計畫完成工作。
1.2培訓與模擬演練，提升團隊在各種情境下的反應能力。
1.3監控現場作業進度，回報成果並即時修正。
2.設備保養與檢修管理
2.1定期進行設備的日常保養與安全檢查，確保正常運作。
2.2紀錄保養檢查狀況，建立維護檔案以追蹤使用狀態。
2.3發現異常時能初步排除或回報，降低設備停機風險。
3.教育訓練與安全防護
3.1規劃並執行單位內部教育訓練，提升人員作業能力。
3.2落實安全規範與防護措施，包含特殊環境（如核生化）的應變知識。
3.3協助跨部門或跨單位的協同作業，強化整體任務支援力。",通俗職業未收錄依UCAN對應,物料搬運機械及車輛操作人員的第一線主管,,因職務歷練，具備演訓各種狀況處置實務經驗，熟悉現場調度指揮與作業安全規範，適合擔任物料搬運機械及車輛操作人員的第一線主管，從事搬運設備操作、人員調度與作業安全維護等工作。,,建議取得勞動部「堆高機、挖土機或推土機操作技術士單一技術證」和勞動部認可之「甲種職業安全衛生業務主管證書」
,,,通俗職業未收錄依UCAN對應,系統機動保全人員,,具備以乘車或徒步方式執行搜索警戒實務經驗，對周遭環境異常極為敏感，適合擔任系統機動保全人員，從事保全區域之防盜、防火及防災等安全防護工作。,,
,,,15物流/運輸/資材,運輸交通專業人員,150101,因職務歷練，具備指揮調度及軍品裝卸運輸實務經驗，熟悉運輸流程規劃與車隊管理，適合擔任運輸交通專業人員。從事交通運輸、物流配送等工作，負責運輸規劃、車隊管理與效率管控等任務。,,
,,,09品管/製造/環衛,品管檢驗人員,090105,因具備裝備保養檢查實務經驗，熟悉依標準程序執行檢查測試，適合擔任品管檢驗人員，從事根據規格檢查成品，使其符合製造標準等工作。,,建議取得中華民國品質學會「品質工程師認證」（經濟部認可）
,,,10技術/維修/操作,遙控無人機專業人員,100316,具備高價資產操作、任務執行規劃及現場判斷應變等實務經驗，熟悉裝備管理、安全規範與風險管控機制，適合擔任遙控無人機專業人員，操作無人機從事商用、空拍、監測、研究及農藥噴灑等相關工作。,應取得交通部民用航空局核發之「遙控無人機操作證」,
,,,03人資/法務/智財,教育訓練人員,030104,因具備部隊訓練規劃、課程實施及參與鑑測之實務經驗，熟悉訓練規劃與評量流程，適合轉銜為教育訓練人員，從事企業內部課程開發規劃等人才培育相關工作。,,
,,,通俗職業未收錄依UCAN對應,山域嚮導,,具備偵查搜索、地圖判讀與困難地形穿越能力，適合擔任山域嚮導，從事野外探索、帶領登山活動與戶外安全訓練。,應取得運動部全民運動署核發之「山域嚮導證書」（登山、攀岩、溯溪、雪攀等類別）,
,,,16旅遊/餐飲/休閒,運動教練,160301,具備部隊體能訓練實務經驗，熟悉體能鍛鍊要領與訓練安全規範，適合擔任運動教練，從事體能訓練指導與運動教學相關工作。,應取得運動部「國民體適能指導員初級證書」、「運動部學校專任運動教練初級證書」或「運動防護員證書」,
,,,15物流/運輸/資材,倉儲物流人員,150107,因職務歷練，具備指揮調度及軍品清點、裝卸及運輸實務經驗，熟悉物料管理流程與現場作業規範，適合擔任倉儲物流人員，從事理貨、包裝、進出貨、庫存盤點與補貨等物流管理作業。,,建議取得勞動部「堆高機操作單一技術士證」
,,,06門市/客服,連鎖店管理人員,060205,具備軍中差勤管理、物料補給及設施環境維護等實務經驗，熟悉人員調度與突發狀況處理，適合轉銜為連鎖店管理人員，從事連鎖體系門市營運管理、人員督導與日常營運協調等工作。,,建議取得勞動部核發之「門市服務技術士證」
戰車射擊士,3A195,"1.現場監測與目標辨識
1.1執行目標／設備巡檢與監測，主動搜尋異常項目，並紀錄檢測結果。
1.2發現異常或重要情資立即回報，並提供精準位置／狀態描述以利決策。
1.3與團隊保持通訊聯繫，確保資訊同步並協助上級進行情境判斷與任務指派。
2.精準操作與流程執行
2.1根據標準操作流程（SOP）進行校準設定，確保作業參數達到規範。
2.2執行關鍵操作步驟並確認結果（如對準/測試/驗證），必要時記錄數據以供品質追蹤。
2.3在異常情況啟動應變程序（暫停操作、回報、協同支援），並配合事後檢討改善流程。
3.設備保養與維護管理
3.1依保養計畫定期執行日常保養與點檢，包含清潔、潤滑、緊固等作業。
3.2建立並維護保養紀錄及設備履歷，追蹤使用狀態與耗材更換時程。
3.3發現故障或異常能進行初步排查並回報維修單位，降低停機風險。",通俗職業未收錄依UCAN對應,物料搬運機械及車輛操作人員的第一線主管,,因職務歷練，具備演訓各種狀況處置實務經驗，熟悉現場調度指揮與作業安全規範，適合擔任物料搬運機械及車輛操作人員的第一線主管，從事搬運設備操作、人員調度與作業安全維護等工作。,,建議取得勞動部「堆高機、挖土機或推土機操作技術士單一技術證」和勞動部認可之「甲種職業安全衛生業務主管證書」
,,,10技術/維修/操作,自動化機械加工技術人員,100106,具備戰車保養檢查及故障排除能力，熟悉機械結構與電控系統工作原理，適合擔任自動化機械技術人員，從事自動化機械之操作、製程機具維護與設備異常排除等工作。,,建議取得經濟部產業發展署核發之「機械加工技術士證」等相關證照
,,,10技術/維修/操作,農業及工業用機器裝修人員,100204,具備履帶車輛駕駛及保養實務經驗，熟悉大型機械檢查、維護與故障排除流程，適合擔任農業及工業用機器裝修人員，從事工業用機械設備、零組件及引擎（不含機動車與航空引擎）之安裝、檢查、維修與性能測試等工作。,應取得勞動部「重機械修護技術士」等相關證照,
,,,09品管/製造/環衛,品管檢驗人員,090105,因具備裝備保養檢查實務經驗，熟悉依標準程序執行檢查測試，適合擔任品管檢驗人員，從事根據規格檢查成品，使其符合製造標準等工作。,,建議取得中華民國品質學會「品質工程師認證」（經濟部認可）
,,,10技術/維修/操作,遙控無人機專業人員,100316,具備高價資產操作、任務執行規劃及現場判斷應變等實務經驗，熟悉裝備管理、安全規範與風險管控機制，適合擔任遙控無人機專業人員，操作無人機從事商用、空拍、監測、研究及農藥噴灑等相關工作。,應取得交通部民用航空局核發之「遙控無人機操作證」,
,,,15物流/運輸/資材,倉儲物流人員,150107,因職務歷練，具備指揮調度及軍品清點、裝卸及運輸實務經驗，熟悉物料管理流程與現場作業規範，適合擔任倉儲物流人員，從事理貨、包裝、進出貨、庫存盤點與補貨等物流管理作業。,,建議取得勞動部「堆高機操作單一技術士證」
,,,06門市/客服,專櫃／門市（人員／儲備幹部）,060203,具備遵守紀律、跨單位協作與情境應變能力，適合轉銜專櫃／門市儲備幹部，從事專櫃、賣場或店面門市內提供商品介紹及銷售服務等工作。,,建議取得勞動部核發之「門市服務技術士證」等相關證照
,,,06門市/客服,連鎖店管理人員,060205,具備軍中差勤管理、物料補給及設施環境維護等實務經驗，熟悉人員調度與突發狀況處理，適合轉銜為連鎖店管理人員，從事連鎖體系門市營運管理、人員督導與日常營運協調等工作。,,建議取得勞動部核發之「門市服務技術士證」
戰車裝填兵,3A191,"1.物料裝配與供應管理
1.1執行物料裝配與補充作業，確保流程順暢與供應不中斷。
1.2管理物料存放與領用紀錄，確保數量正確與品質符合標準。
1.3遵循安全規範進行操作，避免錯誤或意外。
2.流程操作與品質監控
2.1依照標準流程操作設備，確保運作精準有效。
2.2在操作過程中即時檢查與回報結果，協助維持品質穩定。
2.3遇到異常狀況時，能立即採取應變措施並回報，確保流程安全。
3.設備保養與環境維護
3.1定期執行設備的日常保養與檢查，維持正常運作。
3.2建立並更新維護紀錄，確保設備狀態可追溯。
3.3執行基礎故障排查與安全檢核，並落實作業環境整潔與安全管理。",10技術/維修/操作,農業及工業用機器裝修人員,100204,具備履帶車輛駕駛及保養實務經驗，熟悉大型機械檢查、維護與故障排除流程，適合擔任農業及工業用機器裝修人員，從事工業用機械設備、零組件及引擎（不含機動車與航空引擎）之安裝、檢查、維修與性能測試等工作。,應取得勞動部「重機械修護技術士」等相關證照,
,,,10技術/維修/操作,自動化機械加工技術人員,100106,具備戰車保養檢查及故障排除能力，熟悉機械結構與電控系統工作原理，適合擔任自動化機械技術人員，從事自動化機械之操作、製程機具維護與設備異常排除等工作。,,建議取得經濟部產業發展署核發之「機械加工技術士證」等相關證照
,,,09品管/製造/環衛,品管檢驗人員,090105,因具備裝備保養檢查實務經驗，熟悉依標準程序執行檢查測試，適合擔任品管檢驗人員，從事根據規格檢查成品，使其符合製造標準等工作。,,建議取得中華民國品質學會「品質工程師認證」（經濟部認可）
,,,10技術/維修/操作,遙控無人機專業人員,100316,具備高價資產操作、任務執行規劃及現場判斷應變等實務經驗，熟悉裝備管理、安全規範與風險管控機制，適合擔任遙控無人機專業人員，操作無人機從事商用、空拍、監測、研究及農藥噴灑等相關工作。,應取得交通部民用航空局核發之「遙控無人機操作證」,
,,,11營建/製圖/施作,堆高機操作員,110303,具備彈藥裝填與搬運經驗，適合擔任堆高機操作員，從事倉儲與工地物資搬運工作。,應取得勞動部「堆高機操作單一技術士證」,
,,,09品管/製造/環衛,廠務助理,090214,因於部隊長期接觸裝備保養、環境巡查、財產清點等實務工作，並具備遵守安全作業規定與流程控管能力，適合轉銜廠務助理，協助從事設施維護、環境管理等工作。,,
,,,15物流/運輸/資材,倉儲物流人員,150107,因職務歷練，具備指揮調度及軍品清點、裝卸及運輸實務經驗，熟悉物料管理流程與現場作業規範，適合擔任倉儲物流人員，從事理貨、包裝、進出貨、庫存盤點與補貨等物流管理作業。,,建議取得勞動部「堆高機操作單一技術士證」
,,,18保全/軍警消,停車場管理人員,180105,因具備職務養成之觀察警戒、場地巡檢技能，並熟悉裝備定期保養檢查與即時通報流程，適合轉銜為停車場管理人員。從事車輛進出引導、動線管制、設備檢查與環境維護工作。,,
,,,06門市/客服,專櫃／門市（人員／儲備幹部）,060203,具備遵守紀律、跨單位協作與情境應變能力，適合轉銜專櫃／門市儲備幹部，，從事專櫃、賣場或店面門市內提供商品介紹及銷售服務等工作。,,建議取得勞動部核發之「門市服務技術士證」等相關證照
,,,06門市/客服,連鎖店管理人員,060205,具備軍中差勤管理、物料補給及設施環境維護等實務經驗，熟悉人員調度與突發狀況處理，適合轉銜為連鎖店管理人員，從事連鎖體系門市營運管理、人員督導與日常營運協調等工作。,,建議取得勞動部核發之「門市服務技術士證」
戰(甲)車駕駛兵,3A212,"1.車輛運行與團隊支援
1.1執行大型/重型車輛駕駛任務，依指示完成場域移動或運輸作業。
1.2在行駛與到場過程中支援同車／同組人員之工作（如協助裝卸、現場分工）。
1.3即時回報道路、場域與車況資訊，協助指揮端做出調度或應變決策。
2.車輛操作與日常保養
2.1依作業標準執行出勤前檢查與啟動程序，確保行駛安全與合規。
2.2按既定保養計畫執行一級保養（清潔、潤滑、緊固、簡易調整），並填寫保養紀錄。
2.3發現異常進行初步排查並回報維修單位或協助安排專業維修，降低停工風險。
3.巡檢與安全防護
3.1落實工作場所安全規範與特殊環境防護（如危害物或特定防護措施），確保人員與設備安全。
3.2協助跨部門或跨場域之安全通報與應變協調，強化整體作業穩定性與風險控管。",11營建/製圖/施作,推土機、怪手操作員,110305,具備駕駛履帶車輛與跨越複雜地形能力，適合擔任推土機／怪手操作員，從事重型機具操作工作。,應取得勞動部核發之「重機械操作推土機或挖掘機」技術士證,
,,,09品管/製造/環衛,廠務助理,090214,因於部隊長期接觸裝備保養、環境巡查、財產清點等實務工作，並具備遵守安全作業規定與流程控管能力，適合轉銜廠務助理，協助從事設施維護、環境管理等工作。,,
,,,10技術/維修/操作,農業及工業用機器裝修人員,100204,具備駕駛履帶車輛及保養等經驗，適合擔任農業及工業用機器裝修人員，從事工業用機械及機器設備、零件及引擎(機動車、及飛機引擎除外)之安裝、檢查、維修、設磁之檢測等工作。,應取得勞動部「重機械修護技術士」等相關證照,
,,,10技術/維修/操作,自動化機械加工技術人員,100106,具備戰車保養檢查及故障排除能力，熟悉機械結構與電控系統工作原理，適合擔任自動化機械技術人員，從事自動化機械之操作、製程機具維護與設備異常排除等工作。,,建議取得經濟部產業發展署核發之「機械加工技術士證」等相關證照
,,,09品管/製造/環衛,品管檢驗人員,090105,因具備裝備保養檢查實務經驗，熟悉依標準程序執行檢查測試，適合擔任品管檢驗人員，從事根據規格檢查成品，使其符合製造標準等工作。,,建議取得中華民國品質學會「品質工程師認證」（經濟部認可）
,,,10技術/維修/操作,遙控無人機專業人員,100316,具備高價資產操作、任務執行規劃及現場判斷應變等實務經驗，熟悉裝備管理、安全規範與風險管控機制，適合擔任遙控無人機專業人員，操作無人機從事商用、空拍、監測、研究及農藥噴灑等相關工作。,應取得交通部民用航空局核發之「遙控無人機操作證」,
,,,06門市/客服,專櫃／門市（人員／儲備幹部）,060203,具備遵守紀律、跨單位協作、情境應變與壓力下執行能力，適合轉銜專櫃／門市儲備幹部，，從事專櫃、賣場或店面門市內提供商品介紹及銷售服務等工作。,,建議取得勞動部核發之「門市服務技術士證」等相關證照
,,,06門市/客服,連鎖店管理人員,060205,具備軍中差勤管理、物料補給及設施環境維護等實務經驗，熟悉人員調度與突發狀況處理，適合轉銜為連鎖店管理人員，從事連鎖體系門市營運管理、人員督導與日常營運協調等工作。,,建議取得勞動部核發之「門市服務技術士證」
反裝甲飛彈兵,3A114,"1.現場評估與任務執行
1.1執行現場情資蒐集與目標/風險評估，判斷優先處理項目並提出建議。
1.2根據狀況快速執行既定作業流程並協調現場人力與資源，達成任務。
1.3對異常情況採取即時應變措施並回報上級，協助後續調整作業計畫。
2.精密設備操作與監控
2.1操作並監控專業射控／導引類設備或精密系統，確保參數設定與操作符合標準。
2.2執行操作前後檢查與校正程序，記錄操作數據以利品質追蹤與稽核。
2.3在偵測到系統異常時，立即啟動應變程序（暫停、檢查、回報），並協同技術團隊處理。
3.設備保養與維護管理
3.1依照保養計畫執行日常點檢與一級維護（清潔、潤滑、緊固、基本調整），確保設備可靠度。
3.2建立並維護設備履歷與保養紀錄，追蹤耗材更換與保養週期。
3.3進行基礎故障判定並回報專業維修需求，協助安排後端維修或替換作業以降低停機風險。",10技術/維修/操作,自動化機械加工技術人員,100106,具備車輛載具保養檢查及故障排除能力，熟悉機械結構與電控系統工作原理，適合擔任自動化機械技術人員，從事自動化機械之操作、製程機具維護與設備異常排除等工作。,,建議取得經濟部產業發展署核發之「機械加工技術士證」等相關證照
,,,11營建/製圖/施作,堆高機操作員,110303,具備反裝甲飛彈裝填與搬運經驗，適合擔任堆高機操作員，負責倉儲與工地物資搬運。,應取得勞動部「堆高機操作單一技術士證」,
,,,09品管/製造/環衛,品管檢驗人員,090105,因具備裝備保養檢查實務經驗，熟悉依標準程序執行檢查測試，適合擔任品管檢驗人員，從事根據規格檢查成品，使其符合製造標準等工作。,,建議取得中華民國品質學會「品質工程師認證」（經濟部認可）
,,,09品管/製造/環衛,廠務助理,090214,因於部隊長期接觸裝備保養、環境巡查、財產清點等實務工作，並具備遵守安全作業規定與流程控管能力，適合轉銜廠務助理，協助從事設施維護、環境管理等工作。,,
,,,15物流/運輸/資材,倉儲物流人員,150107,因職務歷練，具備指揮調度及軍品清點、裝卸及運輸實務經驗，熟悉物料管理流程與現場作業規範，適合擔任倉儲物流人員，從事理貨、包裝、進出貨、庫存盤點與補貨等物流管理作業。,,建議取得勞動部「堆高機操作單一技術士證」
,,,10技術/維修/操作,遙控無人機專業人員,100316,具備高價資產操作、任務執行規劃及現場判斷應變等實務經驗，熟悉裝備管理、安全規範與風險管控機制，適合擔任遙控無人機專業人員，操作無人機從事商用、空拍、監測、研究及農藥噴灑等相關工作。,應取得交通部民用航空局核發之「遙控無人機操作證」,
,,,06門市/客服,連鎖店管理人員,060205,具備軍中差勤管理、物料補給及設施環境維護等實務經驗，熟悉人員調度與突發狀況處理，適合轉銜為連鎖店管理人員，從事連鎖體系門市營運管理、人員督導與日常營運協調等工作。,,建議取得勞動部核發之「門市服務技術士證」
,,,06門市/客服,專櫃／門市（人員／儲備幹部）,060203,具備遵守紀律、跨單位協作、情境應變與壓力下執行能力，適合轉銜專櫃／門市儲備幹部，，從事專櫃、賣場或店面門市內提供商品介紹及銷售服務等工作。,,建議取得勞動部核發之「門市服務技術士證」等相關證照
野戰砲兵官,3A31,"1.專案指揮與協調
1.1擬定專案計畫，完善規畫人力與排程，管控專案品質及進度。
1.2蒐集資訊與分析，辨識並評估風險威脅，提供高階主管行動決策建議。
1.3跨部門溝通與協調，整合內外部資源，確保專案目標達成。
2.機具設備管理
2.1確依規範執行機具設備日常檢查與保養，提升可靠度。
2.2作業時督導團隊落實機具設備各項數據蒐整與校正，確保產出品質與目標達成。
3.團隊建立與培訓
3.1維護團隊紀律與安全規範。
3.2設計並執行訓練方案，提升所屬人員專業技能。",11營建/製圖/施作,量測／儀校人員,110320,因具備砲兵觀測、測地及通信等技術，熟悉大地測量原理與器材操作，適合擔任量測／儀校人員，從事各種測量實務及協助編製測量報告等工作。,應取得內政部國土管理署核發之「測量技術士證」等相關證照,
,,,21行銷/企劃/專案,專案管理師,210304,具備任務規劃、跨部門協調與資源整合等相關實務，熟悉專案流程、任務分工與風險管控，適合擔任專案管理師，從事專案策劃及進度管控等工作。,,建議取得「國際專案管理師（PMP）認證」等相關證照
,,,21行銷/企劃/專案,營運管理師/ERP專案師,210302,具備計畫擬定與資源整合能力，適合擔任營運管理師/ERP專案師，依職務需求，從事營運流程優化、跨部門資源整合與績效追蹤等工作。,,建議取得經濟部產業發展署核發之「營運智慧分析師能力鑑定證書」等相關證照
,,,09品管/製造/環衛,品管/品保工程師,090107,具備測量數據判讀、設備操作維護及校正調整等實務經驗，熟悉測試作業流程、儀器校正機制與品質管控規範，適合擔任品管/品保主管，從事品管/品保計畫擬訂及執行等工作。,,建議取得中華民國品質學會「品質工程師認證」（經濟部認可）
,,,21行銷/企劃/專案,企業永續發展人員,210305,具備計畫擬定、風險評估與專案推動經驗，擁有流程管控、資料蒐整與跨部門溝通能力，適合轉銜企業永續發展人員，從事企業碳盤查、減碳規劃及社會責任（CSR）等相關工作。,,建議取得經濟部產業發展署「淨零碳規劃管理師」能力鑑定
,,,21行銷/企劃/專案,行銷企劃人員,210103,具備職務養成之策略規劃、跨部門溝通及資源整合能力，熟悉計畫推動與管控，並能整合多元資訊形成行動方案，適合擔任行銷企劃人員，從事品牌策略擬定、活動規劃與跨部門整合等工作。,,建議取得經濟部產業發展署iPAS「品牌企劃師能力鑑定證書」
,,,10技術/維修/操作,遙控無人機專業人員,100316,具備目標偵查與無人機操作實務經驗，適合擔任遙控無人機專業人員，從事無人機操作執行商用、空拍、監測、研究、農藥噴灑等相關工作。,應取得交通部民用航空局核發之「遙控無人機操作證」,
,,,03人資/法務/智財,教育訓練人員,030104,因具備部隊訓練規劃、課程實施及參與鑑測之實務經驗，熟悉訓練規劃與評量流程，適合轉銜為教育訓練人員，從事企業內部課程開發規劃等人才培育相關工作。,,
砲兵雷達觀測官,2A61,"1.專案指揮與協調
1.1規劃測試或監測專案並分配任務。
1.2蒐集觀測數據並形成決策建議。
1.3協調跨部門資訊傳遞與應變處置。
2.設備管理
2.1督導電子設備的安裝、操作與檢測。
2.2監控設備運行數據，進行校準與修正。
2.3建立維護流程，確保設備穩定性與可靠度。",10技術/維修/操作,電子設備裝修技術員,100208,具備雷達器材的裝設與操作等實務經驗，適合擔任電子設備裝修技術員，從事各種電子設備如無線電、雷達設備、電子計算機及附件等之裝配、調整、修理、檢查及試驗工作。,,建議取得勞動部「儀表電子」或「電力電子」技術士證等相關證照
,,,10技術/維修/操作,電機技術人員,100102,熟悉雷達之構造性能，具備精密裝備操作實務經驗，適合擔任電機技術人員，從事電機設備之設計、發展、構建、裝設、保養、修理等技術工作。,,建議取得經濟部產業發展署核發之「配電線路裝修」、「工業配線」或「室內配線」技術士證
,,,07工程/研發/生技,RF通訊工程師,070110,具備通訊系統整合、訊號分析判斷及跨單位協調等實務經驗，熟悉無線通訊原理、訊號傳輸機制與系統運作架構，適合擔任RF通訊工程師，從事無線通訊系統設計與訊號分析工作。。,,建議取得經濟部產業發展署認證之「天線設計工程師能力鑑定證書」
,,,11營建/製圖/施作,量測／儀校人員,110320,因具備砲兵觀測、測地及通信等技術，熟悉大地測量原理與器材操作，適合擔任量測／儀校人員，從事各種測量實務及協助編製測量報告等工作。,應取得內政部國土管理署核發之「測量技術士證」等相關證照,
,,,21行銷/企劃/專案,行銷企劃人員,210103,具備職務養成之策略規劃、跨部門溝通及資源整合能力，熟悉計畫推動與管控，並能整合多元資訊形成行動方案，適合擔任行銷企劃人員，從事品牌策略擬定、活動規劃與跨部門整合等工作。,,建議取得經濟部產業發展署iPAS「品牌企劃師能力鑑定證書」
,,,10技術/維修/操作,遙控無人機專業人員,100316,具備目標偵查與無人機操作實務經驗，適合擔任遙控無人機專業人員，從事無人機操作執行商用、空拍、監測、研究、農藥噴灑等相關工作。,應取得交通部民用航空局核發之「遙控無人機操作證」,
,,,09品管/製造/環衛,品管/品保工程師,090107,具備測量數據判讀、設備操作維護及校正調整等實務經驗，熟悉測試作業流程、儀器校正機制與品質管控規範，適合擔任品管/品保主管，從事品管/品保計畫擬訂及執行等工作。,,建議取得中華民國品質學會「品質工程師認證」（經濟部認可）
,,,21行銷/企劃/專案,專案管理師,210304,具備任務規劃、跨部門協調與資源整合等相關實務，熟悉專案流程、任務分工與風險管控，適合擔任專案管理師，從事專案策劃及進度管控等工作。,,建議取得「國際專案管理師（PMP）認證」等相關證照
野戰砲兵,3A251,"1.裝備操作與維護
1.1操作與使用各類專業設備，確保功能正常。
1.2執行日常保養與故障排除。
1.3管理設備與物料存放，維護紀錄完整。
2.安全管理
2.1落實物料儲存與運輸的安全規範。
2.2執行作業現場安全檢查，確保合規。
2.3制定與遵循標準作業流程，降低作業風險。
3.勤務支援
3.1協助完成基礎設施搭建與作業場地準備。
3.2執行巡查、警戒與狀況通報工作。
3.3提供團隊日常作業與後勤支援。",11營建/製圖/施作,營建施工人員,110301,具備協助野戰工事構築與陣地施工經驗，適合擔任營建施工人員，從事營建施工。,,建議取得勞動部「泥水技術士證」等相關證照
,,,09品管/製造/環衛,廠務助理,090214,因於部隊長期接觸裝備保養、環境巡查、財產清點等實務工作，並具備遵守安全作業規定與流程控管能力，適合轉銜廠務助理，協助從事設施維護、環境管理等工作。,,
,,,10技術/維修/操作,遙控無人機專業人員,100316,具備目標偵查與無人機操作實務經驗，適合擔任遙控無人機專業人員，從事無人機操作執行商用、空拍、監測、研究、農藥噴灑等相關工作。,應取得交通部民用航空局核發之「遙控無人機操作證」,
,,,09品管/製造/環衛,品管檢驗人員,090105,因具備裝備保養檢查實務經驗，熟悉依標準程序執行檢查測試，適合擔任品管檢驗人員，從事根據規格檢查成品，使其符合製造標準等工作。,,建議取得中華民國品質學會「品質工程師認證」（經濟部認可）
,,,15物流/運輸/資材,倉儲物流人員,150107,因職務歷練，具備指揮調度及軍品清點、裝卸及運輸實務經驗，熟悉物料管理流程與現場作業規範，適合擔任倉儲物流人員，從事理貨、包裝、進出貨、庫存盤點與補貨等物流管理作業。,,建議取得勞動部「堆高機操作單一技術士證」
,,,18保全/軍警消,工地、倉庫監守員,180103,具備觀察及巡邏實務經驗，熟悉狀況回報及緊急處置流程；適合擔任工地或倉庫監守員，從事工地及倉庫巡邏，防衛非法侵入、竊盜、火災等工作。,,
,,,06門市/客服,連鎖店管理人員,060205,具備軍中差勤管理、物料補給及設施環境維護等實務經驗，熟悉人員調度與突發狀況處理，適合轉銜為連鎖店管理人員，從事連鎖體系門市營運管理、人員督導與日常營運協調等工作。,,建議取得勞動部核發之「門市服務技術士證」
,,,06門市/客服,專櫃／門市（人員／儲備幹部）,060203,具備遵守紀律、跨單位協作、情境應變與壓力下執行能力，適合轉銜專櫃／門市儲備幹部，，從事專櫃、賣場或店面門市內提供商品介紹及銷售服務等工作。,,建議取得勞動部核發之「門市服務技術士證」等相關證照
野戰砲水平計算兵,3A252,"1.測繪製圖與資料標定
1.1依圖資／現地資料完成目標與基準點標定。
1.2量取方位、距離與高差，生成標準製圖要件。
1.3維護圖資／器材與版本控管、留存可追溯紀錄。
2.量測計算與誤差校正
2.1依規格表計算核心參數並實施核校。
2.2針對環境與量測條件進行修正並記載原因。
2.3輸出標準化參數表，落版存檔與變更管制。
3.通信口令與文件管理
3.1依標準格式把數值轉寫成可操作口令／作業指示。
3.2通聯下達與回讀確認，保證零遺漏。
3.3填寫、歸檔各式紀錄表，確保稽核可追溯。",11營建/製圖/施作,量測／儀校人員,110320,因具備砲兵觀測、測地及通信等技術，熟悉大地測量原理與器材操作，適合擔任量測／儀校人員，從事各種測量實務及協助編製測量報告等工作。,應取得內政部國土管理署核發之「測量技術士證」等相關證照,
,,,09品管/製造/環衛,廠務助理,090214,因於部隊長期接觸裝備保養、環境巡查、財產清點等實務工作，並具備遵守安全作業規定與流程控管能力，適合轉銜廠務助理，協助從事設施維護、環境管理等工作。,,
,,,10技術/維修/操作,遙控無人機專業人員,100316,具備目標偵查與無人機操作實務經驗，適合擔任遙控無人機專業人員，從事無人機操作執行商用、空拍、監測、研究、農藥噴灑等相關工作。,應取得交通部民用航空局核發之「遙控無人機操作證」,
,,,09品管/製造/環衛,品管檢驗人員,090105,因具備裝備保養檢查實務經驗，熟悉依標準程序執行檢查測試，適合擔任品管檢驗人員，從事根據規格檢查成品，使其符合製造標準等工作。,,建議取得中華民國品質學會「品質工程師認證」（經濟部認可）
,,,15物流/運輸/資材,倉儲物流人員,150107,因職務歷練，具備指揮調度及軍品清點、裝卸及運輸實務經驗，熟悉物料管理流程與現場作業規範，適合擔任倉儲物流人員，從事理貨、包裝、進出貨、庫存盤點與補貨等物流管理作業。,,建議取得勞動部「堆高機操作單一技術士證」
,,,06門市/客服,連鎖店管理人員,060205,具備軍中差勤管理、物料補給及設施環境維護等實務經驗，熟悉人員調度與突發狀況處理，適合轉銜為連鎖店管理人員，從事連鎖體系門市營運管理、人員督導與日常營運協調等工作。,,建議取得勞動部核發之「門市服務技術士證」
,,,06門市/客服,專櫃／門市（人員／儲備幹部）,060203,具備遵守紀律、跨單位協作、情境應變與壓力下執行能力，適合轉銜專櫃／門市儲備幹部，依職務需求，，從事專櫃、賣場或店面門市內提供商品介紹及銷售服務等工作。,,建議取得勞動部核發之「門市服務技術士證」等相關證照
,,,18保全/軍警消,工地、倉庫監守員,180103,具備觀察及巡邏實務經驗，熟悉狀況回報及緊急處置流程；適合擔任工地或倉庫監守員，從事工地及倉庫巡邏，防衛非法侵入、竊盜、火災等工作。,,
火箭兵,3A261,"1.數據計算與校正
1.1使用專業軟體進行數據計算與修正。
1.2根據現場情況快速調整工程參數。
1.3確保數據結果符合標準與安全規範。
2.測量與定位操作
2.1使用全站儀、水平儀進行地形測量。
2.2判讀地圖與坐標，確保定位精準。
2.3製作測量報告與記錄，供工程決策。
3.作業支援與協調
3.1提供測量數據支援工程放樣。
3.2協助施工團隊進行場地檢測。
3.3維護儀器設備正常運作。",11營建/製圖/施作,量測／儀校人員,110320,因具備砲兵觀測、測地及通信等技術，熟悉大地測量原理與器材操作，適合擔任量測／儀校人員，從事各種測量實務及協助編製測量報告等工作。,應取得內政部國土管理署核發之「測量技術士證」等相關證照,
,,,11營建/製圖/施作,營建施工人員,110301,具備協助野戰工事構築與陣地施工經驗，適合擔任營建施工人員，從事營建施工。,,建議取得勞動部「泥水技術士證」等相關證照
,,,09品管/製造/環衛,廠務助理,090214,因於部隊長期接觸裝備保養、環境巡查、財產清點等實務工作，並具備遵守安全作業規定與流程控管能力，適合轉銜廠務助理，協助從事設施維護、環境管理等工作。,,
,,,09品管/製造/環衛,品管檢驗人員,090105,因具備裝備保養檢查實務經驗，熟悉依標準程序執行檢查測試，適合擔任品管檢驗人員，從事根據規格檢查成品，使其符合製造標準等工作。,,建議取得中華民國品質學會「品質工程師認證」（經濟部認可）
,,,10技術/維修/操作,遙控無人機專業人員,100316,具備目標偵查與無人機操作實務經驗，適合擔任遙控無人機專業人員，從事無人機操作執行商用、空拍、監測、研究、農藥噴灑等相關工作。,應取得交通部民用航空局核發之「遙控無人機操作證」,
,,,15物流/運輸/資材,倉儲物流人員,150107,因職務歷練，具備指揮調度及軍品清點、裝卸及運輸實務經驗，熟悉物料管理流程與現場作業規範，適合擔任倉儲物流人員，從事理貨、包裝、進出貨、庫存盤點與補貨等物流管理作業。,,建議取得勞動部「堆高機操作單一技術士證」
,,,06門市/客服,連鎖店管理人員,060205,具備軍中差勤管理、物料補給及設施環境維護等實務經驗，熟悉人員調度與突發狀況處理，適合轉銜為連鎖店管理人員，從事連鎖體系門市營運管理、人員督導與日常營運協調等工作。,,建議取得勞動部核發之「門市服務技術士證」
,,,06門市/客服,專櫃／門市（人員／儲備幹部）,060203,具備遵守紀律、跨單位協作、情境應變與壓力下執行能力，適合轉銜專櫃／門市儲備幹部，，從事專櫃、賣場或店面門市內提供商品介紹及銷售服務等工作。,,建議取得勞動部核發之「門市服務技術士證」等相關證照
砲兵作戰士,3A295,"1.現場管理與支援協調
1.1執行機械或設備操作，依照標準程序完成任務。
1.2確保作業精準度，依照數據或指令修正操作。
1.3配合現場需求，進行快速反應與作業支援。
2.裝備維護與檢測
2.1執行日常保養與檢修，確保設備可用性。
2.2發現異常狀況並提出報告或簡易排除。
2.3依規範進行工具與裝備的安全檢查。
3.團隊協作與安全控管
3.1依指令分工完成集體作業流程。
3.2配合現場安全規範，落實風險防護。
3.3協助培訓與帶領新進人員完成作業。",11營建/製圖/施作,量測／儀校人員,110320,因具備砲兵觀測、測地及通信等技術，熟悉大地測量原理與器材操作，適合擔任量測／儀校人員，從事各種測量實務及協助編製測量報告等工作。,應取得內政部國土管理署核發之「測量技術士證」等相關證照,
,,,09品管/製造/環衛,測試校正人員,090104,具備測量數據判讀、設備操作維護及校正調整等實務經驗，熟悉測試作業流程、儀器校正機制與品質管控規範，適合擔任測試校正人員；從事設備測試與校正管理工作。,,
,,,01經營/行政/總務,行政總務人員,010302,具備資料蒐整及文書處理實務經驗，適合擔任行政總務人員，從事一般行政業務或總務庶務與跨單位後勤支援等工作。,,建議取得勞動部辦理技能檢定之「電腦軟體應用技術士證)」
,,,14教育/學術/研究,研究助理,140202,具備資料蒐整及文書處理實務經驗，適合擔任研究助理，從事資料蒐整、報告撰寫與研究支援任務。,,建議取得勞動部辦理技能檢定之「電腦軟體應用技術士證」等相關證照
,,,10技術/維修/操作,遙控無人機專業人員,100316,具備目標偵查與無人機操作實務經驗，適合擔任遙控無人機專業人員，從事無人機操作執行商用、空拍、監測、研究、農藥噴灑等相關工作。,應取得交通部民用航空局核發之「遙控無人機操作證」,
,,,06門市/客服,專櫃／門市（人員／儲備幹部）,060203,具備遵守紀律、跨單位協作、情境應變與壓力下執行能力，適合轉銜專櫃／門市儲備幹部，依職務需求，，從事專櫃、賣場或店面門市內提供商品介紹及銷售服務等工作。,,建議取得勞動部核發之「門市服務技術士證」等相關證照
,,,06門市/客服,連鎖店管理人員,060205,具備軍中差勤管理、物料補給及設施環境維護等實務經驗，熟悉人員調度與突發狀況處理，適合轉銜為連鎖店管理人員，從事連鎖體系門市營運管理、人員督導與日常營運協調等工作。,,建議取得勞動部核發之「門市服務技術士證」
砲兵射擊士,3A302,"1.數據計算與精準分析
1.1執行數據收集與分析，確保作業精準度。
1.2依據測量或環境資料，快速轉換運算結果。
1.3校對資料，確保決策資訊無誤。
2.測繪與環境資訊應用
2.1使用測量工具，蒐集地形與環境數據。
2.2將測地與氣象資訊轉換為操作參數。
2.3協助規劃現場作業位置與操作範圍。
3.流程控制與檢核
3.1依標準程序進行作業檢核。
3.2將計算數據轉化為作業指令。
3.3協助訓練新進人員，提升操作精準度。",11營建/製圖/施作,量測／儀校人員,110320,因具備砲兵觀測、測地及通信等技術，熟悉大地測量原理與器材操作，適合擔任量測／儀校人員，從事各種測量實務及協助編製測量報告等工作。,應取得內政部國土管理署核發之「測量技術士證」等相關證照,
,,,09品管/製造/環衛,測試校正人員,090104,具備測量數據判讀、設備操作維護及校正調整等實務經驗，熟悉測試作業流程、儀器校正機制與品質管控規範，適合擔任測試校正人員；從事設備測試與校正管理工作。,,
,,,14教育/學術/研究,研究助理,140202,具備資料蒐整及文書處理實務經驗，適合擔任研究助理，從事資料蒐整、報告撰寫與研究支援任務。,,建議取得勞動部辦理技能檢定之「電腦軟體應用技術士證」等相關證照
,,,10技術/維修/操作,遙控無人機專業人員,100316,具備目標偵查與無人機操作實務經驗，適合擔任遙控無人機專業人員，從事無人機操作執行商用、空拍、監測、研究、農藥噴灑等相關工作。,應取得交通部民用航空局核發之「遙控無人機操作證」,
,,,10技術/維修/操作,電子設備裝修技術員,100208,熟悉系統操作與通信裝備操作經驗，適合電子設備裝修技術員，從事各種電子設備如無線電、雷達、電子醫療設備、電子計算機及附件等之裝配、調整、修理、檢查及試驗工作。,,建議取得勞動部「電器修護技術士檢定」等相關證照
,,,15物流/運輸/資材,倉儲物流人員,150107,因職務歷練，具備指揮調度及軍品清點、裝卸及運輸實務經驗，熟悉物料管理流程與現場作業規範，適合擔任倉儲物流人員，從事理貨、包裝、進出貨、庫存盤點與補貨等物流管理作業。,,建議取得勞動部「堆高機操作單一技術士證」
,,,06門市/客服,專櫃／門市（人員／儲備幹部）,060203,具備遵守紀律、跨單位協作、情境應變與壓力下執行能力，適合轉銜專櫃／門市儲備幹部，依職務需求，，從事專櫃、賣場或店面門市內提供商品介紹及銷售服務等工作。,,建議取得勞動部核發之「門市服務技術士證」等相關證照
,,,06門市/客服,連鎖店管理人員,060205,具備軍中差勤管理、物料補給及設施環境維護等實務經驗，熟悉人員調度與突發狀況處理，適合轉銜為連鎖店管理人員，從事連鎖體系門市營運管理、人員督導與日常營運協調等工作。,,建議取得勞動部核發之「門市服務技術士證」
砲兵雷達兵,3A302,"1.電子設備操作與監控
1.1依標準流程啟動並監控電子設備。
1.2辨識與過濾異常訊號，確保監測精度。
1.3記錄設備運作數據，回報異常狀況。
2.訊號分析與通報
2.1判斷訊號來源與目標特性。
2.2即時將分析結果傳遞至決策單位。
2.3協助跨部門資訊共享與協調。
3.訊號分析與通報
3.1執行日常檢查與模組更換。
3.2測試電纜與連線，確認正常運作。
3.3依據故障代碼或手冊進行初步排除。",10技術/維修/操作,電子設備裝修技術員,100208,具備雷達器材的裝設與操作等實務經驗，適合擔任電子設備裝修技術員，從事各種電子設備如無線電、雷達設備、電子計算機及附件等之裝配、調整、修理、檢查及試驗工作。,,建議取得勞動部「儀表電子或電力電子技術士證」等相關證照
,,,10技術/維修/操作,電機技術人員,100102,熟悉雷達之構造性能，具備精密裝備操作實務經驗，適合擔任電機技術人員，從事電機設備之設計、發展、構建、裝設、保養、修理等技術工作。,,建議取得經濟部產業發展署核發之「配電線路裝修」、「工業配線」或「室內配線」技術士證
,,,11營建/製圖/施作,量測／儀校人員,110320,因具備砲兵觀測、測地及通信等技術，熟悉大地測量原理與器材操作，適合擔任量測／儀校人員，從事各種測量實務及協助編製測量報告等工作。,應取得內政部國土管理署核發之「測量技術士證」等相關證照,
,,,09品管/製造/環衛,測試校正人員,090104,具備測量數據判讀、設備操作維護及校正調整等實務經驗，熟悉測試作業流程、儀器校正機制與品質管控規範，適合擔任測試校正人員；從事設備測試與校正管理工作。,,
,,,10技術/維修/操作,遙控無人機專業人員,100316,具備目標偵查與無人機操作實務經驗，適合擔任遙控無人機專業人員，從事無人機操作執行商用、空拍、監測、研究、農藥噴灑等相關工作。,應取得交通部民用航空局核發之「遙控無人機操作證」,
,,,15物流/運輸/資材,倉儲物流人員,150107,因職務歷練，具備指揮調度及軍品清點、裝卸及運輸實務經驗，熟悉物料管理流程與現場作業規範，適合擔任倉儲物流人員，從事理貨、包裝、進出貨、庫存盤點與補貨等物流管理作業。,,建議取得勞動部「堆高機操作單一技術士證」
,,,06門市/客服,連鎖店管理人員,060205,具備軍中差勤管理、物料補給及設施環境維護等實務經驗，熟悉人員調度與突發狀況處理，適合轉銜為連鎖店管理人員，從事連鎖體系門市營運管理、人員督導與日常營運協調等工作。,,建議取得勞動部核發之「門市服務技術士證」
,,,06門市/客服,專櫃／門市（人員／儲備幹部）,060203,具備遵守紀律、跨單位協作、情境應變與壓力下執行能力，適合轉銜專櫃／門市儲備幹部，依職務需求，，從事專櫃、賣場或店面門市內提供商品介紹及銷售服務等工作。,,建議取得勞動部核發之「門市服務技術士證」等相關證照
砲兵雷達士,3A275,"1.通訊與監測作業
1.1設置與操作監控／通訊設備。
1.2進行數據判讀與異常訊號分析。
1.3回報監測結果並支援決策。
2.設備維護與檢修
2.1執行例行開機測試與狀況檢查。
2.2使用檢測工具排除基本故障。
2.3協助模組更換與送修。
3.人員訓練與技術指導
3.1規劃操作流程並進行訓練。
3.2安排實作演練與技能檢核。
3.3提供技術輔導與錯誤修正。",10技術/維修/操作,電機技術人員,100102,熟悉雷達之構造性能，具備精密裝備操作實務經驗，適合擔任電機技術人員，從事電機設備之設計、發展、構建、裝設、保養、修理等技術工作。,,建議取得經濟部產業發展署核發之「配電線路裝修」、「工業配線」或「室內配線」技術士證
,,,10技術/維修/操作,電子設備裝修技術員,100208,具備雷達器材的保養與簡易修護等實務經驗，適合擔任電子設備裝修技術員，從事各種電子設備如無線電、雷達、電子醫療設備、電子計算機及附件等之裝配、調整、修理、檢查及試驗工作。,,建議取得勞動部「儀表電子或電力電子技術士證」等相關證照
,,,11營建/製圖/施作,量測／儀校人員,110320,因具備砲兵觀測、測地及通信等技術，熟悉大地測量原理與器材操作，適合擔任量測／儀校人員，從事各種測量實務及協助編製測量報告等工作。,應取得內政部國土管理署核發之「測量技術士證」等相關證照,
,,,09品管/製造/環衛,測試校正人員,090104,具備測量數據判讀、設備操作維護及校正調整等實務經驗，熟悉測試作業流程、儀器校正機制與品質管控規範，適合擔任測試校正人員；從事設備測試與校正管理工作。,,
,,,10技術/維修/操作,遙控無人機專業人員,100316,具備目標偵查與無人機操作實務經驗，適合擔任遙控無人機專業人員，從事無人機操作執行商用、空拍、監測、研究、農藥噴灑等相關工作。,應取得交通部民用航空局核發之「遙控無人機操作證」,
,,,06門市/客服,連鎖店管理人員,060205,具備軍中差勤管理、物料補給及設施環境維護等實務經驗，熟悉人員調度與突發狀況處理，適合轉銜為連鎖店管理人員，從事連鎖體系門市營運管理、人員督導與日常營運協調等工作。,,建議取得勞動部核發之「門市服務技術士證」
,,,06門市/客服,專櫃／門市（人員／儲備幹部）,060203,具備遵守紀律、跨單位協作、情境應變與壓力下執行能力，適合轉銜專櫃／門市儲備幹部，依職務需求，，從事專櫃、賣場或店面門市內提供商品介紹及銷售服務等工作。,,建議取得勞動部核發之「門市服務技術士證」等相關證照
野砲測地兵,3A322,"1.測量與定位作業
1.1操作測量儀器進行坐標與地形測定。
1.2建立測量基準點與目標定位資料。
1.3進行數據比對與精度檢查，確保定位正確。
2.設備管理與維護
2.1執行測量設備之保養、校正與性能檢查。
2.2記錄儀器使用狀況與維修需求。
3.作業支援與安全控管
3.1支援作業場地布署與安全管制。
3.2執行任務現場安全警戒與狀況通報。",11營建/製圖/施作,量測／儀校人員,110320,因具備砲兵觀測、測地及通信等技術，熟悉大地測量原理與器材操作，適合擔任量測／儀校人員，從事各種測量實務及協助編製測量報告等工作。,應取得內政部國土管理署核發之「測量技術士證」等相關證照,
,,,11營建/製圖/施作,營建施工人員,110301,具備協助野戰工事構築與陣地施工經驗，適合擔任營建施工人員，從事營建施工。,,建議取得勞動部「泥水技術士證」等相關證照
,,,09品管/製造/環衛,測試校正人員,090104,具備測量數據判讀、設備操作維護及校正調整等實務經驗，熟悉測試作業流程、儀器校正機制與品質管控規範，適合擔任測試校正人員；從事設備測試與校正管理工作。,,
,,,10技術/維修/操作,遙控無人機專業人員,100316,具備目標偵查與無人機操作實務經驗，適合擔任遙控無人機專業人員，從事無人機操作執行商用、空拍、監測、研究、農藥噴灑等相關工作。,應取得交通部民用航空局核發之「遙控無人機操作證」,
,,,15物流/運輸/資材,倉儲物流人員,150107,因職務歷練，具備指揮調度及軍品清點、裝卸及運輸實務經驗，熟悉物料管理流程與現場作業規範，適合擔任倉儲物流人員，從事理貨、包裝、進出貨、庫存盤點與補貨等物流管理作業。,,建議取得勞動部「堆高機操作單一技術士證」
,,,18保全/軍警消,工地、倉庫監守員,180103,具備觀察及巡邏實務經驗，熟悉狀況回報及緊急處置流程；適合擔任工地或倉庫監守員，從事工地及倉庫巡邏，防衛非法侵入、竊盜、火災等工作。,,
,,,06門市/客服,連鎖店管理人員,060205,具備軍中差勤管理、物料補給及設施環境維護等實務經驗，熟悉人員調度與突發狀況處理，適合轉銜為連鎖店管理人員，從事連鎖體系門市營運管理、人員督導與日常營運協調等工作。,,建議取得勞動部核發之「門市服務技術士證」
,,,06門市/客服,專櫃／門市（人員／儲備幹部）,060203,具備遵守紀律、跨單位協作、情境應變與壓力下執行能力，適合轉銜專櫃／門市儲備幹部，，從事專櫃、賣場或店面門市內提供商品介紹及銷售服務等工作。,,建議取得勞動部核發之「門市服務技術士證」等相關證照
防空槍砲兵,3A351,"1.設備操作與維護
1.1操作與保養大型機械或設備。
1.2執行例行檢修與故障排除。
1.3確保設備依標準流程正常運作。
2.安全管理與倉儲物流
2.1規劃物資安全儲運流程。
2.2執行危險品管理與安全檢查。
3.情報傳遞與應變管理
3.1執行警報系統操作與狀況通報。
3.2協調跨單位資訊傳遞。",10技術/維修/操作,遙控無人機專業人員,100316,具備目標偵查與無人機操作實務經驗，適合擔任遙控無人機專業人員，從事無人機操作執行商用、空拍、監測、研究、農藥噴灑等相關工作。,應取得交通部民用航空局核發之「遙控無人機操作證」,
,,,11營建/製圖/施作,營建施工人員,110301,具備協助野戰工事構築與陣地施工經驗，適合擔任營建施工人員，從事營建施工。,,建議取得勞動部「泥水技術士證」等相關證照
,,,09品管/製造/環衛,測試校正人員,090104,具備測量數據判讀、設備操作維護及校正調整等實務經驗，熟悉測試作業流程、儀器校正機制與品質管控規範，適合擔任測試校正人員；從事設備測試與校正管理工作。,,
,,,15物流/運輸/資材,倉儲物流人員,150107,因職務歷練，具備指揮調度及軍品清點、裝卸及運輸實務經驗，熟悉物料管理流程與現場作業規範，適合擔任倉儲物流人員，從事理貨、包裝、進出貨、庫存盤點與補貨等物流管理作業。,,建議取得勞動部「堆高機操作單一技術士證」
,,,18保全/軍警消,工地、倉庫監守員,180103,具備觀察及巡邏實務經驗，熟悉狀況回報及緊急處置流程；適合擔任工地或倉庫監守員，從事工地及倉庫巡邏，防衛非法侵入、竊盜、火災等工作。,,
,,,06門市/客服,連鎖店管理人員,060205,具備軍中差勤管理、物料補給及設施環境維護等實務經驗，熟悉人員調度與突發狀況處理，適合轉銜為連鎖店管理人員，從事連鎖體系門市營運管理、人員督導與日常營運協調等工作。,,建議取得勞動部核發之「門市服務技術士證」
,,,06門市/客服,專櫃／門市（人員／儲備幹部）,060203,具備遵守紀律、跨單位協作、情境應變與壓力下執行能力，適合轉銜專櫃／門市儲備幹部，依職務需求，，從事專櫃、賣場或店面門市內提供商品介紹及銷售服務等工作。,,建議取得勞動部核發之「門市服務技術士證」等相關證照
無後座力砲領導士,AA524,"1.基層訓練與人員管理
1.1規劃並執行在職訓練與操作演練，提升團隊作業技能與反應速度。
1.2檢核人員資格與操作能力，建立培訓紀錄與追蹤改善計畫。
1.3安排值班與任務分工，監督工作表現並提供操作指導與回饋。
2.設備運用與維管
2.1管理設備之日常保管與例行維護，確保設備處於可用狀態。
2.2建立並維護設備履歷與耗材清單，規劃更換時程以降低停機風險。
2.3實施操作前檢查與安全確認，落實作業安全標準與防護程序。
3.參數設定與現場校準
3.1負責操作參數的設定與校準，確保設備運作符合作業規範。
3.2監測運作數據並紀錄觀測結果，據以調整參數或提出改善建議。
3.3偵測異常立即啟動應變程序（暫停、檢查、回報），並協調技術支援。",09品管/製造/環衛,測試校正人員,090104,具備測量數據判讀、設備操作維護及校正調整等實務經驗，熟悉測試作業流程、儀器校正機制與品質管控規範，適合擔任測試校正人員；從事設備測試與校正管理工作。,,
,,,03人資/法務/智財,教育訓練人員,030104,因具備部隊訓練規劃、課程實施及參與鑑測之實務經驗，熟悉訓練規劃與評量流程，適合轉銜為教育訓練人員，從事企業內部課程開發規劃等人才培育相關工作。,,
,,,09品管/製造/環衛,廠務,090220,因於部隊長期接觸裝備保養、環境巡查、財產清點等實務工作，並具備遵守安全作業規定與流程控管能力，適合轉銜廠務，協助從事設施維護、環境管理等工作。,,
,,,16旅遊/餐飲/休閒,運動教練,160301,因職務歷練，具備部隊體能訓練實務經驗，熟悉體能鍛鍊要領與訓練安全規範，適合擔任運動教練，從事體能訓練指導與運動教學相關工作。,應取得運動部「國民體適能指導員初級證書」、「運動部學校專任運動教練初級證書」或「運動防護員證書」,
,,,10技術/維修/操作,遙控無人機專業人員,100316,具備目標偵查與無人機操作實務經驗，適合擔任遙控無人機專業人員，從事無人機操作執行商用、空拍、監測、研究、農藥噴灑等相關工作。,應取得交通部民用航空局核發之「遙控無人機操作證」,
,,,15物流/運輸/資材,倉儲物流人員,150107,因職務歷練具備指揮調度及軍品清點、裝卸及運輸實務經驗，熟悉物料管理流程與現場作業規範，適合擔任倉儲物流人員，從事理貨、包裝、進出貨、庫存盤點與補貨等物流管理作業。,,建議取得勞動部「堆高機操作單一技術士證」
,,,06門市/客服,連鎖店管理人員,060205,具備軍中差勤管理、物料補給及設施環境維護等實務經驗，熟悉人員調度與突發狀況處理，適合轉銜為連鎖店管理人員，從事連鎖體系門市營運管理、人員督導與日常營運協調等工作。,,建議取得勞動部核發之「門市服務技術士證」
,,,06門市/客服,賣場（人員／儲備幹部）,060202,因職務歷練具備物品清點、庫存整理與基礎行政協作能力，適合轉銜為賣場儲備幹部，負責收銀、商品陳列、補貨與顧客服務等作業，並逐步培養營運管理與團隊領導能力。,,
無後座力砲兵,3A172,"1.物料與消耗品管理
1.1執行耗材（例如彈藥類比之消耗品）的接收、驗收與安全存放，確保規格與數量符合需求。
1.2管理領用紀錄與庫存週轉，定期盤點並提出補充或採購需求。
1.3落實儲運安全規範（含危險物品處理流程），降低運輸與儲存風險。
2.操作支援與流程執行
2.1按照標準作業程序執行操作支援（裝配/上料/位置調整），確保流程精準、無誤。
2.2協助關鍵作業步驟（如定位、組裝、測試），並回報。
2.3發現異常立即採取應變（暫停、檢查、回報），並協助紀錄與後續處理。
3.現場部署與安全維護
3.1規劃並執行作業現場動線及設備位置，確保操作便利與安全。
3.2進行現場巡查與風險辨識，發現安全隱患立即處置或通報管理單位。
3.3協調值班/聯絡機制與跨單位通訊，保持現場運作連續性並支援突發事件應變。",09品管/製造/環衛,測試校正人員,090104,具備測量數據判讀、設備操作維護及校正調整等實務經驗，熟悉測試作業流程、儀器校正機制與品質管控規範，適合擔任測試校正人員；從事設備測試與校正管理工作。,,
,,,09品管/製造/環衛,廠務助理,090214,因於部隊長期接觸裝備保養、環境巡查、財產清點等實務工作，並具備遵守安全作業規定與流程控管能力，適合轉銜廠務助理，協助從事設施維護、環境管理等工作。,,
,,,10技術/維修/操作,遙控無人機專業人員,100316,具備目標偵查與無人機操作實務經驗，適合擔任遙控無人機專業人員，從事無人機操作執行商用、空拍、監測、研究、農藥噴灑等相關工作。,應取得交通部民用航空局核發之「遙控無人機操作證」,
,,,15物流/運輸/資材,倉儲物流人員,150107,因職務歷練，具備指揮調度及軍品清點、裝卸及運輸實務經驗，熟悉物料管理流程與現場作業規範，適合擔任倉儲物流人員，從事理貨、包裝、進出貨、庫存盤點與補貨等物流管理作業。,,建議取得勞動部「堆高機操作單一技術士證」
,,,18保全/軍警消,工地、倉庫監守員,180103,具備觀察及巡邏實務經驗，熟悉狀況回報及緊急處置流程；適合擔任工地或倉庫監守員，從事工地及倉庫巡邏，防衛非法侵入、竊盜、火災等工作。,,
,,,06門市/客服,連鎖店管理人員,060205,具備軍中差勤管理、物料補給及設施環境維護等實務經驗，熟悉人員調度與突發狀況處理，適合轉銜為連鎖店管理人員，從事連鎖體系門市營運管理、人員督導與日常營運協調等工作。,,建議取得勞動部核發之「門市服務技術士證」
,,,06門市/客服,專櫃／門市（人員／儲備幹部）,060203,具備遵守紀律、跨單位協作、情境應變與壓力下執行能力，適合轉銜專櫃／門市儲備幹部，，從事專櫃、賣場或店面門市內提供商品介紹及銷售服務等工作。,,建議取得勞動部核發之「門市服務技術士證」等相關證照
飛彈發射兵,3A362,"1.專案執行與操作管理
1.1依標準作業流程（SOP）操作大型設備或系統，確保運轉正確。
1.2進行作業前檢查與狀態確認，並完成操作紀錄。
1.3協調人員分工與任務時程，確保作業如期完成。
2.安全維護與風險控管
2.1執行設備搬運、入庫與設置，確保作業安全與規範符合。
2.2實施防護措施（如遮蔽、隔離、防爆），降低危險品或高風險作業之風險。
2.3定期檢查安全設施與作業環境，提出改善建議。
3.設備保養與維修管理
3.1依計畫進行例行保養（清潔、潤滑、測試），確保設備良好狀態。
3.2進行故障排查與基礎修護，記錄維修紀錄與更換零件情形。
3.3建立設備使用與維護紀錄，追蹤壽命週期與效能。",11營建/製圖/施作,吊車、起重機操作員,110304,具備飛彈裝備保養、器材清點及軍品裝卸實務經驗，適合擔任吊車、起重機操作員，從事吊車及其他起重設備之操作及監控工作。,應取得勞動部「移動式起重機單一技術士證」等相關證照,
,,,10技術/維修/操作,電機技術人員,100102,具備精密裝備操作實務經驗，熟悉數據判讀與電機構造，適合擔任電機技術人員，從事電機設備之設計、發展、構建、裝設、保養、修理等技術工作。,,建議取得經濟部產業發展署核發之「配電線路裝修」、「工業配線」或「室內配線」技術士證
,,,10技術/維修/操作,自動化機械加工技術人員,100106,具備飛彈裝備保養檢查及簡易故障排除能力，熟悉機械結構與電控系統工作原理，適合擔任自動化機械技術人員，從事自動化機械之操作、製程機具維護與設備異常排除等工作。,,建議取得經濟部產業發展署核發之「機械加工技術士證」等相關證照
,,,09品管/製造/環衛,測試校正人員,090104,具備數據判讀、設備操作維護及校正調整等實務經驗，熟悉測試作業流程、儀器校正機制與品質管控規範，適合擔任測試校正人員；從事設備測試與校正管理工作。,,
,,,15物流/運輸/資材,倉儲物流人員,150107,具備飛彈裝備保養、器材清點及軍品裝卸實務經驗，適合擔任倉儲物流人員，從事理貨、包裝、進出貨、盤點、補貨、常溫及低溫等物流管理作業。,,建議取得勞動部「堆高機操作單一技術士證」等相關證照
,,,06門市/客服,專櫃／門市（人員／儲備幹部）,060203,具備遵守紀律、跨單位協作、情境應變與壓力下執行能力，適合轉銜專櫃／門市儲備幹部，依職務需求，，從事專櫃、賣場或店面門市內提供商品介紹及銷售服務等工作。,,建議取得勞動部核發之「門市服務技術士證」等相關證照
,,,06門市/客服,連鎖店管理人員,060205,具備軍中差勤管理、物料補給及設施環境維護等實務經驗，熟悉人員調度與突發狀況處理，適合轉銜為連鎖店管理人員，從事連鎖體系門市營運管理、人員督導與日常營運協調等工作。,,建議取得勞動部核發之「門市服務技術士證」
飛彈發射士,3A365,"1.專案執行與設備操作
1.1規劃並執行大型設備或系統之安裝、定位與配置。
1.2依標準作業流程操作設備，完成任務操作與紀錄。
1.3協助團隊進行作業分工，確保進度與品質符合要求。
2.程序控制與數據判讀
2.1依照作業程序進行操作，確保任務正確執行。
2.2使用儀表與監控系統進行數據判讀，並回報異常。
2.3協助調整與優化操作流程，確保設備運行穩定。
3.安全防護與風險管控
3.1建立作業現場之安全檢查與防護措施，降低潛在風險。
3.2督導團隊遵循安全規範，進行防爆管控。
3.3定期檢查安全設施與作業環境。",11營建/製圖/施作,吊車、起重機操作員,110304,熟悉飛彈發射架與器材放列實務經驗，具備依標準流程進行大型設備操作與風險控管能力，適合擔任吊車、起重機操作員，從事吊車及其他起重設備之操作及監控工作。,應取得勞動部「移動式起重機單一技術士證」等相關證照,
,,,10技術/維修/操作,自動化機械加工技術人員,100106,具備飛彈發射裝置操作及簡易故障排除能力，熟悉機械結構與電控系統工作原理，適合擔任自動化機械技術人員，從事自動化機械之操作、製程機具維護與設備異常排除等工作。,,建議取得經濟部產業發展署核發之「機械加工技術士證」等相關證照
,,,10技術/維修/操作,電機技術人員,100102,具備精密裝備操作實務經驗，熟悉數據判讀與電機構造，適合擔任電機技術人員，從事電機設備之設計、發展、構建、裝設、保養、修理等技術工作。,,建議取得經濟部產業發展署核發之「配電線路裝修」、「工業配線」或「室內配線」技術士證
,,,10技術/維修/操作,測量儀校技術人員,100108,熟悉發射程序與儀表判讀，具備精密裝備操作實務經驗，適合擔任測量儀校技術人員，從事各種測量實務及協助編製測量報告等工作。,應取得勞動部「測量技術士證」等相關證照,
,,,09品管/製造/環衛,測試校正人員,090104,具備數據判讀、設備操作維護及校正調整等實務經驗，熟悉測試作業流程、儀器校正機制與品質管控規範，適合擔任測試校正人員；從事設備測試與校正管理工作。,,
,,,15物流/運輸/資材,倉儲物流人員,150107,具備飛彈裝備保養、器材清點及軍品裝卸實務經驗，適合擔任倉儲物流人員，從事理貨、包裝、進出貨、盤點、補貨、常溫及低溫等物流管理作業。,,建議取得勞動部「堆高機操作單一技術士證」
,,,06門市/客服,專櫃／門市（人員／儲備幹部）,060203,具備遵守紀律、跨單位協作、情境應變與壓力下執行能力，適合轉銜專櫃／門市儲備幹部，依職務需求，，從事專櫃、賣場或店面門市內提供商品介紹及銷售服務等工作。,,建議取得勞動部核發之「門市服務技術士證」等相關證照
,,,06門市/客服,連鎖店管理人員,060205,具備軍中差勤管理、物料補給及設施環境維護等實務經驗，熟悉人員調度與突發狀況處理，適合轉銜為連鎖店管理人員，從事連鎖體系門市營運管理、人員督導與日常營運協調等工作。,,建議取得勞動部核發之「門市服務技術士證」
飛彈射控兵,3A372,"1.系統操作與準備
1.1依標準流程完成設備開機與檢測，確保系統功能正常。
1.2進行任務前準備與狀態檢查，建立操作紀錄。
1.3協助進行測試與驗證，確保作業符合需求。
2.數據處理與資訊維護
2.1收集作業相關數據（如環境、氣象、測試數據）。
2.2填寫並維護作業紀錄表，確保資訊可追溯。
2.3判讀數據即時回饋，支援決策與後續作業。
3.作業支援與協調
3.1協助主系統或主管完成任務操作。
3.2配合團隊分工，確保任務流程順暢。
3.3執行相關支援勤務（例行檢查、物料協調），確保作業完成。",10技術/維修/操作,電子設備裝修技術員,100208,熟悉雷達操作及簡易故障排除，具備精密電子裝備操作經驗，適合擔任電子設備裝修技術員，從事各種電子設備如無線電、雷達、電子醫療設備、電子計算機及附件等之裝配、調整、修理、檢查及試驗工作。,,建議取得勞動部「工業電子」或「電器修護」技術士證等相關證照
,,,10技術/維修/操作,電機技術人員,100102,具備精密裝備操作實務經驗，熟悉數據判讀與電機構造，適合擔任電機技術人員，從事電機設備之設計、發展、構建、裝設、保養、修理等技術工作。,,建議取得經濟部產業發展署核發之「配電線路裝修」、「工業配線」或「室內配線」技術士證
,,,09品管/製造/環衛,測試校正人員,090104,具備數據判讀、設備操作維護及校正調整等實務經驗，熟悉測試作業流程、儀器校正機制與品質管控規範，適合擔任測試校正人員；從事設備測試與校正管理工作。,,
,,,10技術/維修/操作,遙控無人機專業人員,100316,具備目標偵查與無人機操作實務經驗，適合擔任遙控無人機專業人員，從事無人機操作執行商用、空拍、監測、研究、農藥噴灑等相關工作。,應取得交通部民用航空局核發之「遙控無人機操作證」,
,,,06門市/客服,專櫃／門市（人員／儲備幹部）,060203,具備遵守紀律、跨單位協作、情境應變與壓力下執行能力，適合轉銜專櫃／門市儲備幹部，，從事專櫃、賣場或店面門市內提供商品介紹及銷售服務等工作。,,建議取得勞動部核發之「門市服務技術士證」等相關證照
,,,06門市/客服,連鎖店管理人員,060205,具備軍中差勤管理、物料補給及設施環境維護等實務經驗，熟悉人員調度與突發狀況處理，適合轉銜為連鎖店管理人員，從事連鎖體系門市營運管理、人員督導與日常營運協調等工作。,,建議取得勞動部核發之「門市服務技術士證」
飛彈射控士,3A375,"1.系統操作與測試
1.1依作業流程完成設備開機、檢測與狀態確認。
1.2建立並執行任務前測試，確保系統功能正常。
1.3完成操作紀錄與異常回報，確保資訊可追溯。
2.數據蒐集與資訊維護
2.1收集並整理作業所需數據（如環境監測、氣象資訊）。
2.2填寫並維護作業報表，確保資訊完整正確。
2.3進行基礎數據分析，提供任務判斷依據。
3.設備保養與維修管理
3.1執行例行保養與檢查，維持設備最佳性能。
3.2針對設備故障進行初步排查與修復，並提出維修需求。
3.3建立維護紀錄與檢修紀錄，追蹤設備壽命與使用狀態。",10技術/維修/操作,電子設備裝修技術員,100208,熟悉雷達操作及簡易故障排除，具備精密電子裝備操作經驗，適合擔任電子設備裝修技術員，從事各種電子設備如無線電、雷達、電子醫療設備、電子計算機及附件等之裝配、調整、修理、檢查及試驗工作。,,建議取得勞動部「工業電子」或「電器修護」技術士證等相關證照
,,,10技術/維修/操作,電機技術人員,100102,熟悉發射程序與儀表判讀，具備精密裝備操作實務經驗，適合擔任電機技術人員，從事電機設備之設計、發展、構建、裝設、保養、修理等技術工作。,,建議取得經濟部產業發展署核發之「配電線路裝修」、「工業配線」或「室內配線」技術士證
,,,09品管/製造/環衛,測試校正人員,090104,具備數據判讀、設備操作維護及校正調整等實務經驗，熟悉測試作業流程、儀器校正機制與品質管控規範，適合擔任測試校正人員；從事設備測試與校正管理工作。,,
,,,10技術/維修/操作,遙控無人機專業人員,100316,具備目標偵查與無人機操作實務經驗，適合擔任遙控無人機專業人員，從事無人機操作執行商用、空拍、監測、研究、農藥噴灑等相關工作。,應取得交通部民用航空局核發之「遙控無人機操作證」,
,,,06門市/客服,專櫃／門市（人員／儲備幹部）,060203,具備遵守紀律、跨單位協作、情境應變與壓力下執行能力，適合轉銜專櫃／門市儲備幹部，，從事專櫃、賣場或店面門市內提供商品介紹及銷售服務等工作。,,建議取得勞動部核發之「門市服務技術士證」等相關證照
,,,06門市/客服,連鎖店管理人員,060205,具備軍中差勤管理、物料補給及設施環境維護等實務經驗，熟悉人員調度與突發狀況處理，適合轉銜為連鎖店管理人員，從事連鎖體系門市營運管理、人員督導與日常營運協調等工作。,,建議取得勞動部核發之「門市服務技術士證」
飛彈作戰士,3A385,"1.專案助理與資料分析
1.1協助主管彙整資料，完成週期性報告與績效成果。
1.2建立並維護作業數據庫，提供決策依據。
1.3追蹤專案進度，協助規劃並提交成果文件。
2.流程監督與系統操作協助
2.1協助監督設備或系統操作人員，確保依標準流程執行。
2.2支援操作人員進行狀態檢查與基本問題排除。
2.3協調跨部門或跨小組作業，確保任務進度與品質。
3.資訊繪製與情資管理
3.1製作與維護各類圖表（狀況圖、流程圖、數據分析圖）。
3.2蒐集環境或外部數據（如氣象、環境指標），並轉換成可用資訊。
3.3分發與解說資訊，確保相關單位及人員理解並應用。",10技術/維修/操作,電子設備裝修技術員,100208,具備飛彈射控與雷達設備操作實務經驗，適合擔任電子設備裝修技術員，從事各種電子設備如無線電、雷達、電子醫療設備、電子計算機及附件等之裝配、調整、修理、檢查及試驗工作。,,建議取得勞動部「儀表電子技術士證或電力電子技術士證」等相關證照
,,,10技術/維修/操作,電機技術人員,100102,熟悉發射程序與儀表判讀，具備精密裝備操作實務經驗，適合擔任電機技術人員，從事電機設備之設計、發展、構建、裝設、保養、修理等技術工作。,,建議取得經濟部產業發展署核發之「配電線路裝修」、「工業配線」或「室內配線」技術士證
,,,21行銷/企劃/專案,活動企劃人員,210203,因職務歷練具備任務規劃、流程控管與跨單位溝通經驗，熟悉活動企畫及執行，適合轉銜為活動企劃人員，從事活動專案規劃、協調與現場管理等工作。,,建議取得經濟部產業發展署iPAS「品牌企劃師能力鑑定證書」
,,,01經營/行政/總務,行政總務人員,010206,具備資料彙整、行政管理及公文寫作實務經驗，適合擔任行政總務人員，從事企業內部日常行政庶務相關工作。,,建議取得勞動部「電腦軟體應用技術士證」等相關證照
,,,09品管/製造/環衛,測試校正人員,090104,具備數據判讀、設備操作維護及校正調整等實務經驗，熟悉測試作業流程、儀器校正機制與品質管控規範，適合擔任測試校正人員；從事設備測試與校正管理工作。,,
,,,10技術/維修/操作,遙控無人機專業人員,100316,具備目標偵查與無人機操作實務經驗，適合擔任遙控無人機專業人員，從事無人機操作執行商用、空拍、監測、研究、農藥噴灑等相關工作。,應取得交通部民用航空局核發之「遙控無人機操作證」,
,,,06門市/客服,專櫃／門市（人員／儲備幹部）,060203,具備遵守紀律、跨單位協作、情境應變與壓力下執行能力，適合轉銜專櫃／門市儲備幹部，，從事專櫃、賣場或店面門市內提供商品介紹及銷售服務等工作。,,建議取得勞動部核發之「門市服務技術士證」等相關證照
,,,06門市/客服,連鎖店管理人員,060205,具備軍中差勤管理、物料補給及設施環境維護等實務經驗，熟悉人員調度與突發狀況處理，適合轉銜為連鎖店管理人員，從事連鎖體系門市營運管理、人員督導與日常營運協調等工作。,,建議取得勞動部核發之「門市服務技術士證」
飛彈裝彈車作業士,3A414,"1.專業車輛操作與作業執行
1.1操作特殊作業車輛或搬運設備，完成物資或貨品裝載。
1.2依流程執行裝卸作業，並記錄相關數據。
1.3配合任務需求，靈活調整作業方式與路線。
2.設備保養與維護管理
2.1定期執行車輛及設備檢查，確保運轉安全。
2.2進行基礎保養（清潔、潤滑、零件更換），延長設備壽命。
2.3建立維護紀錄，回報異常並提出維修需求。
3.作業監督與安全控管
3.1督導作業人員依規範操作，確保流程正確。
3.2執行安全檢查與現場管制，降低作業風險。
3.3進行作業培訓與指導，提升人員技能與效率。",通俗職業未收錄依UCAN對應,物料搬運機械及車輛操作人員的第一線主管,,因職務歷練，具備演訓各種狀況處置實務經驗，熟悉現場調度指揮與作業安全規範，適合擔任物料搬運機械及車輛操作人員的第一線主管，從事搬運設備操作、人員調度與作業安全維護等工作。,,建議取得勞動部「堆高機、挖土機或推土機操作技術士單一技術證」和勞動部認可之「甲種職業安全衛生業務主管證書」
,,,15物流/運輸/資材,大貨車司機,150102,具備裝彈車操作與日常保養能力，適合擔任大貨車司機，從事長途或大型貨物運輸等工作。,應取得交通部核發「職業駕駛執照（大貨車）」,
,,,10技術/維修/操作,汽車維修技術人員,100107,具備裝彈車操作與日常保養能力等實務經驗，熟悉動力機械系統構造及原理，適合擔任汽車維修技術人員，從事汽車之分解、安裝、及檢查修護等工作。,,建議取得勞動部「汽車修護技術士證」
,,,09品管/製造/環衛,廠務,090220,因於部隊長期接觸裝備保養、環境巡查、財產清點等實務工作，並具備遵守安全作業規定與流程控管能力，適合轉銜廠務，協助從事設施維護、環境管理等工作。,,
,,,09品管/製造/環衛,測試校正人員,090104,具備數據判讀、設備操作及檢查保養等實務經驗，熟悉測試作業流程、儀器校正機制與品質管控規範，適合擔任測試校正人員；從事設備測試與校正管理工作。,,
,,,06門市/客服,專櫃／門市（人員／儲備幹部）,060203,具備遵守紀律、跨單位協作、情境應變與壓力下執行能力，適合轉銜專櫃／門市儲備幹部，，從事專櫃、賣場或店面門市內提供商品介紹及銷售服務等工作。,,建議取得勞動部核發之「門市服務技術士證」等相關證照
,,,06門市/客服,連鎖店管理人員,060205,具備軍中差勤管理、物料補給及設施環境維護等實務經驗，熟悉人員調度與突發狀況處理，適合轉銜為連鎖店管理人員，從事連鎖體系門市營運管理、人員督導與日常營運協調等工作。,,建議取得勞動部核發之「門市服務技術士證」
化學兵將官,3G00,"1.專案規劃與政策執行
1.1制定組織防災與安全政策。
1.2設計並推動安全教育與訓練課程。
1.3建立並監督執行標準作業流程。
2.風險管理與安全防護
2.1進行職場風險鑑別與評估。
2.2建立核生化或化工相關防護規範。
2.3指導設備安全維護與檢測作業。
3.跨部門協調與資源整合
3.1與地方政府、產業及安全單位進行協調。
3.2規劃跨組織災害應變演練。
3.3整合人力與物資資源以支援防災任務。",09品管/製造/環衛,工安/環工主管,090302,具備制定核生化防護政策、災害管制與防護整備規劃能力，適合擔任工安/環工主管，從事釐訂職業災害防止計畫，規劃、執行、督導及評估各部門之勞工安全衛生管理工作。,應取得勞動部「職業安全衛生管理員乙級技術士證」,
,,,01經營/行政/總務,經營管理主管,010101,具備團隊領導、策略規劃與跨部門溝通等相關實務經驗，熟悉組織運作、決策流程與績效管理，適合擔任經營管理主管；從事組織營運規劃、資源整合與危機處理等工作。,,
,,,21行銷/企劃/專案,專案管理主管,210301,具備因職務歷練養成之策略規劃、團隊領導、危機應處及跨部門協調整合能力；適合擔任專案管理主管，帶領團隊從事專案管理相關工作。,,建議取得「國際專案管理師（PMP）認證」等相關證照
,,,21行銷/企劃/專案,營運管理師/ERP專案師,210302,具備計畫擬定與資源整合能力，適合擔任營運管理師/ERP專案師，依職務需求，從事營運流程優化、跨部門資源整合與績效追蹤等工作。,,建議取得經濟部產業發展署核發之「營運智慧分析師能力鑑定證書」等相關證照
,,,14教育/學術/研究,歷史／政治相關研究人員,140307,具備策略規劃及複雜情境下分析判斷實務經驗，熟悉國際關係、政策評估及研究流程，適合擔任歷史／政治相關研究人員；從事政策研究分析工作。,,
,,,22其他職類,顧問,220106,具備策略規劃、團隊領導、資源整合與危機應處能力，適合擔任企業顧問，提供營運策略諮詢及襄理重大專案工作。,,
化學兵指揮將官,BA00,"1.策略規劃與制度設計
1.1制定並推動長期策略規劃。
1.2擬定制度與政策，確保組織目標落實。
1.3進行跨部門協調，平衡資源與需求。
2.科技研發與裝備管理
2.1規劃與監督技術研發計畫。
2.2評估與改進研發成果與設備效能。
2.3確保研發方向與組織戰略一致。
3.組織領導與人才培育
3.1督導訓練計畫，培養專業人才。
3.2建立績效考核制度，提升團隊效能。
3.3發展領導文化，維持組織穩定。",09品管/製造/環衛,工安/環工主管,090302,具備制定核生化防護政策、災害管制與防護整備規劃能力，適合擔任工安/環工主管，從事釐訂職業災害防止計畫，規劃、執行、督導及評估各部門之勞工安全衛生管理工作。,應取得勞動部「職業安全衛生管理員乙級技術士證」,
,,,01經營/行政/總務,經營管理主管,010101,具備團隊領導、策略規劃與跨部門溝通等相關實務經驗，熟悉組織運作、決策流程與績效管理，適合擔任經營管理主管；從事組織營運規劃、資源整合與危機處理等工作。,,
,,,21行銷/企劃/專案,專案管理主管,210301,具備因職務歷練養成之策略規劃、團隊領導、危機應處及跨部門協調整合能力；適合擔任專案管理主管，帶領團隊從事專案管理相關工作。,,建議取得「國際專案管理師（PMP）認證」等相關證照
,,,21行銷/企劃/專案,營運管理師/ERP專案師,210302,具備核生化防護計畫擬定與資源整合能力，適合擔任營運管理師/ERP專案師，從事營運管理的計畫、執行與管控等工作。,,建議取得經濟部產業發展署核發之「營運智慧分析師能力鑑定證書」等相關證照
,,,14教育/學術/研究,歷史／政治相關研究人員,140307,具備策略規劃及複雜情境下分析判斷實務經驗，熟悉國際關係、政策評估及研究流程，適合擔任歷史／政治相關研究人員；從事政策研究分析工作。,,
,,,22其他職類,顧問,220106,具備策略規劃、團隊領導、資源整合與危機應處能力，適合擔任企業顧問，提供營運策略諮詢及襄理重大專案工作。,,
化學兵督導官,3G11,"1.專案策劃與成效監督
1.1制定安全防護與研究計畫並監督執行。
1.2評估作業流程成效並提出改進建議。
1.3建立跨部門協調與溝通機制。
2.作業訓練與後勤管理
2.1規劃訓練課程與演練流程。
2.2督導資源分配與後勤支援。
2.3指導團隊執行標準作業程序。
3.安全防護與風險評估
3.1建立輻射與化學防護規範。
3.2監測危害環境並執行風險評估。
3.3提供專業建議與應變對策。",09品管/製造/環衛,工安/環工主管,090302,具備制定核生化防護政策、災害管制與防護整備規劃能力，適合擔任工安/環工主管，從事釐訂職業災害防止計畫，規劃、執行、督導及評估各部門之勞工安全衛生管理工作。,應取得勞動部「職業安全衛生管理員乙級技術士證」,
,,,21行銷/企劃/專案,營運管理師/ERP專案師,210302,具備核生化防護計畫擬定與資源整合能力，適合擔任營運管理師/ERP專案師，從事營運管理的計畫、執行與管控等工作。,,建議取得經濟部產業發展署核發之「營運智慧分析師能力鑑定證書」等相關證照
,,,21行銷/企劃/專案,企業永續發展人員,210305,具備核生化防護計畫擬定、風險評估與專案推動實務經驗，熟悉流程管控、資料蒐整與跨部門溝通，適合擔任企業永續發展人員，從事企業碳盤查、減碳規劃及社會責任（CSR）等相關工作。,,建議取得經濟部產業發展署「淨零碳規劃管理師」能力鑑定
,,,09品管/製造/環衛,職業安全衛生管理員,090301,具備核生化防護、風險辨識與安全防護要領等實務經驗，適合擔任職業安全衛生管理員，從事工作場所勞工安全規劃、督導及推行等有關事務等相關工作。,應取得勞動部「職業安全衛生管理員乙級技術士證」等相關證照,
,,,09品管/製造/環衛,品管/品保工程師,090107,具備系統運作監控、設備測試校正及跨單位協調等實務經驗，熟悉設備維護流程、品質管控機制與可靠度分析方法，適合擔任品管/品保工程師，從事設備品質管理與可靠度分析工作。,,建議取得中華民國品質學會「品質工程師認證」（經濟部認可）
,,,通俗職業未收錄依UCAN對應,輻射防護人員,,具備擬訂輻射安全防護程序等實務經驗，適合擔任輻射防護人員，從事輻射源安全管理、作業環境監測與輻安制度執行。,應取得核能安全委員會核發「輻射防護人員證書」等相關證照,
,,,09品管/製造/環衛,環保工安專業人員,090307,具備環保法規執行、作業環境評估與工安監督經驗，適合擔任環保工安專業人員，從事環保稽核、危害預防及作業環境改善等工作。,,建議取得環境部「毒性及關注化學物質專業技術管理人員」或「空氣污染防制專責人員」等相關證書
化學兵器技術參謀官,3G36,"1.設備維護與改善
1.1制定並執行設備維護計畫。
1.2進行故障檢測與改善建議。
1.3管理保修流程並提升效率。
2.製程研發與測試
2.1分析原料特性並改進生產工藝。
2.2設計並執行新技術測試與研發。
2.3與團隊協作，優化研究成果應用。
3.品質監督與管理
3.1制定品質檢驗流程並執行。
3.2確保產品符合安全與規範。
3.3培訓並監督技術人員的操作。",09品管/製造/環衛,生產管理主管,090219,熟悉化學兵軍品設計原理、製造技術與保修流程，熟悉人力及物料管理，適合擔任生產管理主管；從事建立生產管制作業流程、規劃生產排程及設備資源等相關工作。,,
,,,09品管/製造/環衛,品管/品保工程師,090107,具備擬定化學軍品素質檢驗、改良及研發實務經驗，適合擔任品管工程師，從事產品或服務品質標準之設定，並利用各種管理技術，維持與改進其品質之工作。,,建議取得中華民國品質學會「品質工程師認證」（經濟部認可）
,,,09品管/製造/環衛,職業安全衛生管理員,090301,因熟悉化學軍品設計原理、製造技術與保修流程，了解工廠生產流程及職安相關規範，適合轉銜為職業安全衛生管理員，從事工作場所危害辨識、安全制度規劃、作業督導與職安衛推動等相關工作。,應取得勞動部「職業安全衛生管理員乙級技術士證」等相關證照,
,,,21行銷/企劃/專案,營運管理師/ERP專案師,210302,具備化學裝備保修計畫擬定與資源整合能力，適合擔任營運管理師/ERP專案師，依職務需求，從事營運管理的計畫、執行與管控等工作。,,建議取得經濟部產業發展署核發之「營運智慧分析師能力鑑定證書」等相關證照
,,,21行銷/企劃/專案,專案管理師,210304,具備化學裝備保修計畫擬定與跨單位協調實務經驗，適合擔任專案管理師，從事專案計畫擬訂、執行、管控與優化等工作。,,建議取得「國際專案管理師（PMP）認證」等相關證照
,,,21行銷/企劃/專案,企業永續發展人員,210305,具備化學裝備保修計畫擬定、風險評估與專案推動經驗，擁有流程管控、資料蒐整與跨部門溝通能力，適合轉銜企業永續發展人員，從事企業碳盤查、減碳規劃及社會責任（CSR）等相關工作。,,建議取得經濟部產業發展署「淨零碳規劃管理師」能力鑑定
化學兵指揮官,BA11,"1.危機管理與防災規劃
1.1建立並執行災害防護計畫。
1.2監控潛在風險並制定應變措施。
1.3協調各單位資源以提升防災效能。
2.跨部門專案協調
2.1規劃並統籌專案執行流程。
2.2監督訓練與作業，確保標準符合規範。
2.3整合後勤、行政與政戰支援，維持組織穩定。
3.組織與人員管理
3.1督導人員分工與執行績效。
3.2培訓並提升團隊專業能力。
3.3強化紀律與安全文化，確保組織運作。",09品管/製造/環衛,工安/環工主管,090302,具備制定核生化防護政策、災害管制與防護整備規劃能力，適合擔任工安/環工主管，從事釐訂職業災害防止計畫，規劃、執行、督導及評估各部門之勞工安全衛生管理工作。,應取得勞動部「職業安全衛生管理員乙級技術士證」,
,,,01經營/行政/總務,經營管理主管,010101,具備團隊領導、策略規劃與跨部門溝通等相關實務經驗，熟悉組織運作、決策流程與績效管理，適合擔任經營管理主管；從事組織營運規劃、資源整合與危機處理等工作。,,
,,,21行銷/企劃/專案,專案管理主管,210301,具備因職務歷練養成之策略規劃、團隊領導、危機應處及跨部門協調整合能力；適合擔任專案管理主管，帶領團隊從事專案管理相關工作。,,建議取得「國際專案管理師（PMP）認證」等相關證照
,,,21行銷/企劃/專案,營運管理師/ERP專案師,210302,具備核生化防護計畫擬定與資源整合能力，適合擔任營運管理師/ERP專案師，從事營運管理的計畫、執行與管控等工作。,,建議取得經濟部產業發展署核發之「營運智慧分析師能力鑑定證書」等相關證照
,,,21行銷/企劃/專案,企業永續發展人員,210305,具備核生化防護計畫擬定、風險評估與專案推動實務經驗，熟悉流程管控、資料蒐整與跨部門溝通，適合擔任企業永續發展人員，從事企業碳盤查、減碳規劃及社會責任（CSR）等相關工作。,,建議取得經濟部產業發展署「淨零碳規劃管理師」能力鑑定
,,,09品管/製造/環衛,品管/品保工程師,090107,具備系統運作監控、設備測試校正及跨單位協調等實務經驗，熟悉設備維護流程、品質管控機制與可靠度分析方法，適合擔任品管/品保工程師，從事設備品質管理與可靠度分析工作。,,建議取得中華民國品質學會「品質工程師認證」（經濟部認可）
,,,09品管/製造/環衛,環保工安專業人員,090307,具備環保法規執行、作業環境評估與工安監督經驗，適合擔任環保工安專業人員，從事環保稽核、危害預防及作業環境改善等工作。,,建議取得環境部「毒性及關注化學物質專業技術管理人員」或「空氣污染防制專責人員」等相關證書
,,,03人資/法務/智財,教育訓練人員,030104,因具備部隊訓練規劃、課程實施及參與鑑測之實務經驗，熟悉訓練規劃與評量流程，適合轉銜為教育訓練人員，從事企業內部課程開發規劃等人才培育相關工作。,,
,,,通俗職業未收錄依UCAN對應,輻射防護人員,,因具備核生化防護、消防救援與高風險環境應處實務經驗，熟悉防護裝備使用與作業安全規範，適合轉銜為輻射防護人員，從事輻射源安全管理、作業環境監測、輻射防護執行與人員安全教育等相關工作。,應取得核能安全委員會核發之「輻射防護人員證書」,
化學兵領導士,BA115,"1.專案執行與操作管理
1.1依標準作業流程規劃並指揮人員執行特殊任務。
1.2進行作業前準備與功能測試，並監督安全規範。
1.3記錄並回報作業進度，協調團隊分工與時程。
2.安全維護與風險控管
2.1指導人員執行消毒與防護，確保作業安全。
2.2規劃並實施防護措施（隔離、遮蔽、排煙），降低危害風險。
2.3蒐集與分析環境數據，提出安全建議與改善方案。
3.設備保養與維修管理
3.1督導裝備定期檢查與保養，確保功能正常。
3.2追蹤異常狀況，指派人員進行排查與修護。
3.3建立維護紀錄，監督器材使用壽命與效能。",通俗職業未收錄依UCAN對應,物料搬運機械及車輛操作人員的第一線主管,,因職務歷練，具備演訓各種狀況處置實務經驗，熟悉現場調度指揮與作業安全規範，適合擔任物料搬運機械及車輛操作人員的第一線主管，從事搬運設備操作、人員調度與作業安全維護等工作。,,建議取得勞動部「堆高機、挖土機或推土機操作技術士單一技術證」和勞動部認可之「甲種職業安全衛生業務主管證書」
,,,09品管/製造/環衛,職業安全衛生管理員,090301,具備核生化防護、風險辨識與安全防護實務經驗，適合擔任職業安全衛生管理員，從事釐訂職業災害防止計畫擬訂、執行與督導等相關工作。,應取得勞動部「職業安全衛生管理員乙級技術士證」等相關證照,
,,,09品管/製造/環衛,品管檢驗人員,090105,因具備裝備保養維修實務經驗，熟悉依標準程序執行檢查測試，適合擔任品管檢驗人員，從事根據規格檢查成品，使其符合製造標準等工作。,,建議取得中華民國品質學會「品質工程師認證」（經濟部認可）
,,,09品管/製造/環衛,廠務,090220,因於部隊長期接觸裝備保養、環境巡查、財產清點等實務工作，並具備遵守安全作業規定與流程控管能力，適合轉銜廠務，協助從事設施維護、環境管理等工作。,,
,,,03人資/法務/智財,教育訓練人員,030104,因具備部隊訓練規劃、課程實施及參與鑑測之實務經驗，熟悉訓練規劃與評量流程，適合轉銜為教育訓練人員，從事企業內部課程開發規劃等人才培育相關工作。,,
,,,09品管/製造/環衛,安全／衛生相關檢驗人員,090303,具備核生化防護、風險辨識與安全防護要領等實務經驗，適合擔任安全／衛生檢驗人員，從事職業工作場所、產品生產、使用及銷售等安全衛生檢驗或檢查工作。,應取得勞動部「化學性因子作業環境監測技術士證」等相關證照,
,,,通俗職業未收錄依UCAN對應,輻射防護人員,,因具備核生化防護、消防救援與高風險環境應處實務經驗，熟悉防護裝備使用與作業安全規範，適合轉銜為輻射防護人員，從事輻射源安全管理、作業環境監測、輻射防護執行與人員安全教育等相關工作。,應取得核能安全委員會核發之「輻射防護人員證書」,
,,,09品管/製造/環衛,環境工程人員,090304,因具備核生化防護、風險辨識與作業安全管制等實務經驗，熟悉環境危害評估與防護措施規劃，適合轉銜為環境工程人員，從事給水與排水系統、廢棄物處理、空氣污染與噪音防制等環境工程相關工作。,應取得國家環境研究院核發之相關專業技術人員證書,
煙幕兵,3G112,"1.專案執行與操作管理
1.1依標準作業流程操作特殊設備，確保任務正確完成。
1.2進行作業前檢查與功能測試，確保安全。
1.3記錄並回報作業狀態，協調人員分工。
2.作業安全維護
2.1執行消毒與防護作業，維持環境安全與衛生標準。
2.2實施防護措施（隔離、遮蔽、排煙），降低作業風險。
2.3蒐集並回報氣象與環境數據，提供安全評估。
3.設備保養與維修管理
3.1定期檢查與保養專業裝備，確保運作正常。
3.2進行異常排查與基礎修護，維持可用性。
3.3建立維護紀錄，追蹤裝備狀態與使用壽命。",09品管/製造/環衛,職業安全衛生管理員,090301,具備核生化防護、風險辨識與安全防護實務經驗，適合擔任職業安全衛生管理員，從事釐訂職業災害防止計畫擬訂、執行與督導等相關工作。,應取得勞動部「職業安全衛生管理員乙級技術士證」等相關證照,
,,,09品管/製造/環衛,品管檢驗人員,090105,因具備裝備保養維修實務經驗，熟悉依標準程序執行檢查測試，適合擔任品管檢驗人員，從事根據規格檢查成品，使其符合製造標準等工作。,,建議取得中華民國品質學會「品質工程師認證」（經濟部認可）
,,,09品管/製造/環衛,廠務助理,090214,因於部隊長期接觸裝備保養、環境巡查、財產清點等實務工作，並具備遵守安全作業規定與流程控管能力，適合轉銜廠務助理，協助從事設施維護、環境管理等工作。,,
,,,09品管/製造/環衛,環境工程人員,090304,因具備核生化防護、風險辨識與作業安全管制等實務經驗，熟悉環境危害評估與防護措施規劃，適合轉銜為環境工程人員，從事給水與排水系統、廢棄物處理、空氣污染與噪音防制等環境工程相關工作。,應取得國家環境研究院核發之相關專業技術人員證書,
,,,10技術/維修/操作,遙控無人機專業人員,100316,具備作業環境監測與無人機操作實務經驗，適合擔任遙控無人機專業人員，從事無人機操作執行商用、空拍、監測、研究、農藥噴灑等相關工作。,應取得交通部民用航空局核發之「遙控無人機操作證」,
,,,15物流/運輸/資材,倉儲物流人員,150107,因職務歷練，具備指揮調度及軍品清點、裝卸及運輸實務經驗，熟悉物料管理流程與現場作業規範，適合擔任倉儲物流人員，從事理貨、包裝、進出貨、庫存盤點與補貨等物流管理作業。,,建議取得勞動部「堆高機操作單一技術士證」
,,,06門市/客服,專櫃／門市（人員／儲備幹部）,060203,具備遵守紀律、跨單位協作、情境應變與壓力下執行能力，適合轉銜專櫃／門市儲備幹部，，從事專櫃、賣場或店面門市內提供商品介紹及銷售服務等工作。,,建議取得勞動部核發之「門市服務技術士證」等相關證照
,,,06門市/客服,連鎖店管理人員,060205,具備軍中差勤管理、物料補給及設施環境維護等實務經驗，熟悉人員調度與突發狀況處理，適合轉銜為連鎖店管理人員，從事連鎖體系門市營運管理、人員督導與日常營運協調等工作。,,建議取得勞動部核發之「門市服務技術士證」
煙幕士,3G115,"1.專案執行與操作管理
1.1依標準作業流程操作特殊設備，確保任務正確完成。
1.2進行作業前檢查與功能測試，確保安全。
1.3記錄並回報作業狀態，協調人員分工。
2.作業安全維護
2.1執行消毒與防護作業，維持環境安全與衛生標準。
2.2實施防護措施（隔離、遮蔽、排煙），降低作業風險。
2.3蒐集並回報氣象與環境數據，提供安全評估。
3.設備保養與維修管理
3.1定期檢查與保養專業裝備，確保運作正常。
3.2進行異常排查與基礎修護，維持可用性。
3.3建立維護紀錄，追蹤裝備狀態與使用壽命。",09品管/製造/環衛,職業安全衛生管理員,090301,具備核生化防護、風險辨識與安全防護實務經驗，適合擔任職業安全衛生管理員，從事釐訂職業災害防止計畫擬訂、執行與督導等相關工作。,應取得勞動部「職業安全衛生管理員乙級技術士證」等相關證照,
,,,09品管/製造/環衛,廠務,090220,因於部隊長期接觸裝備保養、環境巡查、財產清點等實務工作，並具備遵守安全作業規定與流程控管能力，適合轉銜廠務，協助從事設施維護、環境管理等工作。,,
,,,09品管/製造/環衛,品管檢驗人員,090105,因具備裝備保養維修實務經驗，熟悉依標準程序執行檢查測試，適合擔任品管檢驗人員，從事根據規格檢查成品，使其符合製造標準等工作。,,建議取得中華民國品質學會「品質工程師認證」（經濟部認可）
,,,09品管/製造/環衛,環境工程人員,090304,因具備核生化防護、風險辨識與作業安全管制等實務經驗，熟悉環境危害評估與防護措施規劃，適合轉銜為環境工程人員，從事給水與排水系統、廢棄物處理、空氣污染與噪音防制等環境工程相關工作。,應取得國家環境研究院核發之相關專業技術人員證書,
,,,10技術/維修/操作,遙控無人機專業人員,100316,具備作業環境監測與無人機操作實務經驗，適合擔任遙控無人機專業人員，從事無人機操作執行商用、空拍、監測、研究、農藥噴灑等相關工作。,應取得交通部民用航空局核發之「遙控無人機操作證」,
,,,15物流/運輸/資材,倉儲物流人員,150107,因職務歷練，具備指揮調度及軍品清點、裝卸及運輸實務經驗，熟悉物料管理流程與現場作業規範，適合擔任倉儲物流人員，從事理貨、包裝、進出貨、庫存盤點與補貨等物流管理作業。,,建議取得勞動部「堆高機操作單一技術士證」
,,,06門市/客服,專櫃／門市（人員／儲備幹部）,060203,具備遵守紀律、跨單位協作、情境應變與壓力下執行能力，適合轉銜專櫃／門市儲備幹部，依職務需求，，從事專櫃、賣場或店面門市內提供商品介紹及銷售服務等工作。,,建議取得勞動部核發之「門市服務技術士證」等相關證照
,,,06門市/客服,連鎖店管理人員,060205,具備軍中差勤管理、物料補給及設施環境維護等實務經驗，熟悉人員調度與突發狀況處理，適合轉銜為連鎖店管理人員，從事連鎖體系門市營運管理、人員督導與日常營運協調等工作。,,建議取得勞動部核發之「門市服務技術士證」
核生化防護兵,3G142,"1.專案執行與操作管理
1.1操作專業檢測設備，進行氣體或污染物種類判定。
1.2執行作業區域劃設，建立安全警戒與通行規範。
1.3協調團隊分工，確保消毒與檢測任務如期完成。
2.作業安全維護
2.1穿著防護裝備進行高風險作業，維持人員安全。
2.2執行環境與道路消毒，降低傳染或污染風險。
2.3建立應變流程，並依規範將樣品送交權責單位檢驗。
3.設備保養與維修管理
3.1定期檢查與保養偵檢儀器與消毒車輛，確保堪用。
3.2進行數據紀錄與異常回報，保持檢測精準。
3.3建立儀器使用與維護紀錄，追蹤裝備週期效能。",09品管/製造/環衛,職業安全衛生管理員,090301,具備核生化防護、風險辨識與安全防護實務經驗，適合擔任職業安全衛生管理員，從事釐訂職業災害防止計畫擬訂、執行與督導等相關工作。,應取得勞動部「職業安全衛生管理員乙級技術士證」等相關證照,
,,,09品管/製造/環衛,品管檢驗人員,090105,因具備裝備保養維修實務經驗，熟悉依標準程序執行檢查測試，適合擔任品管檢驗人員，從事根據規格檢查成品，使其符合製造標準等工作。,,建議取得中華民國品質學會「品質工程師認證」（經濟部認可）
,,,09品管/製造/環衛,環境工程人員,090304,因具備核生化防護、風險辨識與作業安全管制等實務經驗，熟悉環境危害評估與防護措施規劃，適合轉銜為環境工程人員，從事給水與排水系統、廢棄物處理、空氣污染與噪音防制等環境工程相關工作。,應取得國家環境研究院核發之相關專業技術人員證書,
,,,09品管/製造/環衛,廠務助理,090214,因於部隊長期接觸裝備保養、環境巡查、財產清點等實務工作，並具備遵守安全作業規定與流程控管能力，適合轉銜廠務助理，協助從事設施維護、環境管理等工作。,,
,,,10技術/維修/操作,遙控無人機專業人員,100316,具備作業環境監測與無人機操作實務經驗，適合擔任遙控無人機專業人員，從事無人機操作執行商用、空拍、監測、研究、農藥噴灑等相關工作。,應取得交通部民用航空局核發之「遙控無人機操作證」,
,,,15物流/運輸/資材,倉儲物流人員,150107,因職務歷練，具備指揮調度及軍品清點、裝卸及運輸實務經驗，熟悉物料管理流程與現場作業規範，適合擔任倉儲物流人員，從事理貨、包裝、進出貨、庫存盤點與補貨等物流管理作業。,,建議取得勞動部「堆高機操作單一技術士證」
,,,06門市/客服,專櫃／門市（人員／儲備幹部）,060203,具備遵守紀律、跨單位協作、情境應變與壓力下執行能力，適合轉銜專櫃／門市儲備幹部，依職務需求，，從事專櫃、賣場或店面門市內提供商品介紹及銷售服務等工作。,,建議取得勞動部核發之「門市服務技術士證」等相關證照
,,,06門市/客服,連鎖店管理人員,060205,具備軍中差勤管理、物料補給及設施環境維護等實務經驗，熟悉人員調度與突發狀況處理，適合轉銜為連鎖店管理人員，從事連鎖體系門市營運管理、人員督導與日常營運協調等工作。,,建議取得勞動部核發之「門市服務技術士證」
核生化防護士,3G146,"1.專案執行與操作管理
1.1操作專業檢測設備，進行氣體或污染物種類判定。
1.2執行作業區域劃設，建立安全警戒與通行規範。
1.3協調團隊分工，確保消毒與檢測任務如期完成。
2.安全維護與風險管控
2.1穿著防護裝備進行高風險作業，維持人員安全。
2.2執行環境與道路消毒，降低傳染或污染風險。
3.設備保養與維修管理
3.1定期檢查與保養偵檢儀器與消毒車輛，確保可用。
3.2進行數據紀錄與異常回報，保持檢測精準。
3.3建立儀器使用與維護紀錄，追蹤裝備效能與壽命。",09品管/製造/環衛,職業安全衛生管理員,090301,具備核生化防護、風險辨識與安全防護實務經驗，適合擔任職業安全衛生管理員，從事釐訂職業災害防止計畫擬訂、執行與督導等相關工作。,應取得勞動部「職業安全衛生管理員乙級技術士證」等相關證照,
,,,09品管/製造/環衛,品管檢驗人員,090105,因具備裝備保養維修實務經驗，熟悉依標準程序執行檢查測試，適合擔任品管檢驗人員，從事根據規格檢查成品，使其符合製造標準等工作。,,建議取得中華民國品質學會「品質工程師認證」（經濟部認可）
,,,09品管/製造/環衛,環境工程人員,090304,因具備核生化防護、風險辨識與作業安全管制等實務經驗，熟悉環境危害評估與防護措施規劃，適合轉銜為環境工程人員，從事給水與排水系統、廢棄物處理、空氣污染與噪音防制等環境工程相關工作。,應取得國家環境研究院核發之相關專業技術人員證書,
,,,09品管/製造/環衛,廠務,090220,因於部隊長期接觸裝備保養、環境巡查、財產清點等實務工作，並具備遵守安全作業規定與流程控管能力，適合轉銜廠務，協助從事設施維護、環境管理等工作。,,
,,,10技術/維修/操作,遙控無人機專業人員,100316,具備作業環境監測與無人機操作實務經驗，適合擔任遙控無人機專業人員，從事無人機操作執行商用、空拍、監測、研究、農藥噴灑等相關工作。,應取得交通部民用航空局核發之「遙控無人機操作證」,
,,,15物流/運輸/資材,倉儲物流人員,150107,因職務歷練，具備指揮調度及軍品清點、裝卸及運輸實務經驗，熟悉物料管理流程與現場作業規範，適合擔任倉儲物流人員，從事理貨、包裝、進出貨、庫存盤點與補貨等物流管理作業。,,建議取得勞動部「堆高機操作單一技術士證」
,,,06門市/客服,專櫃／門市（人員／儲備幹部）,060203,具備遵守紀律、跨單位協作、情境應變與壓力下執行能力，適合轉銜專櫃／門市儲備幹部，依職務需求，，從事專櫃、賣場或店面門市內提供商品介紹及銷售服務等工作。,,建議取得勞動部核發之「門市服務技術士證」等相關證照
,,,06門市/客服,連鎖店管理人員,060205,具備軍中差勤管理、物料補給及設施環境維護等實務經驗，熟悉人員調度與突發狀況處理，適合轉銜為連鎖店管理人員，從事連鎖體系門市營運管理、人員督導與日常營運協調等工作。,,建議取得勞動部核發之「門市服務技術士證」
核生化器材保修兵,3G332,"1.專案執行與操作管理
1.1依標準流程執行精密儀器或設備檢測作業，確保任務正確完成。
1.2進行作業前檢查與功能測試，確保設備安全可靠。
1.3建立操作與檢測紀錄，支援後續維修與管理決策。
2.作業安全維護
2.1執行設備檢測與校正，降低操作風險。
2.2蒐集設備運作數據，進行狀態評估與異常通報。
2.3協助制定維護安全規範，保障使用人員安全。
3.設備保養與維修管理
3.1定期檢查、清潔與保養器材，確保最佳運作狀態。
3.2進行異常排查與零件更換，維持設備可靠性。
3.3建立維護與檢修紀錄，追蹤設備壽命與效能。",09品管/製造/環衛,品管檢驗人員,090105,具備協助化學裝備檢查與素質鑑定實務經驗，適合擔任品管檢驗人員，從事依據品管規格檢查成品，使其符合製造標準之工作。,,建議取得中華民國品質學會「品質工程師認證」（經濟部認可）
,,,09品管/製造/環衛,品管檢驗人員,090105,因具備裝備保養維修實務經驗，熟悉依標準程序執行檢查測試，適合擔任品管檢驗人員，從事根據規格檢查成品，使其符合製造標準等工作。,,建議取得中華民國品質學會「品質工程師認證」（經濟部認可）
,,,09品管/製造/環衛,廠務助理,090214,因於部隊長期接觸裝備保養、環境巡查、財產清點等實務工作，並具備遵守安全作業規定與流程控管能力，適合轉銜廠務助理，協助從事設施維護、環境管理等工作。,,
,,,15物流/運輸/資材,倉儲物流人員,150107,因職務歷練，具備指揮調度及軍品清點、裝卸及運輸實務經驗，熟悉物料管理流程與現場作業規範，適合擔任倉儲物流人員，從事理貨、包裝、進出貨、庫存盤點與補貨等物流管理作業。,,建議取得勞動部「堆高機操作單一技術士證」
,,,06門市/客服,產品售後服務人員,060103,因具備化學裝備與相關器材之檢查、鑑定及保修實務經驗，熟悉設備操作原理與故障排除流程，適合轉銜為產品售後服務人員，從事產品安裝、調試、維修作業，並提供客戶技術諮詢與應用問題之回覆與支援服務。,,
,,,06門市/客服,專櫃／門市（人員／儲備幹部）,060203,具備遵守紀律、跨單位協作、情境應變與壓力下執行能力，適合轉銜專櫃／門市儲備幹部，依職務需求，，從事專櫃、賣場或店面門市內提供商品介紹及銷售服務等工作。,,建議取得勞動部核發之「門市服務技術士證」等相關證照
,,,06門市/客服,連鎖店管理人員,060205,具備軍中差勤管理、物料補給及設施環境維護等實務經驗，熟悉人員調度與突發狀況處理，適合轉銜為連鎖店管理人員，從事連鎖體系門市營運管理、人員督導與日常營運協調等工作。,,建議取得勞動部核發之「門市服務技術士證」
核生化器材保修士,3G335,"1.專案執行與操作管理
1.1依標準流程執行精密儀器或設備檢測作業，確保任務正確完成。
1.2進行作業前檢查與功能測試，確保設備安全可靠。
1.3建立操作與檢測紀錄，支援後續維修與管理決策。
2.安全維護與風險控管
2.1執行設備檢測與校正，降低操作風險。
2.2蒐集設備運作數據，進行狀態評估與異常通報。
2.3協助制定維護安全規範，保障使用人員安全。
3.設備保養與維修管理
3.1定期檢查、清潔與保養器材，確保最佳運作狀態。
3.2進行異常排查與零件更換，維持設備可靠性。
3.3建立維護與檢修紀錄，追蹤設備壽命與效能。",09品管/製造/環衛,品管檢驗人員,090105,具備協助化學裝備檢查與素質鑑定實務經驗，適合擔任品管檢驗人員，從事依據品管規格檢查成品，使其符合製造標準之工作。,,建議取得中華民國品質學會「品質工程師認證」（經濟部認可）
,,,09品管/製造/環衛,品管檢驗人員,090105,因具備裝備保養維修實務經驗，熟悉依標準程序執行檢查測試，適合擔任品管檢驗人員，從事根據規格檢查成品，使其符合製造標準等工作。,,建議取得中華民國品質學會「品質工程師認證」（經濟部認可）
,,,09品管/製造/環衛,廠務,090220,因於部隊長期接觸裝備保養、環境巡查、財產清點等實務工作，並具備遵守安全作業規定與流程控管能力，適合轉銜廠務，協助從事設施維護、環境管理等工作。,,
,,,15物流/運輸/資材,倉儲物流人員,150107,因職務歷練，具備指揮調度及軍品清點、裝卸及運輸實務經驗，熟悉物料管理流程與現場作業規範，適合擔任倉儲物流人員，從事理貨、包裝、進出貨、庫存盤點與補貨等物流管理作業。,,建議取得勞動部「堆高機操作單一技術士證」
,,,06門市/客服,產品售後服務人員,060103,因具備化學裝備與相關器材之檢查、鑑定及保修實務經驗，熟悉設備操作原理與故障排除流程，適合轉銜為產品售後服務人員，從事產品安裝、調試、維修作業，並提供客戶技術諮詢與應用問題之回覆與支援服務。,,
,,,06門市/客服,專櫃／門市（人員／儲備幹部）,060203,具備遵守紀律、跨單位協作、情境應變與壓力下執行能力，適合轉銜專櫃／門市儲備幹部，依職務需求，，從事專櫃、賣場或店面門市內提供商品介紹及銷售服務等工作。,,建議取得勞動部核發之「門市服務技術士證」等相關證照
,,,06門市/客服,連鎖店管理人員,060205,具備軍中差勤管理、物料補給及設施環境維護等實務經驗，熟悉人員調度與突發狀況處理，適合轉銜為連鎖店管理人員，從事連鎖體系門市營運管理、人員督導與日常營運協調等工作。,,建議取得勞動部核發之「門市服務技術士證」
旋翼機飛行官,3A63,"1.航空器操作與任務執行
1.1駕駛旋翼機，依計畫執行運輸、救護、偵察或訓練任務。
1.2指揮與協調機上人員，確保任務順利完成。
1.3在飛行過程中應對突發狀況，確保人員與任務安全。
2.任務規劃與航程設計
2.1擬定飛行計畫，整合氣象、航行與任務需求。
2.2設計航程與資源配置，提升作業效率。
2.3與支援單位協調任務細節，確保執行可行性。
3.裝備檢查與安全管理
3.1執行飛行前後的系統與裝備檢查，確保狀態良好。
3.2建立並追蹤飛行紀錄，落實維護與檢修需求。
3.3遵循飛航規則與安全標準，降低作業風險。",15物流/運輸/資材,飛行機師,150203,具備駕駛旋翼機飛行技能，熟悉飛航作業流程與飛航安全規範，適合擔任飛行機師，從事運輸旅客、郵件或貨物工作。,應取得交通部民用航空局核發之「航空人員檢定證：航空器駕駛員檢定證」等相關證照,
,,,15物流/運輸/資材,飛航安全技術員,150204,因具備旋翼機飛行任務規劃與執行實務經驗，熟悉飛航程序、作業標準與風險管控，適合擔任飛航安全技術員，從事有關航道控制、領航系統及飛航安全相關設備的操作與維護工作。,應取得交通部民用航空局核發之「航空人員檢定證：飛航管制員檢定證」等相關證照,
,,,15物流/運輸/資材,交通運輸部門主管,150201,具備飛行任務規劃與協調管制能力，適合擔任交通運輸部門主管，從事航空班次規劃、調度等相關工作。,,
,,,03人資/法務/智財,教育訓練人員,030104,因具備部隊訓練規劃、課程實施及參與鑑測之實務經驗，熟悉訓練規劃與評量流程，適合轉銜為教育訓練人員，從事企業內部課程開發規劃等人才培育相關工作。,,
,,,21行銷/企劃/專案,專案管理師,210304,具備任務規劃、跨部門協調與資源整合等相關實務，熟悉專案流程、任務分工與風險管控，適合擔任專案管理師，從事專案策劃及進度管控等工作。,,建議取得「國際專案管理師（PMP）認證」等相關證照
,,,10技術/維修/操作,遙控無人機專業人員,100316,具備旋翼機駕駛技能與飛航管制知識，適合擔任遙控無人機專業人員，從事商用、空拍、監測、研究、農藥噴灑等相關工作。,應取得交通部民用航空局核發之「遙控無人機操作證」,
試飛官,3S63,"1.試飛計畫與流程設計
1.1擬定新機或維修後航空器的試飛計畫，定義測試目標與流程。
1.2整合工程師與維修部門的需求，確認試飛重點項目。
1.3建立風險控管機制，確保試飛過程安全可控。
2.航空器試飛與效能驗證
2.1依照計畫執行試飛作業，驗證飛機性能與系統穩定度。
2.2記錄並分析試飛數據，提出改善建議。
2.3與維修團隊合作，針對異常情況提出技術修正方案。
3.應變訓練與團隊督導
3.1指導同乘人員進行飛行中的應變演練，提升危機處置能力。
3.2督導團隊遵循飛安規範，確保操作標準一致。
3.3撰寫試飛報告，作為後續訓練與改善的依據。",15物流/運輸/資材,飛行機師,150203,具備駕駛旋翼機飛行技能，熟悉飛航作業流程與飛航安全規範，適合擔任飛行機師，從事運輸旅客、郵件或貨物工作。,應取得交通部民用航空局核發之「航空人員檢定證：航空器駕駛員檢定證」等相關證照,
,,,15物流/運輸/資材,飛航安全技術員,150204,因具備旋翼機飛行任務規劃與執行實務經驗，熟悉飛航程序、作業標準與風險管控，適合擔任飛航安全技術員，從事有關航道控制、領航系統及飛航安全相關設備的操作與維護工作。,應取得交通部民用航空局核發之「航空人員檢定證：飛航管制員檢定證」等相關證照,
,,,15物流/運輸/資材,交通運輸部門主管,150201,具備飛行任務規劃與協調管制能力，適合擔任交通運輸部門主管，從事航空班次規劃、調度等相關工作。,,
,,,03人資/法務/智財,教育訓練人員,030104,因具備部隊訓練規劃、課程實施及參與鑑測之實務經驗，熟悉訓練規劃與評量流程，適合轉銜為教育訓練人員，從事企業內部課程開發規劃等人才培育相關工作。,,
,,,21行銷/企劃/專案,專案管理師,210304,具備任務規劃、跨部門協調與資源整合等相關實務，熟悉專案流程、任務分工與風險管控，適合擔任專案管理師，從事專案策劃及進度管控等工作。,,建議取得「國際專案管理師（PMP）認證」等相關證照
,,,10技術/維修/操作,遙控無人機專業人員,100316,具備旋翼機駕駛技能與飛航管制知識，適合擔任遙控無人機專業人員，從事商用、空拍、監測、研究、農藥噴灑等相關工作。,應取得交通部民用航空局核發之「遙控無人機操作證」,
領航官,3S63,"1.航程規劃與任務設計
1.1擬訂航行計畫，整合航線、氣象與作業需求。
1.2根據任務需求分配資源與時間，確保執行可行性。
1.3協調相關單位，完成航程設計與任務排程。
2.裝備檢查與安全監控
2.1執行飛行前航行裝備檢查，確保系統與工具狀態正常。
2.2蒐集並記錄設備性能數據，提供維護依據。
2.3建立標準操作流程，降低設備風險與任務中斷率。
3.飛行引導與任務回饋
3.1領導飛行任務執行，確保航程準確與效率。
3.2監控任務進度，並即時調整航行策略以因應突發狀況。
3.3參與任務檢討與回饋，提出改進建議以優化後續作業。",15物流/運輸/資材,運輸交通專業人員,150101,因具備即時任務調度、空域管制協調與通信電子裝備運用等實務經驗，熟悉多單位協同與動態決策，適合轉銜為運輸交通專業人員，從事運輸動線規劃、調度協調與即時狀況應處等工作。,,
,,,15物流/運輸/資材,飛航安全技術員,150204,因具備航行計畫擬訂、任務前裝備檢查、引領飛行任務執行等實務經驗，熟悉飛航管控與風險評估，適合轉銜為飛航安全技術員，從事航班協調、飛航計畫管控與作業風險管理等工作。,應取得交通部民用航空局核發之「航空人員檢定證：飛航管制員檢定證」等相關證照,
,,,通俗職業未收錄依UCAN對應,機場作業組員,,因具備飛行前任務提示、行前整備與飛行後任務檢討之實務經驗，熟悉航務流程與地勤作業協調，適合轉銜為機場作業組員，從事航班地面運作、航務支援及場站管理等相關工作。,,
,,,21行銷/企劃/專案,專案管理師,210304,具備任務規劃、跨部門協調與資源整合等相關實務，熟悉專案流程、任務分工與風險管控，適合擔任專案管理師，從事專案策劃及進度管控等工作。,,建議取得「國際專案管理師（PMP）認證」等相關證照
,,,21行銷/企劃/專案,活動企劃人員,210203,因職務歷練具備任務規劃、流程控管與跨單位溝通經驗，熟悉活動企畫及執行，適合擔任活動企劃人員，從事活動專案規劃、協調與現場管理等工作。,,建議取得經濟部產業發展署iPAS「品牌企劃師能力鑑定證書」
,,,10技術/維修/操作,遙控無人機專業人員,100316,因熟悉飛航安全規範，適合轉銜為遙控無人機專業人員，從事商用空拍、環境監測、研究調查、農藥噴灑、夜間飛行及人群上空作業等相關工作。,,建議取得交通部民用航空局核發之「遙控無人機操作證」等相關證照
,,,22其他職類,顧問,220106,因具備即時任務調度、空域管制協調與通信電子裝備運用等實務經驗，熟悉多單位協同與動態決策，適合擔任無人機業者顧問，提供任務規劃及飛航管制等專業諮詢服務。,,
領航士,3S636,"1.航程規劃與作業設計
1.1擬訂任務航行計畫，整合氣象、航線與任務需求。
1.2依據機型與任務特性，調整航行策略與資源分配。
1.3與團隊協調執行細節，確保任務具備可行性與效率。
2.裝備檢查與安全維護
2.1執行飛行前航行裝備檢查，確保儀器正常運作。
2.2建立與追蹤裝備檢查紀錄，提供維護與修正依據。
2.3依標準程序檢測並報告異常，降低任務風險。
3.導航操作與任務回饋
3.1使用各類導航方法與儀器，引導飛機完成航程。
3.2監控飛行進度，依突發狀況調整航行方式。
3.3參與飛行前簡報與飛行後檢討，提出改善建議以優化作業。",15物流/運輸/資材,運輸交通專業人員,150101,因具備即時任務調度、空域管制協調與通信電子裝備運用等實務經驗，熟悉多單位協同與動態決策，適合轉銜為運輸交通專業人員，從事運輸動線規劃、調度協調與即時狀況應處等工作。,,
,,,15物流/運輸/資材,飛航安全技術員,150204,因具備航行計畫擬訂、任務前裝備檢查、引領飛行任務執行等實務經驗，熟悉飛航管控與風險評估，適合轉銜為飛航安全技術員，從事航班協調、飛航計畫管控與作業風險管理等工作。,應取得交通部民用航空局核發之「航空人員檢定證：飛航管制員檢定證」等相關證照,
,,,通俗職業未收錄依UCAN對應,機場作業組員,,因具備飛行前任務提示、行前整備與飛行後任務檢討之實務經驗，熟悉航務流程與地勤作業協調，適合轉銜為機場作業組員，從事航班地面運作、航務支援及場站管理等相關工作。,,
,,,21行銷/企劃/專案,專案管理師,210304,具備任務規劃、跨部門協調與資源整合等相關實務，熟悉專案流程、任務分工與風險管控，適合擔任專案管理師，從事專案策劃及進度管控等工作。,,建議取得「國際專案管理師（PMP）認證」等相關證照
,,,21行銷/企劃/專案,活動企劃人員,210203,因職務歷練具備任務規劃、流程控管與跨單位溝通經驗，熟悉活動企畫及執行，適合擔任活動企劃人員，從事活動專案規劃、協調與現場管理等工作。,,建議取得經濟部產業發展署iPAS「品牌企劃師能力鑑定證書」
,,,10技術/維修/操作,遙控無人機專業人員,100316,因熟悉飛航安全規範，適合轉銜為遙控無人機專業人員，從事商用空拍、環境監測、研究調查、農藥噴灑、夜間飛行及人群上空作業等相關工作。,,建議取得交通部民用航空局核發之「遙控無人機操作證」等相關證照
,,,22其他職類,顧問,220106,因具備即時任務調度、空域管制協調與通信電子裝備運用等實務經驗，熟悉多單位協同與動態決策，適合擔任無人機業者顧問，提供任務規劃及飛航管制等專業諮詢服務。,,
航空作戰士,3A515,"1.航空運行與管制支援
1.1協助航班規劃與放行審核。
1.2執行飛機進出場管制與地面引導。
1.3支援任務調度與飛航運行協調。
2.裝備維護與管理
2.1管理與維護飛行相關數據與紀錄。
2.2執行系統與裝備的保養與檢修。
2.3提供技術支援，確保設備正常運作。
3.地面操作與安全引導
3.1擔任吊掛裝備操作與勾接作業，支援飛機載運需求。
3.2負責臨時機場的起降引導與指揮。
3.3落實安全規範，維護地面作業安全。",15物流/運輸/資材,運輸交通專業人員,150101,具備飛機放行與進離場管制實務經驗，適合擔任運輸交通專業人員，從事航運規劃、運輸調度與飛安管理等工作。,,
,,,15物流/運輸/資材,飛航安全技術員,150204,具備飛機放行與進離場管制實務經驗，適合擔任飛航安全技術員，從事航道控制、領航系統及飛航安全相關設備的操作與維護工作。,應取得交通部民用航空局核發之「航空人員檢定證：飛航管制員檢定證」等相關證照,
,,,通俗職業未收錄依UCAN對應,機場作業組員,,具備飛機放行與進離場管制實務經驗，熟悉航務流程與地勤作業協調，適合擔任機場作業組員，從事航班地面運作、航務支援與場站管理等工作。,,
,,,15物流/運輸/資材,地勤服務員,150206,具備飛機放行與進離場管制實務經驗，熟悉航務流程與地勤作業協調，適合擔任地勤服務員，從事於機場內提供旅客諮詢、購買機票等服務、並協助旅客登機等工作。,,
,,,21行銷/企劃/專案,活動企劃人員,210203,因職務歷練具備任務規劃、流程控管與跨單位溝通經驗，熟悉活動企畫及執行，適合擔任活動企劃人員，從事活動專案規劃、協調與現場管理等工作。,,建議取得經濟部產業發展署iPAS「品牌企劃師能力鑑定證書」
,,,11營建/製圖/施作,吊車、起重機操作員,110304,具備人員運載與機外吊掛、起降引導實務經驗，適合擔任吊車、起重機操作員，從事吊車及其他起重設備之操作及監控工作。,應取得勞動部「移動式起重機單一技術士證」等相關證照,
,,,15物流/運輸/資材,倉儲物流人員,150107,具備人員運載及機外吊掛實務經驗，適合擔任倉儲物流人員，從事倉庫作業、物料調度與補給管理工作。,,建議取得勞動部「堆高機操作單一技術士證」等相關證照
航空救護兵,3A521,"1.救護裝備管理
1.1負責醫療與救護裝備的裝配、清潔與日常維護
1.2定期盤點與管理裝備庫存，避免短缺或失效。
2.緊急救護支援
2.1協助傷患搬運、包紮與基本急救處理。
2.2在緊急狀況下支援專業醫護人員完成救護任務。
3.個人與工作裝備維護
3.1執行個人裝備的整理與保存，確保作業時可立即使用。
3.2落實裝備管理制度，維持良好工作紀律。",通俗職業未收錄依UCAN對應,空勤救護員,,具備協助救護傷病人員實務經驗，熟悉救護作業流程、航空安全規範與醫療支援機制，適合擔任空勤救護員，從事直升機救援、醫療後送與空中急救支援。,應取得衛生福利部核發之「緊急救護技術員（EMT-2以上）」資格等相關證照,
,,,17醫療/美容/保建,醫院診所掛號員,170116,具備協助救護傷病人員實務經驗，熟悉依作業規範，適合擔任醫院診所掛號員；從事診所櫃檯行政、病歷處理及健保請款等工作。,,
,,,通俗職業未收錄依UCAN對應,救護車工作人員,,具備協助救護傷病人員實務經驗，熟悉救護作業流程與醫療支援機制，適合擔任救護車工作人員，從事院前急救、事故現場處置與病患轉送。,應取得衛生福利部「緊急救護技術員（EMT）證書」等相關證照,
,,,17醫療/美容/保建,醫療設備控制人員,170128,具備救護裝備保養與檢查能力，熟悉設備運作流程、維護機制與安全規範，適合擔任醫療設備控制人員；從事儀器檢查及操作等工作。,,
,,,17醫療/美容/保建,照顧服務員,170113,具備協助救護與照護傷病人員經驗，悉照護作業流程、服務執行機制與安全管理規範，適合擔任照顧服務員，於社會福利機構、醫療機構或家庭，從事病患照顧相關工作。,應取得衛生福利部核發之「照顧服務員技術士證」等相關證照,
,,,17醫療/美容/保建,居家服務督導員,170130,具備緊急救護與照護協調經驗，熟悉醫療裝備管理與人員督導流程，適合擔任居家服務督導員，從事聘任、安排、管理照顧服務員及服務品質管控等工作。,應取得衛生福利部核發之「照顧服務員技術士證」等相關證照,
航空救護士,3A524,"1.空中救援與搜索
1.1執行空中搜索與失事人員救援。
1.2運用航空器協助運送救援人員與物資。
2.緊急醫療與後送
2.1提供傷患急救與基本醫療處置，確保即時救護。
2.2支援傷患搬運與後送，協助醫療單位銜接治療。
2.3使用並維護醫療器材，提升救援品質與效率。
3.救援裝備管理
3.1執行空投作業，支援裝備與補給品投送。
3.2維護與檢查救生裝備，確保功能正常。
3.3協助規劃補給與裝備分配，維持救援行動持續性。",通俗職業未收錄依UCAN對應,空勤救護員,,具備協助救護傷病人員實務經驗，熟悉救護作業流程、航空安全規範與醫療支援機制，適合擔任空勤救護員，從事直升機救援、醫療後送與空中急救支援。,應取得衛生福利部核發之「緊急救護技術員（EMT-2以上）」資格等相關證照,
,,,17醫療/美容/保建,醫院診所掛號員,170116,具備救護傷病人員實務經驗，熟悉依作業規範，適合擔任醫院診所掛號員；從事診所櫃檯行政、病歷處理及健保請款等工作。,,
,,,通俗職業未收錄依UCAN對應,救護車工作人員,,具備救護傷病人員實務經驗，熟悉救護作業流程與醫療支援機制，適合擔任救護車工作人員，從事院前急救、事故現場處置與病患轉送。,應取得衛生福利部「緊急救護技術員（EMT）證書」等相關證照,
,,,17醫療/美容/保建,醫療設備控制人員,170128,具備救護裝備保養與檢查能力，熟悉設備運作流程、維護機制與安全規範，適合擔任醫療設備控制人員；從事儀器檢查及操作等工作。,,
,,,17醫療/美容/保建,照顧服務員,170113,具備救護與照護傷病人員經驗，悉照護作業流程、服務執行機制與安全管理規範，適合擔任照顧服務員，於社會福利機構、醫療機構或家庭，從事病患照顧相關工作。,應取得衛生福利部核發之「照顧服務員技術士證」等相關證照,
,,,17醫療/美容/保建,居家服務督導員,170130,具備緊急救護與照護協調經驗，熟悉醫療裝備管理與人員督導流程，適合擔任居家服務督導員，從事聘任、安排、管理照顧服務員及服務品質管控等工作。,應取得衛生福利部核發之「照顧服務員技術士證」等相關證照,
動員將官,3X00,"1.政策規劃與制度設計
1.1擬定政策與執行規範
1.2研析法令並提出修正建議。
1.3推動政策實施並檢討成效。
2.行政督導與跨部門協調
2.1督導下屬單位執行政策。
2.2協調跨部門資源與任務分工。
2.3建立溝通機制與合作平台。
3.危機管理與風險控管
3.1規劃緊急應變計畫。
3.2執行風險評估與資源調配。
3.3主導危機處理並監督改善。",21行銷/企劃/專案,行銷企劃部門主管,210101,具備策略規劃、跨部門溝通及資源整合能力，熟悉計畫推動與管控，並能整合多元資訊形成行動方案，適合擔任行銷企劃主管，從事品牌策略擬定、活動規劃與跨部門整合等工作。,,建議取得經濟部iPAS「品牌企劃師能力鑑定證書」，「初階行銷企劃證照」
,,,21行銷/企劃/專案,專案管理主管,210301,因職務歷練，具備專案規劃、資源整合與跨部門協調能力；適合擔任專案管理主管，從事大型專案規劃、監督與成效評估等工作。,,建議取得「國際專案管理師（PMP）認證」等相關證照
,,,21行銷/企劃/專案,專案管理主管,210301,,,
,,,01經營/行政/總務,經營管理主管,010101,具備團隊領導、策略規劃與跨部門溝通等相關實務經驗，熟悉組織運作、決策流程與績效管理，適合擔任經營管理主管；從事組織營運規劃、資源整合與危機處理等工作。,,
,,,03人資/法務/智財,人力資源主管,030101,因職務歷練，具備動員、招募與訓練實務經驗；適合擔任人力資源主管，從事人力資源規劃、招募任用與培訓發展等工作。,,
,,,21行銷/企劃/專案,營運管理師/ERP專案師,210302,因職務歷練，具備策略規劃與資源整合能力，適合擔任營運管理師/ERP專案師，從事營運流程優化、跨部門資源整合與績效追蹤等工作。,,建議取得經濟部產業發展署核發之「營運智慧分析師能力鑑定證書」等相關證照
,,,14教育/學術/研究,歷史／政治相關研究人員,140307,具備策略規劃及複雜情境下分析判斷實務經驗，熟悉國際關係、政策評估及研究流程，適合擔任歷史／政治相關研究人員；從事政策研究分析工作。,,
,,,22其他職類,顧問,220106,具備策略規劃、團隊領導、資源整合與危機應處能力；適合擔任企業顧問，提供營運策略諮詢及襄理重大專案工作。,,
動員指揮將官,DF00,"1.資源整備與管理
1.1規劃人力資源配置與組織建制。
1.2執行裝備資產管理與培訓招募。
1.3建立危機應變與整備制度。
2.跨部門協調與專案執行
2.1制定並推動大型專案或區域計畫。
2.2督導進度管控並確保流程落實。
2.3協調跨單位合作以提升資源效能。
3.危機應變與持續營運
3.1啟動緊急應變計畫並調度資源。
3.2支援前線或關鍵部門的作業需求。
3.3維持組織穩定並確保營運安全。",21行銷/企劃/專案,行銷企劃部門主管,210101,具備策略規劃、跨部門溝通及資源整合能力，熟悉計畫推動與管控，並能整合多元資訊形成行動方案，適合擔任行銷企劃主管，從事品牌策略擬定、活動規劃與跨部門整合等工作。,,建議取得經濟部iPAS「品牌企劃師能力鑑定證書」，「初階行銷企劃證照」
,,,21行銷/企劃/專案,專案管理主管,210301,因職務歷練，具備專案規劃、資源整合與跨部門協調能力；適合擔任專案管理主管，從事大型專案規劃、監督與成效評估等工作。,,建議取得「國際專案管理師（PMP）認證」等相關證照
,,,21行銷/企劃/專案,專案管理主管,210301,,,
,,,01經營/行政/總務,經營管理主管,010101,具備團隊領導、策略規劃與跨部門溝通等相關實務經驗，熟悉組織運作、決策流程與績效管理，適合擔任經營管理主管；從事組織營運規劃、資源整合與危機處理等工作。,,
,,,03人資/法務/智財,人力資源主管,030101,因職務歷練，具備動員、招募與訓練實務經驗；適合擔任人力資源主管，從事人力資源規劃、招募任用與培訓發展等工作。,,
,,,21行銷/企劃/專案,營運管理師/ERP專案師,210302,因職務歷練，具備策略規劃與資源整合能力，適合擔任營運管理師/ERP專案師，從事營運流程優化、跨部門資源整合與績效追蹤等工作。,,建議取得經濟部產業發展署核發之「營運智慧分析師能力鑑定證書」等相關證照
,,,14教育/學術/研究,歷史／政治相關研究人員,140307,具備策略規劃及複雜情境下分析判斷實務經驗，熟悉國際關係、政策評估及研究流程，適合擔任歷史／政治相關研究人員；從事政策研究分析工作。,,
,,,22其他職類,顧問,220106,具備策略規劃、團隊領導、資源整合與危機應處能力；適合擔任企業顧問，提供營運策略諮詢及襄理重大專案工作。,,
動員督導官,3X11,"1.政策研析與計畫推動
1.1研擬人力與物力調度政策。
1.2制定制度規範並推動落實。
1.3評估執行情況並提出改善。
2.行政督導與流程管理
2.1督導單位遵循規章與流程。
2.2執行訓練與考核，確保能力。
2.3審查執行結果並進行檢討。
3.跨部門協調與資源配置
3.1協調跨部門人力與物力調度。
3.2分配與監督資源使用效率。
3.3建立協作平台，提升任務效能。",15物流/運輸/資材,物流中心經理,150108,具備軍需動員與物資調度實務經驗，熟悉物資獲得及配送流程，適合擔任物流中心經理，從事倉儲營運管理、物流調度與供應鏈運籌規劃等工作。,,建議取得財政部關務署認可之「優質企業供應鏈安全專責人員證書」或「自主管理專責人員證書」等相關證照
,,,21行銷/企劃/專案,行銷企劃部門主管,210101,具備策略規劃、跨部門溝通及資源整合能力，熟悉計畫推動與管控，並能整合多元資訊形成行動方案，適合擔任行銷企劃主管，從事品牌策略擬定、活動規劃與跨部門整合等工作。,,建議取得經濟部iPAS「品牌企劃師能力鑑定證書」，「初階行銷企劃證照」
,,,21行銷/企劃/專案,營運管理師/ERP專案師,210302,具備人力、物力動員政策規劃與資源整合能力，適合擔任營運管理師/ERP專案師，從事營運流程優化、跨部門資源整合與績效追蹤等工作。,,建議取得經濟部產業發展署核發之「營運智慧分析師能力鑑定證書」等相關證照
,,,21行銷/企劃/專案,專案管理師,210304,具備跨部門協調與計畫推動能力，適合擔任專案管理師，從事大型專案規劃、進度督導與資源調度等工作。,,建議取得「國際專案管理師（PMP）認證」等相關證照
,,,21行銷/企劃/專案,企業永續發展人員,210305,因職務歷練，具備計畫擬定、風險評估與專案推動經驗，擁有流程管控、資料蒐整與跨部門溝通能力；適合轉銜企業永續發展人員，從事企業碳盤查、減碳規劃及社會責任（CSR）等相關工作。,,建議取得經濟部產業發展署「淨零碳規劃管理師」能力鑑定
,,,03人資/法務/智財,人力資源主管,030101,具備人力動員、招募與訓練經驗，適合擔任人力資源主管，從事人力資源規劃、招募任用與培訓發展等工作。,,建議取得勞動部勞動力發展署核發之「就業服務乙級技術士證」等相關證照
動員部隊指揮官,DF11,"1.專案指揮與協調
1.1擔任專案主管，規劃任務目標、時程與關鍵里程碑，確保專案按期交付。
1.2協調內外部利害關係人（跨部門或外部合作單位），整合資源以支援任務需求。
1.3監控專案進度與成果，識別風險並即時調整計畫或資源分配。
2.組織管理與資源整合
2.1負責部門或專案團隊的人員管理與職能配置，滿足任務需求。
2.2建立並督導訓練、績效評估與紀律管理機制，提升團隊專業水準。
2.3管理預算與後勤支持（含設備、物資與供應鏈協調），確保作業穩定與成本控管。
3.情境判斷與風險應變
3.1持續蒐集情資與運作狀況，進行情境分析並提出可行的決策建議。
3.2設計風險評估與應變流程，於異常或突發事件時快速啟動處置機制。
3.3接納並整合下屬或相關單位建議，執行評估並持續優化流程與政策。",15物流/運輸/資材,物流中心經理,150108,具備軍需動員與物資調度實務經驗，熟悉物資獲得及配送流程，適合擔任物流中心經理，從事倉儲營運管理、物流調度與供應鏈運籌規劃等工作。,,建議取得財政部關務署認可之「優質企業供應鏈安全專責人員證書」或「自主管理專責人員證書」等相關證照
,,,21行銷/企劃/專案,行銷企劃部門主管,210101,具備策略規劃、跨部門溝通及資源整合能力，熟悉計畫推動與管控，並能整合多元資訊形成行動方案，適合擔任行銷企劃主管，從事品牌策略擬定、活動規劃與跨部門整合等工作。,,建議取得經濟部iPAS「品牌企劃師能力鑑定證書」，「初階行銷企劃證照」
,,,21行銷/企劃/專案,營運管理師/ERP專案師,210302,具備人力、物力動員政策規劃與資源整合能力，適合擔任營運管理師/ERP專案師，從事營運流程優化、跨部門資源整合與績效追蹤等工作。,,建議取得經濟部產業發展署核發之「營運智慧分析師能力鑑定證書」等相關證照
,,,21行銷/企劃/專案,專案管理師,210304,具備跨部門協調與計畫推動能力，適合擔任專案管理師，從事大型專案規劃、進度督導與資源調度等工作。,,建議取得「國際專案管理師（PMP）認證」等相關證照
,,,21行銷/企劃/專案,企業永續發展人員,210305,因職務歷練，具備計畫擬定、風險評估與專案推動經驗，擁有流程管控、資料蒐整與跨部門溝通能力；適合轉銜企業永續發展人員，從事企業碳盤查、減碳規劃及社會責任（CSR）等相關工作。,,建議取得經濟部產業發展署「淨零碳規劃管理師」能力鑑定
,,,03人資/法務/智財,人力資源主管,030101,具備人力動員、招募與訓練經驗，適合擔任人力資源主管，從事人力資源規劃、招募任用與培訓發展等工作。,,建議取得勞動部勞動力發展署核發之「就業服務乙級技術士證」等相關證照
動員士,3X214,"1.行政協調與專案推動
1.1協助執行組織內外部專案與計畫，確保任務依時程推進。
1.2協調跨單位工作流程，維持資訊暢通與資源整合。
1.3蒐集並整理工作進度與成果，提供主管作決策參考。
2.輔導服務與社群連繫
2.1支援服務中心或輔導單位，協助人員需求回應與資源對接。
2.2建立並維護聯繫網絡，促進組織與成員間的良好互動。
2.3安排並參與活動或培訓，提升人員向心力與專業能力。
3.訓練規劃與資料管理
3.1協助規劃教育訓練或在職培訓活動，確保人員具備必要技能。
3.2蒐集並更新人員資料，進行統計分析與後續追蹤。
3.3撰寫並呈報行政或訓練成果報告，供主管單位持續改善。",01經營/行政/總務,幹事,010104,因具備動員業務推展、後備軍人聯繫與跨單位協調實務經驗，熟悉名冊管理、活動安排與行政支援要領；適合轉銜為幹事，於各類法人團體從事會務推廣、資料彙整與行政庶務等工作。,,建議取得勞動部辦理技能檢定之「電腦軟體應用技術士證」等相關證照
,,,01經營/行政/總務,行政總務人員,010302,因具備動員業務推展、後備軍人聯繫與跨單位協調實務經驗，熟悉文書處理、活動安排與行政支援要領；適合轉銜為行政總務人員，從事組織內部行政庶務相關工作。,,建議取得勞動部辦理技能檢定之「電腦軟體應用技術士證)」
,,,02業務/貿易/銷售,業務人員,020102,具備後備軍人連繫訪問實務經驗，適合擔任業務人員，從事客戶拜訪、產品推廣與銷售服務等工作。,,
,,,03人資/法務/智財,教育訓練人員,030104,因具備召訓規劃、課程實施及參與鑑測之實務經驗，熟悉訓練規劃與評量流程；適合轉銜為教育訓練人員，從事企業內部課程開發規劃等人才培育相關工作。,,
,,,03人資/法務/智財,人力資源專員,030102,因具備動員業務推展、後備軍人聯繫與跨單位協調實務經驗，熟悉人員資料管理及作業法規查詢；適合擔任人力資源專員，從事組織人力資源管理工作。,,建議取得勞動部勞動力發展署核發之「就業服務乙級技術士證」等相關證照
,,,21行銷/企劃/專案,活動企劃人員,210203,因職務歷練具備任務規劃、流程控管與跨單位溝通經驗，熟悉活動企畫及執行，適合擔任活動企劃人員，從事活動專案規劃、協調與現場管理等工作。,,建議取得經濟部產業發展署iPAS「品牌企劃師能力鑑定證書」
,,,06門市/客服,連鎖店管理人員,060205,具備軍中差勤管理、物料補給及設施環境維護等實務經驗，熟悉人員調度與突發狀況處理，適合轉銜為連鎖店管理人員，從事連鎖體系門市營運管理、人員督導與日常營運協調等工作。,,建議取得勞動部核發之「門市服務技術士證」
,,,06門市/客服,專櫃／門市（人員／儲備幹部）,060203,具備因職務養成之遵守紀律、跨單位協作、情境應變與壓力下執行能力，適合轉銜專櫃／門市儲備幹部，，從事專櫃、賣場或店面門市內提供商品介紹及銷售服務等工作。,,建議取得勞動部核發之「門市服務技術士證」等相關證照
動員連絡兵,3X221,"1.行政作業與文書處理
1.1編製、整理與歸檔各類行政文件，確保資料完整與可追溯。
1.2協助撰寫報告、公文與通知，依照規範完成文書流程。
1.3處理日常庶務與資料登錄，支援單位運作效率。
2.人員資料與業務管理
2.1蒐集、更新並維護人員基本資料，確保資訊正確性。
2.2協助執行各項人員管理業務，包含登錄、查核與異動處理。
2.3製作統計報表，提供主管掌握人員動態與業務進度。
3.溝通協調與跨單位支援
3.1協助維護與相關單位或成員之聯繫，確保資訊傳遞正確。
3.2配合上級或協作部門需求，完成臨時交辦事項。
3.3協助安排會議或活動之行政支持，提升跨部門協作效率。",01經營/行政/總務,幹事,010104,因具備動員業務推展、後備軍人聯繫與跨單位協調實務經驗，熟悉名冊管理、活動安排與行政支援要領；適合轉銜為幹事，於各類法人團體從事會務推廣、資料彙整與行政庶務等工作。,,建議取得勞動部辦理技能檢定之「電腦軟體應用技術士證」等相關證照
,,,01經營/行政/總務,行政總務人員,010302,因具備動員業務推展、後備軍人聯繫與跨單位協調實務經驗，熟悉文書處理、活動安排與行政支援要領；適合轉銜為行政總務人員，從事組織內部行政庶務相關工作。,,建議取得勞動部辦理技能檢定之「電腦軟體應用技術士證)」
,,,02業務/貿易/銷售,業務人員,020102,具備後備軍人連繫訪問實務經驗，適合擔任業務人員，從事客戶拜訪、產品推廣與銷售服務等工作。,,
,,,03人資/法務/智財,教育訓練人員,030104,因具備召訓規劃、課程實施及參與鑑測之實務經驗，熟悉訓練規劃與評量流程；適合轉銜為教育訓練人員，從事企業內部課程開發規劃等人才培育相關工作。,,
,,,03人資/法務/智財,人力資源專員,030102,因具備動員業務推展、後備軍人聯繫與跨單位協調實務經驗，熟悉人員資料管理及作業法規查詢；適合擔任人力資源專員，從事組織人力資源管理工作。,,建議取得勞動部勞動力發展署核發之「就業服務乙級技術士證」等相關證照
,,,06門市/客服,連鎖店管理人員,060205,具備軍中差勤管理、物料補給及設施環境維護等實務經驗，熟悉人員調度與突發狀況處理，適合轉銜為連鎖店管理人員，從事連鎖體系門市營運管理、人員督導與日常營運協調等工作。,,建議取得勞動部核發之「門市服務技術士證」
,,,06門市/客服,專櫃／門市（人員／儲備幹部）,060203,具備因職務養成之遵守紀律、跨單位協作、情境應變與壓力下執行能力，適合轉銜專櫃／門市儲備幹部，，從事專櫃、賣場或店面門市內提供商品介紹及銷售服務等工作。,,建議取得勞動部核發之「門市服務技術士證」等相關證照
憲兵指揮將官,BD00,"1.政策規劃與組織領導
1.1擬訂安全與勤務政策，設定年度目標。
1.2領導大規模組織，分配資源與任務。
1.3評估政策執行情況並持續改善。
2.行政管理與後勤督導
2.1制定行政作業規範，監督執行成效。
2.2規劃後勤資源配置與人員管理。
2.3建立監督與檢核機制，確保制度落實。
3.跨部門協調與風險控管
3.1蒐集情報資料，掌握外部環境動態。
3.2與外部單位保持協調，推動聯合行動。
3.3建立風險管控計畫，處理突發狀況。",通俗職業未收錄依UCAN對應,企業安全經理,,具備指揮管理與安全規劃能力，熟悉風險評估與危機處置，適合擔任企業安全經理，從事企業安全策略制定、內外部風險控管與危機應變規劃等工作。,,
,,,通俗職業未收錄依UCAN對應,防損經理,,具備指揮管理與安全規劃能力，熟悉風險評估與危機處置，適合擔任防損經理；從事大型活動、場域或企業保全防損相關工作。,,
,,,01經營/行政/總務,經營管理主管,010101,具備團隊領導、策略規劃與跨部門溝通等相關實務經驗，熟悉組織運作、決策流程與績效管理，適合擔任經營管理主管；從事組織營運規劃、資源整合與危機處理等工作。,,
,,,21行銷/企劃/專案,專案管理主管,210301,具備因職務歷練養成之策略規劃、團隊領導、危機應處及跨部門協調整合能力；適合擔任專案管理主管，帶領團隊從事專案管理相關工作。,,建議取得「國際專案管理師（PMP）認證」等相關證照
,,,21行銷/企劃/專案,營運管理師/ERP專案師,210302,具備計畫擬定與資源整合能力，適合擔任營運管理師/ERP專案師，從事營運流程優化、跨部門資源整合與績效追蹤等工作。,,建議取得經濟部產業發展署核發之「營運智慧分析師能力鑑定證書」等相關證照
,,,14教育/學術/研究,歷史／政治相關研究人員,140307,具備策略規劃及複雜情境下分析判斷實務經驗，熟悉國際關係、政策評估及研究流程，適合擔任歷史／政治相關研究人員；從事政策研究分析工作。,,
,,,22其他職類,顧問,220106,具備策略規劃、團隊領導、資源整合與危機應處能力，適合擔任企業顧問，提供營運策略諮詢及襄理重大專案工作。,,
憲兵指揮官,BD11,"1.組織領導與勤務規劃
1.1指揮並分工部屬完成任務。
1.2制定勤務與專案執行計畫。
1.3監督任務進度並檢討改善。
2.行政與資源管理
2.1規劃單位行政作業並督導落實。
2.2分配後勤與人員資源
2.3執行績效檢核並提出建議。
3.跨部門協調與風險控管
3.1蒐集外部資料並轉化為決策。
3.2協調外部單位，促進任務整合策依據。
3.3建立應變計畫以處理突發狀況。",通俗職業未收錄依UCAN對應,企業安全經理,,具備指揮管理與安全規劃能力，熟悉風險評估與危機處置，適合擔任企業安全經理，從事企業安全策略制定、內外部風險控管與危機應變規劃等工作。,,
,,,通俗職業未收錄依UCAN對應,防損經理,,具備指揮管理與安全規劃能力，熟悉風險評估與危機處置，適合擔任防損經理；從事大型活動、場域或企業保全防損相關工作。,,
,,,10技術/維修/操作,安防系統施作規劃管理人員,100212,具備責任區域整體安全規劃實務經驗，適合擔任安防系統施作規劃管理人員，從事安防設備規劃、設施安全整合與施工監管等工作。,,建議取得勞動部「配電線路裝修」技術士證等相關證照
,,,01經營/行政/總務,行政總務主管,010301,具備職務養成之行政規劃、流程設計與督導執行能力，熟悉組織運作與跨部門協調，適合轉銜為行政總務主管，從事企業內部行政總務支援工作。,,
,,,21行銷/企劃/專案,活動企劃人員,210203,因職務歷練具備任務規劃、流程控管與跨單位溝通經驗，熟悉活動企畫及執行，適合擔任活動企劃人員，從事活動專案規劃、協調與現場管理等工作。,,建議取得經濟部產業發展署iPAS「品牌企劃師能力鑑定證書」
,,,21行銷/企劃/專案,營運管理師/ERP專案師,210302,具備職務養成之計畫擬定與資源整合能力，適合擔任營運管理師/ERP專案師，從事營運流程優化、跨部門資源整合與績效追蹤等工作。,,建議取得經濟部產業發展署核發之「營運智慧分析師能力鑑定證書」等相關證照
憲兵督導官,3F11,"1.政策規劃與計畫制定
1.1擬訂行政與勤務計畫，設定目標與流程。
1.2建立執行步驟，分配資源與責任。
1.3評估計畫可行性並調整改善。
2.行政督導與稽核管理
2.1監督行政、訓練與後勤作業落實情況。
2.2建立檢核制度，確保程序符合規範。
2.3執行績效評估並提出改進方案。
3.資料分析與跨部門協調
3.1蒐集並分析數據，找出問題根源。
3.2與相關單位協調合作，推動任務整合。
3.3提出政策建議，提升組織運作效能。",通俗職業未收錄依UCAN對應,企業安全經理,,具備指揮管理與安全規劃能力，熟悉風險評估與危機處置，適合擔任企業安全經理，從事企業安全策略制定、內外部風險控管與危機應變規劃等工作。,,
,,,通俗職業未收錄依UCAN對應,防損經理,,具備指揮管理與安全規劃能力，熟悉風險評估與危機處置，適合擔任防損經理；從事大型活動、場域或企業保全防損相關工作。,,
,,,10技術/維修/操作,安防系統施作規劃管理人員,100212,具備責任區域整體安全規劃實務經驗，適合擔任安防系統施作規劃管理人員，從事安防設備規劃、設施安全整合與施工監管等工作。,,建議取得勞動部「配電線路裝修」技術士證等相關證照
,,,01經營/行政/總務,行政總務主管,010301,具備職務養成之行政規劃、流程設計與督導執行能力，熟悉組織運作與跨部門協調，適合轉銜為行政總務主管，從事企業內部行政總務支援工作。,,
,,,21行銷/企劃/專案,營運管理師/ERP專案師,210302,具備職務養成之計畫擬定與資源整合能力，適合擔任營運管理師/ERP專案師，從事營運流程優化、跨部門資源整合與績效追蹤等工作。,,建議取得經濟部產業發展署核發之「營運智慧分析師能力鑑定證書」等相關證照
,,,21行銷/企劃/專案,行銷企劃部門主管,210101,具備策略規劃、跨部門溝通及資源整合能力，熟悉計畫推動與管控，並能整合多元資訊形成行動方案，適合擔任行銷企劃主管，從事品牌策略擬定、活動規劃與跨部門整合等工作。,,建議取得經濟部iPAS「品牌企劃師能力鑑定證書」，「初階行銷企劃證照」
,,,21行銷/企劃/專案,專案管理師,210304,具備策略規劃與跨單位協調經驗，適合擔任專案管理師，從事專案規劃、進度監督與績效評估檢討等工作。,,建議取得「國際專案管理師（PMP）認證」等相關證照
憲兵調查官,3F23,"1.調查策劃與執行
1.1設計並推動調查計畫
1.2督導調查流程與品質
1.3分析結果並形成結論
2.合規稽核與制度改進
2.1研究與改進調查方法
2.2建立稽核流程並進行績效檢核。
2.3提出制度改善建議。
3.資料研析與跨部門協調
3.1蒐集統計數據並轉化為決策依據。
3.2與相關單位協作推動專案。
3.3建立聯繫管道，確保任務執行。",22其他職類,徵信人員/私家偵探,220104,因具備調查計畫設計、情報蒐集、資料分析與跨單位協調實務經驗，熟悉法規運用與調查流程，適合轉銜為徵信人員/私家偵探，從事有關事實查證、資料蒐集分析或法律輔助調查等工作。,,
,,,03人資/法務/智財,法律助理人員,030204,因職務具備司法警察身分，擁有調查計畫設計、情報蒐集、資料分析與跨單位協調實務經驗，熟悉法規運用與調查流程，適合擔任法律助理人員，從事法律文書整理、案件資料研析等相關支援工作。,,
,,,04財務/金融/保險,理賠人員,040304,因具備調查計畫設計、情報蒐集、資料分析與跨單位協調實務經驗，適合擔任理賠人員，從事事故責任調查、理賠事實蒐證等工作。,應取得金融監督管理委員會認可之「人身保險業務員資格測驗合格證書」或「財產保險業務員資格測驗合格證書」等相關證照,
,,,通俗職業未收錄依UCAN對應,企業安全經理,,具備指揮管理與安全規劃能力，熟悉風險評估與危機處置，適合擔任企業安全經理，從事企業安全策略制定、內外部風險控管與危機應變規劃等工作。,,
,,,通俗職業未收錄依UCAN對應,防損經理,,具備指揮管理與安全規劃能力，熟悉風險評估與危機處置，適合擔任防損經理；從事大型活動、場域或企業保全防損相關工作。,,
,,,10技術/維修/操作,安防系統施作規劃管理人員,100212,具備責任區域整體安全規劃實務經驗，適合擔任安防系統施作規劃管理人員，從事安防設備規劃、設施安全整合與施工監管等工作。,,建議取得勞動部「配電線路裝修」技術士證等相關證照
,,,21行銷/企劃/專案,活動企劃人員,210203,因職務歷練具備任務規劃、流程控管與跨單位溝通經驗，熟悉活動企畫及執行，適合擔任活動企劃人員，從事活動專案規劃、協調與現場管理等工作。,,建議取得經濟部產業發展署iPAS「品牌企劃師能力鑑定證書」
聯合警衛官,3F33,"1.安全規劃與防護部署
1.1進行地區或人員安全風險調查。
1.2制定安全防護與部署計畫。
1.3評估防護效果並調整策略。
2.人員管理與績效考核
2.1督導警衛團隊執行勤務。
2.2建立考核制度並追蹤績效。
2.3培訓人員提升專業技能。
3.危機應變與跨單位協調
3.1與外部安管機構交換情報。
3.2建立危機應變流程。
3.3跨單位協調以應對突發事件。",通俗職業未收錄依UCAN對應,企業安全經理,,具備指揮管理與安全規劃能力，熟悉風險評估與危機處置，適合擔任企業安全經理，從事企業安全策略制定、內外部風險控管與危機應變規劃等工作。,,
,,,通俗職業未收錄依UCAN對應,防損經理,,具備指揮管理與安全規劃能力，熟悉風險評估與危機處置，適合擔任防損經理；從事大型活動、場域或企業保全防損相關工作。,,
,,,10技術/維修/操作,安防系統施作規劃管理人員,100212,具備責任區域整體安全規劃實務經驗，適合擔任安防系統施作規劃管理人員，從事安防設備規劃、設施安全整合與施工監管等工作。,,建議取得勞動部「配電線路裝修」技術士證等相關證照
,,,21行銷/企劃/專案,活動企劃人員,210203,因職務歷練具備任務規劃、流程控管與跨單位溝通經驗，熟悉活動企畫及執行，適合擔任活動企劃人員，從事活動專案規劃、協調與現場管理等工作。,,建議取得經濟部產業發展署iPAS「品牌企劃師能力鑑定證書」
,,,18保全/軍警消,場地管理人員,180107,因職務需求具備安全維護與現場指揮經驗，熟悉場地巡檢與人員調度，適合擔任場地管理人員，從事場域管理與秩序維持工作。,,
,,,18保全/軍警消,運鈔員,180104,具備職務養成之遵守紀律、高度警覺與突發狀況應變能力，適合擔任運鈔員，從事資金押運、路線安全防護與突發事件應對工作。,,
憲兵戰技官,3F53,"1.格鬥訓練與課程設計
1.1規劃近身格鬥與防身技術課程。
1.2執行示範並帶領學員訓練。
1.3設計課程評量與進度追蹤。
2.技術研究與器材設計
2.1分析現有戰技並提出改進方案。
2.2規劃與設計相關訓練器材。
2.3測試與評估技術或器材成效。
3.教育訓練與專業指導
3.1擔任防身或武術教練
3.2進行特勤單位或企業保全培訓。
3.3培養學員危機應變與實戰應用能力。",通俗職業未收錄依UCAN對應,企業安全經理,,具備指揮管理與安全規劃能力，熟悉風險評估與危機處置，適合擔任企業安全經理，從事企業安全策略制定、內外部風險控管與危機應變規劃等工作。,,
,,,通俗職業未收錄依UCAN對應,防損經理,,具備指揮管理與安全規劃能力，熟悉風險評估與危機處置，適合擔任防損經理；從事大型活動、場域或企業保全防損相關工作。,,
,,,16旅遊/餐飲/休閒,運動教練,160301,因職務需求具備武術格鬥及戰技教學能力，適合擔任運動教練，從事體適能訓練或武術教學等相關工作。,應取得運動部「國民體適能指導員初級證書」、「運動部學校專任運動教練初級證書」或「運動防護員證書」,
,,,03人資/法務/智財,教育訓練人員,030104,因具備部隊訓練規劃、課程實施及參與鑑測之實務經驗，熟悉訓練規劃與評量流程，適合轉銜為教育訓練人員，從事企業內部課程開發規劃等人才培育相關工作。,,
,,,18保全/軍警消,運鈔員,180104,具備職務養成之遵守紀律、高度警覺與突發狀況應變能力，適合擔任運鈔員，從事資金押運、路線安全防護與突發事件應對工作。,,
刑事綜合業務督導官,3F61,"1.技術計畫與稽核監督
1.1擬定鑑識技術與品質計畫。
1.2督導流程落實與標準遵循。
1.3執行績效檢核並提出改善建議。
2.教育訓練與人才培養
2.1推廣刑事鑑識與教育課程。
2.2擔任講師並進行實作示範。
2.3建立教育資源與教材標準。
3.設備管理與維護監督
3.1指導器材保管與操作規範。
3.2督導設備檢查與維護保養。
3.3分析設備異常並提出修繕方案。",22其他職類,徵信人員/私家偵探,220104,因具備刑事鑑識實務經驗，熟悉法規運用與調查流程，適合轉銜為徵信人員/私家偵探，從事有關事實查證、資料蒐集分析或法律輔助調查等工作。,,
,,,03人資/法務/智財,法律助理人員,030204,因具備刑事鑑識實務經驗，熟悉法規運用與調查流程，適合擔任法律助理人員，從事法律文書整理、案件資料研析等相關支援工作。,,
,,,04財務/金融/保險,理賠人員,040304,因具備刑事鑑識實務經驗，熟悉法規運用與調查流程，適合擔任理賠人員，從事事故責任調查、理賠事實蒐證等工作。,應取得金融監督管理委員會認可之「人身保險業務員資格測驗合格證書」或「財產保險業務員資格測驗合格證書」等相關證照,
,,,通俗職業未收錄依UCAN對應,企業安全經理,,因具備刑事鑑識工作規劃、調查流程督導與專業教育推展實務經驗，熟悉風險辨識、案件分析與危機應變機制，適合轉銜為企業安全經理，從事企業安全策略規劃、內外部風險控管、案件調查及危機應變體系建置等工作。,,
,,,通俗職業未收錄依UCAN對應,防損經理,,因具備刑事鑑識工作規劃、調查流程督導與專業教育推展實務經驗，熟悉風險辨識、案件分析與危機應變機制，適合擔任防損經理；從事大型活動、場域或企業保全防損相關工作。,,
,,,10技術/維修/操作,安防系統施作規劃管理人員,100212,因具備刑事鑑識工作規劃、調查流程督導與專業教育推展實務經驗，熟悉器材操作與案件分析，適合轉銜為安防系統施作規劃管理人員，從事安防設備規劃、系統整合及施工監管等工作。,,建議取得勞動部「配電線路裝修」技術士證等相關證照
刑事鑑識蒐證官,3F64,"1.鑑識規劃與技術執行
1.1制定鑑識作業與標準流程。
1.2督導現場蒐證與證據保全。
1.3確保檢驗報告之完整性與合法性。
2.檢驗分析與實驗管理
2.1執行指紋、痕跡、化學與物理檢驗。
2.2維護實驗室設備與操作安全。
2.3分析檢驗數據並出具報告。
3.教育訓練與技術指導
3.1擔任鑑識專業課程講師。
3.2示範操作與蒐證技術
3.3建立教材並推廣專業訓練。",07工程/研發/生技,實驗化驗人員,070304,具備刑事鑑識實務經驗，熟悉實驗室化驗流程與安全規範，適合擔任實驗化驗人員，從事有關化學試驗分析等工作。,,
,,,通俗職業未收錄依UCAN對應,數位鑑識分析師,,具備數位資料還原、電腦與手機取證實務經驗，熟悉數位資料還原鑑識，適合擔任數位鑑識分析師，從事資訊安全、資安稽核或數位鑑識等相關工作。,,
,,,09品管/製造/環衛,品管檢驗人員,090105,具備實驗室品管系統（ISO/IEC17025）標準維護與品質檢核能力，適合擔任品管檢驗人員，從事依據品管規格檢查成品，使其符合製造標準之工作。,,建議取得中華民國品質學會「品質工程師認證」（經濟部認可）
,,,22其他職類,徵信人員/私家偵探,220104,因具備刑事鑑識實務經驗，熟悉法規運用與調查流程，適合轉銜為徵信人員/私家偵探，從事有關事實查證、資料蒐集分析或法律輔助調查等工作。,,
,,,03人資/法務/智財,法律助理人員,030204,因具備刑事鑑識實務經驗，熟悉法規運用與調查流程，適合擔任法律助理人員，從事法律文書整理、案件資料研析等相關支援工作。,,
,,,04財務/金融/保險,理賠人員,040304,因具備刑事鑑識實務經驗，熟悉法規運用與調查流程，適合擔任理賠人員，從事事故責任調查、理賠事實蒐證等工作。,應取得金融監督管理委員會認可之「人身保險業務員資格測驗合格證書」或「財產保險業務員資格測驗合格證書」等相關證照,
憲兵領導士,BD115,"1.團隊管理與紀律維護
1.1制定並執行部門工作規範，確保人員遵循制度與流程。
1.2推動教育訓練與職場守則宣導，提升團隊凝聚力與士氣。
1.3針對人員績效與紀律狀況進行評估，提出改善或獎勵建議。
2.任務執行與現場支援
2.1帶領團隊依據計畫完成值勤、巡檢或安全維護等任務。
2.2依需求分派人力資源，確保勤務運作順暢與效率。
2.3於現場突發狀況時，快速反應並妥善處理，以維持秩序與安全。
3.行政管理與決策建議
3.1整理並呈報日常管理、教育訓練及勤務成果，供主管參考。
3.2提供流程優化、內部管理或人員培訓等建議，支援決策制定。
3.3建立行政紀錄與工作報告，確保資訊透明並利於追蹤。",10技術/維修/操作,安防系統施作規劃管理人員,100212,具備責任區域整體安全規劃實務經驗，適合擔任安防系統施作規劃管理人員，從事安防設備規劃、設施安全整合與施工監管等工作。,,建議取得勞動部「配電線路裝修」技術士證等相關證照
,,,16旅遊/餐飲/休閒,運動教練,160301,因職務歷練，具備部隊體能訓練實務經驗，熟悉體能鍛鍊要領與訓練安全規範，適合擔任運動教練，從事體能訓練指導與運動教學相關工作。,應取得運動部「國民體適能指導員初級證書」、「運動部學校專任運動教練初級證書」或「運動防護員證書」,
,,,18保全/軍警消,場地管理人員,180107,因職務需求具備安全維護與現場指揮經驗，熟悉場地巡檢與人員調度，適合擔任場地管理人員，從事場域管理與秩序維持工作。,,
,,,18保全/軍警消,運鈔員,180104,具備職務養成之遵守紀律、高度警覺與突發狀況應變能力，適合擔任運鈔員，從事資金押運、路線安全防護與突發事件應對工作。,,
,,,21行銷/企劃/專案,活動企劃人員,210203,因職務歷練具備任務規劃、流程控管與跨單位溝通經驗，熟悉活動企畫及執行，適合擔任活動企劃人員，從事活動專案規劃、協調與現場管理等工作。,,建議取得經濟部產業發展署iPAS「品牌企劃師能力鑑定證書」
,,,03人資/法務/智財,教育訓練人員,030104,因具備部隊訓練規劃、課程實施及參與鑑測之實務經驗，熟悉訓練規劃與評量流程，適合轉銜為教育訓練人員，從事企業內部課程開發規劃等人才培育相關工作。,,
,,,06門市/客服,連鎖店管理人員,060205,具備軍中差勤管理、物料補給及設施環境維護等實務經驗，熟悉人員調度與突發狀況處理，適合轉銜為連鎖店管理人員，從事連鎖體系門市營運管理、人員督導與日常營運協調等工作。,,建議取得勞動部核發之「門市服務技術士證」
,,,06門市/客服,專櫃／門市（人員／儲備幹部）,060203,具備因職務養成之遵守紀律、跨單位協作、情境應變與壓力下執行能力，適合轉銜專櫃／門市儲備幹部，，從事專櫃、賣場或店面門市內提供商品介紹及銷售服務等工作。,,建議取得勞動部核發之「門市服務技術士證」等相關證照
憲兵士,3F114,"1.基層團隊領導與管理
1.1執行人員守則教育與規範宣導，確保團隊遵循組織制度。
1.2規劃並實施培訓活動，提升人員專業能力與工作效能。
1.3維護良好的團隊氛圍，推動士氣與合作精神。
2.任務執行與現場管理
2.1帶領小組依計畫完成值勤、巡檢或現場勤務作業。
2.2分配人力與資源，確保日常作業與現場任務順利執行。
2.3在突發狀況下即時應變，妥善處理並確保安全與秩序。
3.行政支持與決策建議
3.1整理與回報日常管理、教育與勤務成果，供主管參考。
3.2提出流程改善與內部管理建議，協助提升組織效率。
3.3建立工作紀錄與行政文件，確保資訊透明與持續追蹤。",10技術/維修/操作,安防系統施作規劃管理人員,100212,具備責任區域整體安全規劃實務經驗，適合擔任安防系統施作規劃管理人員，從事安防設備規劃、設施安全整合與施工監管等工作。,,建議取得勞動部「配電線路裝修」技術士證等相關證照
,,,16旅遊/餐飲/休閒,運動教練,160301,因職務歷練，具備部隊體能訓練實務經驗，熟悉體能鍛鍊要領與訓練安全規範，適合擔任運動教練，從事體能訓練指導與運動教學相關工作。,應取得運動部「國民體適能指導員初級證書」、「運動部學校專任運動教練初級證書」或「運動防護員證書」,
,,,21行銷/企劃/專案,活動企劃人員,210203,因職務歷練具備任務規劃、流程控管與跨單位溝通經驗，熟悉活動企畫及執行，適合擔任活動企劃人員，從事活動專案規劃、協調與現場管理等工作。,,建議取得經濟部產業發展署iPAS「品牌企劃師能力鑑定證書」
,,,18保全/軍警消,場地管理人員,180107,因職務需求具備安全維護與現場指揮經驗，熟悉場地巡檢與人員調度，適合擔任場地管理人員，從事場域管理與秩序維持工作。,,
,,,18保全/軍警消,運鈔員,180104,具備職務養成之遵守紀律、高度警覺與突發狀況應變能力，適合擔任運鈔員，從事資金押運、路線安全防護與突發事件應對工作。,,
,,,03人資/法務/智財,教育訓練人員,030104,因具備部隊訓練規劃、課程實施及參與鑑測之實務經驗，熟悉訓練規劃與評量流程，適合轉銜為教育訓練人員，從事企業內部課程開發規劃等人才培育相關工作。,,
,,,06門市/客服,連鎖店管理人員,060205,具備軍中差勤管理、物料補給及設施環境維護等實務經驗，熟悉人員調度與突發狀況處理，適合轉銜為連鎖店管理人員，從事連鎖體系門市營運管理、人員督導與日常營運協調等工作。,,建議取得勞動部核發之「門市服務技術士證」
,,,06門市/客服,專櫃／門市（人員／儲備幹部）,060203,具備因職務養成之遵守紀律、跨單位協作、情境應變與壓力下執行能力，適合轉銜專櫃／門市儲備幹部，，從事專櫃、賣場或店面門市內提供商品介紹及銷售服務等工作。,,建議取得勞動部核發之「門市服務技術士證」等相關證照
憲兵外事士,3F135,"1.語言服務與跨文化溝通
1.1提供專業的口譯與筆譯服務，確保中外雙方資訊正確傳達。
1.2依場合需求調整表達方式，維持溝通清晰與文化適切性。
1.3協助製作雙語文件、簡報與報告，提升國際交流效率。
2.外賓接待與會務支援
2.1安排訪客接待流程，包含迎賓、導覽與行程引導。
2.2協助規劃與執行國際會議、參訪或合作交流活動。
2.3在接待過程中即時解決突發狀況，維護活動順利進行。
3.行政協調與禮儀規範
3.1協助整理外事聯繫紀錄與文件，確保資料完整可追溯。
3.2提供跨文化與外交禮儀建議，支援主管決策與場合安排。
3.3建立良好合作關係網絡，促進組織與外部單位的交流合作。",12新聞/出版/印刷,中英翻譯,120104,具備外文口筆譯實務經驗，適合擔任翻譯工作，從事文件翻譯、會議口譯與跨文化交流。,,建議取得教育部「英語能力測驗（GEPT）」或TOEIC專業英語等相關認證
,,,01經營/行政/總務,主管特別助理,010201,因熟悉社交禮儀，並具備外語能力及聯絡接待賓客實務經驗，適合擔任主管特別助理，從事外賓接待、口譯與對外聯絡等相關工作。,,
,,,02業務/貿易/銷售,業務人員,020102,因熟悉社交禮儀，並具備外語能力及聯絡接待賓客實務經驗，適合擔任業務人員，從事客戶拜訪、產品推廣與銷售服務工作。,,
,,,05廣告/公關/設計,公關企劃人員,050203,因熟悉社交禮儀，並具備外語能力及聯絡接待賓客實務經驗，適合擔任展覽行銷企劃專員，負責公關活動之企劃與執行等相關工作。,,建議取得經濟部產業發展署iPAS「品牌企劃師能力鑑定」、「初階行銷企劃證照」
,,,21行銷/企劃/專案,活動企劃人員,210203,因職務歷練具備任務規劃、流程控管與跨單位溝通經驗，熟悉活動企畫及執行，適合擔任活動企劃人員，從事活動專案規劃、協調與現場管理等工作。,,建議取得經濟部產業發展署iPAS「品牌企劃師能力鑑定證書」
憲兵調查士,3F215,"1.犯案調查與證據蒐集
1.1針對案件進行事實調查與背景研究，確保資訊完整可靠。
1.2進入現場進行勘查、蒐集並保存物證與影像資料。
1.3建立調查紀錄與證據清單，確保鏈結與紀錄符合程序規範。
2.當事人訪談與資料紀錄
2.1協助詢問涉案人員或相關證人，蒐集口供與陳述資料。
2.2將訪談內容完整記錄並存檔，維持資訊透明與可追溯性。
2.3妥善保管證物與檔案，避免遺失或損毀，確保調查品質。
3.搜索執行與調查報告
3.1依合法程序執行搜索任務，並確保過程安全與規範化。
3.2分析調查所得之證據與口供，形成案件研判依據。
3.3撰寫並呈交調查報告，提供主管單位作為決策或司法參考。",22其他職類,徵信人員/私家偵探,220104,因具備調查計畫設計、情報蒐集、資料分析與跨單位協調實務經驗，熟悉法規運用與調查流程，適合轉銜為徵信人員/私家偵探，從事有關事實查證、資料蒐集分析或法律輔助調查等工作。,,
,,,03人資/法務/智財,法律助理人員,030204,因職務具備司法警察身分，擁有調查計畫設計、情報蒐集、資料分析與跨單位協調實務經驗，熟悉法規運用與調查流程，適合擔任法律助理人員，從事法律文書整理、案件資料研析等相關支援工作。,,
,,,04財務/金融/保險,理賠人員,040304,因具備調查計畫設計、情報蒐集、資料分析與跨單位協調實務經驗，適合擔任理賠人員，從事事故責任調查、理賠事實蒐證等工作。,應取得金融監督管理委員會認可之「人身保險業務員資格測驗合格證書」或「財產保險業務員資格測驗合格證書」等相關證照,
,,,10技術/維修/操作,安防系統施作規劃管理人員,100212,具備責任區域整體安全規劃實務經驗，適合擔任安防系統施作規劃管理人員，從事安防設備規劃、設施安全整合與施工監管等工作。,,建議取得勞動部「配電線路裝修」技術士證等相關證照
,,,21行銷/企劃/專案,活動企劃人員,210203,因職務歷練具備任務規劃、流程控管與跨單位溝通經驗，熟悉活動企畫及執行，適合擔任活動企劃人員，從事活動專案規劃、協調與現場管理等工作。,,建議取得經濟部產業發展署iPAS「品牌企劃師能力鑑定證書」
,,,18保全/軍警消,運鈔員,180104,具備職務養成之遵守紀律、高度警覺與突發狀況應變能力，適合擔任運鈔員，從事資金押運、路線安全防護與突發事件應對工作。,,
刑事鑑識士,3F615,"1.鑑識檢驗與證據分析
1.1執行指紋、文件、痕跡及影像等鑑識檢驗，確保資料準確。
1.2運用物理、化學或專業儀器進行樣本分析，提供科學依據。
1.3建立鑑識紀錄與分析報告，支援司法或調查單位判斷。
2.科技蒐證與器材運用
2.1使用攝影、錄影及相關裝置，蒐集並保存現場證據。
2.2操作各類鑑識與檢測設備，確保蒐證流程合乎規範。
2.3執行防爆與特殊檢測作業，並妥善維護相關刑材器具。
3.現場勘驗與支援作業
3.1協助進入現場進行勘查，採集可疑物證並記錄環境資訊。
3.2與其他單位協作，確保現場處理過程安全、完整。
3.3提供專業意見與技術支援，提升整體調查與案件處理效率。",07工程/研發/生技,實驗化驗人員,070304,具備刑事鑑識實務經驗，熟悉實驗室化驗流程與安全規範，適合擔任實驗化驗人員，從事有關化學試驗分析等工作。,,
,,,通俗職業未收錄依UCAN對應,數位鑑識分析師,,具備數位資料還原、電腦與手機取證實務經驗，熟悉數位資料還原鑑識，適合擔任數位鑑識分析師，從事資訊安全、資安稽核或數位鑑識等相關工作。,,
,,,09品管/製造/環衛,品管檢驗人員,090105,具備實驗室品管系統（ISO/IEC17025）標準維護與品質檢核能力，適合擔任品管檢驗人員，從事依據品管規格檢查成品，使其符合製造標準之工作。,,建議取得中華民國品質學會「品質工程師認證」（經濟部認可）
,,,22其他職類,徵信人員/私家偵探,220104,因具備刑事鑑識實務經驗，熟悉法規運用與調查流程，適合轉銜為徵信人員/私家偵探，從事有關事實查證、資料蒐集分析或法律輔助調查等工作。,,
,,,03人資/法務/智財,法律助理人員,030204,因具備刑事鑑識實務經驗，熟悉法規運用與調查流程，適合擔任法律助理人員，從事法律文書整理、案件資料研析等相關支援工作。,,
,,,04財務/金融/保險,理賠人員,040304,因具備刑事鑑識實務經驗，熟悉法規運用與調查流程，適合擔任理賠人員，從事事故責任調查、理賠事實蒐證等工作。,應取得金融監督管理委員會認可之「人身保險業務員資格測驗合格證書」或「財產保險業務員資格測驗合格證書」等相關證照,
刑材保修士,3F914,"1.設備維護與修護規劃
1.1協助制定設備保養與修護計畫，確保各項儀器運作正常。
1.2依據規範執行定期維護與檢修，延長設備使用壽命。
1.3追蹤保養進度並回報異常情況，提供改善建議。
2.儀器檢測與狀況監控
2.1協助執行儀器功能測試與檢查，確保精準度與穩定性。
2.2記錄儀器使用與維修歷程，建立完整檔案。
2.3發現異常時提出報修或調整需求，降低設備風險。
3.技術支援與跨部門合作
3.1支援相關人員進行設備操作與保養，提供技術協助。
3.2協調使用單位與維護單位間的溝通，確保工作順暢。
3.3提供儀器管理與使用建議，提升整體作業效率。",10技術/維修/操作,精密儀器製造工及修理工,100203,具備儀器操作、保管與檢查實務經驗，適合擔任精密儀器製造工及修理工，從事精密儀器、光學設備等製造、裝配及檢修工作。,,建議取得勞動部「數位電子」或「儀表電子」技術士等相關證照
,,,10技術/維修/操作,安防系統施作規劃管理人員,100212,因熟悉刑事鑑識工作及刑鑑器材具檢查維護程序，具備精密設備維護、系統檢測實務經驗；適合擔任安防系統施作規劃管理人員，從事安防設備規劃、設施安全整合與施工監管等工作。,,建議取得勞動部「配電線路裝修」技術士證等相關證照
,,,09品管/製造/環衛,品管檢驗人員,090105,具備儀器操作、保管與檢查實務經驗，適合擔任品管檢驗人員，從事依據品管規格檢查成品，使其符合製造標準之工作。,,建議取得中華民國品質學會「品質工程師認證」（經濟部認可）
憲兵,3F111,"1.安全維護與秩序管理
1.1在監督與指導下，執行安保勤務與秩序維護作業。
1.2依規定程序進行人員與物品檢查，確保合乎法令與規範。
1.3協助突發事件的即時處理，維護現場安全與正常運作。
2.法規遵循與勤務執行
2.1依據相關法令與規章，執行日常勤務與稽核作業。
2.2確認作業流程符合法律規範，降低違規或風險發生。
2.3向主管回報勤務成果與執行情況，提供持續改善依據。
3.行政支援與日常協作
3.1參與單位日常事務，協助完成行政與庶務工作。
3.2配合團隊完成例行勤務，保持良好合作關係。
3.3建立勤務紀錄與文件，確保資訊可追蹤與透明化。",18保全/軍警消,運鈔員,180104,具備職務養成之遵守紀律、高度警覺與突發狀況應變能力，適合擔任運鈔員，從事資金押運、路線安全防護與突發事件應對工作。,,
,,,18保全/軍警消,停車場管理人員,180105,因具備職務養成之觀察警戒、場地巡檢技能，並熟悉裝備定期保養檢查與即時通報流程，適合轉銜為停車場管理人員。從事車輛進出引導、動線管制、設備檢查與環境維護工作。,,
,,,18保全/軍警消,保全技術人員,180106,具備風險評估、現場警戒與安防設備運用等相關實務，熟悉巡檢通報流程、門禁管制制度與事件應對管理特性，適合擔任保全技術人員，從事安防系統監控、異常通報與現場支援等工作。,,
,,,09品管/製造/環衛,廠務助理,090214,因於部隊長期接觸裝備保養、環境巡查、財產清點等實務工作，並具備遵守安全作業規定與流程控管能力，適合轉銜廠務助理，協助從事設施維護、環境管理等工作。,,
,,,15物流/運輸/資材,倉儲物流人員,150107,具備基層連隊軍品清點、存管、搬運等實務經驗，適合轉銜倉儲物流人員，從事收貨、檢驗與入庫作業。,,建議取得勞動部「堆高機操作單一技術士證」
,,,06門市/客服,專櫃／門市（人員／儲備幹部）,060203,具備遵守紀律、跨單位協作、情境應變與壓力下執行能力，適合轉銜專櫃／門市儲備幹部，依職務需求，，從事專櫃、賣場或店面門市內提供商品介紹及銷售服務等工作。,,建議取得勞動部核發之「門市服務技術士證」等相關證照
,,,06門市/客服,連鎖店管理人員,060205,具備軍中差勤管理、物料補給及設施環境維護等實務經驗，熟悉人員調度與突發狀況處理，適合轉銜為連鎖店管理人員，從事連鎖體系門市營運管理、人員督導與日常營運協調等工作。,,建議取得勞動部核發之「門市服務技術士證」
兩棲偵搜兵,3K112,"1.專案執行與操作管理
1.1依任務需求執行資料蒐集與現地勘查，確保資訊完整。
1.2進行跨域調查（地形、水文、環境），建立標準紀錄。
1.3協調團隊分工與任務節點，確保成果可用於決策。
2.安全維護與風險控管
2.1執行高風險任務前之安全評估，擬定防護措施。
2.2操作專業裝備與工具，確保人員作業安全。
2.3建立緊急通報與應變流程，降低突發風險。
3.設備保養與維修
3.1定期維護武器、通訊與水上裝備，保持良好狀態。
3.2排除裝備故障，進行零件更換與功能測試。
3.3建立裝備保養紀錄，追蹤使用壽命與效能。",15物流/運輸/資材,船員,150201,具備水域環境判讀、操舟作業及現場應變處置等實務經驗，熟悉航行作業流程、水域安全規範與設備操作機制，適合擔任船員，從事小型船舶操駕與水域現場作業支援。,應取得交通部航港局核發之「營業用動力小船」駕照,
,,,通俗職業未收錄依UCAN對應,商業潛水員,,具備潛水與水下作業能力，適合擔任商業潛水員，從事河海工程、水下檢測等相關工作。,應取得勞動部「職業潛水技術士證」,
,,,16旅遊/餐飲/休閒,水上救生員,160302,具備游泳與潛水技能，適合擔任救生員，從事水域安全防護。,應取得運動部核發「水上救生員證書」等相關證照,
,,,10技術/維修/操作,遙控無人機專業人員,100316,具備目標偵察、地形地物判斷及精密裝備操作能力，適合擔任遙控無人機專業人員，操作無人機從事商用、空拍、監測、研究及農藥噴灑等相關工作。,應取得交通部民用航空局核發之「遙控無人機操作證」等相關證照,
,,,16旅遊/餐飲/休閒,運動教練,160301,具備精湛體能及游泳、潛水技能，適合擔任運動教練，從事游泳、潛水教學工作。,應取得運動部核發「水上救生員證書」或「國際潛水教練證照」等相關證照,
,,,18保全/軍警消,保全技術人員,180106,具備風險評估、現場警戒與安防設備運用等相關實務，熟悉巡檢通報流程、門禁管制制度與事件應對管理特性，適合擔任保全技術人員，從事安防系統監控、異常通報與現場支援等工作。,,
,,,18保全/軍警消,運鈔員,180104,具備職務養成之遵守紀律、高度警覺與突發狀況應變能力，適合擔任運鈔員，從事資金押運、路線安全防護與突發事件應對工作。,,
,,,06門市/客服,專櫃／門市（人員／儲備幹部）,060203,具備遵守紀律、跨單位協作、情境應變與壓力下執行能力，適合轉銜專櫃／門市儲備幹部，依職務需求，，從事專櫃、賣場或店面門市內提供商品介紹及銷售服務等工作。,,建議取得勞動部核發之「門市服務技術士證」等相關證照
,,,06門市/客服,連鎖店管理人員,060205,具備軍中差勤管理、物料補給及設施環境維護等實務經驗，熟悉人員調度與突發狀況處理，適合轉銜為連鎖店管理人員，從事連鎖體系門市營運管理、人員督導與日常營運協調等工作。,,建議取得勞動部核發之「門市服務技術士證」
兩棲偵搜士,3K115,"1.專案執行與操作管理
1.1依任務需求執行資料蒐集與現地勘查，確保資訊完整。
1.2進行跨域調查（地形、水文、環境），建立標準紀錄。
1.3協調團隊分工與任務節點，確保成果可用於決策。
2.安全維護與風險控管
2.1執行高風險任務前之安全評估，擬定防護措施。
2.2操作專業裝備與工具，確保人員作業安全。
2.3建立緊急通報與應變流程，降低突發風險。
3.設備保養與維修管理
3.1定期維護武器、通訊與水上裝備，保持良好狀態。
3.2排除裝備故障，進行零件更換與功能測試。
3.3建立裝備保養紀錄，追蹤使用壽命與效能。",15物流/運輸/資材,船員,150201,具備水域環境判讀、操舟作業及現場應變處置等實務經驗，熟悉航行作業流程、水域安全規範與設備操作機制，適合擔任船員，從事小型船舶操駕與水域現場作業支援。,應取得交通部航港局核發之「營業用動力小船」駕照,
,,,通俗職業未收錄依UCAN對應,商業潛水員,,具備潛水與水下作業能力，適合擔任商業潛水員，從事河海工程、水下檢測等相關工作。,應取得勞動部「職業潛水技術士證」,
,,,16旅遊/餐飲/休閒,水上救生員,160302,具備游泳與潛水技能，適合擔任救生員，從事水域安全防護。,應取得運動部核發「水上救生員證書」等相關證照,
,,,10技術/維修/操作,遙控無人機專業人員,100316,具備目標偵察、地形地物判斷及精密裝備操作能力，適合擔任遙控無人機專業人員，操作無人機從事商用、空拍、監測、研究及農藥噴灑等相關工作。,應取得交通部民用航空局核發之「遙控無人機操作證」等相關證照,
,,,16旅遊/餐飲/休閒,運動教練,160301,具備精湛體能及游泳、潛水技能，適合擔任運動教練，從事游泳、潛水教學工作。,應取得運動部核發「水上救生員證書」或「國際潛水教練證照」等相關證照,
,,,18保全/軍警消,保全技術人員,180106,具備風險評估、現場警戒與安防設備運用等相關實務，熟悉巡檢通報流程、門禁管制制度與事件應對管理特性，適合擔任保全技術人員，從事安防系統監控、異常通報與現場支援等工作。,,
,,,18保全/軍警消,運鈔員,180104,具備職務養成之遵守紀律、高度警覺與突發狀況應變能力，適合擔任運鈔員，從事資金押運、路線安全防護與突發事件應對工作。,,
,,,06門市/客服,專櫃／門市（人員／儲備幹部）,060203,具備遵守紀律、跨單位協作、情境應變與壓力下執行能力，適合轉銜專櫃／門市儲備幹部，依職務需求，，從事專櫃、賣場或店面門市內提供商品介紹及銷售服務等工作。,,建議取得勞動部核發之「門市服務技術士證」等相關證照
,,,06門市/客服,連鎖店管理人員,060205,具備軍中差勤管理、物料補給及設施環境維護等實務經驗，熟悉人員調度與突發狀況處理，適合轉銜為連鎖店管理人員，從事連鎖體系門市營運管理、人員督導與日常營運協調等工作。,,建議取得勞動部核發之「門市服務技術士證」
兩棲登陸小艇操作兵,3K512,"1.航行與運補作業
1.1駕駛登陸小艇執行人員與物資輸送。
1.2配合作戰需求執行登陸與後送作業。
1.3協調任務節點，確保運輸效率與安全。
2.防護與風險管理
2.1維持艦岸航行秩序，降低碰撞或擱淺風險。
2.2執行傷患後送與緊急防護措施。
2.3蒐集並回報水文與氣象數據，提供航行評估。
3.船艇維護與物資管理
3.1定期檢查船艇與航行設備，保持可用狀態。
3.2排查並修護小艇故障，確保任務不中斷。
3.3建立艇隻維護紀錄，追蹤使用狀態與效能。",15物流/運輸/資材,船員,150201,具備水域環境判讀、操舟作業及現場應變處置等實務經驗，熟悉航行作業流程、水域安全規範與設備操作機制，適合擔任船員，從事小型船舶操駕與水域現場作業支援。,應取得交通部航港局核發之「營業用動力小船」駕照,
,,,16旅遊/餐飲/休閒,水上救生員,160302,具備水域環境判讀、操舟及游泳技能，熟悉現場應變處置，適合擔任水上救生員，從事水域安全防護。,應取得運動部核發「水上救生員證書」等相關證照,
,,,10技術/維修/操作,遙控無人機專業人員,100316,具備目標偵察、地形地物判斷及精密裝備操作能力，適合擔任遙控無人機專業人員，操作無人機從事商用、空拍、監測、研究及農藥噴灑等相關工作。,應取得交通部民用航空局核發之「遙控無人機操作證」等相關證照,
,,,16旅遊/餐飲/休閒,運動教練,160301,具備精湛體能及游泳格鬥技能，適合擔任運動教練，從事游泳、潛水教學工作。,應取得運動部核發「水上救生員證書」或「國際潛水教練證照」等相關證照,
,,,18保全/軍警消,運鈔員,180104,具備職務養成之遵守紀律、高度警覺與突發狀況應變能力，適合擔任運鈔員，從事資金押運、路線安全防護與突發事件應對工作。,,
,,,18保全/軍警消,保全技術人員,180106,具備風險評估、現場警戒與安防設備運用等相關實務，熟悉巡檢通報流程、門禁管制制度與事件應對管理特性，適合擔任保全技術人員，從事安防系統監控、異常通報與現場支援等工作。,,
,,,06門市/客服,專櫃／門市（人員／儲備幹部）,060203,具備遵守紀律、跨單位協作、情境應變與壓力下執行能力，適合轉銜專櫃／門市儲備幹部，依職務需求，，從事專櫃、賣場或店面門市內提供商品介紹及銷售服務等工作。,,建議取得勞動部核發之「門市服務技術士證」等相關證照
,,,06門市/客服,連鎖店管理人員,060205,具備軍中差勤管理、物料補給及設施環境維護等實務經驗，熟悉人員調度與突發狀況處理，適合轉銜為連鎖店管理人員，從事連鎖體系門市營運管理、人員督導與日常營運協調等工作。,,建議取得勞動部核發之「門市服務技術士證」
兩棲登陸小艇操作士,3K515,"1.航行與運補作業
1.1駕駛登陸小艇執行人員與物資輸送。
1.2配合作戰需求執行登陸與後送作業。
1.3協調任務節點，確保運輸效率與安全。
2.防護與風險管理
2.1維持艦岸航行秩序，降低碰撞或擱淺風險。
2.2執行傷患後送與緊急防護措施。
2.3蒐集並回報水文與氣象數據，提供航行評估。
3.艇隻維護與物資管理
3.1定期檢查艇隻與航行設備，保持可用狀態。
3.2排查並修護小艇故障，確保任務不中斷。
3.3建立艇隻維護紀錄，追蹤使用狀態與效能。",15物流/運輸/資材,船員,150201,具備水域環境判讀、操舟作業及現場應變處置等實務經驗，熟悉航行作業流程、水域安全規範與設備操作機制，適合擔任船員，從事小型船舶操駕與水域現場作業支援。,應取得交通部航港局核發之「營業用動力小船」駕照,
,,,16旅遊/餐飲/休閒,水上救生員,160302,具備水域環境判讀、操舟及游泳技能，熟悉現場應變處置，適合擔任水上救生員，從事水域安全防護。,應取得運動部核發「水上救生員證書」等相關證照,
,,,10技術/維修/操作,遙控無人機專業人員,100316,具備目標偵察、地形地物判斷及精密裝備操作能力，適合擔任遙控無人機專業人員，操作無人機從事商用、空拍、監測、研究及農藥噴灑等相關工作。,應取得交通部民用航空局核發之「遙控無人機操作證」等相關證照,
,,,16旅遊/餐飲/休閒,運動教練,160301,具備精湛體能及游泳格鬥技能，適合擔任運動教練，從事游泳、潛水教學工作。,應取得運動部核發「水上救生員證書」或「國際潛水教練證照」等相關證照,
,,,18保全/軍警消,運鈔員,180104,具備職務養成之遵守紀律、高度警覺與突發狀況應變能力，適合擔任運鈔員，從事資金押運、路線安全防護與突發事件應對工作。,,
,,,18保全/軍警消,保全技術人員,180106,具備風險評估、現場警戒與安防設備運用等相關實務，熟悉巡檢通報流程、門禁管制制度與事件應對管理特性，適合擔任保全技術人員，從事安防系統監控、異常通報與現場支援等工作。,,
,,,06門市/客服,專櫃／門市（人員／儲備幹部）,060203,具備遵守紀律、跨單位協作、情境應變與壓力下執行能力，適合轉銜專櫃／門市儲備幹部，依職務需求，，從事專櫃、賣場或店面門市內提供商品介紹及銷售服務等工作。,,建議取得勞動部核發之「門市服務技術士證」等相關證照
,,,06門市/客服,連鎖店管理人員,060205,具備軍中差勤管理、物料補給及設施環境維護等實務經驗，熟悉人員調度與突發狀況處理，適合轉銜為連鎖店管理人員，從事連鎖體系門市營運管理、人員督導與日常營運協調等工作。,,建議取得勞動部核發之「門市服務技術士證」
戰鬥系統督導官,3A72,"1.專案指揮與協調
1.1規劃專案目標、時程與執行計畫，確保里程碑達成。
1.2主導跨部門協調事宜，整合研發、維運與供應單位資源以支援作業需求。
1.3監控執行進度與關鍵風險，提出調整建議並落實變更管理。
2.裝備管理與維護
2.1建立並執行設備保養、校正與維修計畫，確保系統可用性與運作穩定。
2.2管理備件與補給流程，優化庫存周轉並協調外部維修供應商。
2.3實施設備狀況監測與預防性維護，記錄維修歷程以利品質管控。
3.決策分析與技術優化
3.1分析系統效能與運用資料，評估現況並提出技術改進或最佳化建議。
3.2參與技術評估與採購規範制定，協助選型與驗收標準建立。
3.3撰寫技術報告與專業建議，為管理階層提供決策依據與策略方向。",15物流/運輸/資材,船長／大副／船員,150208,具備部門指揮、系統操作與船員管理等相關實務，熟悉航行安全制度、國際海事規範與船務營運管理，適合擔任船長／大副，從事船舶航行指揮、航行安全管理與船員調度等工作。,應取得交通部航港局核發「船長或大副適任證書」等相關證照,
,,,07工程/研發/生技,自動控制工程師,070217,具備系統整合規劃、跨單位協調及作業參數分析判斷等實務經驗，熟悉自動控制系統運作原理、資料監控機制，適合擔任自動控制工程師，從事控制系統設計、設備調整與運轉監控等工作。,,建議取得經濟部產業發展署認可之「自動化工程師」等相關證照
,,,07工程/研發/生技,RF通訊工程師,070110,具備通訊系統整合、訊號分析判斷及跨單位協調等實務經驗，熟悉無線通訊原理、訊號傳輸機制與系統運作架構，適合擔任RF通訊工程師，從事無線通訊系統設計與訊號分析工作。,,建議取得經濟部產業發展署認證之「天線設計工程師能力鑑定證書」
,,,21行銷/企劃/專案,專案管理師,210304,具備任務規劃、資源整合與績效管理等相關實務，熟悉專案治理流程、進度控管與跨部門協調，適合擔任專案管理主管，從事專案規劃、資源配置與進度管控等工作。,,建議取得國際專案管理師（PMP）證照
,,,21行銷/企劃/專案,營運管理師/ERP專案師,210302,具備策略規劃與資源整合經驗，熟悉系統導入與跨部門協調，適合擔任營運管理師/ERP專案師，從事營運流程優化/系統導入規劃、跨部門整合等相關工作。,,建議取得經濟部產業發展署「營運智慧分析師能力鑑定證書」
射控系統士,3A755,"1.精密設備檢測與維護
1.1執行光學與機電系統的保養、校正與日常維護。
1.2進行裝備的靜態與動態測試，確保系統精準度。
1.3建立檢測與維護紀錄，提升設備可追溯性與合規性。
2.系統調整與故障排除
2.1檢查與調整裝備刻度，維持系統穩定運作。
2.2使用檢測工具排除設備異常，執行修復或申請請修。
2.3管理零件庫存與申請作業，確保維修資源可用。
3.系統操作與應急處理
3.1熟練操作射控系統的多模式功能，支援各類任務。
3.2在緊急情況下執行臨時調整與系統保護。
3.3撰寫操作報告、異常紀錄與請修單，支援決策與改進。",15物流/運輸/資材,船員,150210,具備設備操作維護、系統測試校正及故障排除等實務經驗，熟悉船舶作業流程、設備運作機制與安全規範，適合擔任船員，從事船舶設備操作與航行支援工作。,應取得交通部航港局核發之船員適任證照,
,,,07工程/研發/生技,機電整合工程師,070218,具備系統整合運作、設備測試校正及故障排除等實務經驗，熟悉機電整合原理、系統控制機制與設備維護流程，適合擔任機電整合工程師，從事機電系統設計與整合應用工作。,,建議取得勞動部機電整合技術士證
,,,10技術/維修/操作,電子設備裝修技術員,100208,具備電子設備操作維護、系統測試校正及故障排除等實務經驗，熟悉電子系統運作原理與設備維修流程，適合擔任電子設備裝修技術員，從事電子設備維修與保養工作。,,建議取得勞動部「工業電子」或「電力電子」技術士證
,,,09品管/製造/環衛,測試校正人員,090104,具備設備測試校正、系統操作維護及資料分析等實務經驗，熟悉測試作業流程、設備校正機制與品質管控規範，適合擔任測試校正人員；從事設備測試與校正管理工作。,,
,,,08資訊/軟體/系統,系統操作人員,080303,具備精密系統操作、數據處理與異常狀況應變的能力，熟悉電腦系統架構與監控介面操作，適合擔任系統操作人員，從事資料監控、系統維護與操作異常排除等工作。,,建議取得勞動部「電腦硬體裝修」或「工業電子」技術士等相關證照
,,,06客服/門市,連鎖店管理人員,,具備軍中差勤管理、物料補給及設施環境維護等實務經驗，熟悉人員調度與突發狀況處理，適合轉銜為連鎖店管理人員，從事連鎖體系門市營運管理、人員督導與日常營運協調等工作。,,建議取得勞動部核發之「門市服務技術士證」等相關證照
射控兵,3A752,"1.精密裝備檢測與維護
1.1執行精密光電與機電系統的校正、測試與日常保養。
1.2運用檢測工具進行設備檢查與數據校準。
1.3建立檢測與維護紀錄，確保設備可追溯性與合規性。
2.系統調整與故障排除
2.1進行裝備的動態與靜態測試，調整並修復異常。
2.2排除系統故障，提出修復方案或請修需求。
2.3維護零件庫存與申請流程，確保維修資源到位。
3.系統操作與應急支援
3.1熟練操作不同模式下的控制系統，支援作業需求。
3.2執行緊急狀況下的臨時調整與安全維護。
3.3協助撰寫操作手冊、異常報表與檢討文件，提升系統效能。",15物流/運輸/資材,船員,150210,具備設備操作維護、系統測試校正及故障排除等實務經驗，熟悉船舶作業流程、設備運作機制與安全規範，適合擔任船員，從事船舶設備操作與航行支援工作。,應取得交通部航港局核發之船員適任證照,
,,,10技術/維修/操作,電子設備裝修技術員,100208,具備電子設備操作維護、系統測試校正及故障排除等實務經驗，熟悉電子系統運作原理與設備維修流程，適合擔任電子設備裝修技術員，從事電子設備維修與保養工作。,,建議取得勞動部「工業電子」或「電力電子」技術士證
,,,09品管/製造/環衛,測試校正人員,090104,具備設備測試校正、系統操作維護及資料分析等實務經驗，熟悉測試作業流程、設備校正機制與品質管控規範，適合擔任測試校正人員；從事設備測試與校正管理工作。,,
,,,10技術/維修/操作,其他電子機械設備裝修工,100199,具備精密系統操作與檢查維護經驗，熟悉電子系統運作原理與設備維修流程，適合擔任其他電子機械設備裝修工，從事其他電子設備維修、組裝測試與系統保養等工作。,,建議取得勞動部「工業電子」丙級技術士證等相關證照
,,,08資訊/軟體/系統,系統操作人員,080303,具備精密系統操作、數據處理與異常狀況應變的能力，熟悉電腦系統架構與監控介面操作，適合擔任系統操作人員，從事資料監控、系統維護與操作異常排除等工作。,,建議取得勞動部「電腦軟體應用」或「工業電子」丙級技術士證等相關證照
艦岸通信官,3A82,"1.通訊系統管理與維護
1.1負責通訊設備（日常檢查、校正、維護）與通訊線路的穩定性管理，確保系統可用性。
1.2設定並監控無線、視訊或數位通訊介面，執行系統故障排查與基本修復。
1.3管理設備維護紀錄與保養計畫，協調外部廠商進行專業維修或更新。
2.資訊傳遞與檔案管理
2.1編排與傳遞重要資訊，確保訊息內容完整、格式正確並按既定流程分發。
2.2建立並維護通訊檔案與資訊庫，負責資料分類、加密與存檔管理。
2.3確保敏感資訊之保密與存取控管，並按規定執行權限審核與解密流程。
3.協調作業與緊急通訊支援
3.1主導跨部門通訊協調，整合內外部通訊需求以支援專案或行動。
3.2設計並演練應急通訊程序，於突發事件時迅速啟動備援通道並維持指揮聯繫。
3.3提供通訊技術諮詢與訓練，提升團隊對通訊設備與作業流程的熟練度。",15物流/運輸/資材,船員,150210,具備航行值更經驗，熟悉船舶駕駛及設備管理，適合擔任船員，從事船舶設備操作與航行支援工作。,應取得交通部航港局核發之「船員適任證照」等相關證照,
,,,07工程/研發/生技,通訊系統工程師,070109,具備通訊設備操作與維修經驗，熟悉通訊系統原理，適合擔任通訊系統工程師，可從事通訊設備安裝、系統整合與維護檢測等工作。,,建議取得勞動部「工業電子」丙級技術士證等相關證照
,,,08資訊/軟體/系統,MIS╱網管類人員,080306,具備網路監控、設備維護與故障排除能力，熟悉伺服器架構與大型企業網路環境設定，適合擔任MIS／網管類人員，從事網路架構管理、資訊安全維護與系統運作監控等工作。,,建議取得勞動部「電腦軟體應用技術士證」等相關證照
,,,08資訊/軟體/系統,資訊設備管制人員,080106,具備通信與資訊設備管理維護經驗，熟悉設備管理規範，適合擔任資訊設備管制人員，從事設備管理及維運工作。,,建議取得勞動部「電腦硬體裝修」技術士證等相關證照
,,,21行銷/企劃/專案,專案管理師,210304,具備計畫擬訂與跨單位協作實務，熟悉任務規劃與時程管控，適合擔任專案管理師，從事進度管理、預算監控與跨部門專案協調等工作。,,建議取得國際專案管理師（PMP）認證等相關證照
水雷作戰官,3A83,"1.作業規劃與圖資管理
1.1擬定防護與清除作業計畫，規劃目標、時程與資源需求。
1.2製作與維護作業區域圖資（含風險區域、作業範圍）。
1.3更新資料庫並建立作業紀錄，供後續追蹤與分析。
2.系統操作與技術應用
2.1制定與下達作業命令，整合維運、後勤及資源配置。
2.2針對系統(設備)應用提出評估與建議。
2.3監督技術流程執行，確保品質與安全標準落實。
3.監測研判與風險防範
3.1蒐集與分析偵測數據，識別評估潛在風險。
3.2設計並提出安全措施與作業限制，提升人員與資產安全。
3.3撰寫情況報告與風險評估，支援上級決策。",21行銷/企劃/專案,專案管理師,210304,具備任務規劃、資源整合與績效管理等相關實務，熟悉專案治理流程、進度控管與跨部門協調，適合擔任專案管理主管，從事專案規劃、資源配置與進度管控等工作。,,建議取得國際專案管理師（PMP）證照
,,,21行銷/企劃/專案,營運管理師/ERP專案師,210302,具備策略規劃與資源整合經驗，熟悉系統導入與跨部門協調，適合擔任營運管理師/ERP專案師，從事營運流程優化/系統導入規劃、跨部門整合等相關工作。,,建議取得經濟部產業發展署「營運智慧分析師能力鑑定證書」
,,,15物流/運輸/資材,船長／大副,150208,具備部門指揮、系統操作與船員管理等相關實務，熟悉航行安全制度、國際海事規範與船務營運管理，適合擔任船長，從事船舶航行指揮、航行安全管理與船員調度等工作。,應取得交通部航港局核發「船長或大副適任證書」等相關證照,
,,,07工程/研發/生技,自動控制工程師,070217,具備系統操作、設備監控與參數調校等相關實務，熟悉自動控制系統運作原理與參數判讀，適合擔任自動控制工程師，從事控制系統設計、設備調整與運轉監控等工作。,,建議取得經濟部產業發展署認可之「自動化工程師」證照
,,,通俗職業未收錄依UCAN對應,水下遙控無人載具作業主管,,具備水下監測、聲納與定位技術，適合擔任至ROV作業主管，從事水下遙控無人載具任務規劃、操作與維護工作。,,建議參加海洋委員會國家海洋研究院「水下遙控載具機師培訓課」
,,,通俗職業未收錄依UCAN對應,離岸作業水下支撐結構檢測人員,,具備聲納探測與水下異常判斷能力，適合擔任離岸作業水下支撐結構檢測人員，從事海洋風電基座、管線及平台結構之檢測、維護與風險評估等工作。,,建議參加勞動部離岸風電設備巡檢人才培訓班，並取得國際海事組織認可之BST基本安全訓練證照
,,,通俗職業未收錄依UCAN對應,水文技術人員,,具備水下聲波傳播、海流觀測與目標搜尋經驗，適合擔任水文技術人員，從事海洋環境觀測、潮汐與海流監測、水下聲學資料分析及水文測繪等相關工作。,,建議參加海洋委員會國家海洋研究院「水下噪音監測員培訓課」或「被動聲學監測員培訓課」
反潛作戰督導官,3A86,"1.作業規劃與任務設計
1.1擬定並檢視營運或訓練計畫，明確目標、資源與時程。
1.2編製計畫文件，建立標準化流程供單位執行。
1.3督導計畫落實，監控進度並提出調整建議。
2.協調部署與跨部門合作
2.1制定部署與作業程序，協調部門資源與人員配置。
2.2出席或主持作業會議，檢討問題並修正執行流程。
2.3建立跨部門協作機制，確保營運與訓練順利推動。
3.資料研判與技術優化
3.1收集並分析情資或作業數據，研判潛在風險與趨勢。
3.2撰寫報告與數據分析文件，支援主管決策。
3.3提出策略或流程改進建議，推動系統與作業優化。",21行銷/企劃/專案,專案管理師,210304,具備任務規劃、資源整合與績效管理等相關實務，熟悉專案治理流程、進度控管與跨部門協調，適合擔任專案管理主管，從事專案規劃、資源配置與進度管控等工作。,,建議取得國際專案管理師（PMP）證照
,,,21行銷/企劃/專案,營運管理師/ERP專案師,210302,具備策略規劃與資源整合經驗，熟悉系統導入與跨部門協調，適合擔任營運管理師/ERP專案師，從事營運流程優化/系統導入規劃、跨部門整合等相關工作。,,建議取得經濟部產業發展署「營運智慧分析師能力鑑定證書」
,,,15物流/運輸/資材,船長／大副,150208,具備部門指揮、系統操作與船員管理等相關實務，熟悉航行安全制度、國際海事規範與船務營運管理，適合擔任船長，從事船舶航行指揮、航行安全管理與船員調度等工作。,應取得交通部航港局核發「船長或大副適任證書」等相關證照,
,,,07工程/研發/生技,自動控制工程師,070217,具備系統整合規劃、跨單位協調及作業參數分析判斷等實務經驗，熟悉自動控制系統運作原理、資料監控機制，適合擔任自動控制工程師，從事控制系統設計、設備調整與運轉監控等工作。,,建議取得經濟部產業發展署認可之「自動化工程師」等相關證照
,,,07工程/研發/生技,RF通訊工程師,070110,具備通訊系統整合、訊號分析判斷及跨單位協調等實務經驗，熟悉無線通訊原理、訊號傳輸機制與系統運作架構，適合擔任RF通訊工程師，從事無線通訊系統設計與訊號分析工作。。,,建議取得經濟部產業發展署認證之「天線設計工程師能力鑑定證書」
,,,通俗職業未收錄依UCAN對應,水下遙控無人載具作業主管,,具備水下監測、聲納與定位技術，適合擔任至ROV作業主管，從事水下遙控無人載具任務規劃、操作與維護工作。,,建議參加海洋委員會國家海洋研究院「水下遙控載具機師培訓課」
,,,通俗職業未收錄依UCAN對應,離岸作業水下支撐結構檢測人員,,具備聲納探測與水下異常判斷能力，適合擔任離岸作業水下支撐結構檢測人員，從事海洋風電基座、管線及平台結構之檢測、維護與風險評估等工作。,,建議參加勞動部離岸風電設備巡檢人才培訓班，並取得國際海事組織認可之BST基本安全訓練證照
,,,通俗職業未收錄依UCAN對應,水文技術人員,,具備水下聲波傳播、海流觀測與目標搜尋經驗，適合擔任水文技術人員，從事海洋環境觀測、潮汐與海流監測、水下聲學資料分析及水文測繪等相關工作。,,建議參加海洋委員會國家海洋研究院「水下噪音監測員培訓課」或「被動聲學監測員培訓課」
艦砲連絡官,3K43,"1.策略規劃與資源配置
1.1擬定作業計畫，整合資源與維運需求。
1.2協調跨部門作業，確保計畫推動一致。
1.3撰寫與更新作業文件，供決策與執行依據。1.4蒐集與檢討作業數據，提出改進建議。
2.教育訓練與跨單位協作
2.1規劃與指導團隊訓練，提升人員專業能力。
2.2支援高階主管決策，提供專業建議與戰術分析。
2.3協助跨單位協調與通信聯絡，確保作業流程順暢。",21行銷/企劃/專案,專案管理師,210304,具備任務資料彙整與執行監督能力，適合擔任專案管理師，從事進度管理、預算監控與跨部門專案協調等工作。,,建議取得國際專案管理師（PMP）認證等相關證照
,,,21行銷/企劃/專案,行銷企劃人員,210103,具備任務規劃、資源整合及情境判斷應變等實務經驗，熟悉活動設計與溝通協作，適合擔任行銷企劃人員；從事行銷策略規劃與專案執行工作。,,
,,,09品管/製造/環衛,職業安全衛生管理員,090301,具備高風險作業實務經驗，熟悉風險辨識評估及預防，適合擔任職業安全衛生管理員，從事職場安全檢查、危害預防與教育訓練等工作。,應取得勞動部「職業安全衛生管理員乙級技術士證」等相關證照,
,,,10技術/維修/操作,測量儀校技術人員,100108,具備目標定位判讀、數據修正分析及設備操作維護等實務經驗，熟悉測量作業流程及儀器校正機制，適合擔任測量儀校技術人員，從事測量與儀器校正工作。,,建議取得勞動部「測量」丙級技術士證等相關證照
帆纜士,3A724,"1.船舶甲板作業與維護
1.1指導並監督人員進行甲板、錨具與救生設備的維護。
1.2操作與管理小艇、錨機及相關甲板設施。
1.3執行甲板設備檢查與紀錄，確保運作安全。
2.海上作業與應急支援
1.1指導並監督人員進行甲板、錨具與救生設備的維護。
1.2操作與管理小艇、錨機及相關甲板設施。
1.3執行甲板設備檢查與紀錄，確保運作安全。
3.繩纜與材料應用
3.1熟練應用繩索與繩結技術，完成船舶日常作業。
3.2執行帆布與材料縫製，維持裝備完整與功能。
3.3編製與維護防護網、索具與其他甲板輔助裝備。",15物流/運輸/資材,船員,150210,具備甲板作業管理、設備操作維護及海上作業支援等實務經驗，熟悉船舶作業流程、設備運作機制與安全規範，適合擔任船員，從事船舶作業與航行支援工作。,應取得交通部航港局核發之船員適任證照,
,,,15物流/運輸/資材,運輸交通專業人員,150101,具備甲板作業管理、海上作業支援及跨單位協調等實務經驗，熟悉運輸作業流程、設備運作機制與安全規範，適合擔任運輸交通專業人員，從事交通運輸規劃與航運協調等工作。,應取得交通部航港局核發之「船員適任證書」或「港勤引水人員適任證書」,
,,,10技術/維修/操作,其他機械操作員,100390,具備繩纜吊掛、固定與搬運操作能力，熟悉甲板設備作業流程，適合擔任其他機械操作員，從事船上設備操作與維護等工作，從事船舶設備操作與維護等工作。,應取得勞動部「固定式起重機操作（架空式-機上操作）單一級」技術士證照,
,,,09品管/製造/環衛,職業安全衛生人員,090301,具備高風險作業管控及設備操作實務經驗，熟悉作業安全規範、風險評估機制，適合擔任職業安全衛生人員，從事職業安全管理相關工作。,應取得勞動部「職業安全衛生管理」乙級技術士證,
,,,09品管/製造/環衛,廠務,090220,具備任務規劃、設備維護管理及跨單位協調等實務經驗，熟悉作業流程、設備運作機制與緊急應變處置，適合擔任廠務；從事廠務運作管理與設備維護工作。,,
,,,06客服/門市,連鎖店管理人員,,具備差勤管理、物料補給及設施環境維護等實務經驗，熟悉人員調度與物品清點，適合轉銜為連鎖店管理人員，從事連鎖體系門市營運管理、人員督導與日常營運協調等工作。,,建議取得勞動部核發之「門市服務技術士證」等相關證照
航海兵,3A712,"1.航行支援與操作
1.1協助航行操作，進行操舵與導航支援。
1.2使用標準流程操作控制設備（如車鐘與舵輪）。
1.3在航行中提供即時支援，確保船舶運作正常。
2.圖資與儀器維護
2.1維護與修正航海圖資，確保數據準確。
2.2保存並檢查航海儀器與船鐘，執行定期校正。
2.3建立圖資與儀器使用紀錄，供航行與檢討參考。
3.紀錄與安全支援
3.1撰寫與保存航行日誌與作業紀錄。
3.2繪製氣象圖，協助航程規劃與風險預測。",15物流/運輸/資材,船員,150210,具備航行監控作業、設備操作維護及通訊協調等實務經驗，熟悉航行作業流程、航儀設備運作與安全規範，適合擔任船員，從事船舶航行支援與操作工作。,應取得交通部航港局核發之船員適任證照,
,,,15物流/運輸/資材,運輸交通專業人員,150101,具備航程規劃、航海儀器管理與航行紀錄整理經驗，適合擔任至運輸交通專業人員，從事交通運輸規劃與航運協調。,應取得交通部航港局核發之「船員適任證書」或「港勤引水人員適任證書」,
,,,15物流/運輸/資材,營運調度人員,150211,具備運輸調度規劃、作業流程管控及跨單位協調等實務經驗，熟悉調度作業機制、營運管理流程與異常應變處置，適合擔任營運調度人員；從事運輸調度規劃與營運管理工作。,,
,,,15物流/運輸/資材,倉管人員,150304,具備物資保管維護、作業紀錄管理及流程執行等實務經驗，熟悉庫存管理機制與資產盤點規範，適合擔任倉管人員，從事倉儲管理與物料管制作業。,,建議取得勞動部「堆高機操作技術士」
,,,06客服/門市,連鎖店管理人員,060205,具備軍中差勤管理、物料補給及設施環境維護等實務經驗，熟悉人員調度與突發狀況處理，適合轉銜為連鎖店管理人員，從事連鎖體系門市營運管理、人員督導與日常營運協調等工作。,,建議取得勞動部核發之「門市服務技術士證」等相關證照
,,,01經營/行政/總務,行政總務人員,010302,具備作業流程執行、設備管理維護及跨單位協調等實務經驗，熟悉行政作業流程與資產管理機制，適合擔任行政總務人員；從事行政支援與總務管理工作。,,
槍帆兵,3A731,"1.甲板設備維護與管理
1.1執行艙面、甲板機械與外部結構的維護與檢查。
1.2操作並保養小艇、索具與纜繩，確保設備妥善。
1.3建立維護紀錄，提升設備可追溯性與安全性。
2.值更勤務與安全支援
2.1擔任舵手、瞭望或傳令，支援船舶航行與港口勤務。
2.2執行梯口管理與出入安全檢查。
2.3遵循安全規範擔任砲手，協助維護作業秩序。
3.特殊作業與裝備維護
3.1執行特殊作業，確保航行安全。
3.2維護並檢查相關作業裝備，保持功能正常。
3.3應用結繩與纜繩技術，支援甲板與作業需求。",15物流/運輸/資材,船員,150210,具備甲板作業管理、設備操作維護及海上作業支援等實務經驗，熟悉船舶作業流程、設備運作機制與安全規範，適合擔任船員，從事船舶作業與航行支援工作。,應取得交通部航港局核發之船員適任證照,
,,,15物流/運輸/資材,運輸交通專業人員,150101,具備甲板作業管理、海上作業支援及跨單位協調等實務經驗，熟悉運輸作業流程、設備運作機制與安全規範，適合擔任運輸交通專業人員；，從事交通運輸規劃與航運協調等工作。,應取得交通部航港局核發之「船員適任證書」或「港勤引水人員適任證書」,
,,,10技術/維修/操作,其他機械操作員,100390,具備繩纜吊掛、固定與搬運操作能力，熟悉甲板設備作業流程，適合擔任其他機械操作員，從事船上設備操作與維護等工作，從事船舶設備操作與維護等工作。,應取得勞動部「固定式起重機操作（架空式-機上操作）單一級」技術士證照,
,,,09品管/製造/環衛,廠務助理,090214,具備任務規劃、設備維護管理及跨單位協調等實務經驗，熟悉作業流程、設備運作機制與緊急應變處置，適合擔任廠務助理；從事廠務運作管理與設備維護工作。,,
,,,06客服/門市,連鎖店管理人員,,具備差勤管理、物料補給及設施環境維護等實務經驗，熟悉人員調度與物品清點，適合轉銜為連鎖店管理人員，從事連鎖體系門市營運管理、人員督導與日常營運協調等工作。,,建議取得勞動部核發之「門市服務技術士證」等相關證照
偵潛官,3Y11,"1.任務規劃與執行
1.1擬定計畫，包含範圍、時程與資源分配。
1.2協助設計流程，確保與其他單位協同一致。
1.3撰寫與更新作業文件，提供執行與檢討依據。
2.裝備檢測與維護管理
2.1執行裝備運作前檢查，確保系統狀態與安全性。
2.2進行例行維護與校正，提升設備運作效能。
2.3建立裝備維護紀錄，便於追蹤與後續分析。
3.偵測操作與數據研判
3.1操作偵測裝備，蒐集環境數據。
3.2分析並研判數據，識別潛在威脅與目標動向。
3.3整理情況報告，提供決策單位制定應對措施。",07工程/研發/生技,自動控制工程師,070217,具備系統整合規劃、跨單位協調及作業參數分析判斷等實務經驗，熟悉自動控制系統運作原理、資料監控機制，適合擔任自動控制工程師，從事控制系統設計、設備調整與運轉監控等工作。,,建議取得經濟部產業發展署認可之「自動化工程師」等相關證照
,,,通俗職業未收錄依UCAN對應,遙感技術人員,,具備目標偵測分析、設備操作控制及數據判讀等實務經驗，熟悉遙測作業流程、訊號處理機制與資料分析方法，適合擔任遙感技術人員；從事遙測資料分析與監測作業。,,
,,,通俗職業未收錄依UCAN對應,水下遙控無人載具作業主管,,具備水下設備操作管理、任務規劃執行及現場指揮調度等實務經驗，熟悉水下作業流程、設備運作機制與安全管理規範，適合擔任水下遙控無人載具作業主管，從事水下作業任務規劃、ROV操控等工作。,,建議參加海洋委員會國家海洋研究院「水下遙控載具機師培訓課」
,,,通俗職業未收錄依UCAN對應,水文技術人員,,具備水下環境判讀、數據蒐集分析及設備操作維護等實務經驗，熟悉水文作業流程、資料分析方法與監測機制，適合擔任水文技術人員，從事潮流測量、海底地形繪製與水質監測等工作。,,建議參加海洋委員會國家海洋研究院「水下噪音監測員培訓課」或「被動聲學監測員培訓課」
,,,14教育/學術/研究,氣象學研究人員,140302,具備水下環境判讀、數據蒐集分析及設備操作維護等實務經驗，熟悉水文作業流程、資料分析方法與監測機制，適合擔任水文技術人員；,,
,,,07工程/研發/生技,聲學／噪音工程師,070205,具備聲學設備操作、訊號分析判讀及系統運作維護等實務經驗，熟悉聲學原理、訊號處理機制與設備測試流程，適合擔任聲學／噪音工程師；從事聲學分析與相關工程應用工作。,,
偵潛士,3N53,"1.任務規劃與執行
1.1擬定計畫，包含範圍、時程與資源分配。
1.2協助設計流程，確保與其他單位協同一致。
1.3撰寫與更新作業文件，提供執行與檢討依據。
2.裝備檢測與維護管理
2.1執行裝備運作前檢查，確保系統狀態與安全性。
2.2進行例行維護與校正，提升設備運作效能。
2.3建立裝備維護紀錄，便於追蹤與後續分析。
3.資料整理與分析研判
3.1整理任務期間收集的偵測數據與觀測紀錄。
3.2分析並研判偵測數據與觀測紀錄。
3.3撰寫分析報告，提供決策與後續作業依據。",通俗職業未收錄依UCAN對應,遙感技術人員,,具備目標偵測分析、設備操作控制及數據判讀等實務經驗，熟悉遙測作業流程、訊號處理機制與資料分析方法，適合擔任遙感技術人員；從事遙測資料分析與監測作業。,,
,,,通俗職業未收錄依UCAN對應,水下遙控無人載具工程師,,具備水下設備操作管理、任務規劃執行及現場指揮調度等實務經驗，熟悉水下作業流程、設備運作機制與安全管理規範，適合擔任水下遙控無人載具工程師，從事水下作業任務規劃、ROV操控等工作。,,建議參加國家海洋研究院「水下遙控載具機師培訓課」
,,,通俗職業未收錄依UCAN對應,水文技術人員,,具備水下環境判讀、數據蒐集分析及設備操作維護等實務經驗，熟悉水文作業流程、資料分析方法與監測機制，適合擔任水文技術人員，從事潮流測量、海底地形繪製與水質監測等工作。,,建議參加海洋委員會國家海洋研究院「水下噪音監測員培訓課」或「被動聲學監測員培訓課」
,,,10技術/維修/操作,電子設備裝修技術員,100208,具備電子設備操作維護、系統測試校正及故障排除等實務經驗，熟悉電子系統運作原理與設備維修流程，適合擔任電子設備裝修技術員，從事電子設備維修與保養工作。,,建議取得勞動部「工業電子」或「電力電子」技術士證
,,,01經營/行政/總務,行政總務人員,010302,具備作業流程執行、設備管理維護及資料彙整分析等實務經驗，熟悉行政作業流程與資產管理機制，適合擔任行政總務人員；從事行政支援與總務管理工作。,,
聲納兵,3A763,"1.水下監測與目標判別
1.1操作監測設備蒐集水下數據，識別潛在目標或異常。
1.2應用標準化方法（如接觸追蹤）進行持續觀測。
1.3撰寫監測紀錄與報告，提供上級判斷依據。
2.裝備操作與維護管理
2.1執行聲納與相關裝備的操作、調整與校正。
2.2進行日常保養與基礎故障排除，維持系統正常運作。
2.3建立裝備維護與操作紀錄，追蹤使用狀況。
3.值更勤務與作業支援
3.1擔任航行或停泊時的值更工作，確保設備持續監控。
3.2在高壓或長時間勤務中維持標準作業程序。
3.3協助其他單位進行狀況通報與安全支援。",通俗職業未收錄依UCAN對應,水下遙控無人載具技術工程師,,具備聲波探測、水下目標定位及聲納訊號判讀，適合擔任水下遙控無人載具技術工程師，從事水下遙控載具任務規劃、操作與維護工作。,,建議參加海洋委員會國家海洋研究院「水下遙控載具機師培訓課」
,,,通俗職業未收錄依UCAN對應,水文技術人員,,具備海洋與水中聲學基礎，並能運用監測數據進行分析，適合擔任水文技術人員，從事潮流測量、海底地形繪製與水質監測等工作。,,建議參加海洋委員會國家海洋研究院「水下噪音監測員培訓課」或「被動聲學監測員培訓課」
,,,通俗職業未收錄依UCAN對應,離岸作業水下支撐結構檢測人員,,具備水下探測與裝備維護的經驗，適合擔任至離岸作業水下支撐結構檢測，從事離岸風電、海洋石油平台、水下管線與結構檢測等工作。,,建議參加勞動部離岸風電設備巡檢人才培訓班，並取得國際海事組織認可之BST基本安全訓練證照
,,,08資訊/軟體/系統,系統操作人員,080303,具備電子設備操作、數據回報、異常處置實務經驗，適合擔任系統操作人員，從事資料監控、系統維護與操作異常排除等工作。,,建議取得勞動部「電腦硬體裝修」或「工業電子」技術士證等相關證照
,,,10技術/維修/操作,電子設備裝修技術員,100208,具備電子設備操作維護、系統測試校正及故障排除等實務經驗，熟悉電子系統運作原理與設備維修流程，適合擔任電子設備裝修技術員，從事電子設備維修與保養工作。,,建議取得勞動部「工業電子」或「電力電子」技術士證
聲納士,3A766,"1.水下監測與數據判讀
1.1操作監測設備進行水下搜索，鑑別異常或目標。
1.2分析聲納回波與數據，判斷距離變化與目標動向。
1.3製作監測紀錄與分析報告，提供決策單位參考。
2.裝備操作與維護管理
2.1操縱、調整與校正聲納裝備，維持精準度。
2.2執行日常保養與檢測，確保裝備處於可用狀態。
2.3建立並更新裝備維護與校正紀錄，供後續追蹤與檢修依據。
3.系統整合與作業支援
3.1協助將水下監測數據整合，支援任務執行。
3.2與其他單位協調作業資訊，確保作業一致與安全。
3.3在高壓勤務中維持操作精度與標準流程，降低風險。",通俗職業未收錄依UCAN對應,水下遙控無人載具技術工程師,,具備聲波探測、水下目標定位及聲納訊號判讀，適合擔任水下遙控無人載具技術工程師，從事水下遙控載具任務規劃、操作與維護工作。,,建議參加海洋委員會國家海洋研究院「水下遙控載具機師培訓課」
,,,通俗職業未收錄依UCAN對應,水文技術人員,,具備海洋與水中聲學基礎，並能運用監測數據進行分析，適合擔任水文技術人員，從事潮流測量、海底地形繪製與水質監測等工作。,,建議參加海洋委員會國家海洋研究院「水下噪音監測員培訓課」或「被動聲學監測員培訓課」
,,,07工程/研發/生技,聲學／噪音工程師,070205,具備水中聲學原理與聲納運用，適合擔任至聲學／噪音工程師，從事水下聲波監測、噪音分析及聲源定位工作。,,
,,,08資訊/軟體/系統,系統操作人員,080303,具備電子設備操作、數據回報、異常處置實務經驗，適合擔任系統操作人員，從事資料監控、系統維護與操作異常排除等工作。,,建議取得勞動部「電腦硬體裝修」或「工業電子」技術士證等相關證照
,,,通俗職業未收錄依UCAN對應,離岸作業水下支撐結構檢測人員,,具備水下探測與裝備維護實務經驗，適合擔任至離岸作業水下支撐結構檢測人員，從事離岸風電、海洋石油平台、水下管線與結構檢測等工作。,,建議參加勞動部離岸風電設備巡檢人才培訓班，並取得國際海事組織認可之BST基本安全訓練證照
魚雷兵,3A802,"1.裝備檢測與維護管理
1.1執行精密設備或系統的測試、保養與維修作業。
1.2運用檢測工具（如電表、感測器）進行功能檢查與故障排除。
1.3建立設備維護紀錄，確保追溯性與品質標準。
2.危險品管理與安全運輸
2.1規劃與管理危險品或特殊物料的存儲流程。
2.2監督危險品搬運與運輸，確保符合法規與安全規範。
2.3建立物流與存儲台帳，降低風險並符合法律要求。
3.作業現場技術支援
3.1於工廠或現場提供技術支援，維持設備正常運作。
3.2執行高風險裝置的安裝與調整，確保安全操作。
3.3在高壓環境中維持精準度與安全標準，避免事故發生。",10技術/維修/操作,其他機械操作員,100390,具備精密設備操作與檢修實務經驗，適合擔任其他機械操作員，從事設軍民用裝備吊掛、運補作業與精密設備安裝等相關工作。,應取得勞動部「取得勞動部「固定式起重機操作（架空式-機上操作）單一級」技術士證照,
,,,10技術/維修/操作,電子設備裝修技術員,100208,具備電子設備操作維護、系統測試校正及故障排除等實務經驗，熟悉電子系統運作原理與設備維修流程，適合擔任電子設備裝修技術員，從事電子設備維修與保養工作。,,建議取得勞動部「工業電子」或「電力電子」技術士證
,,,10技術/維修/操作,銲接、切割工,100123,具備精密設備操作與檢修實務經驗，適合擔任銲接、切割工，從事船舶修造、鋼構工程或能源產業等工作。,,建議取得勞動部「氬氣鎢極電銲電銲技術士單一級技術士證照」
,,,09品管/製造/環衛,廠務助理,090214,具備任務規劃、設備維護管理及跨單位協調等實務經驗，熟悉作業流程、設備運作機制與緊急應變處置，適合擔任廠務助理；從事廠務運作管理與設備維護工作。,,
,,,09品管/製造/環衛,測試校正人員,090104,具備設備測試校正、系統操作維護及資料分析等實務經驗，熟悉測試作業流程、設備校正機制與品質管控規範，適合擔任測試校正人員；從事設備測試與校正管理工作。,,
,,,06客服/門市,連鎖店管理人員,,具備軍中差勤管理、物料補給及設施環境維護等實務經驗，熟悉人員調度與突發狀況處理，適合轉銜為連鎖店管理人員，從事連鎖體系門市營運管理、人員督導與日常營運協調等工作。,,建議取得勞動部核發之「門市服務技術士證」等相關證照
魚雷士,3A805,"1.精密裝備檢測與操作管理
1.1執行精密設備（含發射系統）的檢測、維護與修復。
1.2運用檢測工具與檢查表，確保電路與系統功能正常。
1.3撰寫維護與操作紀錄，供後續追蹤與品質管控。
2.危險品管理與安全運輸
2.1規劃並監管危險品或特殊裝置的存儲環境。
2.2監督危險品搬運與運輸流程，遵循安全法規。
2.3建立完整的台帳與紀錄，降低風險並符合法律要求。
3.系統操作與現場支援
3.1操作發射與指揮系統，確保作業流程符合規範。
3.2在現場環境中支援裝備調整與故障排除。
3.3維持高風險作業中的精準度與安全標準。",10技術/維修/操作,其他機械操作員,100390,具備精密設備操作與檢修實務經驗，適合擔任其他機械操作員，從事設軍民用裝備吊掛、運補作業與精密設備安裝等相關工作。,應取得勞動部「取得勞動部「固定式起重機操作（架空式-機上操作）單一級」技術士證照,
,,,10技術/維修/操作,電子設備裝修技術員,100208,具備電子設備操作維護、系統測試校正及故障排除等實務經驗，熟悉電子系統運作原理與設備維修流程，適合擔任電子設備裝修技術員，從事電子設備維修與保養工作。,,建議取得勞動部「工業電子」或「電力電子」技術士證
,,,10技術/維修/操作,銲接、切割工,100123,具備精密設備操作與檢修實務經驗，適合擔任銲接、切割工，從事船舶修造、鋼構工程或能源產業等工作。,,建議取得勞動部「氬氣鎢極電銲電銲技術士單一級技術士證照」
,,,通俗職業未收錄依UCAN對應,水下遙控無人載具技術工程師,,具備電工基礎、精密儀器維護與海上作業經驗，適合擔任水下遙控無人載具技術工程師，從事水下機器人的任務規劃、操作與維護工作。,,建議參加海洋委員會國家海洋研究院「水下遙控載具機師培訓課」
,,,09品管/製造/環衛,職業安全衛生人員,090301,具備高風險作業管控及設備操作實務經驗，熟悉作業安全規範、風險評估機制，適合擔任職業安全衛生人員，從事職業安全管理相關工作。,應取得勞動部「職業安全衛生管理」乙級技術士證,
,,,09品管/製造/環衛,廠務,090220,具備任務規劃、設備維護管理及跨單位協調等實務經驗，熟悉作業流程、設備運作機制與緊急應變處置，適合擔任廠務；從事廠務運作管理與設備維護工作。,,
,,,09品管/製造/環衛,測試校正人員,090104,具備設備測試校正、系統操作維護及資料分析等實務經驗，熟悉測試作業流程、設備校正機制與品質管控規範，適合擔任測試校正人員；從事設備測試與校正管理工作。,,
,,,06客服/門市,連鎖店管理人員,,具備軍中差勤管理、物料補給及設施環境維護等實務經驗，熟悉人員調度與突發狀況處理，適合轉銜為連鎖店管理人員，從事連鎖體系門市營運管理、人員督導與日常營運協調等工作。,,建議取得勞動部核發之「門市服務技術士證」等相關證照
水雷士,3A815,"1.精密裝備組裝與維護
1.1執行高風險或精密裝置的裝配與保養流程。
1.2運用精密測量工具進行尺寸、深度與力矩檢測。
1.3撰寫維護與測試紀錄，確保追溯性與品質標準。
2.系統修理與操作準備
2.1維修佈放與投射裝置，保持設備功能正常。
2.2執行設備發射或作業前的最終檢查，確保運作安全。
2.3使用電工工具與機械工具進行基礎維護與修正。
3.圖面繪製與技術應用
3.1閱讀與繪製裝備電力、機械與電子符號簡圖。
3.2分析設備構造並提出改進或修復方案。
3.3支援工程單位進行技術文件與流程標準化。",10技術/維修/操作,其他機械操作員,100390,具備精密設備操作與檢修實務經驗，適合擔任其他機械操作員，從事設軍民用裝備吊掛、運補作業與精密設備安裝等相關工作。,應取得勞動部「取得勞動部「固定式起重機操作（架空式-機上操作）單一級」技術士證照,
,,,10技術/維修/操作,電子設備裝修技術員,100208,具備電子設備操作維護、系統測試校正及故障排除等實務經驗，熟悉電子系統運作原理與設備維修流程，適合擔任電子設備裝修技術員，從事電子設備維修與保養工作。,,建議取得勞動部「工業電子」或「電力電子」技術士證
,,,10技術/維修/操作,銲接、切割工,100123,具備精密設備操作與檢修實務經驗，適合擔任銲接、切割工，從事船舶修造、鋼構工程或能源產業等工作。,,建議取得勞動部「氬氣鎢極電銲電銲技術士單一級技術士證照」
,,,通俗職業未收錄依UCAN對應,水下遙控無人載具技術工程師,,具備電工基礎、精密儀器維護與海上作業經驗，適合擔任水下遙控無人載具技術工程師，從事水下機器人的任務規劃、操作與維護工作。,,建議參加海洋委員會國家海洋研究院「水下遙控載具機師培訓課」
,,,09品管/製造/環衛,職業安全衛生人員,090301,具備高風險作業管控及設備操作實務經驗，熟悉作業安全規範、風險評估機制，適合擔任職業安全衛生人員，從事職業安全管理相關工作。,應取得勞動部「職業安全衛生管理」乙級技術士證,
,,,09品管/製造/環衛,廠務,090220,具備任務規劃、設備維護管理及跨單位協調等實務經驗，熟悉作業流程、設備運作機制與緊急應變處置，適合擔任廠務；從事廠務運作管理與設備維護工作。,,
,,,09品管/製造/環衛,測試校正人員,090104,具備設備測試校正、系統操作維護及資料分析等實務經驗，熟悉測試作業流程、設備校正機制與品質管控規範，適合擔任測試校正人員；從事設備測試與校正管理工作。,,
,,,06客服/門市,連鎖店管理人員,,具備軍中差勤管理、物料補給及設施環境維護等實務經驗，熟悉人員調度與突發狀況處理，適合轉銜為連鎖店管理人員，從事連鎖體系門市營運管理、人員督導與日常營運協調等工作。,,建議取得勞動部核發之「門市服務技術士證」等相關證照
反潛火箭砲械兵,3A822,"1.裝備操作與系統監控
1.1操作大型發射或輸出系統，監控其運作狀態。
1.2依標準程序進行系統啟動、停機與安全檢查。
1.3記錄操作數據，提供後續檢討與維護依據。
2.機電與液壓維護
2.1執行系統內電路、氣壓與液壓模組的檢查與保養。
2.2使用測試裝置檢測裝備功能，排除異常與故障。
2.3建立維護與檢修紀錄，確保系統追溯性與合規性。
3.技術應用與安全支援
3.1運用電工與伺服控制知識，進行裝備檢測與調整。
3.2分析設備性能，提出改善建議或修復方案。
3.3在高壓任務環境中，確保操作精度與安全標準。",10技術/維修/操作,其他機械操作員,100390,具備精密設備操作與檢修實務經驗，適合擔任其他機械操作員，從事設軍民用裝備吊掛、運補作業與精密設備安裝等相關工作。,應取得勞動部「取得勞動部「固定式起重機操作（架空式-機上操作）單一級」技術士證照,
,,,10技術/維修/操作,電子設備裝修技術員,100208,具備電子設備操作維護、系統測試校正及故障排除等實務經驗，熟悉電子系統運作原理與設備維修流程，適合擔任電子設備裝修技術員，從事電子設備維修與保養工作。,,建議取得勞動部「工業電子」或「電力電子」技術士證
,,,10技術/維修/操作,銲接、切割工,100123,具備精密設備操作與檢修實務經驗，適合擔任銲接、切割工，從事船舶修造、鋼構工程或能源產業等工作。,,建議取得勞動部「氬氣鎢極電銲電銲技術士單一級技術士證照」
,,,09品管/製造/環衛,廠務助理,090214,具備任務規劃、設備維護管理及跨單位協調等實務經驗，熟悉作業流程、設備運作機制與緊急應變處置，適合擔任廠務助理；從事廠務運作管理與設備維護工作。,,
,,,09品管/製造/環衛,測試校正人員,090104,具備設備測試校正、系統操作維護及資料分析等實務經驗，熟悉測試作業流程、設備校正機制與品質管控規範，適合擔任測試校正人員；從事設備測試與校正管理工作。,,
,,,06客服/門市,連鎖店管理人員,,具備軍中差勤管理、物料補給及設施環境維護等實務經驗，熟悉人員調度與突發狀況處理，適合轉銜為連鎖店管理人員，從事連鎖體系門市營運管理、人員督導與日常營運協調等工作。,,建議取得勞動部核發之「門市服務技術士證」等相關證照
反潛火箭砲械士,3A825,"1.裝備操作與安全監控
1.1執行發射系統的啟動、停機與操作流程。
1.2監控設備運作狀態，確保運轉穩定與安全。
1.3記錄操作數據與異常狀況，供後續分析與改善。
2.系統保養與故障排除
2.1進行電路、氣壓與液壓模組的例行檢查與保養。
2.2使用測試裝置檢測系統功能，進行異常排除。
2.3建立維護與檢修紀錄，確保系統可追溯與合規。
3.技術應用與現場支援
3.1應用電工與伺服控制知識，協助設備檢測與調整。
3.2分析設備性能數據，提出優化或修復建議。
3.3在高壓勤務中維持精度與安全標準，確保任務成功。",10技術/維修/操作,其他機械操作員,100390,具備精密設備操作與檢修實務經驗，適合擔任其他機械操作員，從事設軍民用裝備吊掛、運補作業與精密設備安裝等相關工作。,應取得勞動部「取得勞動部「固定式起重機操作（架空式-機上操作）單一級」技術士證照,
,,,10技術/維修/操作,電子設備裝修技術員,100208,具備電子設備操作維護、系統測試校正及故障排除等實務經驗，熟悉電子系統運作原理與設備維修流程，適合擔任電子設備裝修技術員，從事電子設備維修與保養工作。,,建議取得勞動部「工業電子」或「電力電子」技術士證
,,,10技術/維修/操作,銲接、切割工,100123,具備精密設備操作與檢修實務經驗，適合擔任銲接、切割工，從事船舶修造、鋼構工程或能源產業等工作。,,建議取得勞動部「氬氣鎢極電銲電銲技術士單一級技術士證照」
,,,通俗職業未收錄依UCAN對應,水下遙控無人載具技術工程師,,具備電工基礎、精密儀器維護與海上作業經驗，適合擔任水下遙控無人載具技術工程師，從事水下機器人的任務規劃、操作與維護工作。,,建議參加海洋委員會國家海洋研究院「水下遙控載具機師培訓課」
,,,09品管/製造/環衛,職業安全衛生人員,090301,具備高風險作業管控及設備操作實務經驗，熟悉作業安全規範、風險評估機制，適合擔任職業安全衛生人員，從事職業安全管理相關工作。,應取得勞動部「職業安全衛生管理」乙級技術士證,
,,,09品管/製造/環衛,廠務,090220,具備任務規劃、設備維護管理及跨單位協調等實務經驗，熟悉作業流程、設備運作機制與緊急應變處置，適合擔任廠務；從事廠務運作管理與設備維護工作。,,
,,,09品管/製造/環衛,測試校正人員,090104,具備設備測試校正、系統操作維護及資料分析等實務經驗，熟悉測試作業流程、設備校正機制與品質管控規範，適合擔任測試校正人員；從事設備測試與校正管理工作。,,
,,,06客服/門市,連鎖店管理人員,,具備軍中差勤管理、物料補給及設施環境維護等實務經驗，熟悉人員調度與突發狀況處理，適合轉銜為連鎖店管理人員，從事連鎖體系門市營運管理、人員督導與日常營運協調等工作。,,建議取得勞動部核發之「門市服務技術士證」等相關證照
水中機械領導士,DG515,"1.潛水裝備與機具管理
1.1操作並維護潛水裝備，執行日常檢修與測試。
1.2辨識與排除裝備故障，進行基礎修護。
1.3建立裝備使用紀錄，確保安全作業。
2.水下工程與修復作業
2.1執行水下銲接、切割與安裝作業。
2.2沉船打撈或港口水下設施修復。
2.3應用木作與結構加固技術，完成水下施工。
3.救難與安全支援
3.1參與海難救助與潛水救援任務。
3.2指導與支援潛水安全作業，建立應變流程。
3.3執行港口與航道清理，降低水域安全風險。",10技術/維修/操作,銲接、切割工,100123,具備水下銲接與切割技能，適合擔任銲接、切割工，從事水下結構切割、銲接等工作。,應取得勞動部「氬氣鎢極電銲電銲技術士單一級技術士證照」,
,,,通俗職業未收錄依UCAN對應,離岸作業水下支撐結構檢測人員,,具備潛水技能與水下檢測經驗，熟悉水下作業流程與風險管控程序，適合擔任離岸作業水下支撐接購檢測人員，從事離岸風電、油氣平台檢測維護。,,建議參加勞動部離岸風電設備巡檢人才培訓班，並取得國際海事組織認可之BST基本安全訓練證照
,,,通俗職業未收錄依UCAN對應,商業潛水員,,具備水下作業執行、潛水操作及高風險環境應變等實務經驗，熟悉潛水作業流程、水域安全規範與設備操作機制，適合擔任商業潛水員，從事水下作業活動。,應取得勞動部職業「潛水技術士證」,
,,,16旅遊/餐飲/休閒,水上救生員,160302,具備水域救援作業、現場應變處置及人員安全管控等實務經驗，熟悉水域安全規範、救援流程與緊急應變機制，適合擔任水上救生員，從事水域安全維護與救援工作。,應取得運動部核發「水上救生員證書」,
,,,16旅遊/餐飲/休閒,運動教練,160301,具備格鬥及游泳、潛水技能，熟悉體能訓練規劃與評量，適合擔任運動教練，從事練、游泳、潛水教學及體能訓練工作。,應取得運動部核發「水上救生員證書」、「國際潛水教練證照」或「國民體適能指導員」等相關證照,
,,,10技術/維修/操作,遙控無人機專業人員,100316,具備設備操作控制、任務執行規劃及現場判斷應變等實務經驗，熟悉操作流程、安全規範與任務管控機制，適合擔任遙控無人機專業人員，操作無人機從事商用、空拍、監測、研究及農藥噴灑等相關工作。,應取得交通部民用航空局核發之「遙控無人機操作證」,
水中機械士,3N014,"1.潛水裝備與機具管理
1.1操作並維護潛水裝備，執行日常檢修與測試。
1.2辨識與排除裝備故障，進行基礎修護。
1.3建立裝備使用紀錄，確保安全作業。
2.水下工程與修復作業
2.1執行水下銲接、切割與安裝作業。
2.2沉船打撈或港口水下設施修復。
2.3應用木作與結構加固技術，完成水下施工。
3.救難與安全支援
3.1參與海難救助與潛水救援任務。
3.2指導與支援潛水安全作業，建立應變流程。
3.3執行港口與航道清理，降低水域安全風險。",10技術/維修/操作,銲接、切割工,100123,具備水下銲接與切割技能，適合擔任銲接、切割工，從事水下結構切割、銲接等工作。,應取得勞動部「氬氣鎢極電銲電銲技術士單一級技術士證照」,
,,,通俗職業未收錄依UCAN對應,離岸作業水下支撐結構檢測人員,,具備潛水技能與水下檢測經驗，熟悉水下作業流程與風險管控程序，適合擔任離岸作業水下支撐接購檢測人員，從事離岸風電、油氣平台檢測維護。,,建議參加勞動部離岸風電設備巡檢人才培訓班，並取得國際海事組織認可之BST基本安全訓練證照
,,,通俗職業未收錄依UCAN對應,商業潛水員,,具備水下作業執行、潛水操作及高風險環境應變等實務經驗，熟悉潛水作業流程、水域安全規範與設備操作機制，適合擔任商業潛水員，從事水下作業活動。,應取得勞動部職業「潛水技術士證」,
,,,16旅遊/餐飲/休閒,水上救生員,160302,具備水域救援作業、現場應變處置及人員安全管控等實務經驗，熟悉水域安全規範、救援流程與緊急應變機制，適合擔任水上救生員，從事水域安全維護與救援工作。,應取得運動部核發「水上救生員證書」,
,,,16旅遊/餐飲/休閒,運動教練,160301,具備格鬥及游泳、潛水技能，熟悉體能訓練規劃與評量，適合擔任運動教練，從事練、游泳、潛水教學及體能訓練工作。,應取得運動部核發「水上救生員證書」、「國際潛水教練證照」或「國民體適能指導員」等相關證照,
,,,10技術/維修/操作,遙控無人機專業人員,100316,具備設備操作控制、任務執行規劃及現場判斷應變等實務經驗，熟悉操作流程、安全規範與任務管控機制，適合擔任遙控無人機專業人員，操作無人機從事商用、空拍、監測、研究及農藥噴灑等相關工作。,應取得交通部民用航空局核發之「遙控無人機操作證」,
水中機械兵,3N012,"1.潛水裝備操作與維護
1.1執行潛水裝備檢查、清潔與簡易修護，確保功能正常。
1.2追蹤與紀錄裝備狀況，支援調度與任務安排。
1.3協助潛水任務前裝備準備，降低操作風險。
2.水下施工與維修
2.1執行水下切割、銲接與安裝作業。
2.2協助港口清理與船塢維護，確保航運設施正常。
2.3參與沉船打撈或艦艇結構修復作業。
3.救難與應急支援
3.1參與海難救助與潛水救援行動。
3.2執行潛水安全程序，配合標準作業規範。
3.3支援團隊處理緊急狀況，提升應變能力。",10技術/維修/操作,銲接、切割工,100123,具備水下銲接與切割技能，適合擔任銲接、切割工，從事水下結構切割、銲接等工作。,應取得勞動部「氬氣鎢極電銲電銲技術士單一級技術士證照」,
,,,通俗職業未收錄依UCAN對應,離岸作業水下支撐結構檢測人員,,具備潛水技能與水下檢測經驗，熟悉水下作業流程與風險管控程序，適合擔任離岸作業水下支撐接購檢測人員，從事離岸風電、油氣平台檢測維護。,,建議參加勞動部離岸風電設備巡檢人才培訓班，並取得國際海事組織認可之BST基本安全訓練證照
,,,通俗職業未收錄依UCAN對應,商業潛水員,,具備水下作業執行、潛水操作及高風險環境應變等實務經驗，熟悉潛水作業流程、水域安全規範與設備操作機制，適合擔任商業潛水員，從事水下作業活動。,應取得勞動部職業「潛水技術士證」,
,,,16旅遊/餐飲/休閒,水上救生員,160302,具備水域救援作業、現場應變處置及人員安全管控等實務經驗，熟悉水域安全規範、救援流程與緊急應變機制，適合擔任水上救生員，從事水域安全維護與救援工作。,應取得運動部核發「水上救生員證書」,
,,,16旅遊/餐飲/休閒,運動教練,160301,具備格鬥及游泳、潛水技能，熟悉體能訓練規劃與評量，適合擔任運動教練，從事練、游泳、潛水教學及體能訓練工作。,應取得運動部核發「水上救生員證書」、「國際潛水教練證照」或「國民體適能指導員」等相關證照,
,,,10技術/維修/操作,遙控無人機專業人員,100316,具備設備操作控制、任務執行規劃及現場判斷應變等實務經驗，熟悉操作流程、安全規範與任務管控機制，適合擔任遙控無人機專業人員，操作無人機從事商用、空拍、監測、研究及農藥噴灑等相關工作。,應取得交通部民用航空局核發之「遙控無人機操作證」,
水中械彈處理士,3K645,"1.危險品處理與排除
1.1依規範執行危險物拆卸與處理，確保作業安全。
1.2針對高風險裝置進行檢查，判斷異常狀態。
1.3建立處理紀錄，回報安全狀況與改善建議。
2.安全維護與風險控管
2.1規劃並執行掃雷與排除作業，維持航道暢通。
2.2設置警戒區，降低人員與設備作業風險。
2.3依作業規範進行應急處置，確保任務連續。
3.裝備保養與檢修
3.1定期檢查掃雷裝備與工具，確保良好運作。
3.2進行纏絞排除與故障修護，維持任務效能。
3.3建立裝備維護紀錄，追蹤使用狀況與壽命。",通俗職業未收錄依UCAN對應,爆破工程人員,,具備炸藥知識與引信拆卸技能，熟悉爆破作業流程、安全管理機制與風險控管程序，適合擔任爆破工程人員，從事隧道開挖、礦山爆破、建築拆除與工程爆破安全管理等工作。,,建議參加經濟部地質調查及礦業管理中心核定之「礦場安全管理人員技術訓練班」或「事業用爆炸物爆破專業人員訓練班」
,,,通俗職業未收錄依UCAN對應,離岸作業水下支撐結構檢測人員,,具備潛水技能與水下檢測經驗，熟悉水下作業流程與風險管控程序，適合擔任離岸作業水下支撐接購檢測人員，從事離岸風電、油氣平台檢測維護。,,建議參加勞動部離岸風電設備巡檢人才培訓班，並取得國際海事組織認可之BST基本安全訓練證照
,,,通俗職業未收錄依UCAN對應,商業潛水員,,具備水下作業執行、潛水操作及高風險環境應變等實務經驗，熟悉潛水作業流程、水域安全規範與設備操作機制，適合擔任商業潛水員，從事水下作業活動。,應取得勞動部職業「潛水技術士證」,
,,,16旅遊/餐飲/休閒,水上救生員,160302,具備水域救援作業、現場應變處置及人員安全管控等實務經驗，熟悉水域安全規範、救援流程與緊急應變機制，適合擔任水上救生員，從事水域安全維護與救援工作。,應取得運動部核發「水上救生員證書」,
,,,16旅遊/餐飲/休閒,運動教練,160301,具備格鬥及游泳、潛水技能，熟悉體能訓練規劃與評量，適合擔任運動教練，從事練、游泳、潛水教學及體能訓練工作。,應取得運動部核發「水上救生員證書」、「國際潛水教練證照」或「國民體適能指導員」等相關證照,
,,,10技術/維修/操作,遙控無人機專業人員,100316,具備設備操作控制、任務執行規劃及現場判斷應變等實務經驗，熟悉操作流程、安全規範與任務管控機制，適合擔任遙控無人機專業人員，操作無人機從事商用、空拍、監測、研究及農藥噴灑等相關工作。,應取得交通部民用航空局核發之「遙控無人機操作證」,
救難潛水指揮官,DG31,"1.救難作業規劃與指揮
1.1制定救難潛水計畫，分配人員與資源。
1.2指揮並監督現場作業，確保程序符合安全規範。
1.3撰寫與檢討救難報告，提出改進建議。
2.潛水技術應用與發展
2.1執行深海與淺海潛水作業，支援救援與工程需求。
2.2研究潛水新技術，改善救難裝備與流程。
2.3進行水下爆破與拖絞操作，應用於救難與排除障礙。
3.安全防護與人員訓練
3.1設計並推動潛水安全規範與應變措施。
3.2規劃並執行潛水專業訓練，提升團隊技能。
3.3傳授船藝與作業技巧，確保跨領域支援能力。",01經營/行政/總務,經營管理主管,010101,具備團隊領導、策略規劃與整體效能提升等相關實務，熟悉組織運作、決策流程與績效管理，適合擔任經營管理主管，從事營運規劃、資源整合與團隊領導等工作。,,
,,,16旅遊/餐飲/休閒,運動教練,160301,具備潛水專業與訓練規劃經驗，適合擔任潛水運動教練，從事休閒潛水教學、專業救援與潛水安全訓練等工作,應取得運動部核發「水上救生員證書」及「國際潛水教練證照」,
,,,通俗職業未收錄依UCAN對應,商業潛水員,,具備深潛與水肺潛水專業，適合擔任商業潛水員，從事海洋建設、沉船打撈、管線維修與水下探勘等工作。,應取得勞動部「職業潛水技術士證」等相關證照,
,,,通俗職業未收錄依UCAN對應,水下遙控無人載具作業主管,,具備水下監控與目標指示經驗，適合擔任至ROV作業主管，從事水下機器人的任務規劃、操作與維護。,,建議參加海洋委員會國家海洋研究院「水下遙控載具機師培訓課」
,,,通俗職業未收錄依UCAN對應,水文技術人員,,具備水域作業規劃、現場指揮調度及高風險環境判斷等實務經驗，熟悉水文作業流程，適合擔任水文技術人員，從事潮流測量、海底地形繪製與水質監測等工作。,,建議參加海洋委員會國家海洋研究院「水下噪音監測員培訓課」或「被動聲學監測員培訓課」
,,,通俗職業未收錄依UCAN對應,離岸作業水下支撐結構檢測人員,,具備水下作業規劃、結構檢測判讀及高風險環境作業實務經驗，熟悉水下檢測技術與設備操作流程，適合離岸作業水下支撐結構檢測人員，從事離岸風電、油氣平台檢測維護。,,建議參加勞動部離岸風電設備巡檢人才培訓班，並取得國際海事組織認可之BST基本安全訓練證照
深海救難潛水官,3N53,"1.救援計畫與作業指揮
1.1制定救援潛水計畫，分配人力與裝備資源。
1.2指揮並監控現場救援流程，確保作業安全。
1.3建立作業報告與改進建議，提升任務效能。
2.潛水技術應用與發展
2.1執行深海與淺海潛水作業，支援水下救援與工程需求。
2.2運用水中爆破與障礙清除技術，保障作業順利。
2.3評估與改良潛水裝備與流程，推動技術革新。
3.教育訓練與專業傳承
3.1規劃並指導潛水專業訓練，培養救援能量。
3.2建立模擬演練與應變機制，提升團隊反應力。
3.3分享實務經驗與安全知識，強化組織能力。",01經營/行政/總務,經營管理主管,010101,具備團隊領導、策略規劃與整體效能提升等相關實務，熟悉組織運作、決策流程與績效管理，適合擔任經營管理主管，從事營運規劃、資源整合與團隊領導等工作。,,
,,,16旅遊/餐飲/休閒,運動教練,160301,具備潛水專業與訓練規劃經驗，適合擔任潛水運動教練，從事休閒潛水教學、專業救援與潛水安全訓練等工作,應取得運動部核發「水上救生員證書」及「國際潛水教練證照」,
,,,通俗職業未收錄依UCAN對應,商業潛水員,,具備深潛與水肺潛水專業，適合擔任商業潛水員，從事海洋建設、沉船打撈、管線維修與水下探勘等工作。,應取得勞動部「職業潛水技術士證」等相關證照,
,,,通俗職業未收錄依UCAN對應,水下遙控無人載具作業主管,,具備水下監控與目標指示經驗，適合擔任至ROV作業主管，從事水下機器人的任務規劃、操作與維護。,,建議參加海洋委員會國家海洋研究院「水下遙控載具機師培訓課」
,,,通俗職業未收錄依UCAN對應,水文技術人員,,具備水域作業規劃、現場指揮調度及高風險環境判斷等實務經驗，熟悉水文作業流程，適合擔任水文技術人員，從事潮流測量、海底地形繪製與水質監測等工作。,,建議參加海洋委員會國家海洋研究院「水下噪音監測員培訓課」或「被動聲學監測員培訓課」
,,,通俗職業未收錄依UCAN對應,離岸作業水下支撐結構檢測人員,,具備水下作業規劃、結構檢測判讀及高風險環境作業實務經驗，熟悉水下檢測技術與設備操作流程，適合離岸作業水下支撐結構檢測人員，從事離岸風電、油氣平台檢測維護。,,建議參加勞動部離岸風電設備巡檢人才培訓班，並取得國際海事組織認可之BST基本安全訓練證照
氦氧混合氣潛水領導士,DG415,"1.潛水裝備操作與維護
1.1操作深潛與混合氣潛水裝備，確保設備正常運作。
1.2執行裝備日常清潔與保養，降低故障率。
1.3進行裝備基本維修與測試，保障安全使用。
2.潛水作業與救援執行
2.1參與深海救難作業，支援水下檢修、安裝或救援行動。
2.2根據作業需求執行減壓與應急處置。
2.3蒐集與分析作業數據，提出改進與安全建議。
3.人員訓練與技術指導
3.1指導新進潛水人員熟悉裝備與流程。
3.2設計模擬演練，強化團隊應變與水下作業能力。
3.3提供技術指導與經驗分享，確保潛水團隊安全。",通俗職業未收錄依UCAN對應,離岸作業水下支撐結構檢測人員,,具備潛水技能與水下檢測經驗，熟悉水下作業流程與風險管控程序，適合擔任離岸作業水下支撐接購檢測人員，從事離岸風電、油氣平台檢測維護。,,建議參加勞動部離岸風電設備巡檢人才培訓班，並取得國際海事組織認可之BST基本安全訓練證照
,,,通俗職業未收錄依UCAN對應,商業潛水員,,具備水下作業執行、潛水操作及高風險環境應變等實務經驗，熟悉潛水作業流程、水域安全規範與設備操作機制，適合擔任商業潛水員，從事水下作業活動。,應取得勞動部職業「潛水技術士證」,
,,,16旅遊/餐飲/休閒,水上救生員,160302,具備水域救援作業、現場應變處置及人員安全管控等實務經驗，熟悉水域安全規範、救援流程與緊急應變機制，適合擔任水上救生員，從事水域安全維護與救援工作。,應取得運動部核發「水上救生員證書」,
,,,16旅遊/餐飲/休閒,運動教練,160301,具備格鬥及游泳、潛水技能，熟悉體能訓練規劃與評量，適合擔任運動教練，從事練、游泳、潛水教學及體能訓練工作。,應取得運動部核發「水上救生員證書」、「國際潛水教練證照」或「國民體適能指導員」等相關證照,
,,,10技術/維修/操作,遙控無人機專業人員,100316,具備設備操作控制、任務執行規劃及現場判斷應變等實務經驗，熟悉操作流程、安全規範與任務管控機制，適合擔任遙控無人機專業人員，操作無人機從事商用、空拍、監測、研究及農藥噴灑等相關工作。,應取得交通部民用航空局核發之「遙控無人機操作證」,
潛水作業士,3N115,"1.潛水裝備維護與操作
1.1執行潛水裝備檢查與日常保養，確保使用安全。
1.2進行簡易修護與測試，降低裝備故障率。
1.3建立裝備紀錄，支援調度與維修追蹤。
2.水下施工與修復
2.1執行水下木作、切割與銲接作業，修復艦艇或結構。
2.2協助船塢與水下設施維護，確保航運設施正常。
2.3參與港口清理與障礙排除，維持水域安全。
3.救難與應急支援
3.1參與海難救助與水下救援行動。
3.2協助潛水安全程序與標準作業執行。
3.3支援團隊應變處置，提升緊急狀況處理能力。",10技術/維修/操作,銲接、切割工,100123,具備水下銲接與切割技能，適合擔任銲接、切割工，從事水下結構切割、銲接等工作。,應取得勞動部「氬氣鎢極電銲電銲技術士單一級技術士證照」,
,,,通俗職業未收錄依UCAN對應,離岸作業水下支撐結構檢測人員,,具備潛水技能與水下檢測經驗，熟悉水下作業流程與風險管控程序，適合擔任離岸作業水下支撐接購檢測人員，從事離岸風電、油氣平台檢測維護。,,建議參加勞動部離岸風電設備巡檢人才培訓班，並取得國際海事組織認可之BST基本安全訓練證照
,,,通俗職業未收錄依UCAN對應,商業潛水員,,具備水下作業執行、潛水操作及高風險環境應變等實務經驗，熟悉潛水作業流程、水域安全規範與設備操作機制，適合擔任商業潛水員，從事水下作業活動。,應取得勞動部職業「潛水技術士證」,
,,,16旅遊/餐飲/休閒,水上救生員,160302,具備水域救援作業、現場應變處置及人員安全管控等實務經驗，熟悉水域安全規範、救援流程與緊急應變機制，適合擔任水上救生員，從事水域安全維護與救援工作。,應取得運動部核發「水上救生員證書」,
,,,16旅遊/餐飲/休閒,運動教練,160301,具備格鬥及游泳、潛水技能，熟悉體能訓練規劃與評量，適合擔任運動教練，從事練、游泳、潛水教學及體能訓練工作。,應取得運動部核發「水上救生員證書」、「國際潛水教練證照」或「國民體適能指導員」等相關證照,
,,,10技術/維修/操作,遙控無人機專業人員,100316,具備設備操作控制、任務執行規劃及現場判斷應變等實務經驗，熟悉操作流程、安全規範與任務管控機制，適合擔任遙控無人機專業人員，操作無人機從事商用、空拍、監測、研究及農藥噴灑等相關工作。,應取得交通部民用航空局核發之「遙控無人機操作證」,
氦氧混和氣潛水士,3N125,"1.潛水裝備管理與維護
1.1操作並檢查氦氧混合氣潛水裝備，確保功能正常。
1.2執行日常清潔與簡易維修，降低裝備故障風險。
1.3建立裝備檔案，記錄使用狀態與維修紀錄。
2.潛水作業與救援支援
2.1執行深海潛水作業，支援救難與工程需求。
2.2運用減壓程序與潛水安全標準，保障作業安全。
2.3參與深海救難任務，協助完成水下搜尋、修復與救援。
3.教育訓練與技術傳承
3.1協助氦氧混合氣潛水官培訓新進潛水員。
3.2建立潛水演練流程，提升團隊應變能力。
3.3傳授潛水安全與裝備使用知識，支援專業發展。",通俗職業未收錄依UCAN對應,離岸作業水下支撐結構檢測人員,,具備潛水技能與水下檢測經驗，熟悉水下作業流程與風險管控程序，適合擔任離岸作業水下支撐接購檢測人員，從事離岸風電、油氣平台檢測維護。,,建議參加勞動部離岸風電設備巡檢人才培訓班，並取得國際海事組織認可之BST基本安全訓練證照
,,,通俗職業未收錄依UCAN對應,商業潛水員,,具備水下作業執行、潛水操作及高風險環境應變等實務經驗，熟悉潛水作業流程、水域安全規範與設備操作機制，適合擔任商業潛水員，從事水下作業活動。,應取得勞動部職業「潛水技術士證」,
,,,16旅遊/餐飲/休閒,水上救生員,160302,具備水域救援作業、現場應變處置及人員安全管控等實務經驗，熟悉水域安全規範、救援流程與緊急應變機制，適合擔任水上救生員，從事水域安全維護與救援工作。,應取得運動部核發「水上救生員證書」,
,,,16旅遊/餐飲/休閒,運動教練,160301,具備格鬥及游泳、潛水技能，熟悉體能訓練規劃與評量，適合擔任運動教練，從事練、游泳、潛水教學及體能訓練工作。,應取得運動部核發「水上救生員證書」、「國際潛水教練證照」或「國民體適能指導員」等相關證照,
,,,10技術/維修/操作,遙控無人機專業人員,100316,具備設備操作控制、任務執行規劃及現場判斷應變等實務經驗，熟悉操作流程、安全規範與任務管控機制，適合擔任遙控無人機專業人員，操作無人機從事商用、空拍、監測、研究及農藥噴灑等相關工作。,應取得交通部民用航空局核發之「遙控無人機操作證」,
兩棲作戰訓練督導官,3K11,"1.訓練規劃與課程設計
1.1擬定年度訓練計畫與課程重點，規劃資源分配。
1.2制定訓練流程與評量標準，確保學員達成目標。
1.3追蹤訓練進度並檢討成果，提出改進建議。
2.專案規劃與跨部門協調
2.1協調跨單位作業，整合人員與資源支援。
2.2參與會議並彙整相關資料，支援決策制定。
2.3建立跨部門合作機制，提升作業效率。
3.策略研究與建議
3.1分析營運策略與案例，提出改進與應用建議。
3.2撰寫策略研究與決策報告，提供高階主管參考。
3.3評估訓練與作業風險，設計應對方案。",01經營/行政/總務,行政總務主管,010301,具備單位行政統籌、資源調配等相關實務經驗，熟悉內部管控制度與標準作業程序，適合擔任行政總務主管；從事組織行政管理、總務支援等工作。,,
,,,21行銷/企劃/專案,專案管理師,210304,具備任務規劃、跨部門協調與資源整合等相關實務，熟悉專案流程、任務分工與風險管控，適合擔任專案管理師，從事專案策劃及進度管控等工作。,,建議取得國際專案管理師（PMP）證照
,,,21行銷/企劃/專案,營運管理師/ERP專案師,210302,具備策略規劃與資源整合經驗，熟悉系統導入與跨部門協調，適合擔任營運管理師/ERP專案師，從事營運流程優化/系統導入規劃、跨部門整合等相關工作。,,建議取得經濟部產業發展署「營運智慧分析師能力鑑定證書」
,,,21行銷/企劃/專案,企業永續發展人員,210305,具備政策制定、資料分析與協調整合能力，熟悉制度建置、績效管理與法規遵循，適合擔任企業永續發展人員，從事企業永續策略規劃、碳盤查與社會責任推動等工作。,,建議取得經濟部產業發展署「淨零碳規劃管理師」能力鑑定
,,,03人資/法務/智財,教育訓練人員,030104,具備課程規劃設計及訓練成效評估等實務經驗，熟悉訓練需求分析、教案設計流程與訓練回饋機制，適合擔任教育訓練人員；從事企業人才培育工作。,,
,,,21行銷/企劃/專案,行銷企劃人員,210103,具備任務規劃、資源整合及情境判斷應變等實務經驗，熟悉活動設計與溝通協作，適合擔任行銷企劃人員；從事行銷策略規劃與專案執行工作。,,
,,,16旅遊/餐飲/休閒,導遊,160102,具備職務養成之專案規劃、團隊溝通與突發狀況應變處置能力，適合擔任導遊，從事旅遊導覽、旅客接待與行程解說工作。,應取得交通部觀光署核發之「導遊人員執業證」,
,,,16旅遊/餐飲/休閒,領隊,160103,具備職務養成之專案規劃、團隊溝通與突發狀況應變處置能力，適合擔任領隊，從事旅遊導覽、旅客接待與行程解說工作。,應取得交通部觀光署核發之「領隊人員執業證」,
,,,03人資/法務/智財,幹事,010104,具備行政管理、活動規劃及跨單位協調等實務經驗，熟悉章程研擬與總務管理，適合擔任法人團體幹事；從事活動規劃與會務推展工作。,,
兩棲偵搜作戰訓練官,3K63,"1.訓練規劃與課程設計
1.1擬定年度訓練計畫與課程重點，規劃資源分配。
1.2制定訓練流程與評量標準，確保學員達成目標。
1.3追蹤訓練進度並檢討成果，提出改進建議。
2.教育訓練與教學執行
2.1指導人員進行兩棲偵搜作戰演練與戰術應用。
2.2執行體能、戰技與任務模擬訓練。
2.3評估訓練成果，修正課程內容以提升成效。
3.教材整編與訓練管理
3.1編修講義與教材，確保內容符合作戰實務。
3.2辦理訓練案之核定、追蹤與檢討。
3.3建立訓練紀錄與報告，作為後續改進依據。",01經營/行政/總務,行政總務主管,010301,具備單位行政統籌、資源調配等相關實務經驗，熟悉內部管控制度與標準作業程序，適合擔任行政總務主管；從事組織行政管理、總務支援等工作。,,
,,,21行銷/企劃/專案,專案管理師,210304,具備任務規劃、跨部門協調與資源整合等相關實務，熟悉專案流程、任務分工與風險管控，適合擔任專案管理師，從事專案策劃及進度管控等工作。,,建議取得國際專案管理師（PMP）證照
,,,21行銷/企劃/專案,營運管理師/ERP專案師,210302,具備策略規劃與資源整合經驗，熟悉系統導入與跨部門協調，適合擔任營運管理師/ERP專案師，從事營運流程優化/系統導入規劃、跨部門整合等相關工作。,,建議取得經濟部產業發展署「營運智慧分析師能力鑑定證書」
,,,21行銷/企劃/專案,企業永續發展人員,210305,具備政策制定、資料分析與協調整合能力，熟悉制度建置、績效管理與法規遵循，適合擔任企業永續發展人員，從事企業永續策略規劃、碳盤查與社會責任推動等工作。,,建議取得經濟部產業發展署「淨零碳規劃管理師」能力鑑定
,,,03人資/法務/智財,教育訓練人員,030104,具備課程規劃設計及訓練成效評估等實務經驗，熟悉訓練需求分析、教案設計流程與訓練回饋機制，適合擔任教育訓練人員；從事企業人才培育工作。,,
,,,21行銷/企劃/專案,行銷企劃人員,210103,具備任務規劃、資源整合及情境判斷應變等實務經驗，熟悉活動設計與溝通協作，適合擔任行銷企劃人員；從事行銷策略規劃與專案執行工作。,,
,,,16旅遊/餐飲/休閒,導遊,160102,具備職務養成之專案規劃、團隊溝通與突發狀況應變處置能力，適合擔任導遊，從事旅遊導覽、旅客接待與行程解說工作。,應取得交通部觀光署核發之「導遊人員執業證」,
,,,16旅遊/餐飲/休閒,領隊,160103,具備職務養成之專案規劃、團隊溝通與突發狀況應變處置能力，適合擔任領隊，從事旅遊導覽、旅客接待與行程解說工作。,應取得交通部觀光署核發之「領隊人員執業證」,
,,,03人資/法務/智財,幹事,010104,具備行政管理、活動規劃及跨單位協調等實務經驗，熟悉章程研擬與總務管理，適合擔任法人團體幹事；從事活動規劃與會務推展工作。,,
水中爆炸兵器處理官,3K74,"1.爆炸物偵測與排除
1.1運用偵測儀器與設備，判斷爆炸物性質與位置。
1.2擬定安全處理流程，確保拆除符合標準。
1.3建立紀錄與報告，提供風險分析與決策依據。
2.危險作業安全與管控
2.1督導技術人員執行高風險作業，確保遵守安全規範。
2.2檢查並維護處理裝備，降低故障與意外風險。
2.3設計並推動防護措施，確保人員與設備安全。
3.教育訓練與專業指導
3.1規劃並指導爆炸物處理與安全訓練。
3.2傳授裝備保養與防護技能，提升團隊專業度。
3.3執行潛水作業並訓練人員水下作業能力。",01經營/行政/總務,經營管理主管,010101,具備團隊領導、策略規劃與整體效能提升等相關實務，熟悉組織運作、決策流程與績效管理，適合擔任經營管理主管；從事營運規劃、資源整合與團隊領導等工作。,,
,,,16旅遊/餐飲/休閒,運動教練,160301,具備潛水專業與訓練規劃經驗，適合擔任潛水運動教練，從事休閒潛水教學、專業救援與潛水安全訓練等工作,應取得運動部核發「水上救生員證書」及「國際潛水教練證照」,
,,,通俗職業未收錄依UCAN對應,商業潛水員,,具備深潛與水肺潛水專業，適合擔任商業潛水員，從事海洋建設、沉船打撈、管線維修與水下探勘等工作。,應取得勞動部「職業潛水技術士證」等相關證照,
,,,通俗職業未收錄依UCAN對應,水下遙控無人載具作業主管,,具備水下監控與目標指示經驗，適合擔任水下遙控無人載具作業主管，從事水下機器人的任務規劃、操作與維護。,,建議參加海洋委員會國家海洋研究院「水下遙控載具機師培訓課」
,,,通俗職業未收錄依UCAN對應,水文技術人員,,具備水域作業規劃、現場指揮調度及高風險環境判斷等實務經驗，熟悉水文作業流程，適合擔任水文技術人員，從事潮流測量、海底地形繪製與水質監測等工作。,,建議參加海洋委員會國家海洋研究院「水下噪音監測員培訓課」或「被動聲學監測員培訓課」
,,,通俗職業未收錄依UCAN對應,離岸作業水下支撐結構檢測人員,,具備水下作業規劃、結構檢測判讀及高風險環境作業實務經驗，熟悉水下檢測技術與設備操作流程，適合離岸作業水下支撐結構檢測人員，從事離岸風電、油氣平台檢測維護。,,建議參加勞動部離岸風電設備巡檢人才培訓班，並取得國際海事組織認可之BST基本安全訓練證照
水中爆破士,3K635,"1.專案執行與操作管理
1.1依計畫執行水下作業。
1.2蒐集水文、氣象與環境數據，回報任務成果。
1.3協助港灣或船舶作業，支援清理與拖救。
2.安全維護與風險控管
2.1穿戴並操作潛水與防護裝備，確保人員作業安全。
2.2在高風險水域中執行作業，依規範降低危害。
2.3建立水下作業警戒區，控管人員與裝備進出。
3.設備保養與維修管理
3.1定期檢查爆破器材、潛水裝備與安全設施。
3.2進行異常排查與修護，保持裝備隨時可用。
3.3建立裝備保養與維護台帳，追蹤使用壽命與狀態。",通俗職業未收錄依UCAN對應,爆破工程人員,,具備炸藥知識與引信拆卸技能，熟悉爆破作業流程、安全管理機制與風險控管程序，適合擔任爆破工程人員，從事隧道開挖、礦山爆破、建築拆除與工程爆破安全管理等工作。,,建議參加經濟部地質調查及礦業管理中心核定之「礦場安全管理人員技術訓練班」或「事業用爆炸物爆破專業人員訓練班」
,,,通俗職業未收錄依UCAN對應,離岸作業水下支撐結構檢測人員,,具備潛水技能與水下檢測經驗，熟悉水下作業流程與風險管控程序，適合擔任離岸作業水下支撐接購檢測人員，從事離岸風電、油氣平台檢測維護。,,建議參加勞動部離岸風電設備巡檢人才培訓班，並取得國際海事組織認可之BST基本安全訓練證照
,,,通俗職業未收錄依UCAN對應,商業潛水員,,具備水下作業執行、潛水操作及高風險環境應變等實務經驗，熟悉潛水作業流程、水域安全規範與設備操作機制，適合擔任商業潛水員，從事水下作業活動。,應取得勞動部職業「潛水技術士證」,
,,,16旅遊/餐飲/休閒,水上救生員,160302,具備水域救援作業、現場應變處置及人員安全管控等實務經驗，熟悉水域安全規範、救援流程與緊急應變機制，適合擔任水上救生員，從事水域安全維護與救援工作。,應取得運動部核發「水上救生員證書」,
,,,16旅遊/餐飲/休閒,運動教練,160301,具備格鬥及游泳、潛水技能，熟悉體能訓練規劃與評量，適合擔任運動教練，從事練、游泳、潛水教學及體能訓練工作。,應取得運動部核發「水上救生員證書」、「國際潛水教練證照」或「國民體適能指導員」等相關證照,
,,,10技術/維修/操作,遙控無人機專業人員,100316,具備設備操作控制、任務執行規劃及現場判斷應變等實務經驗，熟悉操作流程、安全規範與任務管控機制，適合擔任遙控無人機專業人員，操作無人機從事商用、空拍、監測、研究及農藥噴灑等相關工作。,應取得交通部民用航空局核發之「遙控無人機操作證」,
灘岸勤務兵,3K211,"1.專案執行與操作管理
1.1依流程規劃並執行港口／灘岸作業，確保補給任務順利完成。
1.2指揮與協調人員進行貨品裝卸，保持運輸秩序。
1.3管控進出動線，維持作業安全與效率。
2.安全維護與風險控管
2.1監督船隻靠泊與撤離，確保作業安全。
2.2設置管制區域，降低人員與設備操作風險。
2.3建立緊急應變流程，應對突發狀況（如船舶擱淺、補給品損毀）。
3.設備保養與維修管理
3.1定期檢查岸勤器材與裝備，保持良好狀態。
3.2追蹤物資堆積站設施運作，排除異常問題。
3.3建立裝備與物資管理紀錄，確保可追蹤性。",11營建/製圖/施作,工地監工人員,100205,具備灘岸施工指揮經驗，熟悉人員調度、裝備操作及現場安全維護，適合擔任營建工程監工人員，從事現場調度、施工協調與進度管理。,應取得內政部國土管理署「營造業工地主任執業證」,
,,,11營建/製圖/施作,推土機、怪手操作員,110305,具備灘岸施工指揮經驗，熟悉重型機具操作及保養檢查要領，適合擔任推土機、挖掘機操作員，操作大型機具從事土木施工、灘岸整地相關工作。,應取得勞動部「重機械操作－推土機或挖掘機操作技術士證」,
,,,15物流/運輸/資材,大貨車司機,150102,具備車輛駕駛、物資運補及現場調度支援等實務經驗，熟悉車輛駕駛與道路安全規範，適合擔任大貨車司機，從事貨物運輸與物流配送工作。,應取得交通部公路局職業大型車駕駛執照,
,,,15物流/運輸/資材,倉儲物流人員,150107,具備物資調度管理、現場作業指揮實務經驗，熟悉倉儲作業流程與物流管理規範，適合擔任倉儲物流人員，從事倉儲管理與物流配送作業。,,建議取得勞動部堆高機操作單一技術士證
,,,09品管/製造/環衛,廠務助理,090214,因於部隊長期接觸裝備保養、環境巡查、財產清點等實務工作，並具備遵守安全作業規定與設備控管能力，適合轉銜廠務助理，協助從事設施維護、環境管理等工作。,,
,,,06客服/門市,連鎖店管理人員,,具備軍中差勤管理、物料補給及設施環境維護等實務經驗，熟悉人員調度、流程管控及突發狀況處理，適合轉銜為連鎖店管理人員，從事連鎖體系門市營運管理、人員督導與日常營運協調等工作。,,建議取得勞動部核發之「門市服務技術士證」
灘岸勤務士,3K214,"1.專案執行與操作管理
1.1依流程規劃並執行港口／灘岸作業，確保補給任務順利完成。
1.2指揮與協調人員進行貨品裝卸，保持運輸秩序。
1.3管控進出動線，維持作業安全與效率。
2.安全維護與風險控管
2.1監督船隻靠泊與撤離，確保作業安全。
2.2設置管制區域，降低人員與設備操作風險。
2.3建立緊急應變流程，應對突發狀況（如船舶擱淺、補給品損毀）。
3.設備保養與維修管理
3.1定期檢查岸勤器材與裝備，保持良好狀態。
3.2追蹤物資堆積站設施運作，排除異常問題。
3.3建立裝備與物資管理紀錄，確保可追蹤性。",11營建/製圖/施作,工地監工人員,100205,具備灘岸施工指揮經驗，熟悉人員調度、裝備操作及現場安全維護，適合擔任營建工程監工人員，從事現場調度、施工協調與進度管理。,應取得內政部國土管理署「營造業工地主任執業證」,
,,,11營建/製圖/施作,推土機、怪手操作員,110305,具備灘岸施工指揮經驗，熟悉重型機具操作及保養檢查要領，適合擔任推土機、挖掘機操作員，操作大型機具從事土木施工、灘岸整地相關工作。,應取得勞動部「重機械操作－推土機或挖掘機操作技術士證」,
,,,15物流/運輸/資材,大貨車司機,150102,具備車輛駕駛、物資運補及現場調度支援等實務經驗，熟悉車輛駕駛與道路安全規範，適合擔任大貨車司機，從事貨物運輸與物流配送工作。,應取得交通部公路局職業大型車駕駛執照,
,,,15物流/運輸/資材,倉儲物流人員,150107,具備物資調度管理、現場作業指揮實務經驗，熟悉倉儲作業流程與物流管理規範，適合擔任倉儲物流人員，從事倉儲管理與物流配送作業。,,建議取得勞動部堆高機操作單一技術士證
,,,09品管/製造/環衛,廠務,090220,因於部隊長期接觸裝備保養、環境巡查、財產清點等實務工作，並具備遵守安全作業規定與設備控管能力，適合轉銜廠務，協助從事設施維護、環境管理等工作。,,
,,,06客服/門市,連鎖店管理人員,,具備軍中差勤管理、物料補給及設施環境維護等實務經驗，熟悉人員調度、流程管控及突發狀況處理，適合轉銜為連鎖店管理人員，從事連鎖體系門市營運管理、人員督導與日常營運協調等工作。,,建議取得勞動部核發之「門市服務技術士證」
港務官,3N13,"1.港口調度與航運管理
1.1安排船舶停泊位置與引水服務，確保航行安全。
1.2協調港內航道，避免擁塞或碰撞風險。
1.3登記並彙整船舶進出港紀錄，供管理單位使用。
2.港區安全與應變管理
2.1傳布颱風與災害警報，執行緊急應變措施。
2.2規劃並維護港區安全設施，降低風險。
2.3督導港內勤務艦艇或船隻，確保安全作業。
3.規劃與訓練執行
3.1蒐集資料並進行研判，提出災防策略與計畫。
3.2擬訂災防訓練計畫，並組織人員執行。
3.3檢討與改進訓練成果，提升港口應變能量。",15物流/運輸/資材,運輸交通專業人員,150101,具備船舶調度規劃、跨單位協調及航道安全管控等實務經驗，熟悉運輸作業流程、航行管理規範與風險控管機制，適合擔任運輸交通專業人員，從事港口交通規劃、運輸管制與調度管理等工作。,應取得交通部航港局核發之「船員適任證書」或「港勤引水人員適任證書」,
,,,21行銷/企劃/專案,營運管理師/ERP專案師,210302,具備策略規劃與資源整合經驗，熟悉系統導入與跨部門協調，適合擔任營運管理師/ERP專案師，從事營運流程優化/系統導入規劃、跨部門整合等相關工作。,,建議取得經濟部產業發展署「營運智慧分析師能力鑑定證書」
,,,通俗職業未收錄依UCAN對應,船務進出口作業人員,,具備船舶進出港協調、作業流程控管及跨單位聯繫等實務經驗，熟悉港務作業流程、文件作業規範與通關協調機制，適合擔任船務進出口作業人員，從事報關、進出口文件處理與船務調度等工作。,,建議取得財政部關務署核發之「專責報關人員」資格
,,,15物流/運輸/資材,客(貨)運站長,150209,具備營運調度管理、現場作業管控及跨單位協調整合等實務經驗，熟悉營運管理與服務規範，適合擔任客（貨）運站長；從事運輸站場營運管理工作。,,
,,,15物流/運輸/資材,運儲經理,150109,具備運輸調度規劃、資源整合管理實務經驗，熟悉運輸作業流程及物流管理機制，適合擔任運儲經理；從事運輸與物流營運管理工作。,,
指泊官,3N15,"1.泊位與資源管理
1.1規劃與分配船舶停泊位置，確保碼頭與錨地利用效率。
1.2維護與管理泊位設備與設施，確保可用性。
1.3建立並更新停泊紀錄，支援調度決策。
2.船舶調度與運作支援
2.1根據船舶動態安排泊位表，確保進出港有序。
2.2執行船位調度與引導，避免擁塞或碰撞風險。
2.3協調後勤資源，支援船舶靠離港作業。
3.安全監控與應變規劃
3.1蒐集氣象、潮汐與海流資訊，提供決策參考。
3.2制定泊位安全措施，降低操作風險。
3.3執行突發狀況下的船位調整與應急管制。",15物流/運輸/資材,運輸交通專業人員,150101,具備船舶調度規劃、跨單位協調及航道安全管控等實務經驗，熟悉運輸作業流程、航行管理規範與風險控管機制，適合擔任運輸交通專業人員，從事港口交通規劃、運輸管制與調度管理等工作。,應取得交通部航港局核發之「船員適任證書」或「港勤引水人員適任證書」,
,,,21行銷/企劃/專案,營運管理師/ERP專案師,210302,具備策略規劃與資源整合經驗，熟悉系統導入與跨部門協調，適合擔任營運管理師/ERP專案師，從事營運流程優化/系統導入規劃、跨部門整合等相關工作。,,建議取得經濟部產業發展署「營運智慧分析師能力鑑定證書」
,,,通俗職業未收錄依UCAN對應,船務進出口作業人員,,具備船舶進出港協調、作業流程控管及跨單位聯繫等實務經驗，熟悉港務作業流程、文件作業規範與通關協調機制，適合擔任船務進出口作業人員，從事報關、進出口文件處理與船務調度等工作。,,建議取得財政部關務署核發之「專責報關人員」資格
,,,15物流/運輸/資材,客(貨)運站長,150209,具備營運調度管理、現場作業管控及跨單位協調整合等實務經驗，熟悉營運管理與服務規範，適合擔任客（貨）運站長；從事運輸站場營運管理工作。,,
,,,15物流/運輸/資材,運儲經理,150109,具備運輸調度規劃、資源整合管理實務經驗，熟悉運輸作業流程及物流管理機制，適合擔任運儲經理；從事運輸與物流營運管理工作。,,
航空訓練參謀官,3T51,"1.訓練計畫與課程設計
1.1擬定航空訓練計畫，設定目標、時程與標準。
1.2規劃飛行課程內容，結合戰術與安全要求。
1.3監督訓練成果，提出修正與改進建議。
2.資源調度與任務管制
2.1管制飛機與飛行員訓練任務分配。
2.2協調人員、機務與場地資源，確保訓練順利。
2.3建立飛行訓練紀錄，提供數據支援決策。
3.標準作業與安全管理
3.1制定並更新訓練標準與作業程序。
3.2確保任務符合航空規則與安全規範。
3.3執行飛行安全簡報與空勤人員任務提示。",15物流/運輸/資材,飛行機師,150203,具備飛機駕駛與任務規劃相關實務經驗，熟悉飛航作業流程與飛航安全規範，適合擔任飛行機師，從事運輸旅客，郵件、或貨物之工作。,應取得交通部民用航空局核發之「航空人員檢定證：航空器駕駛員檢定證」等相關證照,
,,,15物流/運輸/資材,交通運輸部門主管,150201,具備飛行任務規劃、跨單位資源整合及高風險環境決策判斷等實務經驗，熟悉運輸作業流程、任務管控機制與安全風險辨識評估，適合擔任交通運輸部門主管；從事交通運輸部門之決策統籌與營運管理工作。,,
,,,15物流/運輸/資材,飛航安全技術員,150204,具備飛航任務風險評估、作業監督與安全事件分析等相關實務，熟悉飛航作業流程與飛安管理實務，適合飛航安全技術員，從事飛航風險分析、安全稽核與作業改善建議等工作。,應取得交通部民用航空局核發之「航空人員檢定證：飛航管制員檢定證」等相關證照,
,,,03人資/法務/智財,教育訓練人員,030104,具備課程規劃設計及訓練成效評估等實務經驗，熟悉訓練需求分析、教案設計流程與訓練回饋機制，適合擔任教育訓練人員；從事企業人才培育工作。,,
,,,21行銷/企劃/專案,營運管理師/ERP專案師,210302,具備策略規劃與資源整合經驗，熟悉系統導入與跨部門協調，適合擔任營運管理師/ERP專案師，從事營運流程優化/系統導入規劃、跨部門整合等相關工作。,依職務需求，建議取得經濟部產業發展署「營運智慧分析師能力鑑定證書」,
,,,21行銷/企劃/專案,行銷企劃部門主管,210101,具備任務規劃、資源整合及情境判斷應變等實務經驗，熟悉活動設計與溝通協作，適合擔任行銷企劃部門主管；從事行銷策略規劃、企劃提案與專案執行工作。,,
,,,21行銷/企劃/專案,專案管理師,210304,具備跨部門協調與計畫統籌能力，熟悉任務規劃、資源配置與跨部門協調，適合擔任專案管理師，從事專案規劃、進度控管與成效評估工作。,依職務需求，建議取得國際專案管理師（PMP）證照,
飛行考核參謀官,3T53,"1.飛行考核與能力評估
1.1制定並實施飛行考核計畫，評估人員技能。
1.2執行標準化與戰術化飛行檢測，確保符合規範。
1.3完成專業試飛鑑定，提供能力分級與改進建議。
2.飛航安全與事故調查
2.1協助調查飛安事故與危險事件，分析原因。
2.2撰寫安全報告並提出改進建議。
2.3檢視飛行前後作業流程，降低安全風險。
3.訓練規劃與標準制定
3.1制定飛行訓練標準與程序，支援教學與實務應用。
3.2執行戰術訓練檢核，確保符合作戰需求。
3.3協助更新與優化飛行訓練規範。",15物流/運輸/資材,飛行機師,150203,具備飛機駕駛與任務規劃相關實務經驗，熟悉飛航作業流程與飛航安全規範，適合擔任飛行機師，從事運輸旅客，郵件、或貨物之工作。,應取得交通部民用航空局核發之「航空人員檢定證：航空器駕駛員檢定證」等相關證照,
,,,15物流/運輸/資材,交通運輸部門主管,150201,具備飛行任務規劃、跨單位資源整合及高風險環境決策判斷等實務經驗，熟悉運輸作業流程、任務管控機制與安全風險辨識評估，適合擔任交通運輸部門主管；從事交通運輸部門之決策統籌與營運管理工作。,,
,,,15物流/運輸/資材,飛航安全技術員,150204,具備飛航任務風險評估、作業監督與安全事件分析等相關實務，熟悉飛航作業流程與飛安管理實務，適合飛航安全技術員，從事飛航風險分析、安全稽核與作業改善建議等工作。,應取得交通部民用航空局核發之「航空人員檢定證：飛航管制員檢定證」等相關證照,
,,,03人資/法務/智財,教育訓練人員,030104,具備課程規劃設計及訓練成效評估等實務經驗，熟悉訓練需求分析、教案設計流程與訓練回饋機制，適合擔任教育訓練人員；從事企業人才培育工作。,,
,,,21行銷/企劃/專案,營運管理師/ERP專案師,210302,具備策略規劃與資源整合經驗，熟悉系統導入與跨部門協調，適合擔任營運管理師/ERP專案師，從事營運流程優化/系統導入規劃、跨部門整合等相關工作。,依職務需求，建議取得經濟部產業發展署「營運智慧分析師能力鑑定證書」,
,,,21行銷/企劃/專案,行銷企劃部門主管,210101,具備任務規劃、資源整合及情境判斷應變等實務經驗，熟悉活動設計與溝通協作，適合擔任行銷企劃部門主管；從事行銷策略規劃、企劃提案與專案執行工作。,,
,,,21行銷/企劃/專案,專案管理師,210304,具備跨部門協調與計畫統籌能力，熟悉任務規劃、資源配置與跨部門協調，適合擔任專案管理師，從事專案規劃、進度控管與成效評估工作。,依職務需求，建議取得國際專案管理師（PMP）證照,
地面安全官,3T57,"1.安全計畫與教育訓練
1.1擬訂地面安全計畫，設定重點與目標。
1.2規劃安全教育課程，建立宣導與演練制度。
1.3監督訓練執行成果，提出改善建議。
2.設備檢查與風險控管
2.1定期檢查機械、設施與工具，發現缺失並改善。
2.2評估作業環境風險，建立防護與應對措施。
2.3追蹤檢查紀錄，確保符合安全規範。
3.事故調查與制度修訂
3.1調查與分析地面事故原因，提出改進措施。
3.2草擬與修訂安全規章、手冊與教育資料。
3.3建立事故統計資料庫，支援決策與預防。",11營建/製圖/施作,工地安全衛生工程師,110105,具備風險管理及事故調查等實務經驗，熟悉風險辨識與法規遵循，適合擔任工地安全衛生工程師，從事營建工地安全規劃、事故分析與改進措施等工作。,應取得勞動部「職業安全衛生管理」技術士證等相關證照,
,,,09品管/製造/環衛,職業安全衛生管理員,090301,具備安全管理制度執行、現場稽核督導及風險辨識評估等實務經驗，熟悉安全管理與法規遵循，適合擔任職業安全衛生管理員，從事職場危害辨識、安全檢查等相關工作。,應取得勞動部「職業安全衛生管理」技術士證等相關證照,
,,,09品管/製造/環衛,品管/品保主管,090102,因具備督導裝備保養維修實務經驗，熟悉品質稽核架構與缺失矯正規範，適合擔任品管/品保主管，從事品管/品保計畫擬訂及執行等工作。,建議取得中華民國品質學會「品質工程師認證」（經濟部認可）,
,,,21行銷/企劃/專案,營運管理師/ERP專案師,210302,具備制度推動、流程優化及跨單位協調等實務經驗，熟悉作業流程設計、系統導入與專案管理，適合擔任營運管理師／ERP專案師，從事營運流程優化與系統導入管理等工作。,依職務需求，建議取得經濟部產業發展署「營運智慧分析師能力鑑定證書」,
,,,03人資/法務/智財,教育訓練人員,030104,具備訓練規畫及成效評估實務經驗，熟悉訓練需求分析、教案設計流程與訓練回饋機制，適合擔任教育訓練人員；從事企業人才培育工作。,,
模擬機教官,3T58,"1.教學設計與課程執行
1.1擬定模擬訓練課程，選擇有效教學方法。
1.2執行儀器操作與模擬飛行教學。
1.3考核學員表現，提供改善建議。
2.訓練設備操作與維護
2.1運用模擬教練機進行操作示範與實務訓練。
2.2督導裝備維護與校正，確保系統可用性。
2.3協助更新訓練設備，提升教學品質。
3.教育評估與改進
3.1檢討教學成效，提出改進建議。
3.2建立學員學習紀錄，追蹤訓練進度。
3.3提供課程改良方案，支援教育體系發展。",15物流/運輸/資材,飛行機師,150203,具備飛機駕駛與任務規劃相關實務經驗，熟悉飛航作業流程與飛航安全規範，適合擔任飛行機師，從事運輸旅客，郵件、或貨物之工作。,應取得交通部民用航空局核發之「航空人員檢定證：航空器駕駛員檢定證」等相關證照,
,,,15物流/運輸/資材,交通運輸部門主管,150201,具備飛行任務規劃、跨單位資源整合及高風險環境決策判斷等實務經驗，熟悉運輸作業流程、任務管控機制與安全風險辨識評估，適合擔任交通運輸部門主管；從事交通運輸部門之決策統籌與營運管理工作。,,
,,,15物流/運輸/資材,飛航安全技術員,150204,具備飛航任務風險評估、作業監督與安全事件分析等相關實務，熟悉飛航作業流程與飛安管理實務，適合飛航安全技術員，從事飛航風險分析、安全稽核與作業改善建議等工作。,應取得交通部民用航空局核發之「航空人員檢定證：飛航管制員檢定證」等相關證照,
,,,03人資/法務/智財,教育訓練人員,030104,具備課程規劃設計及訓練成效評估等實務經驗，熟悉訓練需求分析、教案設計流程與訓練回饋機制，適合擔任教育訓練人員；從事企業人才培育工作。,,
,,,21行銷/企劃/專案,營運管理師/ERP專案師,210302,具備策略規劃與資源整合經驗，熟悉系統導入與跨部門協調，適合擔任營運管理師/ERP專案師，從事營運流程優化/系統導入規劃、跨部門整合等相關工作。,依職務需求，建議取得經濟部產業發展署「營運智慧分析師能力鑑定證書」,
,,,21行銷/企劃/專案,行銷企劃部門主管,210101,具備任務規劃、資源整合及情境判斷應變等實務經驗，熟悉活動設計與溝通協作，適合擔任行銷企劃部門主管；從事行銷策略規劃、企劃提案與專案執行工作。,,
,,,21行銷/企劃/專案,專案管理師,210304,具備跨部門協調與計畫統籌能力，熟悉任務規劃、資源配置與跨部門協調，適合擔任專案管理師，從事專案規劃、進度控管與成效評估工作。,依職務需求，建議取得國際專案管理師（PMP）證照,
高速定翼機飛行官,3A53,"1.航空器操作與飛行任務
1.1駕駛固定翼航空器，依計畫執行飛行操作。
1.2執行任務飛行，確保安全與精準度。
1.3處理突發狀況，進行飛行中應急處置。
2.任務規劃與航線設計
2.1擬訂飛行任務計畫，整合氣象與航行資訊。
2.2規劃航線與資源配置，支援作戰或訓練任務。
2.3協調支援單位，確保任務執行順暢。
3.裝備檢查與安全管理
3.1執行飛行前後航空器檢查，確認狀況。
3.2建立飛行紀錄與檢查報告，追蹤維護需求。
3.3遵循安全規範，降低飛安風險。",15物流/運輸/資材,飛行機師,150203,具備飛機駕駛與任務規劃相關實務經驗，熟悉飛航作業流程與飛航安全規範，適合擔任飛行機師，從事運輸旅客，郵件、或貨物之工作。,應取得交通部民用航空局核發之「航空人員檢定證：航空器駕駛員檢定證」等相關證照,
,,,15物流/運輸/資材,交通運輸部門主管,150201,具備飛行任務規劃、跨單位資源整合及高風險環境決策判斷等實務經驗，熟悉運輸作業流程、任務管控機制與安全風險辨識評估，適合擔任交通運輸部門主管；從事交通運輸部門之決策統籌與營運管理工作。,,
,,,15物流/運輸/資材,飛航安全技術員,150204,具備飛航任務風險評估、作業監督與安全事件分析等相關實務，熟悉飛航作業流程與飛安管理實務，適合飛航安全技術員，從事飛航風險分析、安全稽核與作業改善建議等工作。,應取得交通部民用航空局核發之「航空人員檢定證：飛航管制員檢定證」等相關證照,
,,,03人資/法務/智財,教育訓練人員,030104,具備課程規劃設計及訓練成效評估等實務經驗，熟悉訓練需求分析、教案設計流程與訓練回饋機制，適合擔任教育訓練人員；從事企業人才培育工作。,,
,,,21行銷/企劃/專案,營運管理師/ERP專案師,210302,具備策略規劃與資源整合經驗，熟悉系統導入與跨部門協調，適合擔任營運管理師/ERP專案師，從事營運流程優化/系統導入規劃、跨部門整合等相關工作。,依職務需求，建議取得經濟部產業發展署「營運智慧分析師能力鑑定證書」,
,,,21行銷/企劃/專案,行銷企劃部門主管,210101,具備任務規劃、資源整合及情境判斷應變等實務經驗，熟悉活動設計與溝通協作，適合擔任行銷企劃部門主管；從事行銷策略規劃、企劃提案與專案執行工作。,,
,,,21行銷/企劃/專案,專案管理師,210304,具備跨部門協調與計畫統籌能力，熟悉任務規劃、資源配置與跨部門協調，適合擔任專案管理師，從事專案規劃、進度控管與成效評估工作。,依職務需求，建議取得國際專案管理師（PMP）證照,
慢速定翼機飛行官,3A54,"1.航空器操作與任務執行
1.1駕駛慢速定翼機，依計畫執行飛行任務。
1.2執行空運支援作業。
1.3在飛行中處理緊急狀況，確保安全。
2.任務規劃與航線設計
2.1擬訂飛行計畫，整合航行氣象與作戰需求。
2.2設計航線與資源配置，提升任務效率。
2.3與支援單位協調，確保任務順利完成。
3.裝備檢查與安全管理
3.1執行飛行前後檢查，確認系統與裝備狀態。
3.2建立與追蹤飛行紀錄，確保維護需求落實。
3.3遵守飛航安全規範，降低作業風險。",15物流/運輸/資材,飛行機師,150203,具備飛機駕駛與任務規劃相關實務經驗，熟悉飛航作業流程與飛航安全規範，適合擔任飛行機師，從事運輸旅客，郵件、或貨物之工作。,應取得交通部民用航空局核發之「航空人員檢定證：航空器駕駛員檢定證」等相關證照,
,,,15物流/運輸/資材,交通運輸部門主管,150201,具備飛行任務規劃、跨單位資源整合及高風險環境決策判斷等實務經驗，熟悉運輸作業流程、任務管控機制與安全風險辨識評估，適合擔任交通運輸部門主管；從事交通運輸部門之決策統籌與營運管理工作。,,
,,,15物流/運輸/資材,飛航安全技術員,150204,具備飛航任務風險評估、作業監督與安全事件分析等相關實務，熟悉飛航作業流程與飛安管理實務，適合飛航安全技術員，從事飛航風險分析、安全稽核與作業改善建議等工作。,應取得交通部民用航空局核發之「航空人員檢定證：飛航管制員檢定證」等相關證照,
,,,03人資/法務/智財,教育訓練人員,030104,具備課程規劃設計及訓練成效評估等實務經驗，熟悉訓練需求分析、教案設計流程與訓練回饋機制，適合擔任教育訓練人員；從事企業人才培育工作。,,
,,,21行銷/企劃/專案,營運管理師/ERP專案師,210302,具備策略規劃與資源整合經驗，熟悉系統導入與跨部門協調，適合擔任營運管理師/ERP專案師，從事營運流程優化/系統導入規劃、跨部門整合等相關工作。,依職務需求，建議取得經濟部產業發展署「營運智慧分析師能力鑑定證書」,
,,,21行銷/企劃/專案,行銷企劃部門主管,210101,具備任務規劃、資源整合及情境判斷應變等實務經驗，熟悉活動設計與溝通協作，適合擔任行銷企劃部門主管；從事行銷策略規劃、企劃提案與專案執行工作。,,
,,,21行銷/企劃/專案,專案管理師,210304,具備跨部門協調與計畫統籌能力，熟悉任務規劃、資源配置與跨部門協調，適合擔任專案管理師，從事專案規劃、進度控管與成效評估工作。,依職務需求，建議取得國際專案管理師（PMP）證照,
航空管制部隊指揮官,DH31,"1.航行管制作業與技術管理
1.1監督塔台與GCA（地面管制進場台）之識別、引導與通信程序執行情形，確保符合安全標準。
1.2檢視飛航情報、空域配置與流量管理資料，修正或強化作業程序。
1.3針對設備異常、天候突變等事件進行風險評估，指導管制人員採取適切處置。
2.軍民航協調與跨域聯繫
2.1協調軍用與民航單位的航路規劃、空域分配與飛航安全措施。
2.2與民航局、機場公司、航空公司及氣象單位保持聯繫，處理共同關注之航務議題。
2.3建立軍民航通報與緊急應變機制，提升異常狀況下的協作效率。",15物流/運輸/資材,交通運輸部門主管,150201,具備任務規劃、跨單位資源整合及高風險環境決策判斷等實務經驗，熟悉運輸作業流程、任務管控機制與安全風險辨識評估，適合擔任交通運輸部門主管；從事交通運輸部門之決策統籌與營運管理工作。,,
,,,01經營/行政/總務,經營管理主管,010101,具備團隊領導、策略規劃與整體效能提升等相關實務，熟悉組織運作、決策流程與績效管理，適合擔任經營管理主管，從事營運規劃、資源整合與團隊領導等工作。,,
,,,15物流/運輸/資材,飛航安全技術員,150204,具備飛航任務風險評估、作業監督與安全事件分析等相關實務，熟悉飛航作業流程與飛安管理實務，適合飛航安全技術員，從事飛航風險分析、安全稽核與作業改善建議等工作。,應取得交通部民用航空局核發之「航空人員檢定證：飛航管制員檢定證」等相關證照,
,,,03人資/法務/智財,教育訓練人員,030104,具備課程規劃設計及訓練成效評估等實務經驗，熟悉訓練需求分析、教案設計流程與訓練回饋機制，適合擔任教育訓練人員；從事企業人才培育工作。,,
,,,21行銷/企劃/專案,營運管理師/ERP專案師,210302,具備策略規劃與資源整合經驗，熟悉系統導入與跨部門協調，適合擔任營運管理師/ERP專案師，從事營運流程優化/系統導入規劃、跨部門整合等相關工作。,依職務需求，建議取得經濟部產業發展署「營運智慧分析師能力鑑定證書」,
,,,21行銷/企劃/專案,行銷企劃部門主管,210101,具備任務規劃、資源整合及情境判斷應變等實務經驗，熟悉活動設計與溝通協作，適合擔任行銷企劃部門主管；從事行銷策略規劃、企劃提案與專案執行工作。,,
,,,21行銷/企劃/專案,專案管理師,210304,具備跨部門協調與計畫統籌能力，熟悉任務規劃、資源配置與跨部門協調，適合擔任專案管理師，從事專案規劃、進度控管與成效評估工作。,依職務需求，建議取得國際專案管理師（PMP）證照,
航行管制督導官,3U11,"1.航行管制作業與政策督導
1.1擬訂並審查航行管制政策與標準作業程序，確保符合法規與安全規範。
1.2督導塔台與GCA（地面管制進場台）執行識別、引導與通訊協調任務。
1.3監控航班運行資訊與通報流程，分析異常狀況並指導改進措施。
2.軍民航協調與跨域聯繫
2.1建立軍民航協調機制，督導相關單位整合空域使用與飛航安全規劃。",15物流/運輸/資材,交通運輸部門主管,150201,具備任務規劃、跨單位資源整合及高風險環境決策判斷等實務經驗，熟悉運輸作業流程、任務管控機制與安全風險辨識評估，適合擔任交通運輸部門主管；從事交通運輸部門之決策統籌與營運管理工作。,,
,,"
2.2協調航管、氣象與飛行單位之作業界面，確保航班流量順暢。",01經營/行政/總務,經營管理主管,010101,具備團隊領導、策略規劃與整體效能提升等相關實務，熟悉組織運作、決策流程與績效管理，適合擔任經營管理主管，從事營運規劃、資源整合與團隊領導等工作。,,
,,"
2.3參與跨機構會議與演練，蒐集民航運作經驗以強化軍用航管效能。
3.業務程序規劃與專業訓練
3.1督導編製航行管制作業計畫與程序文件，定期檢討更新作業指導書。
3.2指導新進管制人員訓練，建立標準化作業與技術認證機制。
3.3針對天候變化與設備異常進行模擬演練與風險評估，強化應變能力。",15物流/運輸/資材,飛航安全技術員,150204,具備飛航任務風險評估、作業監督與安全事件分析等相關實務，熟悉飛航作業流程與飛安管理實務，適合飛航安全技術員，從事飛航風險分析、安全稽核與作業改善建議等工作。,應取得交通部民用航空局核發之「航空人員檢定證：飛航管制員檢定證」等相關證照,
,,,03人資/法務/智財,教育訓練人員,030104,具備課程規劃設計及訓練成效評估等實務經驗，熟悉訓練需求分析、教案設計流程與訓練回饋機制，適合擔任教育訓練人員；從事企業人才培育工作。,,
,,,21行銷/企劃/專案,營運管理師/ERP專案師,210302,具備策略規劃與資源整合經驗，熟悉系統導入與跨部門協調，適合擔任營運管理師/ERP專案師，從事營運流程優化/系統導入規劃、跨部門整合等相關工作。,依職務需求，建議取得經濟部產業發展署「營運智慧分析師能力鑑定證書」,
,,,21行銷/企劃/專案,行銷企劃部門主管,210101,具備任務規劃、資源整合及情境判斷應變等實務經驗，熟悉活動設計與溝通協作，適合擔任行銷企劃部門主管；從事行銷策略規劃、企劃提案與專案執行工作。,,
,,,21行銷/企劃/專案,專案管理師,210304,具備跨部門協調與計畫統籌能力，熟悉任務規劃、資源配置與跨部門協調，適合擔任專案管理師，從事專案規劃、進度控管與成效評估工作。,依職務需求，建議取得國際專案管理師（PMP）證照,
航管督導士,3U115,"1.航班監控與飛航情報管理
1.1監控本場與過境航機之位置、速度與高度，適時下達管制作業指示。
1.2接收與發佈飛航情報（NOTAM、航情通報、天候資料），確保航機取得正確資訊。
1.3判讀航行資料與動態變化，必要時調整航路或發出安全提醒。
2.雷達監控與進場引導作業
2.1使用雷達系統辨識航機位置，進行間隔維持與航向調整。
2.2依照進場作業程序，引導航機進入安全航道以利降落。
2.3監控航機間距並即時回報異常狀況，確保空域流量穩定。
3.通信協調與航行技術支援
3.1使用無線通信設備與航機保持聯繫，提供高度、航向、速度等管制指示。
3.2運用助航設施（NAVAID、ILS、VOR）支援航機航行與定位。
3.3依據航空器性能特性，調整指令內容以提升飛航作業安全性與效率。",15物流/運輸/資材,飛航安全技術員,150204,具備飛航監控、雷達操作及即時判斷應變等實務經驗，熟悉飛航作業流程與安全管控機制，適合擔任飛航安全技術員，從事飛航監控與安全管理工作。,應取得交通部民用航空局核發之「航空人員檢定證：飛航管制員檢定證」等相關證照,
,,,通俗職業未收錄依UCAN對應,,航空器簽派員,具備飛航監控、雷達操作及即時判斷應變等實務經驗，熟悉飛航作業流程與安全管控機制，適合擔任航空器簽派員，從事飛航監控與安全管理工作。,應取得交通部民用航空局核發之「航空人員檢定證：飛航管制員檢定證」等相關證照,
,,,通俗職業未收錄依UCAN對應,業組員,機場作,具備航班作業協調、資訊傳遞處理及現場應變處置等實務經驗，熟悉機場作業流程、航班調度機制與安全管控規範，適合擔任機場作業組員；從事航班地面作業與運行協調工作。,,
,,,15物流/運輸/資材,地勤服務員,150206,具備作業流程執行、即時應變處理及跨單位溝通協調等實務經驗，熟悉法規遵循與服務規範，適合擔任地勤服務員；從事旅客服務與地面作業支援工作。,,
,,,08資訊/軟體/系統,系統操作人員,080303,具備系統監控操作、資料傳遞處理及即時判斷應變等實務經驗，熟悉系統運作流程、監控作業機制與異常處理程序，適合擔任系統操作人員；從事系統監控與操作管理工作。,,
,,,10技術/維修/操作,遙控無人機專業人員,100316,具備系統監控及現場判斷應變等實務經驗，熟悉操作流程與安全規範，適合擔任遙控無人機專業人員，從事無人機操作執行商用、空拍、監測、研究、農藥噴灑等相關工作。,應取得交通部民用航空局核發之「遙控無人機操作證」等相關證照,
,,,06客服/門市,客戶服務人員,060102,具備作業流程執行、即時應變處理及跨單位溝通協調等實務經驗，熟悉服務作業流程、資訊傳遞機制與問題處理程序，適合擔任客戶服務人員；從事客戶應對與服務支援工作。,,
航行管制士,3U135,"1.交通運輸調度與管制
1.1監控與調度航班進出，確保飛行路線與時間表的安全與準確。
1.2運用雷達與管制系統，進行航空器動態監控與即時管制。
1.3協調航空器與地面單位，處理異常狀況與緊急應變。
2.飛航情報傳遞與通訊管理
2.1收集並傳遞航班計畫、天氣與飛安資訊，確保訊息正確即時。
2.2操作通訊與助航設施，維持航管單位與飛行員間的有效聯繫。
2.3建立通訊紀錄與作業資料，支援飛航運行與後續檢討。
3.安全作業監督與流程維護
3.1依循國際及國內航管規範，執行飛航安全檢核。
3.2督導航管人員作業流程，確保標準化與一致性。
3.3檢討與優化管制作業程序，提升飛安管理效能。",15物流/運輸/資材,飛航安全技術員,150204,具備飛航監控、雷達操作及即時判斷應變等實務經驗，熟悉飛航作業流程與安全管控機制，適合擔任飛航安全技術員，從事飛航監控與安全管理工作。,應取得交通部民用航空局核發之「航空人員檢定證：飛航管制員檢定證」等相關證照,
,,,通俗職業未收錄依UCAN對應,,航空器簽派員,具備飛航監控、雷達操作及即時判斷應變等實務經驗，熟悉飛航作業流程與安全管控機制，適合擔任航空器簽派員，從事飛航監控與安全管理工作。,應取得交通部民用航空局核發之「航空人員檢定證：飛航管制員檢定證」等相關證照,
,,,通俗職業未收錄依UCAN對應,業組員,機場作,具備航班作業協調、資訊傳遞處理及現場應變處置等實務經驗，熟悉機場作業流程、航班調度機制與安全管控規範，適合擔任機場作業組員；從事航班地面作業與運行協調工作。,,
,,,15物流/運輸/資材,地勤服務員,150206,具備作業流程執行、即時應變處理及跨單位溝通協調等實務經驗，熟悉法規遵循與服務規範，適合擔任地勤服務員；從事旅客服務與地面作業支援工作。,,
,,,08資訊/軟體/系統,系統操作人員,080303,具備系統監控操作、資料傳遞處理及即時判斷應變等實務經驗，熟悉系統運作流程、監控作業機制與異常處理程序，適合擔任系統操作人員；從事系統監控與操作管理工作。,,
,,,10技術/維修/操作,遙控無人機專業人員,100316,具備系統監控及現場判斷應變等實務經驗，熟悉操作流程與安全規範，適合擔任遙控無人機專業人員，從事無人機操作執行商用、空拍、監測、研究、農藥噴灑等相關工作。,應取得交通部民用航空局核發之「遙控無人機操作證」等相關證照,
,,,06客服/門市,客戶服務人員,060102,具備作業流程執行、即時應變處理及跨單位溝通協調等實務經驗，熟悉服務作業流程、資訊傳遞機制與問題處理程序，適合擔任客戶服務人員；從事客戶應對與服務支援工作。,,
航行管制兵,3U132,"1.交通運輸協調與管制支援
1.1協助航班進出場之調度，確保飛行安全與運行秩序。
1.2運用雷達設備監控航空器動態，並提供即時數據給管制人員。
1.3配合上級指令執行交通管制措施，協助異常狀況處理。
2.飛航情報蒐集與傳遞
2.1協助收集天氣、航路與飛安資料，並傳遞給相關單位。
2.2操作通訊與助航設施，確保飛行員與地面單位間聯繫暢通。
2.3整理並登錄航行資料，支援航管紀錄保存與後續分析。
3.安全作業執行與流程維護
3.1依照標準作業程序，支援飛航安全檢核工作。
3.2協助檢查通信與助航設施，確保設備運作正常。
3.3執行管制支援作業，遵循飛安規範，確保操作標準化。",15物流/運輸/資材,飛航安全技術員,150204,具備飛航監控、雷達操作及即時判斷應變等實務經驗，熟悉飛航作業流程與安全管控機制，適合擔任飛航安全技術員，從事飛航監控與安全管理工作。,應取得交通部民用航空局核發之「航空人員檢定證：飛航管制員檢定證」等相關證照,
,,,通俗職業未收錄依UCAN對應,,航空器簽派員,具備飛航監控、雷達操作及即時判斷應變等實務經驗，熟悉飛航作業流程與安全管控機制，適合擔任航空器簽派員，從事飛航監控與安全管理工作。,應取得交通部民用航空局核發之「航空人員檢定證：飛航管制員檢定證」等相關證照,
,,,通俗職業未收錄依UCAN對應,業組員,機場作,具備航班作業協調、資訊傳遞處理及現場應變處置等實務經驗，熟悉機場作業流程、航班調度機制與安全管控規範，適合擔任機場作業組員；從事航班地面作業與運行協調工作。,,
,,,15物流/運輸/資材,地勤服務員,150206,具備作業流程執行、即時應變處理及跨單位溝通協調等實務經驗，熟悉法規遵循與服務規範，適合擔任地勤服務員；從事旅客服務與地面作業支援工作。,,
,,,06客服/門市,客戶服務人員,060102,具備作業流程執行、即時應變處理及跨單位溝通協調等實務經驗，熟悉服務作業流程、資訊傳遞機制與問題處理程序，適合擔任客戶服務人員；從事客戶應對與服務支援工作。,,
,,,10技術/維修/操作,遙控無人機專業人員,100316,具備系統監控及現場判斷應變等實務經驗，熟悉操作流程與安全規範，適合擔任遙控無人機專業人員，從事無人機操作執行商用、空拍、監測、研究、農藥噴灑等相關工作。,應取得交通部民用航空局核發之「遙控無人機操作證」等相關證照,
,,,08資訊/軟體/系統,系統操作人員,080303,具備系統監控操作、資料傳遞處理及即時判斷應變等實務經驗，熟悉系統運作流程、監控作業機制與異常處理程序，適合擔任系統操作人員；從事系統監控與操作管理工作。,,
戰術管制部隊將官,DH00,"1.空域監控與即時協調
1.1建置並維持空域/監控中心之運作流程，確保即時監測與資料流通。
1.2整合來自監測系統之訊息，判讀態勢並對外通報或啟動應變程序。
1.3協調相關單位或廠商，在異常或需協同時迅速聯繫並指派處置措施。
2.任務規劃與作業指揮
2.1擬定操作或演練方案（目標、時程、資源配置）並督導執行以達成預定成果。
2.2主持跨單位協調會議，整合指揮鏈、資源與程序，確保多方同步作業。
2.3於關鍵時刻提供決策建議並授權處置，評估執行成果後修正流程或策略。
3.通信電子管理與人員能力建置
3.1制定通信與電子設備維護、校正與替換計畫，確保系統可用性與可靠度。
3.2規劃並落實人員訓練與資格評核（操作手冊、演練、資格核發），提升團隊專業度。
3.3建立維運紀錄與故障回報機制，並依據監測資料推動預防性維護與設備升級建議。",15物流/運輸/資材,交通運輸部門主管,150201,具備任務規劃、跨單位資源整合及高風險環境決策判斷等實務經驗，熟悉運輸作業流程、任務管控機制與安全風險辨識評估，適合擔任交通運輸部門主管；從事交通運輸部門之決策統籌與營運管理工作。,,
,,,01經營/行政/總務,經營管理主管,010101,具備團隊領導、策略規劃與整體效能提升等相關實務，熟悉組織運作、決策流程與績效管理，適合擔任經營管理主管，從事營運規劃、資源整合與團隊領導等工作。,,
,,,15物流/運輸/資材,飛航安全技術員,150204,具備飛航任務風險評估、作業監督與安全事件分析等相關實務，熟悉飛航作業流程與飛安管理實務，適合飛航安全技術員，從事飛航風險分析、安全稽核與作業改善建議等工作。,應取得交通部民用航空局核發之「航空人員檢定證：飛航管制員檢定證」等相關證照,
,,,03人資/法務/智財,教育訓練人員,030104,具備課程規劃設計及訓練成效評估等實務經驗，熟悉訓練需求分析、教案設計流程與訓練回饋機制，適合擔任教育訓練人員；從事企業人才培育工作。,,
,,,21行銷/企劃/專案,營運管理師/ERP專案師,210302,具備策略規劃與資源整合經驗，熟悉系統導入與跨部門協調，適合擔任營運管理師/ERP專案師，從事營運流程優化/系統導入規劃、跨部門整合等相關工作。,依職務需求，建議取得經濟部產業發展署「營運智慧分析師能力鑑定證書」,
,,,21行銷/企劃/專案,行銷企劃部門主管,210101,具備任務規劃、資源整合及情境判斷應變等實務經驗，熟悉活動設計與溝通協作，適合擔任行銷企劃部門主管；從事行銷策略規劃、企劃提案與專案執行工作。,,
,,,21行銷/企劃/專案,專案管理師,210304,具備跨部門協調與計畫統籌能力，熟悉任務規劃、資源配置與跨部門協調，適合擔任專案管理師，從事專案規劃、進度控管與成效評估工作。,依職務需求，建議取得國際專案管理師（PMP）證照,
,,,22其他職類,顧問,220106,具備策略規劃、團隊領導、資源整合與危機應處能力，適合擔任企業顧問，提供營運策略諮詢及襄理重大專案工作。,,
戰術管制部隊指揮官,DH11,"1.空域/監控中心營運與政策管理
1.1制定與審核監控中心或作業區域之運作規範與安全政策，確保符合法規與標準。
1.2建立監控流程與通報機制，確保即時態勢掌握與資訊流通。
1.3評估營運績效與風險指標，提出改善計畫並監督落實成效。
2.任務指揮與跨部門協調
2.1擬定操作或演練方案（目標、時程、資源分配）並督導執行以達成預期成果。
2.2主導跨單位協調會議，整合指揮鏈與外部單位資源以支援任務需求。
2.3在關鍵情境提供決策建議與指示，並負責事後檢討與程序優化。
3.通信電子系統管理與能力建置
3.1規劃通信／電子設備之維運、校正與備援策略，確保系統可用性與可靠度。
3.2制定訓練計畫與資格標準，提升操作人員之專業能力與應變熟練度。
3.3建立維運紀錄與故障回報流程，依據資料推動預防性維護與系統升級。",15物流/運輸/資材,交通運輸部門主管,150201,具備任務規劃、跨單位資源整合及高風險環境決策判斷等實務經驗，熟悉運輸作業流程、任務管控機制與安全風險辨識評估，適合擔任交通運輸部門主管；從事交通運輸部門之決策統籌與營運管理工作。,,
,,,01經營/行政/總務,經營管理主管,010101,具備團隊領導、策略規劃與整體效能提升等相關實務，熟悉組織運作、決策流程與績效管理，適合擔任經營管理主管，從事營運規劃、資源整合與團隊領導等工作。,,
,,,15物流/運輸/資材,飛航安全技術員,150204,具備飛航任務風險評估、作業監督與安全事件分析等相關實務，熟悉飛航作業流程與飛安管理實務，適合飛航安全技術員，從事飛航風險分析、安全稽核與作業改善建議等工作。,應取得交通部民用航空局核發之「航空人員檢定證：飛航管制員檢定證」等相關證照,
,,,03人資/法務/智財,教育訓練人員,030104,具備課程規劃設計及訓練成效評估等實務經驗，熟悉訓練需求分析、教案設計流程與訓練回饋機制，適合擔任教育訓練人員；從事企業人才培育工作。,,
,,,21行銷/企劃/專案,營運管理師/ERP專案師,210302,具備策略規劃與資源整合經驗，熟悉系統導入與跨部門協調，適合擔任營運管理師/ERP專案師，從事營運流程優化/系統導入規劃、跨部門整合等相關工作。,依職務需求，建議取得經濟部產業發展署「營運智慧分析師能力鑑定證書」,
,,,21行銷/企劃/專案,行銷企劃部門主管,210101,具備任務規劃、資源整合及情境判斷應變等實務經驗，熟悉活動設計與溝通協作，適合擔任行銷企劃部門主管；從事行銷策略規劃、企劃提案與專案執行工作。,,
,,,21行銷/企劃/專案,專案管理師,210304,具備跨部門協調與計畫統籌能力，熟悉任務規劃、資源配置與跨部門協調，適合擔任專案管理師，從事專案規劃、進度控管與成效評估工作。,依職務需求，建議取得國際專案管理師（PMP）證照,
空中攔截管制指揮官,DH21,"1.空域監控與資料判讀
1.1維持監控系統運作，蒐集並整合雷達／監測資料以掌握空域態勢。
1.2即時判讀航跡與目標訊息，識別異常或高風險事件並提出初步判斷。
1.3建立監測紀錄與事件檔案，提供後續分析與稽核依據。
2.航行引導與管制協調
2.1指導與協調飛航路徑與進出程序，確保航行安全與流量順暢。
2.2與相關單位或廠商溝通協作，整合資源以支援即時指令與應變需求。
2.3在異常或突發情況下，啟動應變流程並指派執行措施以維持運作秩序。
3.情資提供與決策支援
3.1整理並傳遞關鍵位置與航情資訊，支援前線與指揮端的決策需求。
3.2撰寫態勢報告與行動摘要，提供管理階層作為策略或流程調整之依據。
3.3評估系統與作業效能，提出改良建議（流程、設備或訓練）以提升整體安全與效率。",15物流/運輸/資材,交通運輸部門主管,150201,具備任務規劃、跨單位資源整合及高風險環境決策判斷等實務經驗，熟悉運輸作業流程、任務管控機制與安全風險辨識評估，適合擔任交通運輸部門主管；從事交通運輸部門之決策統籌與營運管理工作。,,
,,,01經營/行政/總務,經營管理主管,010101,具備團隊領導、策略規劃與整體效能提升等相關實務，熟悉組織運作、決策流程與績效管理，適合擔任經營管理主管，從事營運規劃、資源整合與團隊領導等工作。,,
,,,15物流/運輸/資材,飛航安全技術員,150204,具備飛航任務風險評估、作業監督與安全事件分析等相關實務，熟悉飛航作業流程與飛安管理實務，適合飛航安全技術員，從事飛航風險分析、安全稽核與作業改善建議等工作。,應取得交通部民用航空局核發之「航空人員檢定證：飛航管制員檢定證」等相關證照,
,,,03人資/法務/智財,教育訓練人員,030104,具備課程規劃設計及訓練成效評估等實務經驗，熟悉訓練需求分析、教案設計流程與訓練回饋機制，適合擔任教育訓練人員；從事企業人才培育工作。,,
,,,21行銷/企劃/專案,營運管理師/ERP專案師,210302,具備策略規劃與資源整合經驗，熟悉系統導入與跨部門協調，適合擔任營運管理師/ERP專案師，從事營運流程優化/系統導入規劃、跨部門整合等相關工作。,依職務需求，建議取得經濟部產業發展署「營運智慧分析師能力鑑定證書」,
,,,21行銷/企劃/專案,行銷企劃部門主管,210101,具備任務規劃、資源整合及情境判斷應變等實務經驗，熟悉活動設計與溝通協作，適合擔任行銷企劃部門主管；從事行銷策略規劃、企劃提案與專案執行工作。,,
,,,21行銷/企劃/專案,專案管理師,210304,具備跨部門協調與計畫統籌能力，熟悉任務規劃、資源配置與跨部門協調，適合擔任專案管理師，從事專案規劃、進度控管與成效評估工作。,依職務需求，建議取得國際專案管理師（PMP）證照,
攔截管制督導官,3V11,"1.空域監控與情資整合
1.1建置並維持監控／監測系統的運作流程，確保即時資料擷取與傳遞。
1.2整合多來源監測資料（雷達、感測器、通報），進行情勢判讀與風險標示。
1.3建立事件檔案與態勢報告，提供後續分析與管理決策依據。
2.任務指揮與跨單位協調
2.1擬定操作或應變方案（目標、時程、資源分配）並督導執行以達成任務目標。
2.2主導跨部門協調會議，整合內外部資源並確認指令與通報程序。
2.3在異常或緊急情況下，啟動應變流程並指派處置任務，事後檢討並修正作業流程。
3.通信電子系統管理與人員能力建置
3.1規劃通信與電子設備的維運、校正與備援方案，確保系統可用性與可靠度。
3.2制定並執行人員訓練與資格評核（操作手冊、演練、技能認證），提升團隊應變能力。
3.3建立維運紀錄與故障回報機制，依據運作數據推動預防性維護與系統升級建議。",15物流/運輸/資材,交通運輸部門主管,150201,具備任務規劃、跨單位資源整合及高風險環境決策判斷等實務經驗，熟悉運輸作業流程、任務管控機制與安全風險辨識評估，適合擔任交通運輸部門主管；從事交通運輸部門之決策統籌與營運管理工作。,,
,,,01經營/行政/總務,經營管理主管,010101,具備團隊領導、策略規劃與整體效能提升等相關實務，熟悉組織運作、決策流程與績效管理，適合擔任經營管理主管，從事營運規劃、資源整合與團隊領導等工作。,,
,,,15物流/運輸/資材,飛航安全技術員,150204,具備飛航任務風險評估、作業監督與安全事件分析等相關實務，熟悉飛航作業流程與飛安管理實務，適合飛航安全技術員，從事飛航風險分析、安全稽核與作業改善建議等工作。,應取得交通部民用航空局核發之「航空人員檢定證：飛航管制員檢定證」等相關證照,
,,,03人資/法務/智財,教育訓練人員,030104,具備課程規劃設計及訓練成效評估等實務經驗，熟悉訓練需求分析、教案設計流程與訓練回饋機制，適合擔任教育訓練人員；從事企業人才培育工作。,,
,,,21行銷/企劃/專案,營運管理師/ERP專案師,210302,具備策略規劃與資源整合經驗，熟悉系統導入與跨部門協調，適合擔任營運管理師/ERP專案師，從事營運流程優化/系統導入規劃、跨部門整合等相關工作。,依職務需求，建議取得經濟部產業發展署「營運智慧分析師能力鑑定證書」,
,,,21行銷/企劃/專案,行銷企劃部門主管,210101,具備任務規劃、資源整合及情境判斷應變等實務經驗，熟悉活動設計與溝通協作，適合擔任行銷企劃部門主管；從事行銷策略規劃、企劃提案與專案執行工作。,,
,,,21行銷/企劃/專案,專案管理師,210304,具備跨部門協調與計畫統籌能力，熟悉任務規劃、資源配置與跨部門協調，適合擔任專案管理師，從事專案規劃、進度控管與成效評估工作。,依職務需求，建議取得國際專案管理師（PMP）證照,
飛機管制及警告士,3V515,"1.空域監控與資料管理
1.1負責監測與標示空域動態，建立並維護即時資料紀錄。
1.2統整監控資訊並生成報告，提供管理單位作決策依據。
1.3針對異常狀況提出預警與建議，確保資訊正確性與完整性。
2.作業協調與執行督導
2.1督導並協調人員進行監控與管制作業，確保任務流程符合規範。
2.2分派與追蹤工作進度，協助團隊達成作業目標。
2.3確認紀錄與通報作業正確執行，維持系統化運作。
3.異常研判與風險應變
3.1監測並判讀干擾訊號或特殊目標，提出初步分析。
3.2整合資訊並回報異常事件，協助啟動應變措施。
3.3執行氣象與特殊情況的追蹤，提出安全建議以降低風險。",15物流/運輸/資材,飛航安全技術員,150204,具備飛航監控、雷達操作及即時判斷應變等實務經驗，熟悉飛航作業流程與安全管控機制，適合擔任飛航安全技術員，從事飛航監控與安全管理工作。,應取得交通部民用航空局核發之「航空人員檢定證：飛航管制員檢定證」等相關證照,
,,,通俗職業未收錄依UCAN對應,,航空器簽派員,具備飛航監控、雷達操作及即時判斷應變等實務經驗，熟悉飛航作業流程與安全管控機制，適合擔任航空器簽派員，從事飛航監控與安全管理工作。,應取得交通部民用航空局核發之「航空人員檢定證：飛航管制員檢定證」等相關證照,
,,,10技術/維修/操作,遙控無人機專業人員,100316,具備系統監控及現場判斷應變等實務經驗，熟悉操作流程與安全規範，適合擔任遙控無人機專業人員，從事無人機操作執行商用、空拍、監測、研究、農藥噴灑等相關工作。,應取得交通部民用航空局核發之「遙控無人機操作證」等相關證照,
,,,08資訊/軟體/系統,系統操作人員,080303,具備系統監控操作、資料傳遞處理及即時判斷應變等實務經驗，熟悉系統運作流程、監控作業機制與異常處理程序，適合擔任系統操作人員；從事系統監控與操作管理工作。,,
,,,18保全/軍警消,場地管理人員,180107,具備系統監控、設備維運及跨單位協調等實務經驗，熟悉監控作業流程、設備管理與異常應變處置，適合擔任場地管理人員；從事場館設備監控與現場營運支援工作。,,
,,,06客服/門市,客戶服務人員,060102,具備作業流程執行、即時應變處理及跨單位溝通協調等實務經驗，熟悉服務作業流程、資訊傳遞機制與問題處理程序，適合擔任客戶服務人員；從事客戶應對與服務支援工作。,,
飛機管制及警告兵,3V522,"1.監控與資料蒐集
1.1協助執行監控作業，標示與記錄即時動態資料。
1.2建立監測報告與日常紀錄，確保資訊正確性與完整性。
1.3將收集資料歸檔存放，提供後續分析與決策依據。
2.作業支援與流程協助
2.1協助團隊執行管制作業，確保流程順暢。
2.2配合主管或協調人員指示，完成指定任務與資料登錄。
2.3協助追蹤作業進度，並回報問題以利流程改善。
3.異常監測與事件處理
3.1協助辨識與紀錄異常訊號或干擾情況。
3.2協助完成氣象與特殊事件的報告，支援安全判斷。
3.3發現異常狀況時，立即通報並協助執行初步應變措施。",15物流/運輸/資材,飛航安全技術員,150204,具備飛航監控、雷達操作及即時判斷應變等實務經驗，熟悉飛航作業流程與安全管控機制，適合擔任飛航安全技術員，從事飛航監控與安全管理工作。,應取得交通部民用航空局核發之「航空人員檢定證：飛航管制員檢定證」等相關證照,
,,,通俗職業未收錄依UCAN對應,,航空器簽派員,具備飛航監控、雷達操作及即時判斷應變等實務經驗，熟悉飛航作業流程與安全管控機制，適合擔任航空器簽派員，從事飛航監控與安全管理工作。,應取得交通部民用航空局核發之「航空人員檢定證：飛航管制員檢定證」等相關證照,
,,,10技術/維修/操作,遙控無人機專業人員,100316,具備系統監控及現場判斷應變等實務經驗，熟悉操作流程與安全規範，適合擔任遙控無人機專業人員，從事無人機操作執行商用、空拍、監測、研究、農藥噴灑等相關工作。,應取得交通部民用航空局核發之「遙控無人機操作證」等相關證照,
,,,08資訊/軟體/系統,系統操作人員,080303,具備系統監控操作、資料傳遞處理及即時判斷應變等實務經驗，熟悉系統運作流程、監控作業機制與異常處理程序，適合擔任系統操作人員；從事系統監控與操作管理工作。,,
,,,18保全/軍警消,場地管理人員,180107,具備系統監控、設備維運及跨單位協調等實務經驗，熟悉監控作業流程、設備管理與異常應變處置，適合擔任場地管理人員；從事場館設備監控與現場營運支援工作。,,
,,,06客服/門市,客戶服務人員,060102,具備作業流程執行、即時應變處理及跨單位溝通協調等實務經驗，熟悉服務作業流程、資訊傳遞機制與問題處理程序，適合擔任客戶服務人員；從事客戶應對與服務支援工作。,,
無人機部隊指揮官,DU01,"1.無人機飛行規劃與運行管理
1.1規劃並指揮無人機飛行執行流程。
1.2管理無人機運行作業，確保飛行安全與效率。
1.3監督飛行執行情形並調整作業策略。
2.人員訓練與組織管理
2.1規劃無人機操作人員訓練制度。
2.2督導團隊運作分工。
2.3建立組織管理與績效評估機制。
3.協調與專案管理
3.1審審閱操作並制定執行策略。
3.2協調不同單位資源與作業流程。
3.3確保專案如期完成並達成目標。",10技術/維修/操作,遙控無人機專業人員,100316,具備高價值資產管理經驗，能執行複雜環境下的風險評估與損害管制，熟悉飛安流程與性能操作，適合擔任遙控無人機專業人員，操作無人機從事商用、空拍、監測、研究等工作。,,應取得交通部民航局「遙控無人機操作證」等相關證照
,,,07工程/研發/生技,機構工程師,070204,熟悉無人機結構設計並具性能評估實務經驗，熟悉性能操作與飛安流程，適合轉銜機構工程師；從事人機互動、避障規劃、系統架構設計等相關工作。,,
,,,03人資/法務/智財,教育訓練人員,030104,具備無人機任務規劃督導、部隊訓練管理等相關實務，熟悉訓練制度設計與績效評核流程，適合擔任教育訓練人員；從事訓練課程規劃、教學成效評估等工作。,,
,,,08資訊/軟體/系統,其他資訊專業人員,080190,具備高價值資產管理經驗，能執行複雜環境下的風險評估與損害管制，熟悉資訊系統應用，適合擔任其他資訊專業人員；從事資訊系統應用與整合工作，負責系統操作管理、專案規劃、資料分析及跨部門協作等業務。,,
,,,21行銷/企劃/專案,活動企劃人員,210203,具備無人機任務規劃執行、跨單位協調整合等相關實務，熟悉活動流程設計與現場運作管理機制，適合擔任活動企劃人員；從事活動企劃設計、執行統籌協調等工作。,,
,,,21行銷/企劃/專案,專案管理師,210304,具備無人機任務規劃、作業管制與跨部門協調的能力，熟悉專案流程與風險管控，適合擔任專案管理師，從事專案規劃、進度管控、資源整合等工作，確保專案如期如質達成。,,建議取得「國際專案管理師（PMP）認證」等相關證照
,,,21行銷/企劃/專案,營運管理師/系統整合/ERP專案師,210302,具備無人機任務規劃、作業管制與資源整合能力，熟悉專案流程與風險管控，適合擔任營運管理師/ERP專案師，從事營運流程優化、跨部門資源整合與績效追蹤等工作。,,建議取得經濟部「營運智慧分析師能力鑑定」等相關證書
無人機部隊領導士,DU015,"1.專案與作業管理
1.1規劃與執行無人機飛行。
1.2管理團隊日常作業與運作穩定性。
1.3評估作業績效並提出改進措施。
2.無人機設備維護與系統管理
2.1架設與操作無人機地面控制系統。
2.2執行無人機與相關設備之檢查、維護與故障排除。
2.3確保設備運行穩定並符合操作標準。
3.團隊管理與人員訓練
3.1規劃與執行操作人員專業訓練。
3.2監督人員操作流程與技能熟練度。
3.3評估人員績效並提供指導與改進建議。",10技術/維修/操作,遙控無人機專業人員,100316,具備高價值資產管理經驗，能執行複雜環境下的風險評估與損害管制，熟悉飛安流程與性能操作，適合擔任遙控無人機專業人員，操作無人機從事商用、空拍、監測、研究等工作。,,應取得交通部民航局「遙控無人機操作證」等相關證照
,,,10技術/維修/操作,自動化機械加工技術人員,100106,具備無人機操作管制、設備維護檢修等相關實務，熟悉作業流程管理與安全管控制度，從事自動化設備操作、設備維修保養等工作。,,建議取得「機械加工」技術士證，適合擔任自動化機械加工技術人員
,,,10技術/維修/操作,電子設備裝修技術員,100208,具備無人機設備檢修、系統操作管制等相關實務，熟悉作業流程管理與安全管控制度，適合擔任電子設備裝修技術員，從事電子設備安裝、故障檢修維護等工作。,,建議取得勞動部「電子」相關技術士證
,,,08資訊/軟體/系統,其他資訊專業人員,080190,具備系統操作與資訊整合能力，熟悉無人機導控、設備維運及人員訓練管理，適合擔任其他資訊專業人員，從事系統操作、設備管理及技術支援等相關工作。,,
,,,07工程/研發/生技,機構工程師,070204,熟悉無人機結構設計並具性能評估實務經驗，熟悉性能操作與飛安流程，適合轉銜機構工程師；從事人機互動、避障規劃、系統架構設計等相關工作。,,
,,,03人資/法務/智財,教育訓練人員,030104,具備無人機任務規劃督導、部隊訓練管理等相關實務，熟悉訓練制度設計與績效評核流程，適合擔任教育訓練人員；從事訓練課程規劃、教學成效評估等工作。,,
監偵型無人機系統督導官,2U01,"1.無人機系統運作管理
1.1管理無人機系統與日常運作。
1.2統籌人員與作業資源配置。
1.3確保系統運行穩定與效率。
2.作業規劃與流程控管
2.1規劃操作流程與標準作業。
2.2管控執行品質與作業一致性。
2.3優化流程提升整體效能。
3.設備管理與效能提升
3.1管理設備使用與維護狀況。
3.2規劃資源配置與設備運用。
3.3提升系統性能與運作效率。",10技術/維修/操作,遙控無人機專業人員,100316,具備高價值資產管理經驗，能執行複雜環境下的風險評估與損害管制，熟悉飛安流程與性能操作，適合擔任遙控無人機專業人員，操作無人機從事商用、空拍、監測、研究等工作。,,應取得交通部民航局「遙控無人機操作證」等相關證照
,,,07工程/研發/生技,機構工程師,070204,熟悉無人機結構設計並具性能評估實務經驗，熟悉性能操作與飛安流程，適合轉銜機構工程師；從事人機互動、避障規劃、系統架構設計等相關工作。,,
,,,08資訊/軟體/系統,其他資訊專業人員,080190,具備系統操作與資訊整合能力，熟悉無人機導控、設備維運及人員訓練管理，適合擔任其他資訊專業人員，從事系統操作、設備管理及技術支援等相關工作。,,
,,,03人資/法務/智財,教育訓練人員,030104,具備無人機任務規劃督導、部隊訓練管理等相關實務，熟悉訓練制度設計與績效評核流程，適合擔任教育訓練人員；從事訓練課程規劃、教學成效評估等工作。,,
,,,21行銷/企劃/專案,活動企劃人員,210203,具備無人機任務規劃執行、跨單位協調整合等相關實務，熟悉活動流程設計與現場運作管理機制，適合擔任活動企劃人員；從事活動企劃設計、執行統籌協調等工作。,,
,,,21行銷/企劃/專案,專案管理師,210304,具備無人機任務規劃、作業管制與跨部門協調的能力，熟悉專案流程與風險管控，適合擔任專案管理師，從事專案規劃、進度管控、資源整合等工作，確保專案如期如質達成。,,建議取得「國際專案管理師（PMP）認證」等相關證照
,,,21行銷/企劃/專案,營運管理師/系統整合/ERP專案師,210302,具備無人機任務規劃、作業管制與資源整合能力，熟悉專案流程與風險管控，適合擔任營運管理師/ERP專案師，從事營運流程優化、跨部門資源整合與績效追蹤等工作。,,建議取得經濟部「營運智慧分析師能力鑑定」等相關證書
監偵型無人機系統酬載操作（作業）官,2U02,"1.系統操作支援
1.1協助執行無人機搭載系統操作，支援專案或作業執行。
1.2協助現場設備啟動、操作與監控作業。
1.3提供操作過程中技術支援與問題處理。
2.資料管理與紀錄維護
2.1填寫、整理並保管操作與專案相關資料。
2.2建立並維護操作紀錄與文件管理系統。
2.3確保資料完整性及可追蹤性。
3.設備檢查與維護
3.1協助進行飛行前後系統檢查與準備。
3.2執行基礎維護與設備清理作業。
3.3提出設備操作異常與改進建議。",10技術/維修/操作,遙控無人機專業人員,100316,具備高價值資產管理經驗，能執行複雜環境下的風險評估與損害管制，熟悉飛安流程與性能操作，適合擔任遙控無人機專業人員，操作無人機從事商用、空拍、監測、研究等工作。,,應取得交通部民航局「遙控無人機操作證」等相關證照
,,,07工程/研發/生技,機構工程師,070204,熟悉無人機結構設計並具性能評估實務經驗，熟悉性能操作與飛安流程，適合轉銜機構工程師；從事人機互動、避障規劃、系統架構設計等相關工作。,,
,,,08資訊/軟體/系統,其他資訊專業人員,080190,具備系統操作與資訊整合能力，熟悉無人機導控、設備維運及人員訓練管理，適合擔任其他資訊專業人員，從事系統操作、設備管理及技術支援等相關工作。,,
,,,03人資/法務/智財,教育訓練人員,030104,具備無人機任務規劃督導、部隊訓練管理等相關實務，熟悉訓練制度設計與績效評核流程，適合擔任教育訓練人員；從事訓練課程規劃、教學成效評估等工作。,,
,,,21行銷/企劃/專案,活動企劃人員,210203,具備無人機任務規劃執行、跨單位協調整合等相關實務，熟悉活動流程設計與現場運作管理機制，適合擔任活動企劃人員；從事活動企劃設計、執行統籌協調等工作。,,
,,,21行銷/企劃/專案,專案管理師,210304,具備無人機任務規劃、作業管制與跨部門協調的能力，熟悉專案流程與風險管控，適合擔任專案管理師，從事專案規劃、進度管控、資源整合等工作，確保專案如期如質達成。,,建議取得「國際專案管理師（PMP）認證」等相關證照
,,,21行銷/企劃/專案,營運管理師/系統整合/ERP專案師,210302,具備無人機任務規劃、作業管制與資源整合能力，熟悉專案流程與風險管控，適合擔任營運管理師/ERP專案師，從事營運流程優化、跨部門資源整合與績效追蹤等工作。,,建議取得經濟部「營運智慧分析師能力鑑定」等相關證書
監偵型無人機系統操作(作業)兵,2U012,"1.無人機系統操作支援
1.1協助執行無人機飛行系統操作，支援相關作業執行。
1.2配合團隊完成設備啟動、操作監控與作業流程執行。
1.3回報操作過程中的設備狀況與作業問題。
2.作業資料與紀錄管理
2.1填寫並整理飛行相關作業資料與操作紀錄。
2.2建立與維護作業紀錄檔案以利後續查詢。
2.3確保資料保存完整並符合文件管理規範。
3.設備檢查與基礎維護
3.1協助執行設備作業前後之檢查與準備作業。
3.2進行基本設備維護與簡易故障回報。
3.3協助確認設備運作狀態並維持系統穩定。",10技術/維修/操作,遙控無人機專業人員,100316,具備高價值資產管理經驗，能執行複雜環境下的風險評估與損害管制，熟悉飛安流程與性能操作，適合擔任遙控無人機專業人員，操作無人機從事商用、空拍、監測、研究等工作。,,應取得交通部民航局「遙控無人機操作證」等相關證照
,,,10技術/維修/操作,自動化機械加工技術人員,100106,具備無人機操作管制、設備維護檢修等相關實務，熟悉作業流程管理與安全管控制度，適合擔任自動化機械加工技術人員；從事自動化設備操作、設備維修保養等工作。,,
,,,10技術/維修/操作,電子設備裝修技術員,100208,具備無人機設備檢修、系統操作管制等相關實務，熟悉作業流程管理與安全管控制度，適合擔任電子設備裝修技術員，從事電子設備安裝、故障檢修維護等工作。,,建議取得勞動部「電子」相關技術士證
,,,08資訊/軟體/系統,其他資訊專業人員,080190,具備系統操作與資訊整合能力，熟悉無人機導控、設備維運及人員訓練管理，適合擔任其他資訊專業人員，從事系統操作、設備管理及技術支援等相關工作。,,
,,,01經營/行政/總務,行政助理,010206,具備飛行系統操作、資料紀錄整理等相關實務，熟悉制度化作業流程與資料存管，適合擔任行政助理；從事資料彙整建檔、行政作業協助等工作。,,
,,,06客服/門市,專櫃/門市（人員/儲備幹部）,060203,具備系統操作支援、資料紀錄管理、設施檢查維護等實務經驗，熟悉標準化作業流程與資料管理，適合擔任專櫃/門市（人員/儲備幹部）；從事客戶接待、商品陳列、銷售紀錄整理與貨品庫存盤點等工作。,,
監偵型無人機系統操作(作業)士,2U015,"1.無人機系統操作與作業執行
1.1協助執行無人機飛行系統操作並支援相關作業流程。
1.2監控設備運作狀態並確保操作流程順利進行。
1.3回報操作過程中之設備狀況與作業問題。
2.作業資料與紀錄管理
2.1負責飛行相關作業資料與操作紀錄之填寫與整理。
2.2建立並維護作業紀錄檔案以利追蹤與查詢。
2.3確保資料保存完整並符合文件管理規範。
3.設備檢查與維護支援
3.1協助執行設備作業前後之檢查與準備工作。
3.2進行基本設備維護並回報異常狀況。
3.3協助確認系統運作狀態並維持設備穩定。",10技術/維修/操作,遙控無人機專業人員,100316,具備高價值資產管理經驗，能執行複雜環境下的風險評估與損害管制，熟悉飛安流程與性能操作，適合擔任遙控無人機專業人員，操作無人機從事商用、空拍、監測、研究等工作。,,應取得交通部民航局「遙控無人機操作證」等相關證照
,,,10技術/維修/操作,自動化機械加工技術人員,100106,具備無人機操作管制、設備維護檢修等相關實務，熟悉作業流程管理與安全管控制度，適合擔任自動化機械加工技術人員；從事自動化設備操作、設備維修保養等工作。,,
,,,10技術/維修/操作,電子設備裝修技術員,100208,具備無人機設備檢修、系統操作管制等相關實務，熟悉作業流程管理與安全管控制度，適合擔任電子設備裝修技術員，從事電子設備安裝、故障檢修維護等工作。,,建議取得勞動部「電子」相關技術士證
,,,07工程/研發/生技,機構工程師,070204,熟悉無人機結構設計並具性能評估實務經驗，熟悉性能操作與飛安流程，適合轉銜機構工程師；從事人機互動、避障規劃、系統架構設計等相關工作。,,
,,,08資訊/軟體/系統,其他資訊專業人員,080190,具備系統操作與資訊整合能力，熟悉無人機導控、設備維運及人員訓練管理，適合擔任其他資訊專業人員，從事系統操作、設備管理及技術支援等相關工作。,,
,,,03人資/法務/智財,教育訓練人員,030104,具備無人機任務規劃督導、部隊訓練管理等相關實務，熟悉訓練制度設計與績效評核流程，適合擔任教育訓練人員；從事訓練課程規劃、教學成效評估等工作。,,
攻擊型無人機系統督導官,3U01,"1.部門營運與專案管理
1.1統籌無人機系統相關部門之整體業務運作與資源配置。
1.2規劃並推動專案計畫，確保各項工作順利執行。
1.3監督專案執行進度並進行績效評估與檢討。
2.作業流程與制度規劃
2.1制定無人機系統操作流程與作業標準。
2.2規劃教育訓練與模擬演練方案並督導執行。
2.3定期檢討與優化作業制度及流程管理。
3.設備與系統管理
3.1督導無人機及相關設備之使用管理與操作規範。
3.2規劃設備保養、維護與庫存管理制度。
3.3監控設備運作效能並提出改善與升級建議。",10技術/維修/操作,遙控無人機專業人員,100316,具備高價值資產管理經驗，能執行複雜環境下的風險評估與損害管制，熟悉飛安流程與性能操作，適合擔任遙控無人機專業人員，操作無人機從事商用、空拍、監測、研究等工作。,,應取得交通部民航局「遙控無人機操作證」等相關證照
,,,07工程/研發/生技,機構工程師,070204,熟悉無人機結構設計並具性能評估實務經驗，熟悉性能操作與飛安流程，適合轉銜機構工程師；從事人機互動、避障規劃、系統架構設計等相關工作。,,
,,,08資訊/軟體/系統,其他資訊專業人員,080190,具備系統操作與資訊整合能力，熟悉無人機導控、設備維運及人員訓練管理，適合擔任其他資訊專業人員，從事系統操作、設備管理及技術支援等相關工作。,,
,,,03人資/法務/智財,教育訓練人員,030104,具備無人機任務規劃督導、部隊訓練管理等相關實務，熟悉訓練制度設計與績效評核流程，適合擔任教育訓練人員；從事訓練課程規劃、教學成效評估等工作。,,
,,,21行銷/企劃/專案,活動企劃人員,210203,具備無人機任務規劃執行、跨單位協調整合等相關實務，熟悉活動流程設計與現場運作管理機制，適合擔任活動企劃人員；從事活動企劃設計、執行統籌協調等工作。,,
,,,21行銷/企劃/專案,專案管理師,210304,具備無人機任務規劃、作業管制與跨部門協調的能力，熟悉專案流程與風險管控，適合擔任專案管理師，從事專案規劃、進度管控、資源整合等工作，確保專案如期如質達成。,,建議取得「國際專案管理師（PMP）認證」等相關證照
,,,21行銷/企劃/專案,營運管理師/系統整合/ERP專案師,210302,具備無人機任務規劃、作業管制與資源整合能力，熟悉專案流程與風險管控，適合擔任營運管理師/ERP專案師，從事營運流程優化、跨部門資源整合與績效追蹤等工作。,,建議取得經濟部「營運智慧分析師能力鑑定」等相關證書
攻擊型無人機系統操作（作業）兵,3U012,"1.無人機系統操作支援
1.1協助執行無人機飛行系統操作並支援相關作業流程。
1.2配合團隊完成設備啟動、運行監控與操作支援。
1.3回報設備運作狀態並協助處理操作過程中的問題。
2.作業資料與紀錄管理
2.1填寫並整理飛行相關作業資料與操作紀錄。
2.2建立與維護作業紀錄檔案以利後續查詢與追蹤。
2.3確保資料保存完整並符合文件管理規範。
3.設備保養與維護支援
3.1協助執行設備日常保養與基本維護作業。
3.2依作業流程進行設備狀態檢查與功能確認。
3.3回報設備異常並協助後續維護處理。",10技術/維修/操作,遙控無人機專業人員,100316,具備高價值資產管理經驗，能執行複雜環境下的風險評估與損害管制，熟悉飛安流程與性能操作，適合擔任遙控無人機專業人員，操作無人機從事商用、空拍、監測、研究等工作。,,應取得交通部民航局「遙控無人機操作證」等相關證照
,,,10技術/維修/操作,自動化機械加工技術人員,100106,具備無人機操作管制、設備維護檢修等相關實務，熟悉作業流程管理與安全管控制度，適合擔任自動化機械加工技術人員；從事自動化設備操作、設備維修保養等工作。,,
,,,10技術/維修/操作,電子設備裝修技術員,100208,具備無人機設備檢修、系統操作管制等相關實務，熟悉作業流程管理與安全管控制度，適合擔任電子設備裝修技術員，從事電子設備安裝、故障檢修維護等工作。,,建議取得勞動部「電子」相關技術士證
,,,08資訊/軟體/系統,其他資訊專業人員,080190,具備系統操作與資訊整合能力，熟悉無人機導控、設備維運及人員訓練管理，適合擔任其他資訊專業人員，從事系統操作、設備管理及技術支援等相關工作。,,
,,,01經營/行政/總務,行政助理,010206,具備飛行系統操作、資料紀錄整理等相關實務，熟悉制度化作業流程與資料存管，適合擔任行政助理；從事資料彙整建檔、行政作業協助等工作。,,
,,,06客服/門市,專櫃/門市（人員/儲備幹部）,060203,具備系統操作支援、資料紀錄管理、設施檢查維護等實務經驗，熟悉標準化作業流程與資料管理，適合擔任專櫃/門市（人員/儲備幹部）；從事客戶接待、商品陳列、銷售紀錄整理與貨品庫存盤點等工作。,,
攻擊型無人機系統操作（作業）士,3U015,"1.無人機系統操作與作業執行
1.1執行無人機飛行操作並依設備特性完成各類作業需求。
1.2監控飛行系統運作狀態並確保作業流程順利進行。
1.3回報操作過程中設備狀況與作業異常。
2.作業規劃與流程管理
2.1協助規劃無人機作業計畫與操作流程。
2.2制定不同情境下之作業方案並執行指導。
2.3檢討作業流程並提出優化建議。
3.設備檢查與維護管理
3.1協助執行設備作業前後之檢查與準備工作。
3.2負責設備日常保養與基本維護作業。
3.3確認設備運作狀態並回報異常情況。",10技術/維修/操作,遙控無人機專業人員,100316,具備高價值資產管理經驗，能執行複雜環境下的風險評估與損害管制，熟悉飛安流程與性能操作，適合擔任遙控無人機專業人員，操作無人機從事商用、空拍、監測、研究等工作。,,應取得交通部民航局「遙控無人機操作證」等相關證照
,,,10技術/維修/操作,自動化機械加工技術人員,100106,具備無人機操作管制、設備維護檢修等相關實務，熟悉作業流程管理與安全管控制度，適合擔任自動化機械加工技術人員；從事自動化設備操作、設備維修保養等工作。,,
,,,10技術/維修/操作,電子設備裝修技術員,100208,具備無人機設備檢修、系統操作管制等相關實務，熟悉作業流程管理與安全管控制度，適合擔任電子設備裝修技術員，從事電子設備安裝、故障檢修維護等工作。,,建議取得勞動部「電子」相關技術士證
,,,07工程/研發/生技,機構工程師,070204,熟悉無人機結構設計並具性能評估實務經驗，熟悉性能操作與飛安流程，適合轉銜機構工程師；從事人機互動、避障規劃、系統架構設計等相關工作。,,
,,,08資訊/軟體/系統,其他資訊專業人員,080190,具備系統操作與資訊整合能力，熟悉無人機導控、設備維運及人員訓練管理，適合擔任其他資訊專業人員，從事系統操作、設備管理及技術支援等相關工作。,,
,,,03人資/法務/智財,教育訓練人員,030104,具備無人機任務規劃督導、部隊訓練管理等相關實務，熟悉訓練制度設計與績效評核流程，適合擔任教育訓練人員；從事訓練課程規劃、教學成效評估等工作。,,
監偵型無人機系統飛行操作（作業）官,3U02,"1.無人機飛行操作
1.1操作無人機執行巡檢與監測作業。
1.2控制飛行路徑與設備運作。
1.3確保飛行過程穩定與安全。
2.作業準備與流程支援
2.1協助規劃飛行作業流程。
2.2執行飛行前後檢查作業。
2.3確保設備與流程正常運行。
3.空中資料蒐集與回傳
3.1蒐集影像與監測資料。
3.2即時回傳與紀錄資訊。
3.3支援資料分析與後續應用。",10技術/維修/操作,遙控無人機專業人員,100316,具備高價值資產管理經驗，能執行複雜環境下的風險評估與損害管制，熟悉飛安流程與性能操作，適合擔任遙控無人機專業人員，操作無人機從事商用、空拍、監測、研究等工作。,,應取得交通部民航局「遙控無人機操作證」等相關證照
,,,07工程/研發/生技,機構工程師,070204,熟悉無人機結構設計並具性能評估實務經驗，熟悉性能操作與飛安流程，適合轉銜機構工程師；從事人機互動、避障規劃、系統架構設計等相關工作。,,
,,,08資訊/軟體/系統,其他資訊專業人員,080190,具備系統操作與資訊整合能力，熟悉無人機導控、設備維運及人員訓練管理，適合擔任其他資訊專業人員，從事系統操作、設備管理及技術支援等相關工作。,,
,,,03人資/法務/智財,教育訓練人員,030104,具備無人機任務規劃督導、部隊訓練管理等相關實務，熟悉訓練制度設計與績效評核流程，適合擔任教育訓練人員；從事訓練課程規劃、教學成效評估等工作。,,
,,,21行銷/企劃/專案,活動企劃人員,210203,具備無人機任務規劃執行、跨單位協調整合等相關實務，熟悉活動流程設計與現場運作管理機制，適合擔任活動企劃人員；從事活動企劃設計、執行統籌協調等工作。,,
,,,21行銷/企劃/專案,專案管理師,210304,具備無人機任務規劃、作業管制與跨部門協調的能力，熟悉專案流程與風險管控，適合擔任專案管理師，從事專案規劃、進度管控、資源整合等工作，確保專案如期如質達成。,,建議取得「國際專案管理師（PMP）認證」等相關證照
,,,21行銷/企劃/專案,營運管理師/系統整合/ERP專案師,210302,具備無人機任務規劃、作業管制與資源整合能力，熟悉專案流程與風險管控，適合擔任營運管理師/ERP專案師，從事營運流程優化、跨部門資源整合與績效追蹤等工作。,,建議取得經濟部「營運智慧分析師能力鑑定」等相關證書
後勤將官,4A00,"1.營運策略規劃
1.1制定資源管理政策與制度。
1.2規劃中長期營運發展方向。
1.3建立高效率管理機制。
2.供應鏈與資源管理
2.1評估資源需求與採購規劃。
2.2管理倉儲配置與調度流通。
2.3優化配送效率與成本效益。
3.設備與流程管理
3.1督導設備保養與維修管理。
3.2建立標準化作業流程。
3.3提升整體營運穩定性與效率。",15物流/運輸/資材,物流中心經理,150108,因具備物資獲得、儲存及配送實務經驗，熟悉物流及倉儲相關規範，適合擔任物流中心經理，負責物流規劃及執行相關事宜。,,建議取得財政部關務署認可之「優質企業供應鏈安全專責人員或自主管理專責人員」等證書
,,,15物流/運輸/資材,運儲經理,150109,因具備物資獲得、儲存及配送實務經驗，熟悉物流及倉儲相關規範，適合擔任運儲經理，負責統籌貨品(物料)儲存及配送相關事宜。,,建議取得財政部關務署認可之「優質企業供應鏈安全專責人員或自主管理專責人員」等相關證書
,,,09品管/製造/環衛,工廠主管,090101,因具備維修及庫儲管理實務經驗，熟悉廠線配置、工作排程及物料管理，適合擔任工廠主管，統籌工廠營運管理事宜。,,
,,,09品管/製造/環衛,品管/品保主管,090102,因具備督導裝備保養維修實務經驗，熟悉品質稽核架構與缺失矯正規範，適合擔任品管/品保主管，從事品管/品保計畫擬訂及執行等工作。,,建議取得中華民國品質學會「品質工程師認證」（經濟部認可）
,,,01經營/行政/總務,經營管理主管,010101,具備團隊領導、策略規劃與跨部門溝通等相關實務經驗，熟悉組織運作、決策流程與績效管理，適合擔任經營管理主管，從事組織營運規劃、資源整合與危機處理等工作。,,
,,,21行銷/企劃/專案,專案管理主管,210301,因為擁有專案規劃、進度控管、流程優化及跨部門溝通等能力，適合轉銜為專案管理主管，從事專案規劃、管控及協調相關工作。,,建議取得國際專案管理師（PMP）認證
,,,21行銷/企劃/專案,企業永續發展人員,210305,因具備計畫擬定、風險評估與專案推動經驗，擁有流程管控、資料蒐整與跨部門溝通能力，適合轉銜企業永續發展人員，從事企業碳盤查、減碳規劃及社會責任（CSR）等相關工作。,,建議取得經濟部產業發展署「淨零碳規劃管理師」等相關能力鑑定
,,,22其他職類,顧問,220106,因具備計畫擬定、風險評估與專案推動經驗，擁有流程管控、資料蒐整與跨部門溝通能力，適合轉銜為顧問，接受企業委託，提供專業諮詢，提供經營改善方案。,,
聯合後勤指揮將官,DA10,"1.資源整合與支援體系管理
1.1統籌跨部門資源調度。
1.2建立支援運作機制。
1.3確保資源配置效率。
2.營運規劃與指令執行
2.1規劃整體營運方向與方案。
2.2傳達並落實執行策略。
2.3監督各單位執行成效。
3.組織管理與效能提升
3.1管理人員與作業運作。
3.2規劃教育訓練與能力提升。
3.3優化流程與提升整體效率。",15物流/運輸/資材,物流中心經理,150108,因具備物資獲得、儲存及配送實務經驗，熟悉物流及倉儲相關規範，適合擔任物流中心經理，負責物流規劃及執行相關事宜。,,建議取得財政部關務署認可之「優質企業供應鏈安全專責人員或自主管理專責人員」等證書
,,,15物流/運輸/資材,運儲經理,150109,因具備物資獲得、儲存及配送實務經驗，熟悉物流及倉儲相關規範，適合擔任運儲經理，負責統籌貨品(物料)儲存及配送相關事宜。,,建議取得財政部關務署認可之「優質企業供應鏈安全專責人員或自主管理專責人員」等相關證書
,,,09品管/製造/環衛,工廠主管,090101,因具備維修及庫儲管理實務經驗，熟悉廠線配置、工作排程及物料管理，適合擔任工廠主管，統籌工廠營運管理事宜。,,
,,,09品管/製造/環衛,品管/品保主管,090102,因具備督導裝備保養維修實務經驗，熟悉品質稽核架構與缺失矯正規範，適合擔任品管/品保主管，從事品管/品保計畫擬訂及執行等工作。,,建議取得中華民國品質學會「品質工程師認證」（經濟部認可）
,,,01經營/行政/總務,經營管理主管,010101,具備團隊領導、策略規劃與跨部門溝通等相關實務經驗，熟悉組織運作、決策流程與績效管理，適合擔任經營管理主管，從事組織營運規劃、資源整合與危機處理等工作。,,
,,,21行銷/企劃/專案,專案管理主管,210301,因為擁有專案規劃、進度控管、流程優化及跨部門溝通等能力，適合轉銜為專案管理主管，從事專案規劃、管控及協調相關工作。,,建議取得國際專案管理師（PMP）認證
,,,21行銷/企劃/專案,企業永續發展人員,210305,因具備計畫擬定、風險評估與專案推動經驗，擁有流程管控、資料蒐整與跨部門溝通能力，適合轉銜企業永續發展人員，從事企業碳盤查、減碳規劃及社會責任（CSR）等相關工作。,,建議取得經濟部產業發展署「淨零碳規劃管理師」等相關能力鑑定
,,,22其他職類,顧問,220106,因具備計畫擬定、風險評估與專案推動經驗，擁有流程管控、資料蒐整與跨部門溝通能力，適合轉銜為顧問，接受企業委託，提供專業諮詢，提供經營改善方案。,,
聯合後勤指揮官,DA11,"1.資源整合與支援管理
1.1統籌各項資源配置與調度。
1.2建立穩定支援與供應機制。
1.3提升資源運用效率。
2.營運管理與執行督導
2.1管理日常作業與執行流程。
2.2督導設備維護與供應運作。
2.3確保各項工作有效落實。
3.後端系統與行政整合
3.1統整後端支援單位運作。
3.2協調行政流程與供應安排。
3.3維持組織穩定與運作效能。",15物流/運輸/資材,物流中心經理,150108,因具備物資獲得、儲存及配送實務經驗，熟悉物流及倉儲相關規範，適合擔任物流中心經理，負責物流規劃及執行相關事宜。,,建議取得財政部關務署認可之「優質企業供應鏈安全專責人員或自主管理專責人員」等證書
,,,15物流/運輸/資材,運儲經理,150109,因具備物資獲得、儲存及配送實務經驗，熟悉物流及倉儲相關規範，適合擔任運儲經理，負責統籌貨品(物料)儲存及配送相關事宜。,,建議取得財政部關務署認可之「優質企業供應鏈安全專責人員或自主管理專責人員」等相關證書
,,,09品管/製造/環衛,工廠主管,090101,因具備維修及庫儲管理實務經驗，熟悉廠線配置、工作排程及物料管理，適合擔任工廠主管，統籌工廠營運管理事宜。,,
,,,09品管/製造/環衛,品管/品保主管,090102,因具備督導裝備保養維修實務經驗，熟悉品質稽核架構與缺失矯正規範，適合擔任品管/品保主管，從事品管/品保計畫擬訂及執行等工作。,,建議取得中華民國品質學會「品質工程師認證」（經濟部認可）
,,,01經營/行政/總務,經營管理主管,010101,具備團隊領導、策略規劃與跨部門溝通等相關實務經驗，熟悉組織運作、決策流程與績效管理，適合擔任經營管理主管，從事組織營運規劃、資源整合與危機處理等工作。,,
,,,21行銷/企劃/專案,專案管理主管,210301,因為擁有專案規劃、進度控管、流程優化及跨部門溝通等能力，適合轉銜為專案管理主管，從事專案規劃、管控及協調相關工作。,,建議取得國際專案管理師（PMP）認證
,,,21行銷/企劃/專案,企業永續發展人員,210305,因具備計畫擬定、風險評估與專案推動經驗，擁有流程管控、資料蒐整與跨部門溝通能力，適合轉銜企業永續發展人員，從事企業碳盤查、減碳規劃及社會責任（CSR）等相關工作。,,建議取得經濟部產業發展署「淨零碳規劃管理師」等相關能力鑑定
,,,22其他職類,顧問,220106,因具備計畫擬定、風險評估與專案推動經驗，擁有流程管控、資料蒐整與跨部門溝通能力，適合轉銜為顧問，接受企業委託，提供專業諮詢，提供經營改善方案。,,
補給將官,4B00,"1.供應策略與制度規劃
1.1制定資源供應政策與方向。
1.2建立制度與標準作業流程。
1.3優化整體資源配置機制。
2.供應鏈與資產管理
2.1管理需求評估與採購規劃。
2.2統籌儲存、分配與調度流程。
2.3督導設備維護與資產管理。
3.管理優化與發展推動
3.1推動制度更新與流程改善。
3.2規劃管理模式精進方案。
3.3提升組織營運效率與品質。",15物流/運輸/資材,運儲經理,150109,因具備物資獲得、儲存及配送實務經驗，熟悉物流及倉儲相關規範，適合擔任運儲經理，負責統籌貨品(物料)儲存及配送相關事宜。,,建議取得財政部關務署認可之「優質企業供應鏈安全專責人員或自主管理專責人員」等相關證書
,,,15物流/運輸/資材,物流中心經理,150108,因具備物資獲得、儲存及配送實務經驗，熟悉物流及倉儲相關規範，適合擔任物流中心經理，負責物流規劃及執行相關事宜。,,建議取得財政部關務署認可之「優質企業供應鏈安全專責人員或自主管理專責人員」等證書
,,,15物流/運輸/資材,資材主管,150302,因具備物資獲得、儲存及配送實務經驗，熟悉物流及倉儲相關規範，適合擔任資材主管，從事資材盤點、儲位規劃與供應鏈管理等相關工作。,,
,,,09品管/製造/環衛,品管/品保主管,090102,因具備督導裝備保養維修實務經驗，熟悉品質稽核架構與缺失矯正規範，適合擔任品管/品保主管，從事品管/品保計畫擬訂及執行等工作。,,建議取得中華民國品質學會「品質工程師認證」（經濟部認可）
,,,01經營/行政/總務,經營管理主管,010101,具備團隊領導、策略規劃與跨部門溝通等相關實務經驗，熟悉組織運作、決策流程與績效管理，適合擔任經營管理主管，從事組織營運規劃、資源整合與危機處理等工作。,,
,,,21行銷/企劃/專案,專案管理主管,210301,因為擁有專案規劃、進度控管、流程優化及跨部門溝通等能力，適合轉銜為專案管理主管，從事專案規劃、管控及協調相關工作。,,建議取得國際專案管理師（PMP）認證
,,,21行銷/企劃/專案,企業永續發展人員,210305,因具備計畫擬定、風險評估與專案推動經驗，擁有流程管控、資料蒐整與跨部門溝通能力，適合轉銜企業永續發展人員，從事企業碳盤查、減碳規劃及社會責任（CSR）等相關工作。,,建議取得經濟部產業發展署「淨零碳規劃管理師」等相關能力鑑定
,,,22其他職類,顧問,220106,因為具備計畫擬定、風險評估與專案推動經驗，擁有流程管控、資料蒐整與跨部門溝通能力，適合轉銜企管顧問，從事企業策略輔導、流程規劃與營運管理等相關工作。,,
補給部隊指揮官,CB11,"1.資源供應與調度管理
1.1統籌資源需求與配置規劃。
1.2管理供應流程與支援運作。
1.3提升資源使用效率與即時性。
2.團隊管理與營運執行
2.1規劃工作分配與執行安排。
2.2帶領團隊完成營運目標。
2.3提升協作效率與執行品質。
3.成效控管與流程優化
3.1監督作業進度與品質表現。
3.2分析執行問題與改善流程。
3.3強化整體營運效能。",15物流/運輸/資材,運儲經理,150109,因具備物資獲得、儲存及配送實務經驗，熟悉物流及倉儲相關規範，適合擔任運儲經理，負責統籌貨品(物料)儲存及配送相關事宜。,,建議取得財政部關務署認可之「優質企業供應鏈安全專責人員或自主管理專責人員」等相關證書
,,,15物流/運輸/資材,物流中心經理,150108,因具備物資獲得、儲存及配送實務經驗，熟悉物流及倉儲相關規範，適合擔任物流中心經理，負責物流規劃及執行相關事宜。,,建議取得財政部關務署認可之「優質企業供應鏈安全專責人員或自主管理專責人員」等證書
,,,15物流/運輸/資材,資材主管,150302,因具備物資獲得、儲存及配送實務經驗，熟悉物流及倉儲相關規範，適合擔任資材主管，從事資材盤點、儲位規劃與供應鏈管理等相關工作。,,
,,,09品管/製造/環衛,品管/品保主管,090102,因具備督導裝備保養維修實務經驗，熟悉品質稽核架構與缺失矯正規範，適合擔任品管/品保主管，從事品管/品保計畫擬訂及執行等工作。,,建議取得中華民國品質學會「品質工程師認證」（經濟部認可）
,,,01經營/行政/總務,經營管理主管,010101,具備團隊領導、策略規劃與跨部門溝通等相關實務經驗，熟悉組織運作、決策流程與績效管理，適合擔任經營管理主管，從事組織營運規劃、資源整合與危機處理等工作。,,
,,,21行銷/企劃/專案,營運管理師/企業ERP管理師,210302,具備策略規劃與資源整合經驗，熟悉系統導入與跨部門協調，適合擔任營運管理師/ERP專案師，從事營運流程優化、系統導入或跨部門整合等相關工作。,,建議取得經濟部產業發展署「營運智慧分析師能力鑑定證書」
,,,21行銷/企劃/專案,專案管理主管,210301,因為擁有專案規劃、進度控管、流程優化及跨部門溝通等能力，適合轉銜為專案管理主管，從事專案規劃、管控及協調相關工作。,,建議取得國際專案管理師（PMP）認證
,,,21行銷/企劃/專案,企業永續發展人員,210305,因具備計畫擬定、風險評估與專案推動經驗，擁有流程管控、資料蒐整與跨部門溝通能力，適合轉銜企業永續發展人員，從事企業碳盤查、減碳規劃及社會責任（CSR）等相關工作。,,建議取得經濟部產業發展署「淨零碳規劃管理師」等相關能力鑑定
,,,通俗職業未收錄依UCAN對應,供應鏈經理,,具備補給指揮與資源分配經驗，適合轉銜供應鏈經理，從事供應鏈策略規劃與跨產業協調等相關工作。,,建議取得財政部關務署認可之「優質企業供應鏈安全專責人員或自主管理專責人員」等證書
兵工將官,4C00,"1.生產與維運管理
1.1制定生產與維護管理策略。
1.2統籌製造與維修流程運作。
1.3提升整體產能與設備效率。
2.設備與物料管理
2.1管理設備配置與維護計畫。
2.2統籌物料補充與使用控管。
2.3優化資源利用與成本效益。
3.技術改善與流程優化
3.1推動設備與流程改善方案。
3.2建立標準化管理制度。
3.3強化品質控管與營運效能。",09品管/製造/環衛,工廠主管,090101,因具備維修及庫儲管理實務經驗，熟悉廠線配置、工作排程及物料管理，適合擔任工廠主管，統籌工廠營運管理事宜。,,
,,,09品管/製造/環衛,品管/品保主管,090102,因具備督導裝備保養維修實務經驗，熟悉品質稽核架構與缺失矯正規範，適合擔任品管/品保主管，從事品管/品保計畫擬訂及執行等工作。,,建議取得中華民國品質學會「品質工程師認證」（經濟部認可）
,,,01經營/行政/總務,經營管理主管,010101,具備團隊領導、策略規劃與跨部門溝通等相關實務經驗，熟悉組織運作、決策流程與績效管理，適合擔任經營管理主管，從事組織營運規劃、資源整合與危機處理等工作。,,
,,,21行銷/企劃/專案,專案管理主管,210301,因為擁有專案規劃、進度控管、流程優化及跨部門溝通等能力，適合轉銜為專案管理主管，從事專案規劃、管控及協調相關工作。,,建議取得國際專案管理師（PMP）認證
,,,21行銷/企劃/專案,企業永續發展人員,210305,因具備計畫擬定、風險評估與專案推動經驗，擁有流程管控、資料蒐整與跨部門溝通能力，適合轉銜企業永續發展人員，從事企業碳盤查、減碳規劃及社會責任（CSR）等相關工作。,,建議取得經濟部產業發展署「淨零碳規劃管理師」等相關能力鑑定
,,,22其他職類,顧問,220106,因具備計畫擬定、風險評估與專案推動經驗，擁有流程管控、資料蒐整與跨部門溝通能力，適合轉銜為企管顧問，可從事企業策略輔導、流程規劃與營運管理等相關工作。,,
兵工部隊指揮官,CA11,"1.維修與技術服務管理
1.1規劃設備維護與修復流程。
1.2統籌技術支援與維修作業。
1.3提升設備可用率與服務品質。
2.團隊管理與人才培育
2.1管理團隊日常工作運作。
2.2規劃專業訓練與能力提升。
2.3督導工作品質與執行成效。
3.設備資產與場域維運
3.1管理設備保養與資產配置。
3.2維持作業環境安全與穩定。
3.3提升整體營運效率與品質。",09品管/製造/環衛,工廠主管,090101,因具備維修及庫儲管理實務經驗，熟悉廠線配置、工作排程及物料管理，適合擔任工廠主管，統籌工廠營運管理事宜。,,
,,,09品管/製造/環衛,品管/品保主管,090102,因具備督導裝備保養維修實務經驗，熟悉品質稽核架構與缺失矯正規範，適合擔任品管/品保主管，從事品管/品保計畫擬訂及執行等工作。,,建議取得中華民國品質學會「品質工程師認證」（經濟部認可）
,,,09品管/製造/環衛,工安/環工主管,090302,因具備維修及庫儲管理實務經驗，熟悉風險辨識評估及職災預防規範，適合轉銜為工安/環工主管，從事釐訂職業災害防止計畫，督導及評估各部門之勞工安全衛生管理工作。,應具備勞動部「職業安全衛生管理乙級技術士證」,
,,,15物流/運輸/資材,運儲經理,150109,因具備物資獲得、儲存及配送實務經驗，熟悉物流及倉儲相關規範，適合擔任運儲經理，負責統籌貨品(物料)儲存及配送相關事宜。,,建議取得財政部關務署認可之「優質企業供應鏈安全專責人員或自主管理專責人員」等相關證書
,,,01經營/行政/總務,經營管理主管,010101,具備團隊領導、策略規劃與跨部門溝通等相關實務經驗，熟悉組織運作、決策流程與績效管理，適合擔任經營管理主管，從事組織營運規劃、資源整合與危機處理等工作。,,
,,,21行銷/企劃/專案,營運管理師/企業ERP管理師,210302,具備策略規劃與資源整合經驗，熟悉系統導入與跨部門協調，適合擔任營運管理師/ERP專案師，從事營運流程優化、系統導入或跨部門整合等相關工作。,,建議取得經濟部產業發展署「營運智慧分析師能力鑑定證書」
,,,21行銷/企劃/專案,專案管理主管,210301,因為擁有專案規劃、進度控管、流程優化及跨部門溝通等能力，適合轉銜為專案管理主管，從事專案規劃、管控及協調相關工作。,,建議取得國際專案管理師（PMP）認證
,,,21行銷/企劃/專案,企業永續發展人員,210305,因具備計畫擬定、風險評估與專案推動經驗，擁有流程管控、資料蒐整與跨部門溝通能力，適合轉銜企業永續發展人員，從事企業碳盤查、減碳規劃及社會責任（CSR）等相關工作。,,建議取得經濟部產業發展署「淨零碳規劃管理師」等相關能力鑑定
兵工廠庫主官,CA12,"1.生產與維修流程管理
1.1規劃加工、裝配與維修流程。
1.2督導技術作業品質與效率。
1.3提升整體生產與維運效能。
2.工具與物料管理
2.1管理工具與零件配置使用。
2.2控管材料品質與使用效率。
2.3建立資材標準化管理流程。
3.倉儲與營運管理
3.1管理成品與物料庫存。
3.2執行倉儲整理與盤點作業。
3.3優化庫存周轉與場域效率。",09品管/製造/環衛,工廠主管,090101,因具備維修及庫儲管理實務經驗，熟悉廠線配置、工作排程及物料管理，適合擔任工廠主管，統籌工廠營運管理事宜。,,
,,,09品管/製造/環衛,品管/品保主管,090102,因具備督導裝備保養維修實務經驗，熟悉品質稽核架構與缺失矯正規範，適合擔任品管/品保主管，從事品管/品保計畫擬訂及執行等工作。,,建議取得中華民國品質學會「品質工程師認證」（經濟部認可）
,,,09品管/製造/環衛,工安/環工主管,090302,因具備維修及庫儲管理實務經驗，熟悉風險辨識評估及職災預防規範，適合轉銜為工安/環工主管，從事釐訂職業災害防止計畫，督導及評估各部門之勞工安全衛生管理工作。,應具備勞動部「職業安全衛生管理乙級技術士證」,
,,,15物流/運輸/資材,運儲經理,150109,因具備物資獲得、儲存及配送實務經驗，熟悉物流及倉儲相關規範，適合擔任運儲經理，負責統籌貨品(物料)儲存及配送相關事宜。,,建議取得財政部關務署認可之「優質企業供應鏈安全專責人員或自主管理專責人員」等相關證書
,,,01經營/行政/總務,經營管理主管,010101,具備團隊領導、策略規劃與跨部門溝通等相關實務經驗，熟悉組織運作、決策流程與績效管理，適合擔任經營管理主管，從事組織營運規劃、資源整合與危機處理等工作。,,
,,,21行銷/企劃/專案,營運管理師/企業ERP管理師,210302,具備策略規劃與資源整合經驗，熟悉系統導入與跨部門協調，適合擔任營運管理師/ERP專案師，從事營運流程優化、系統導入或跨部門整合等相關工作。,,建議取得經濟部產業發展署「營運智慧分析師能力鑑定證書」
,,,21行銷/企劃/專案,專案管理主管,210301,因為擁有專案規劃、進度控管、流程優化及跨部門溝通等能力，適合轉銜為專案管理主管，從事專案規劃、管控及協調相關工作。,,建議取得國際專案管理師（PMP）認證
,,,21行銷/企劃/專案,企業永續發展人員,210305,因具備計畫擬定、風險評估與專案推動經驗，擁有流程管控、資料蒐整與跨部門溝通能力，適合轉銜企業永續發展人員，從事企業碳盤查、減碳規劃及社會責任（CSR）等相關工作。,,建議取得經濟部產業發展署「淨零碳規劃管理師」等相關能力鑑定
運輸兵指揮將官,BE00,"1.運輸與物流調度管理
1.1規劃運輸流程與調度策略。
1.2管控物資與人員運輸作業。
1.3提升配送效率與準確性。
2.組織營運與人員管理
2.1管理團隊日常運作與任務分配。
2.2規劃教育訓練與能力提升。
2.3提升整體執行效率。
3.車輛與設備維護管理
3.1管理運輸車輛與設備狀態。
3.2督導保養與使用安全。
3.3確保運輸系統穩定運作。",15物流/運輸/資材,交通運輸部門主管,150201,因具備團隊領導及運輸部門指揮調度實務經驗，熟悉策略規劃及運輸作業流程，適合擔任交通運輸部門主管，統籌規劃運輸調度相關事宜。,,
,,,15物流/運輸/資材,物流中心經理,150108,因具備物資獲得、儲存及配送實務經驗，熟悉物流及倉儲相關規範，適合擔任物流中心經理，負責物流規劃及執行相關事宜。,,建議取得財政部關務署認可之「優質企業供應鏈安全專責人員或自主管理專責人員」等證書
,,,01經營/行政/總務,經營管理主管,010101,具備團隊領導、策略規劃與跨部門溝通等相關實務經驗，熟悉組織運作、決策流程與績效管理，適合擔任經營管理主管，從事組織營運規劃、資源整合與危機處理等工作。,,
,,,09品管/製造/環衛,品管/品保主管,090102,因具備督導裝備保養維修實務經驗，熟悉品質稽核架構與缺失矯正規範，適合擔任品管/品保主管，從事品管/品保計畫擬訂及執行等工作。,,建議取得中華民國品質學會「品質工程師認證」（經濟部認可）
,,,21行銷/企劃/專案,專案管理主管,210301,因為擁有專案規劃、進度控管、流程優化及跨部門溝通等能力，適合轉銜為專案管理主管，從事專案規劃、管控及協調相關工作。,,建議取得國際專案管理師（PMP）認證
,,,21行銷/企劃/專案,企業永續發展人員,210305,因具備計畫擬定、風險評估與專案推動經驗，擁有流程管控、資料蒐整與跨部門溝通能力，適合轉銜企業永續發展人員，從事企業碳盤查、減碳規劃及社會責任（CSR）等相關工作。,,建議取得經濟部產業發展署「淨零碳規劃管理師」等相關能力鑑定
,,,21行銷/企劃/專案,營運管理師/企業ERP管理師,210302,具備策略規劃與資源整合經驗，熟悉系統導入與跨部門協調，適合擔任營運管理師/ERP專案師，從事營運流程優化、系統導入或跨部門整合等相關工作。,,建議取得經濟部產業發展署「營運智慧分析師能力鑑定證書」
,,,22其他職類,顧問,220106,因具備計畫擬定、風險評估與專案推動經驗，擁有流程管控、資料蒐整與跨部門溝通能力，適合轉銜為顧問，接受企業委託，提供專業諮詢，提供經營改善方案。,,
運輸將官,4K00,"1.運輸策略與計畫規劃
1.1制定運輸與物流策略。
1.2規劃整體運輸運作架構。
1.3優化資源配置與調度模式。
2.運輸執行與調度管理
2.1管理運輸計畫執行流程。
2.2控管物流調度與配送效率。
2.3確保作業準確性與時效性。
3.流程監督與營運優化
3.1監督運輸作業執行情形。
3.2建立標準化作業流程。
3.3提升整體運輸營運效能。",15物流/運輸/資材,物流中心經理,150108,因具備物資獲得、儲存及配送實務經驗，熟悉物流及倉儲相關規範，適合擔任物流中心經理，負責物流規劃及執行相關事宜。,,建議取得財政部關務署認可之「優質企業供應鏈安全專責人員或自主管理專責人員」等證書
,,,15物流/運輸/資材,交通運輸部門主管,150201,因具備團隊領導及運輸部門指揮調度實務經驗，熟悉策略規劃及運輸作業流程，適合擔任交通運輸部門主管，統籌規劃運輸調度相關事宜。,,
,,,01經營/行政/總務,經營管理主管,010101,具備團隊領導、策略規劃與跨部門溝通等相關實務經驗，熟悉組織運作、決策流程與績效管理，適合擔任經營管理主管，從事組織營運規劃、資源整合與危機處理等工作。,,
,,,09品管/製造/環衛,品管/品保主管,090102,因具備督導裝備保養維修實務經驗，熟悉品質稽核架構與缺失矯正規範，適合擔任品管/品保主管，從事品管/品保計畫擬訂及執行等工作。,,建議取得中華民國品質學會「品質工程師認證」（經濟部認可）
,,,21行銷/企劃/專案,專案管理主管,210301,因為擁有專案規劃、進度控管、流程優化及跨部門溝通等能力，適合轉銜為專案管理主管，從事專案規劃、管控及協調相關工作。,,建議取得國際專案管理師（PMP）認證
,,,21行銷/企劃/專案,營運管理師/企業ERP管理師,210302,具備策略規劃與資源整合經驗，熟悉系統導入與跨部門協調，適合擔任營運管理師/ERP專案師，從事營運流程優化、系統導入或跨部門整合等相關工作。,,建議取得經濟部產業發展署「營運智慧分析師能力鑑定證書」
,,,21行銷/企劃/專案,企業永續發展人員,210305,因具備計畫擬定、風險評估與專案推動經驗，擁有流程管控、資料蒐整與跨部門溝通能力，適合轉銜企業永續發展人員，從事企業碳盤查、減碳規劃及社會責任（CSR）等相關工作。,,建議取得經濟部產業發展署「淨零碳規劃管理師」等相關能力鑑定
,,,22其他職類,顧問,220106,因具備計畫擬定、風險評估與專案推動經驗，擁有流程管控、資料蒐整與跨部門溝通能力，適合轉銜為顧問，接受企業委託，提供專業諮詢，提供經營改善方案。,,
運輸兵指揮官,BE01,"1.運輸與物流調度管理
1.1規劃運輸任務與調度流程。
1.2管控物流配送與執行效率。
1.3提升運輸準確性與時效性。
2.團隊管理與營運執行
2.1管理團隊工作分配與運作。
2.2執行教育訓練與能力提升。
2.3提升整體營運協作效率。
3.車輛與設備維護管理
3.1管理運輸車輛與設備狀態。
3.2督導保養與安全使用。
3.3確保運輸系統穩定運行。",15物流/運輸/資材,交通運輸部門主管,150201,因具備團隊領導及運輸部門指揮調度實務經驗，熟悉策略規劃及運輸作業流程，適合擔任交通運輸部門主管，統籌規劃運輸調度相關事宜。,,
,,,15物流/運輸/資材,客(貨)運站長,150209,因為具備運輸勤務規劃與執行能力，適合轉銜為客(貨)運站長，負責管理運輸行業之營運活動及日常管理等相關工作。,,
,,,09品管/製造/環衛,品管/品保主管,090102,因具備督導裝備保養維修實務經驗，熟悉品質稽核架構與缺失矯正規範，適合擔任品管/品保主管，從事品管/品保計畫擬訂及執行等工作。,,建議取得中華民國品質學會「品質工程師認證」（經濟部認可）
,,,21行銷/企劃/專案,營運管理師/企業ERP管理師,210302,具備策略規劃與資源整合經驗，熟悉系統導入與跨部門協調，適合擔任營運管理師/ERP專案師，從事營運流程優化、系統導入或跨部門整合等相關工作。,,建議取得經濟部產業發展署「營運智慧分析師能力鑑定證書」
,,,21行銷/企劃/專案,專案管理師,210304,因具備專案規劃及進度控管實務經驗、熟悉流程優化及跨部門溝通，適合擔任專案管理師，從事專案規劃、管控及協調相關工作。,,建議取得國際專案管理師（PMP）認證
,,,21行銷/企劃/專案,營運管理師/企業ERP管理師,210302,具備策略規劃與資源整合經驗，熟悉系統導入與跨部門協調，適合擔任營運管理師/ERP專案師，從事營運流程優化、系統導入或跨部門整合等相關工作。,,建議取得經濟部產業發展署「營運智慧分析師能力鑑定證書」
,,,21行銷/企劃/專案,企業永續發展人員,210305,因具備計畫擬定、風險評估與專案推動經驗，擁有流程管控、資料蒐整與跨部門溝通能力，適合轉銜企業永續發展人員，從事企業碳盤查、減碳規劃及社會責任（CSR）等相關工作。,,建議取得經濟部產業發展署「淨零碳規劃管理師」等相關能力鑑定
,,,01經營/行政/總務,行政總務主管,010301,因具備團隊領導及跨部門協調經驗，熟悉組織運作流程及行政事務規劃，適合擔任行政總務主管，統籌企業內部行政總務相關事宜。,,
,,,14教育/學術/研究,汽車駕駛教練,140119,因具備汽車駕駛教練能力，適合轉銜為汽車駕駛教練，進行車輛操作的示範教學，陪同學員進行練習及指導，實施成果評估。,應具備民營汽車駕駛人訓練機構教練證書及相關證照,
航機保修廠庫主官,CA22,"1.航空維修與製造管理
1.1規劃航空器維修與修造流程。
1.2管控維修作業品質與進度。
1.3提升設備可用率與維修效率。
2.技術作業與計畫管理
2.1制定維修與製造作業計畫。
2.2督導技術執行與標準落實。
2.3優化工程流程與作業品質。
3.團隊管理與訓練發展
3.1管理維修技術團隊運作。
3.2規劃專業訓練與能力提升。
3.3強化技術人力與作業效率。",09品管/製造/環衛,工廠主管,090101,因具備維修及庫儲管理實務經驗，熟悉廠線配置、工作排程及物料管理，適合擔任工廠主管，統籌工廠營運管理事宜。,,
,,,09品管/製造/環衛,品管/品保主管,090102,因具備督導裝備保養維修實務經驗，熟悉品質稽核架構與缺失矯正規範，適合擔任品管/品保主管，從事品管/品保計畫擬訂及執行等工作。,,建議取得中華民國品質學會「品質工程師認證」（經濟部認可）
,,,09品管/製造/環衛,工安/環工主管,090302,因具備維修及庫儲管理實務經驗，熟悉風險辨識評估及職災預防規範，適合轉銜為工安/環工主管，從事釐訂職業災害防止計畫，督導及評估各部門之勞工安全衛生管理工作。,應具備勞動部「職業安全衛生管理乙級技術士證」,
,,,01經營/行政/總務,經營管理主管,010101,具備團隊領導、策略規劃與跨部門溝通等相關實務經驗，熟悉組織運作、決策流程與績效管理，適合擔任經營管理主管，從事組織營運規劃、資源整合與危機處理等工作。,,
,,,21行銷/企劃/專案,營運管理師/企業ERP管理師,210302,具備策略規劃與資源整合經驗，熟悉系統導入與跨部門協調，適合擔任營運管理師/ERP專案師，從事營運流程優化、系統導入或跨部門整合等相關工作。,,建議取得經濟部產業發展署「營運智慧分析師能力鑑定證書」
,,,21行銷/企劃/專案,專案管理主管,210301,因為擁有專案規劃、進度控管、流程優化及跨部門溝通等能力，適合轉銜為專案管理主管，從事專案規劃、管控及協調相關工作。,,建議取得國際專案管理師（PMP）認證
,,,21行銷/企劃/專案,企業永續發展人員,210305,因具備計畫擬定、風險評估與專案推動經驗，擁有流程管控、資料蒐整與跨部門溝通能力，適合轉銜企業永續發展人員，從事企業碳盤查、減碳規劃及社會責任（CSR）等相關工作。,,建議取得經濟部產業發展署「淨零碳規劃管理師」等相關能力鑑定
飛彈保修廠庫主官,CA31,"1.高精密設備維修與製造管理
1.1管理飛彈與光電設備維修流程。
1.2提升設備可靠度與維修品質。
1.3優化維修效率與作業標準。
2.技術計畫與品質管理
2.1規劃維修與修造作業計畫。
2.2督導技術執行與品質控管。
2.3建立標準化維修流程。
3.設備維運與資源管理
3.1管理裝備保養與維修資源。
3.2優化補給與維修支援流程。
3.3提升整體設備運作效能。",09品管/製造/環衛,工廠主管,090101,因具備維修及庫儲管理實務經驗，熟悉廠線配置、工作排程及物料管理，適合擔任工廠主管，統籌工廠營運管理事宜。,,
,,,09品管/製造/環衛,品管/品保主管,090102,因具備督導裝備保養維修實務經驗，熟悉品質稽核架構與缺失矯正規範，適合擔任品管/品保主管，從事品管/品保計畫擬訂及執行等工作。,,建議取得中華民國品質學會「品質工程師認證」（經濟部認可）
,,,09品管/製造/環衛,工安/環工主管,090302,因具備維修及庫儲管理實務經驗，熟悉風險辨識評估及職災預防規範，適合轉銜為工安/環工主管，從事釐訂職業災害防止計畫，督導及評估各部門之勞工安全衛生管理工作。,應具備勞動部「職業安全衛生管理乙級技術士證」,
,,,01經營/行政/總務,經營管理主管,010101,具備團隊領導、策略規劃與跨部門溝通等相關實務經驗，熟悉組織運作、決策流程與績效管理，適合擔任經營管理主管，從事組織營運規劃、資源整合與危機處理等工作。,,
,,,21行銷/企劃/專案,營運管理師/企業ERP管理師,210302,具備策略規劃與資源整合經驗，熟悉系統導入與跨部門協調，適合擔任營運管理師/ERP專案師，從事營運流程優化、系統導入或跨部門整合等相關工作。,,建議取得經濟部產業發展署「營運智慧分析師能力鑑定證書」
,,,21行銷/企劃/專案,專案管理主管,210301,因具有工廠管理與領導能力，適合轉銜為專案管理主管，從事專案規劃、管控及協調相關工作。,,建議取得國際專案管理師（PMP）認證
,,,21行銷/企劃/專案,企業永續發展人員,210305,因具備計畫擬定、風險評估與專案推動經驗，擁有流程管控、資料蒐整與跨部門溝通能力，適合轉銜企業永續發展人員，從事企業碳盤查、減碳規劃及社會責任（CSR）等相關工作。,,建議取得經濟部產業發展署「淨零碳規劃管理師」等相關能力鑑定
彈藥部隊指揮官,CA41,"1.危險物品安全管理
1.1管理彈藥與高風險物資儲存安全。
1.2執行安全檢查與風險控管。
1.3建立標準化安全作業流程。
2.未爆物風險評估與處置
2.1判別未爆物種類與危害程度。
2.2評估安全影響範圍與風險區域。
2.3規劃安全處置與排除流程。
3.技術作業與人員管理
3.1督導專業技術作業執行。
3.2規劃安全訓練與能力提升。
3.3提升作業品質與安全標準。",09品管/製造/環衛,工廠主管,090101,因具備維修及庫儲管理實務經驗，熟悉廠線配置、工作排程及物料管理，適合擔任工廠主管，統籌工廠營運管理事宜。,,
,,,09品管/製造/環衛,品管/品保主管,090102,因具備督導裝備保養維修實務經驗，熟悉品質稽核架構與缺失矯正規範，適合擔任品管/品保主管，從事品管/品保計畫擬訂及執行等工作。,,建議取得中華民國品質學會「品質工程師認證」（經濟部認可）
,,,09品管/製造/環衛,工安/環工主管,090302,因具備維修及庫儲管理實務經驗，熟悉風險辨識評估及職災預防規範，適合轉銜為工安/環工主管，從事釐訂職業災害防止計畫，督導及評估各部門之勞工安全衛生管理工作。,應具備勞動部「職業安全衛生管理乙級技術士證」,
,,,15物流/運輸/資材,運儲經理,150109,因具備物資獲得、儲存及配送實務經驗，熟悉物流及倉儲相關規範，適合擔任運儲經理，負責統籌貨品(物料)儲存及配送相關事宜。,,建議取得財政部關務署認可之「優質企業供應鏈安全專責人員或自主管理專責人員」等相關證書
,,,01經營/行政/總務,經營管理主管,010101,具備團隊領導、策略規劃與跨部門溝通等相關實務經驗，熟悉組織運作、決策流程與績效管理，適合擔任經營管理主管，從事組織營運規劃、資源整合與危機處理等工作。,,
,,,21行銷/企劃/專案,營運管理師/企業ERP管理師,210302,具備策略規劃與資源整合經驗，熟悉系統導入與跨部門協調，適合擔任營運管理師/ERP專案師，從事營運流程優化、系統導入或跨部門整合等相關工作。,,建議取得經濟部產業發展署「營運智慧分析師能力鑑定證書」
,,,21行銷/企劃/專案,專案管理主管,210301,因具備彈藥部隊指揮管理能力，擁有專案規劃、進度控管、流程優化及跨部門溝通等能力，適合轉銜為專案管理主管，從事專案規劃、管控及協調相關工作。,,建議取得國際專案管理師（PMP）認證
,,,21行銷/企劃/專案,企業永續發展人員,210305,因具備計畫擬定、風險評估與專案推動經驗，擁有流程管控、資料蒐整與跨部門溝通能力，適合轉銜企業永續發展人員，從事企業碳盤查、減碳規劃及社會責任（CSR）等相關工作。,,建議取得經濟部產業發展署「淨零碳規劃管理師」等相關能力鑑定
工兵將官,4H00,"1.工程與基礎建設管理
1.1規劃與管理工程建設與維運。
1.2確保設施穩定性與使用效率。
1.3提升整體工程營運品質。
2.政策與制度規劃
2.1制定工程與營運管理政策。
2.2建立標準作業流程與規範。
2.3推動制度落地與執行。
3.專案與作業督導
3.1管理工程專案進度與品質。
3.2督導作業執行與安全規範。
3.3提升整體工程執行效能。",11資訊/軟體/系統,營建主管,110111,因熟悉工兵法規制度及作業流程，適合轉銜為營建主管，於建築或營造企業從事工程規劃、現場監督、品質控管與團隊指揮等任務。,,建議取得勞動部「建築工程管理」相關技術士證
,,,01經營/行政/總務,經營管理主管,010101,具備團隊領導、策略規劃與跨部門溝通等相關實務經驗，熟悉組織運作、決策流程與績效管理，適合擔任經營管理主管，從事組織營運規劃、資源整合與危機處理等工作。,,
,,,09品管/製造/環衛,品管/品保主管,090102,因具備督導裝備保養維修實務經驗，熟悉品質稽核架構與缺失矯正規範，適合擔任品管/品保主管，從事品管/品保計畫擬訂及執行等工作。,,建議取得中華民國品質學會「品質工程師認證」（經濟部認可）
,,,21行銷/企劃/專案,專案管理主管,210301,因擁有專案規劃、進度控管、流程優化及跨部門溝通等能力，適合轉銜為專案管理主管，從事專案規劃、管控及協調相關工作。,,建議取得國際專案管理師（PMP）認證
,,,21行銷/企劃/專案,營運管理師/企業ERP管理師,210302,具備策略規劃與資源整合經驗，熟悉系統導入與跨部門協調，適合擔任營運管理師/ERP專案師，從事營運流程優化、系統導入或跨部門整合等相關工作。,,建議取得經濟部產業發展署「營運智慧分析師能力鑑定證書」
,,,21行銷/企劃/專案,企業永續發展人員,210305,因具備計畫擬定、風險評估與專案推動經驗，擁有流程管控、資料蒐整與跨部門溝通能力，適合轉銜企業永續發展人員，從事企業碳盤查、減碳規劃及社會責任（CSR）等相關工作。,,建議取得經濟部產業發展署「淨零碳規劃管理師」等相關能力鑑定
,,,22其他職類,顧問,220106,因具備計畫擬定、風險評估與專案推動經驗，擁有流程管控、資料蒐整與跨部門溝通能力，適合轉銜為顧問，接受企業委託，提供專業諮詢，提供經營改善方案。,,
工兵指揮將官,BB00,"1.工程體系與策略發展
1.1規劃工程組織發展與能力建構。
1.2設計長期營運與技術發展方向。
1.3提升整體工程系統效能。
2.作業流程與訓練體系設計
2.1建立工程作業標準與流程。
2.2規劃專業訓練與能力養成系統。
2.3優化執行效率與一致性。
3.技術研發與能力提升
3.1推動工程技術與方法改良。
3.2評估與導入新型工程應用模式。
3.3強化整體技術能力與競爭力。",01經營/行政/總務,經營管理主管,010101,具備團隊領導、策略規劃與跨部門溝通等相關實務經驗，熟悉組織運作、決策流程與績效管理，適合擔任經營管理主管，從事組織營運規劃、資源整合與危機處理等工作。,,
,,,11資訊/軟體/系統,營建主管,110111,具備工程規劃、資源整合及團隊領導等相關實務經驗，熟悉施工流程、專案管控與安全管理規範，適合擔任營建主管，從事工程專案管理與施工營運管理工作。,,建議取得勞動部「建築工程管理」等相關技術士證
,,,09品管/製造/環衛,品管/品保主管,090102,具備督導工程施作及裝備保養實務經驗，熟悉品質稽核架構與缺失矯正規範，適合擔任品管/品保主管，從事品管/品保計畫擬訂及執行等工作。,,建議取得中華民國品質學會「品質工程師認證」（經濟部認可）
,,,21行銷/企劃/專案,專案管理主管,210301,因為擁有專案規劃、進度控管、流程優，適合轉銜專案管理主管，從事專案規劃、管控及協調相關工作。,,建議取得國際專案管理師（PMP）認證
,,,21行銷/企劃/專案,營運管理師/企業ERP管理師,210302,具備策略規劃與資源整合經驗，熟悉系統導入與跨部門協調，適合擔任營運管理師/ERP專案師，從事營運流程優化、系統導入或跨部門整合等相關工作。,,建議取得經濟部產業發展署「營運智慧分析師能力鑑定證書」
,,,21行銷/企劃/專案,企業永續發展人員,210305,因具備計畫擬定、風險評估與專案推動經驗，擁有流程管控、資料蒐整與跨部門溝通能力，適合轉銜企業永續發展人員，從事企業碳盤查、減碳規劃及社會責任（CSR）等相關工作。,,建議取得經濟部產業發展署「淨零碳規劃管理師」等相關能力鑑定
,,,22其他職類,顧問,220106,因具備計畫擬定、風險評估與專案推動經驗及流程管控、資料蒐整與跨部門溝通能力，適合轉銜顧問，接受企業委託提供專業諮詢，提供經營改善方案。,,
戰鬥工兵指揮官,BB11,"1.工程支援與專案管理
1.1規劃工程支援與作業流程。
1.2管理專案執行與資源配置。
1.3提升作業效率與支援能力。
2.作業執行與流程控管
2.1督導工程任務執行品質。
2.2管控作業進度與安全標準。
2.3優化執行流程與協作效率。
3.團隊管理與訓練發展
3.1管理工程支援團隊運作。
3.2規劃訓練與能力提升計畫。
3.3提升整體專業執行能力。",11營建/製圖/施作,營建主管,110111,具備工程規劃、資源整合及團隊領導等相關實務經驗，熟悉施工流程、專案管控與安全管理規範，適合擔任營建主管，從事工程專案管理與施工營運管理工作。,,建議取得勞動部「建築工程管理」等相關技術士證
,,,11資訊/軟體/系統,工地安全衛生工程師,110105,具備現場指揮與風險管控實務經驗，熟悉風險辨識評估與職災防範規範，適合擔任為工地安全衛生工程師，從事工地安全規劃、作業稽核與危害預防等工作。,,建議取得勞動部「職業安全衛生管理乙級技術士證」
,,,09品管/製造/環衛,品管/品保主管,090102,具備督導工程施作及裝備保養實務經驗，熟悉品質稽核架構與缺失矯正規範，適合擔任品管/品保主管，從事品管/品保計畫擬訂及執行等工作。,,建議取得中華民國品質學會「品質工程師認證」（經濟部認可）
,,,21行銷/企劃/專案,營運管理師/企業ERP管理師,210302,具備策略規劃與資源整合經驗，熟悉系統導入與跨部門協調，適合擔任營運管理師/ERP專案師，從事營運流程優化、系統導入或跨部門整合等相關工作。,,建議取得經濟部產業發展署「營運智慧分析師能力鑑定證書」
,,,21行銷/企劃/專案,專案管理師,210304,因為擁有專案規劃、進度控管、流程優化及跨部門溝通等能力，適合轉銜為專案管理主管，從事專案規劃、管控及協調相關工作。,,建議取得國際專案管理師（PMP）認證
,,,21行銷/企劃/專案,企業永續發展人員,210305,因具備計畫擬定、風險評估與專案推動經驗，擁有流程管控、資料蒐整與跨部門溝通能力，適合轉銜企業永續發展人員，從事企業碳盤查、減碳規劃及社會責任（CSR）等相關工作。,,建議取得經濟部產業發展署「淨零碳規劃管理師」等相關能力鑑定
,,,01經營/行政/總務,經營管理主管,010101,具備團隊領導、策略規劃與跨部門溝通等相關實務經驗，熟悉組織運作、決策流程與績效管理，適合擔任經營管理主管，從事組織營運規劃、資源整合與危機處理等工作。,,
後勤督導官,4A11,"1.供應鏈策略與營運規劃
1.1制定資源供應與營運政策。
1.2規劃整體物流與支援架構。
1.3建立跨部門協作機制。
2.物流與資源管理
2.1管理採購、儲存與配送流程。
2.2控管資源使用與庫存效率。
2.3優化供應鏈運作效能。
3.營運分析與決策支援
3.1分析供應與營運狀況。
3.2提供管理決策建議。
3.3督導改善措施執行。",09品管/製造/環衛,品管/品保主管,090102,因具備督導裝備保養維修實務經驗，熟悉品質稽核架構與缺失矯正規範，適合擔任品管/品保主管，從事品管/品保計畫擬訂及執行等工作。,,建議取得中華民國品質學會「品質工程師認證」（經濟部認可）
,,,01經營/行政/總務,行政總務主管,010301,因具備團隊領導及跨部門協調經驗，熟悉組織運作流程及行政事務規劃，適合擔任行政總務主管，統籌企業內部行政總務相關事宜。,,
,,,21行銷/企劃/專案,營運管理師/企業ERP管理師,210302,具備策略規劃與資源整合經驗，熟悉系統導入與跨部門協調，適合擔任營運管理師/ERP專案師，從事營運流程優化、系統導入或跨部門整合等相關工作。,,建議取得經濟部產業發展署「營運智慧分析師能力鑑定證書」
,,,21行銷/企劃/專案,專案管理師,210304,因具備專案規劃及進度控管實務經驗、熟悉流程優化及跨部門溝通，適合擔任專案管理師，從事專案規劃、管控及協調相關工作。,,建議取得國際專案管理師（PMP）認證
,,,21行銷/企劃/專案,企業永續發展人員,210305,因具備計畫擬定、風險評估與專案推動經驗，擁有流程管控、資料蒐整與跨部門溝通能力，適合轉銜企業永續發展人員，從事企業碳盤查、減碳規劃及社會責任（CSR）等相關工作。,,建議取得經濟部產業發展署「淨零碳規劃管理師」等相關能力鑑定
環保安全督導官,4A21,"1.環境政策與永續管理
1.1制定環境保護與永續發展策略。
1.2規劃環境管理制度與執行方案。
1.3推動組織永續管理機制。
2.環保專案與合規管理
2.1管理環保專案執行與進度。
2.2執行法規符合性檢核與改善。
2.3建立標準化環境管理流程。
3.教育訓練與推廣
3.1規劃環保教育與訓練課程。
3.2推動永續與環境意識宣導。
3.3提升組織整體環境管理能力。",09品管/製造/環衛,工安／環工主管,090302,具備環保法規執行監督經驗、熟悉作業環境評估與職業安全規範，適合擔任工安／環工主管，從事環境管理、工安計畫推動與法令遵循任務。,應具備勞動部「職業安全衛生管理乙級技術士證」,
,,,09品管/製造/環衛,環境工程人員,090304,具備環保計畫擬訂與污染防治知識，熟悉作業環境評估與職業安全規範，適合環境工程人員，從事環境規劃、污染控制與環境檢測任務。,,建議取得環境部「毒性及關注化學物質專業技術管理人員」、「空氣污染防制專責人員」或「廢(污)水防制專責人員」等相關證書
,,,09品管/製造/環衛,廠務,090220,具備設備維護及環境巡檢實務經驗，熟悉廠房運作規範與異常處置流程，適合擔任廠務，從事廠房設施巡檢及機具日常維護工作。,,
,,,09品管/製造/環衛,環保工安專業人員,090307,具備環保法規執行、作業環境評估監督經驗，適合擔任環保工安專業人員，從事環保稽核、危害預防及作業環境改善等工作。,,建議取得環境部「毒性及關注化學物質專業技術管理人員」、「空氣污染防制專責人員」或「廢(污)水防制專責人員」等相關證書
,,,21行銷/企劃/專案,營運管理師/企業ERP管理師,210302,具備策略規劃與資源整合經驗，熟悉系統導入與跨部門協調，適合擔任營運管理師/ERP專案師，從事營運流程優化、系統導入或跨部門整合等相關工作。,,建議取得經濟部產業發展署「營運智慧分析師能力鑑定證書」
,,,21行銷/企劃/專案,企業永續發展人員,210305,具備軍中環保計畫擬定、風險評估與專案推動經驗，擁有流程管控、資料蒐整與跨部門溝通能力，適合轉銜企業永續發展人員，從事企業碳盤查、減碳規劃及社會責任（CSR）等相關工作。,,建議取得經濟部產業發展署「淨零碳規劃管理師」等相關能力鑑定
,,,21行銷/企劃/專案,專案管理師,210304,因具備專案規劃及進度控管實務經驗、熟悉流程優化及跨部門溝通，適合擔任專案管理師，從事專案規劃、管控及協調相關工作。,,建議取得國際專案管理師（PMP）認證
,,,通俗職業未收錄依UCAN對應,作業環境監測技術人員,,擁有環境監測與數據分析經驗，適合作業環境監測技術人員，從事工作環境測試、污染檢測與健康風險評估任務。,應具備環境部「毒性及關注化學物質專業技術管理或空氣污染防制專責」等相關人員證書,
,,,通俗職業未收錄依UCAN對應,環境教育推廣人員,,具備軍中環保宣導與教育訓練經驗，適合環境教育推廣人員，從事環境教育、宣導活動與培訓課程規劃任務。,,
武器系統研究官,4A49,"1.技術研發與系統分析
1.1蒐整與分析武器系統技術資料。
1.2規劃系統研究與開發方向。
1.3推動技術升級與系統優化。
2.系統改善與技術解決
2.1評估射控與武器性能。
2.2提出系統改善與優化方案。
2.3解決技術整合與應用問題。
3.研發專案與資源管理
3.1管理研發專案進度與成果。
3.2控管研發經費與資源分配。
3.3確保合約執行與專案品質。",09品管/製造/環衛,生產設備工程師,090210,具備設備系統分析、運作監控及故障排除等實務經驗，熟悉設備運作原理、維護流程與效能改善機制，適合轉銜為生產設備工程師，從事生產設備設計、安裝與效能改善之工作。,,
,,,09品管/製造/環衛,製程工程師,090211,具備流程規劃分析、系統優化改善及問題診斷等實務經驗，熟悉製程設計流程、品質控管機制與持續改善方法，適合擔任製程工程師，從事製程改善、技術改良等工作。,,
,,,09品管/製造/環衛,工業工程師,090202,具備系統整合規劃、流程優化管理及資源配置分析等實務經驗，熟悉作業流程設計、效率提升機制與營運分析方法，適合擔任工業工程師，從事生產流程規劃、效能分析與品質提升。,,
,,,09品管/製造/環衛,品管/品保工程師,090107,具備品質監控管理、測試驗證分析及問題改善等實務經驗，熟悉品質管理流程、檢測機制與持續改善方法，適合擔任品管/品保工程師，從事品管/品保計畫擬訂及執行等工作。,,建議取得中華民國品質學會「品質工程師認證」（經濟部認可）
,,,07工程/研發/生技,電子產品系統工程師,070214,具備系統整合設計、設備運作分析及技術問題解決等實務經驗，熟悉電子系統架構、整合流程與測試驗證機制，適合擔任電子產品系統工程師，從事系統整合、功能驗證與跨模組技術協調等工作。,,建議取得勞動部「數位電子」等相關技術士證
,,,07工程/研發/生技,產品研發工程師,070203,具備產品研發規劃、技術分析應用及專案管控等實務經驗，熟悉研發流程、測試驗證機制與技術改善方法，適合擔任產品研發工程師，從事產品開發與技術研發工作。,,
,,,07工程/研發/生技,通訊系統工程師,070109,具備雷達與射控系統研究經驗，適合轉銜為天線設計工程師，使用天線模擬軟體進行天線特性評估，以及天線性能調適優化及量測。,,建議取得勞動部通信技術（電信技術）技術士證或iPAS經濟部產業人才能力鑑定「天線設計工程師」等相關證照
軍品生產管制官,4A53,"1.生產計畫與排程管理
1.1制定生產計畫與產能配置。
1.2管控製造進度與交付時程。
1.3提升整體生產效率。
2.工單與產能管理
2.1審核工單與生產需求。
2.2安排工作優先順序與負荷分配。
2.3優化產線運作效率。
3.物料與供應管理
3.1管理原物料需求與供應。
3.2協調採購與庫存調度。
3.3確保生產資源穩定性。",09品管/製造/環衛,生產管理主管,090219,具備生產計畫規劃、資源調度管控及製程協調管理等實務經驗，熟悉生產管理流程、產能規劃機制與進度管控制度，適合擔任生產管理主管，從事生產營運管理與產線調度工作。,,
,,,09品管/製造/環衛,製程工程師,090211,具備製程規劃分析、流程優化改善及生產問題診斷等實務經驗，熟悉製程設計流程、品質管控機制與持續改善方法，適合擔任製程工程師，從事製程設計與優化工作。,,
,,,09品管/製造/環衛,工業工程師,090202,具備系統流程規劃、資源配置分析及效率優化管理等實務經驗，熟悉作業流程設計、產能分析機制與營運改善方法，適合擔任工業工程師，從事系統優化與效率管理工作。,,
,,,09品管/製造/環衛,廠務,090220,具備設備運作管理、物料供應調度及作業流程執行等實務經驗，熟悉廠務管理流程、設備維護機制與資源供應作業，適合擔任廠務，從事廠務運作與設備管理工作。,,
,,,09品管/製造/環衛,品管/品保工程師,090107,具備品質管控作業、檢驗分析及生產監控等實務經驗，熟悉品質管理流程、檢測機制與持續改善方法，適合擔任品管/品保工程師，從事品管/品保計畫擬訂及執行等工作。,,建議取得中華民國品質學會「品質工程師認證」（經濟部認可）
,,,21行銷/企劃/專案,專案管理師,210304,具備專案規劃管控、資源整合調度及進度監控執行等實務經驗，熟悉專案管理流程、工作排程機制與風險控管作業，適合擔任專案管理師，運用專案管理技術，確保專案能如期如質完成。,,建議取得國際專案管理師（PMP）認證
經理修護官,4B14,"1.物資接收與維修管理
1.1管理回收物資接收與檢驗流程。
1.2執行物資分類與修復作業。
1.3提升資源再利用效率。
2.損耗評估與品質判定
2.1評估物資損壞程度與狀態。
2.2判定修復或報廢處理方式。
2.3建立標準化檢驗流程。
3.後勤與物流作業管理
3.1管理修護零件與補給申請。
3.2統籌修復品保養與包裝作業。
3.3協調物流與運輸流程。",09品管/製造/環衛,品管/品保工程師,090107,因具備督導裝備保養維修實務經驗，熟悉品質稽核架構與缺失矯正規範，適合擔任品管/品保工程師，從事品管/品保計畫擬訂及執行等工作。,,建議取得中華民國品質學會「品質工程師認證」（經濟部認可）
,,,09品管/製造/環衛,廠務,090220,具備設備運作管理、物料供應調度及作業流程執行等實務經驗，熟悉廠務管理流程、設備維護機制與資源供應作業，適合擔任廠務，從事廠務運作與設備管理工作。,,
,,,15物流/運輸/資材,倉儲物流人員,150107,因為具備經理品繳回接收及檢查分類能力，適合轉銜倉儲物流人員，負責倉儲作業執行進出貨、盤點、補貨等物流管理作業。,,建議取得勞動部「堆高機操作」技術士證
,,,15物流/運輸/資材,採購人員,150303,具備需求估算、成本分析及計畫擬訂等實務經驗，熟悉採購作業流程與供應管理機制，適合擔任採購人員，從事物資採購與供應管理工作。,,
,,,21行銷/企劃/專案,營運管理師/企業ERP管理師,210302,具備策略規劃與資源整合經驗，熟悉系統導入與跨部門協調，適合擔任營運管理師/ERP專案師，從事營運流程優化、系統導入或跨部門整合等相關工作。,,建議取得經濟部產業發展署「營運智慧分析師能力鑑定證書」
,,,21行銷/企劃/專案,專案管理師,210304,因具備專案規劃及進度控管實務經驗、熟悉流程優化及跨部門溝通，適合擔任專案管理師，從事專案規劃、管控及協調相關工作。,,建議取得國際專案管理師（PMP）認證
食勤官,4B16,"1.食品採購與供應管理
1.1規劃食品採購與需求預估。
1.2管理供應商與進貨流程。
1.3確保食材供應穩定性。
2.食材庫存與品質管理
2.1管理食品儲存與分類。
2.2控管庫存數量與保存期限。
2.3維持食品品質與安全標準。
3.膳食與餐飲營運管理
3.1規劃餐食作業與供應流程。
3.2管理餐飲作業效率與品質。
3.3優化餐飲成本與營運效能。",16旅遊/餐飲/休閒,食品衛生管理師,160209,具備食品安全管理、膳食作業規劃及物資管控等實務經驗，熟悉食品衛生規範、作業流程與品質管理機制，適合擔任食品衛生管理師，從事控管食品從原料來源、加工、生產製造到完成品之每個階段的安全衛生管理。,,建議取得經濟部產業發展署iPAS「食品品保初級工程師」
,,,16旅遊/餐飲/休閒,飯店、餐廳主管,160201,具備餐飲營運管理、物資調度及人員督導等實務經驗，熟悉餐飲作業流程、營運管理機制與品質控管規範，適合擔任飯店、餐廳主管，從事餐飲營運與管理工作。,,
,,,15物流/運輸/資材,倉儲物流人員,150107,具備物資採購分配、庫存管理及作業流程執行等實務經驗，熟悉倉儲作業流程、庫存控管機制與物流運作規範，適合擔任倉儲物流人員，負責倉儲作業執行進出貨、盤點、補貨等物流管理作業。,,建議取得勞動部「堆高機操作」技術士證
,,,15物流/運輸/資材,採購人員,150303,具備需求估算、成本分析及計畫擬訂等實務經驗，熟悉採購作業流程與供應管理機制，適合擔任採購人員，從事物資採購與供應管理工作。,,
,,,01經營/行政/總務,儲備幹部,010105,因於部隊長期接觸制度化作業流程，並具備遵守紀律、跨單位協作、情境應變與壓力下執行能力，適合轉銜企業儲備幹部，學習組織規章及營運流程，從事相關管理工作。,,
補給督導官,4B21,"1.供應鏈策略與規劃
1.1制定補給與供應鏈政策。
1.2規劃資源配置與物流架構。
1.3提升整體供應效率與穩定性。
2.物資管理與作業執行
2.1管理物資採購、儲存與配送。
2.2控管維護與資源使用效率。
2.3優化供應鏈作業流程。
3.行政與預算管理
3.1管理補給行政與後勤作業。
3.2執行預算控管與資源分配。
3.3推動營運流程改善與效率提升。",15物流/運輸/資材,運儲經理,150109,因具備物資獲得、儲存及配送實務經驗，熟悉物流及倉儲相關規範，適合擔任運儲經理，負責統籌貨品(物料)儲存及配送相關事宜。,,建議取得財政部關務署認可之「優質企業供應鏈安全專責人員或自主管理專責人員」等相關證書
,,,15物流/運輸/資材,物流中心經理,150108,因具備物資獲得、儲存及配送實務經驗，熟悉物流及倉儲相關規範，適合擔任物流中心經理，負責物流規劃及執行相關事宜。,,建議取得財政部關務署認可之「優質企業供應鏈安全專責人員或自主管理專責人員」等證書
,,,15物流/運輸/資材,資材主管,150302,因具備物資獲得、儲存及配送實務經驗，熟悉物流及倉儲相關規範，適合擔任資材主管，從事資材盤點、儲位規劃與供應鏈管理等相關工作。,,
,,,15物流/運輸/資材,採購人員,150303,具備需求估算、成本分析及計畫擬訂等實務經驗，熟悉採購作業流程與供應管理機制，適合擔任採購人員，從事物資採購與供應管理工作。,,
,,,09品管/製造/環衛,品管/品保工程師,090107,因具備督導裝備保養維修實務經驗，熟悉品質稽核架構與缺失矯正規範，適合擔任品管/品保工程師，從事品管/品保計畫擬訂及執行等工作。,,建議取得中華民國品質學會「品質工程師認證」（經濟部認可）
,,,21行銷/企劃/專案,營運管理師/企業ERP管理師,210302,具備策略規劃與資源整合經驗，熟悉系統導入與跨部門協調，適合擔任營運管理師/ERP專案師，從事營運流程優化、系統導入或跨部門整合等相關工作。,,建議取得經濟部產業發展署「營運智慧分析師能力鑑定證書」
,,,21行銷/企劃/專案,專案管理師,210304,因具備專案規劃及進度控管實務經驗、熟悉流程優化及跨部門溝通，適合擔任專案管理師，從事專案規劃、管控及協調相關工作。,,建議取得國際專案管理師（PMP）認證
,,,21行銷/企劃/專案,企業永續發展人員,210305,因具備計畫擬定、風險評估與專案推動經驗，擁有流程管控、資料蒐整與跨部門溝通能力，適合轉銜企業永續發展人員，從事企業碳盤查、減碳規劃及社會責任（CSR）等相關工作。,,建議取得經濟部產業發展署「淨零碳規劃管理師」等相關能力鑑定
零附件管理官,4B19,"1.備品供應與管理制度
1.1執行零附件供應與管理政策。
1.2建立標準化供應流程。
1.3確保供應一致性與穩定性。
2.需求與物流管理
2.1規劃零組件需求與採購。
2.2管理庫存與配送流程。
2.3提升供應效率與反應速度。
3.庫存與資源優化
3.1控管備品庫存與使用效率。
3.2分析損耗與補充需求。
3.3優化整體資源配置。",15物流/運輸/資材,運儲經理,150109,因具備物資獲得、儲存及配送實務經驗，熟悉物流及倉儲相關規範，適合擔任運儲經理，負責統籌貨品(物料)儲存及配送相關事宜。,,建議取得財政部關務署認可之「優質企業供應鏈安全專責人員或自主管理專責人員」等相關證書
,,,15物流/運輸/資材,物流中心經理,150108,因具備物資獲得、儲存及配送實務經驗，熟悉物流及倉儲相關規範，適合擔任物流中心經理，負責物流規劃及執行相關事宜。,,建議取得財政部關務署認可之「優質企業供應鏈安全專責人員或自主管理專責人員」等證書
,,,15物流/運輸/資材,資材主管,150302,因具備物資獲得、儲存及配送實務經驗，熟悉物流及倉儲相關規範，適合擔任資材主管，從事資材盤點、儲位規劃與供應鏈管理等相關工作。,,
,,,15物流/運輸/資材,採購人員,150303,具備需求估算、成本分析及計畫擬訂等實務經驗，熟悉採購作業流程與供應管理機制，適合擔任採購人員，從事物資採購與供應管理工作。,,
,,,09品管/製造/環衛,品管/品保工程師,090107,因具備督導裝備保養維修實務經驗，熟悉品質稽核架構與缺失矯正規範，適合擔任品管/品保工程師，從事品管/品保計畫擬訂及執行等工作。,,建議取得中華民國品質學會「品質工程師認證」（經濟部認可）
,,,21行銷/企劃/專案,營運管理師/企業ERP管理師/企業ERP管理師,210302,具備策略規劃與資源整合經驗，熟悉系統導入與跨部門協調，適合擔任營運管理師/ERP專案師，從事營運流程優化、系統導入或跨部門整合等相關工作。,,建議取得經濟部產業發展署「營運智慧分析師能力鑑定證書」
,,,21行銷/企劃/專案,專案管理師,210304,因具備專案規劃及進度控管實務經驗、熟悉流程優化及跨部門溝通，適合擔任專案管理師，從事專案規劃、管控及協調相關工作。,,建議取得國際專案管理師（PMP）認證
,,,21行銷/企劃/專案,企業永續發展人員,210305,因具備計畫擬定、風險評估與專案推動經驗，擁有流程管控、資料蒐整與跨部門溝通能力，適合轉銜企業永續發展人員，從事企業碳盤查、減碳規劃及社會責任（CSR）等相關工作。,,建議取得經濟部產業發展署「淨零碳規劃管理師」等相關能力鑑定
征購官,4B55,"1.採購策略與供應規劃
1.1制定採購與徵購策略。
1.2規劃供應來源與採購流程。
1.3優化資源取得效率與成本。
2.合約與風險管理
2.1審查採購契約條款與合理性。
2.2控管履約風險與供應穩定性。
2.3建立標準化採購合約流程。
3.市場分析與效率提升
3.1分析商品成本與供應能力。
3.2研究市場與產業趨勢。
3.3提出供應鏈效率改善方案。",15物流/運輸/資材,採購人員,150303,具備採購規劃執行、成本分析及契約審查等實務經驗，熟悉採購作業流程與供應管理機制，適合擔任採購人員，從事物資採購與供應管理工作。,,
,,,15物流/運輸/資材,運儲經理,150109,因具備物資獲得、儲存及配送實務經驗，熟悉物流及倉儲相關規範，適合擔任運儲經理，負責統籌貨品(物料)儲存及配送相關事宜。,,建議取得財政部關務署認可之「優質企業供應鏈安全專責人員或自主管理專責人員」等相關證書
,,,15物流/運輸/資材,物流中心經理,150108,因具備物資獲得、儲存及配送實務經驗，熟悉物流及倉儲相關規範，適合擔任物流中心經理，負責物流規劃及執行相關事宜。,,建議取得財政部關務署認可之「優質企業供應鏈安全專責人員或自主管理專責人員」等證書
,,,15物流/運輸/資材,資材主管,150302,因具備物資獲得、儲存及配送實務經驗，熟悉物流及倉儲相關規範，適合擔任資材主管，從事資材盤點、儲位規劃與供應鏈管理等相關工作。,,
,,,09品管/製造/環衛,品管/品保工程師,090107,因具備督導裝備保養維修實務經驗，熟悉品質稽核架構與缺失矯正規範，適合擔任品管/品保工程師，從事品管/品保計畫擬訂及執行等工作。,,建議取得中華民國品質學會「品質工程師認證」（經濟部認可）
,,,21行銷/企劃/專案,營運管理師/企業ERP管理師,210302,具備策略規劃與資源整合經驗，熟悉系統導入與跨部門協調，適合擔任營運管理師/ERP專案師，從事營運流程優化、系統導入或跨部門整合等相關工作。,,建議取得經濟部產業發展署「營運智慧分析師能力鑑定證書」
,,,21行銷/企劃/專案,專案管理師,210304,因具備專案規劃及進度控管實務經驗、熟悉流程優化及跨部門溝通，適合擔任專案管理師，從事專案規劃、管控及協調相關工作。,,建議取得國際專案管理師（PMP）認證
,,,21行銷/企劃/專案,企業永續發展人員,210305,因具備計畫擬定、風險評估與專案推動經驗，擁有流程管控、資料蒐整與跨部門溝通能力，適合轉銜企業永續發展人員，從事企業碳盤查、減碳規劃及社會責任（CSR）等相關工作。,,建議取得經濟部產業發展署「淨零碳規劃管理師」等相關能力鑑定
補給品製造官,4B63,"1.生產與製造管理
1.1規劃產品製造流程與產線配置。
1.2管理生產設備與作業效率。
1.3提升整體產能與製造品質。
2.包裝與物流作業管理
2.1規劃產品分類與包裝標準。
2.2管理倉儲存放與物流流程。
2.3優化出貨效率與作業一致性。
3.品質檢驗與標準控管
3.1執行產品品質檢驗與測試。
3.2確保產品符合規格與標準。
3.3建立品質管理與改善機制。",09品管/製造/環衛,製程工程師,090211,具備生產流程規劃、設備配置管理及製程改善等實務經驗，熟悉製程作業流程、設備運作機制與品質管控方法，適合擔任製程工程師，從事製程設計與優化工作。,,
,,,09品管/製造/環衛,工業工程師,090202,具備流程規劃分析、資源配置管理及效率改善等實務經驗，熟悉作業流程設計、產能規劃機制與營運改善方法，適合擔任工業工程師，從事系統優化與效率管理工作。,,
,,,09品管/製造/環衛,品管/品保工程師,090107,因具備督導裝備保養維修實務經驗，熟悉品質稽核架構與缺失矯正規範，適合擔任品管/品保工程師，從事品管/品保計畫擬訂及執行等工作。,,建議取得中華民國品質學會「品質工程師認證」（經濟部認可）
,,,09品管/製造/環衛,廠務,090220,具備設備運作管理、生產支援調度及作業流程執行等實務經驗，熟悉廠務管理流程、設備維護機制與資源供應作業，適合擔任廠務，從事廠務運作與設備管理工作。,,
,,,15物流/運輸/資材,資材主管,150302,因具備物資獲得、儲存及配送實務經驗，熟悉物流及倉儲相關規範，適合擔任資材主管，從事資材盤點、儲位規劃與供應鏈管理等相關工作。,,
車輛技術督導官,4E01,"1.車輛維修與技術管理
1.1規劃車輛維修與保養流程。
1.2管理技術維修與作業標準。
1.3提升車輛可用率與安全性。
2.生產與維修制度規劃
2.1制定車輛維修與生產計畫。
2.2建立技術作業與維修制度。
2.3優化維修流程與執行效率。
3.技術督導與品質管理
3.1督導車輛技術作業執行。
3.2控管維修品質與進度。
3.3提升整體技術營運效能。",07工程/研發/生技,機械工程師,070216,因具裝備保養檢查及維修實務經驗，熟悉機構原理與保修流程，適合擔任機械工程師，從事機械相關之產品設計、製造、維修、操作等工作。,,建議取得勞動部「鉗工」或「車床」等相關技術士證
,,,09品管/製造/環衛,工業工程師,090202,具備流程規劃分析、資源配置管理及效率改善等實務經驗，熟悉作業流程設計、產能規劃機制與營運改善方法，適合擔任工業工程師，從事系統優化與效率管理工作。,,
,,,09品管/製造/環衛,品管/品保主管,090102,因具備督導裝備保養維修實務經驗，熟悉品質稽核架構與缺失矯正規範，適合擔任品管/品保主管，從事品管/品保計畫擬訂及執行等工作。,,建議取得中華民國品質學會「品質工程師認證」（經濟部認可）
,,,09品管/製造/環衛,廠務,090220,具備設備運作管理、生產支援調度及作業流程執行等實務經驗，熟悉廠務管理流程、設備維護機制與資源供應作業，適合擔任廠務，從事廠務運作與設備管理工作。,,
,,,11營建/製圖/施作,機械設計／繪圖人員,110204,因具裝備檢測維保實務經驗，熟悉機構原理與圖說規格，適合擔任機械設計／繪圖人員，從事設計與開發工業設備，以及協助生產製造流程、測試與改進工作。,,建議取得勞動部「電腦輔助立體製圖技術士證」或經濟部「工具機機械設計工程師能力鑑定證書」
,,,21行銷/企劃/專案,營運管理師/企業ERP管理師,210302,具備策略規劃與資源整合經驗，熟悉系統導入與跨部門協調，適合擔任營運管理師/ERP專案師，從事營運流程優化、系統導入或跨部門整合等相關工作。,,建議取得經濟部產業發展署「營運智慧分析師能力鑑定證書」
,,,21行銷/企劃/專案,專案管理師,210304,因為具備車輛生產(修製)計畫擬訂及跨部門協調溝通能力，適合轉銜專案管理師，運用專案管理技術，參與專案執行與管控，確保專案如期如質完成。,,建議取得國際專案管理師（PMP）認證
,,,21行銷/企劃/專案,企業永續發展人員,210305,因具備計畫擬定、風險評估與專案推動經驗，擁有流程管控、資料蒐整與跨部門溝通能力，適合轉銜企業永續發展人員，從事企業碳盤查、減碳規劃及社會責任（CSR）等相關工作。,,建議取得經濟部產業發展署「淨零碳規劃管理師」等相關能力鑑定
兵工督導官,4C11,"1.生產與維修營運管理
1.1規劃生產與維修作業流程。
1.2督導製造與維修執行品質。
1.3提升整體營運效率。
2.設備與材料管理
2.1管理設備配置與使用效率。
2.2控管材料供應與資源運用。
2.3推動資源最佳化配置。
3.作業監督與流程優化
3.1監督生產與修護作業執行。
3.2建立標準化作業流程。
3.3持續改善品質與效率。",09品管/製造/環衛,工廠主管,090101,因具備維修及庫儲管理實務經驗，熟悉廠線配置、工作排程及物料管理，適合擔任工廠主管，統籌工廠營運管理事宜。,,
,,,09品管/製造/環衛,品管/品保主管,090102,因具備督導裝備保養維修實務經驗，熟悉品質稽核架構與缺失矯正規範，適合擔任品管/品保主管，從事品管/品保計畫擬訂及執行等工作。,,建議取得中華民國品質學會「品質工程師認證」（經濟部認可）
,,,09品管/製造/環衛,工業工程師,090202,具備流程規劃分析、資源配置管理及效率改善等實務經驗，熟悉作業流程設計、產能規劃機制與營運改善方法，適合擔任工業工程師，從事系統優化與效率管理工作。,,
,,,07工程/研發/生技,機械工程師,070216,因具裝備保養檢查及維修實務經驗，熟悉機構原理與保修流程，適合擔任機械工程師，從事機械相關之產品設計、製造、維修、操作等工作。,,建議取得勞動部「鉗工」或「車床」等相關技術士證
,,,11營建/製圖/施作,機械設計／繪圖人員,110204,因具裝備檢測維保實務經驗，熟悉機構原理與圖說規格，適合擔任機械設計／繪圖人員，從事設計與開發工業設備，以及協助生產製造流程、測試與改進工作。,,建議取得勞動部「電腦輔助立體製圖技術士證」或經濟部「工具機機械設計工程師能力鑑定證書」
,,,21行銷/企劃/專案,營運管理師/企業ERP管理師,210302,具備策略規劃與資源整合經驗，熟悉系統導入與跨部門協調，適合擔任營運管理師/ERP專案師，從事營運流程優化、系統導入或跨部門整合等相關工作。,,建議取得經濟部產業發展署「營運智慧分析師能力鑑定證書」
,,,21行銷/企劃/專案,專案管理師,210304,因具備跨部門協調與計劃推動，適合轉銜為專案管理師，運用專案管理技術，確保專案能在規定的時間內完成。,,建議取得國際專案管理師（PMP）認證
,,,21行銷/企劃/專案,企業永續發展人員,210305,因具備計畫擬定、風險評估與專案推動經驗，擁有流程管控、資料蒐整與跨部門溝通能力，適合轉銜企業永續發展人員，從事企業碳盤查、減碳規劃及社會責任（CSR）等相關工作。,,建議取得經濟部產業發展署「淨零碳規劃管理師」等相關能力鑑定
兵工安全官,4C19,"1.工業安全與風險管理
1.1執行工廠與倉儲安全檢查。
1.2建立風險評估與管理制度。
1.3提升作業環境安全性。
2.消防與安全設備管理
2.1管理消防與安全防護設備。
2.2規劃設備維護與檢查流程。
2.3強化緊急應變能力。
3.事故調查與安全改善
3.1調查與分析作業事故原因。
3.2提出安全改善與預防措施。
3.3推動職安制度優化。",09品管/製造/環衛,職業安全衛生管理員,090301,具備安全制度執行、風險辨識評估及事故調查分析等實務經驗，熟悉職業安全管理流程、法規遵循作業與緊急應變機制，適合擔任職業安全衛生管理員，從事職場安全稽核、風險預防與災害防救規劃等任務。,,建議取得勞動部「職業安全衛生管理乙級技術士證」
,,,09品管/製造/環衛,廠務,090220,具備設備運作管理、安全檢查督導及作業流程執行等實務經驗，熟悉廠務管理流程、設備維護機制與安全管控規範，適合擔任廠務，從事廠務運作與設備管理工作。,,
,,,09品管/製造/環衛,品管/品保主管,090102,因具備督導裝備保養維修實務經驗，熟悉品質稽核架構與缺失矯正規範，適合擔任品管/品保主管，從事品管/品保計畫擬訂及執行等工作。,,建議取得中華民國品質學會「品質工程師認證」（經濟部認可）
,,,21行銷/企劃/專案,專案管理師,210304,因具備專案規劃及進度控管實務經驗、熟悉流程優化及跨部門溝通，適合擔任專案管理師，從事專案規劃、管控及協調相關工作。,,建議取得國際專案管理師（PMP）認證
,,,21行銷/企劃/專案,企業永續發展人員,210305,因具備計畫擬定、風險評估與專案推動經驗，擁有流程管控、資料蒐整與跨部門溝通能力，適合轉銜企業永續發展人員，從事企業碳盤查、減碳規劃及社會責任（CSR）等相關工作。,,建議取得經濟部產業發展署「淨零碳規劃管理師」等相關能力鑑定
兵器技術修護督導官,4C41,"1.設備維修與營運管理
1.1規劃設備維修與保養流程。
1.2管理修護作業執行與品質。
1.3提升設備可用率與可靠度。
2.技術人員管理與訓練
2.1規劃維修技術人員訓練。
2.2管理團隊作業分工與效率。
2.3提升整體技術能力。
3.技術資料與改善應用
3.1蒐集與分析技術資料。
3.2支援設備改良與維修優化。
3.3建立技術知識應用機制。",07工程/研發/生技,機械工程師,070216,因具裝備保養檢查及維修實務經驗，熟悉機構原理與保修流程，適合擔任機械工程師，從事機械相關之產品設計、製造、維修、操作等工作。,,建議取得勞動部「鉗工」或「車床」等相關技術士證
,,,07工程/研發/生技,機構工程師,070204,因具備機械系統維修、設備技術分析及工程管理等實務經驗，熟悉機構設計原理、設備維護流程與系統改善機制，適合擔任機構工程師，從事機構設計與設備工程管理工作。,,
,,,09品管/製造/環衛,工業工程師,090202,因熟悉修護任務編組、工時分析與效能改善流程，具備工業工程核心能力，適合轉銜為工業工程師，負責流程優化、設備維護策略與產線資源配置等工作。,,
,,,09品管/製造/環衛,品管/品保主管,090102,因具備督導裝備保養維修實務經驗，熟悉品質稽核架構與缺失矯正規範，適合擔任品管/品保主管，從事品管/品保計畫擬訂及執行等工作。,,建議取得中華民國品質學會「品質工程師認證」（經濟部認可）
,,,09品管/製造/環衛,廠務,090220,具備設備運作管理、安全檢查督導及作業流程執行等實務經驗，熟悉廠務管理流程、設備維護機制與安全管控規範，適合擔任廠務，從事廠務運作與設備管理工作。,,
,,,11營建/製圖/施作,機械設計／繪圖人員,110204,因具裝備檢測維保實務經驗，熟悉機構原理與圖說規格，適合擔任機械設計／繪圖人員，從事設計與開發工業設備，以及協助生產製造流程、測試與改進工作。,,建議取得勞動部「電腦輔助立體製圖技術士證」或經濟部「工具機機械設計工程師能力鑑定證書」
,,,21行銷/企劃/專案,專案管理師,210304,因具備專案規劃及進度控管實務經驗、熟悉流程優化及跨部門溝通，適合擔任專案管理師，從事專案規劃、管控及協調相關工作。,,建議取得國際專案管理師（PMP）認證
,,,21行銷/企劃/專案,營運管理師/企業ERP管理師,210302,具備策略規劃與資源整合經驗，熟悉系統導入與跨部門協調，適合擔任營運管理師/ERP專案師，從事營運流程優化、系統導入或跨部門整合等相關工作。,,建議取得經濟部產業發展署「營運智慧分析師能力鑑定證書」
,,,21行銷/企劃/專案,企業永續發展人員,210305,因具備計畫擬定、風險評估與專案推動經驗，擁有流程管控、資料蒐整與跨部門溝通能力，適合轉銜企業永續發展人員，從事企業碳盤查、減碳規劃及社會責任（CSR）等相關工作。,,建議取得經濟部產業發展署「淨零碳規劃管理師」等相關能力鑑定
化學裝備修護官,4C81,"1.設備維修與營運管理
1.1規劃化學設備維修與保養流程。
1.2管理設備運作與維護品質。
1.3提升設備安全性與可靠度。
2.材料與資源管理
2.1管理化學設備與材料補充。
2.2控管資源使用與庫存效率。
2.3優化物料配置與供應流程。
3.維修計畫與執行管理
3.1制定維修計畫與作業標準。
3.2督導維修作業執行與品質。
3.3確保流程落實與效率提升。",07工程/研發/生技,機械工程師,070216,因具裝備保養檢查及維修實務經驗，熟悉機構原理與保修流程，適合擔任機械工程師，從事機械相關之產品設計、製造、維修、操作等工作。,,建議取得勞動部「鉗工」或「車床」等相關技術士證
,,,07工程/研發/生技,其他化學工程技術員,070390,具備化學裝備維修、材料管理及故障分析等實務經驗，熟悉化學設備運作原理、檢驗作業流程與安全管理規範，適合擔任其他化學工程技術員，從事化學設備操作與檢測分析工作。,,建議取得經濟部產業發展署「化工製程工程師能力鑑定合格證書」
,,,09品管/製造/環衛,工業工程師,090202,因熟悉修護任務編組、工時分析與效能改善流程，具備工業工程核心能力，適合轉銜為工業工程師，負責流程優化、設備維護策略與產線資源配置等工作。,,
,,,09品管/製造/環衛,品管/品保主管,090102,因具備督導裝備保養維修實務經驗，熟悉品質稽核架構與缺失矯正規範，適合擔任品管/品保主管，從事品管/品保計畫擬訂及執行等工作。,,建議取得中華民國品質學會「品質工程師認證」（經濟部認可）
,,,09品管/製造/環衛,廠務,090220,具備設備運作管理、安全檢查督導及作業流程執行等實務經驗，熟悉廠務管理流程、設備維護機制與安全管控規範，適合擔任廠務，從事廠務運作與設備管理工作。,,
,,,11營建/製圖/施作,機械設計／繪圖人員,110204,因具裝備檢測維保實務經驗，熟悉機構原理與圖說規格，適合擔任機械設計／繪圖人員，從事設計與開發工業設備，以及協助生產製造流程、測試與改進工作。,,建議取得勞動部「電腦輔助立體製圖技術士證」或經濟部「工具機機械設計工程師能力鑑定證書」
,,,21行銷/企劃/專案,專案管理師,210304,因具備專案規劃及進度控管實務經驗、熟悉流程優化及跨部門溝通，適合擔任專案管理師，從事專案規劃、管控及協調相關工作。,,建議取得國際專案管理師（PMP）認證
,,,21行銷/企劃/專案,營運管理師/企業ERP管理師,210302,具備策略規劃與資源整合經驗，熟悉系統導入與跨部門協調，適合擔任營運管理師/ERP專案師，從事營運流程優化、系統導入或跨部門整合等相關工作。,,建議取得經濟部產業發展署「營運智慧分析師能力鑑定證書」
,,,21行銷/企劃/專案,企業永續發展人員,210305,因具備計畫擬定、風險評估與專案推動經驗，擁有流程管控、資料蒐整與跨部門溝通能力，適合轉銜企業永續發展人員，從事企業碳盤查、減碳規劃及社會責任（CSR）等相關工作。,,建議取得經濟部產業發展署「淨零碳規劃管理師」等相關能力鑑定
運輸督導官,4K11,"1.運輸與物流營運管理
1.1規劃運輸與物流作業流程。
1.2管理運輸任務與資源調度。
1.3提升物流配送效率與準確性。
2.多式聯運與計畫管理
2.1規劃水陸空鐵整合運輸方案。
2.2執行運輸計畫與進度控管。
2.3優化跨運輸模式協作效率。
3.車輛與運輸設備管理
3.1管理運輸載具與設備維護。
3.2督導保養與安全檢查作業。
3.3確保運輸系統穩定運行。",15物流/運輸/資材,運輸交通專業人員,150101,具備運輸規劃調度、跨單位協調及車輛設備管理等實務經驗，熟悉運輸作業流程、輸具運作機制與法規管理規範，適合擔任運輸交通專業人員，從事運輸管理與調度作業工作。,,
,,,15物流/運輸/資材,客(貨)運站長,150209,具備營運調度管理、現場作業督導及跨單位協調整合等實務經驗，熟悉站場營運流程、安全管控機制與運輸管理規範，適合擔任客（貨）運站長，從事站場營運與調度管理工作。,,
,,,21行銷/企劃/專案,專案管理師,210304,因具備專案規劃及進度控管實務經驗、熟悉流程優化及跨部門溝通，適合擔任專案管理師，從事專案規劃、管控及協調相關工作。,,建議取得國際專案管理師（PMP）認證
,,,09品管/製造/環衛,品管/品保主管,090102,因具備督導裝備保養維修實務經驗，熟悉品質稽核架構與缺失矯正規範，適合擔任品管/品保主管，從事品管/品保計畫擬訂及執行等工作。,,建議取得中華民國品質學會「品質工程師認證」（經濟部認可）
,,,01經營/行政/總務,行政總務人員,010302,具備行政作業管理、資源調度協調及設備維護督導等實務經驗，熟悉行政管理流程、物資管控機制，適合擔任行政總務人員，從事行政支援與總務管理工作。,,
,,,14教育/學術/研究,汽車駕駛教練,140119,具備車輛駕駛教學實務經驗，熟悉交通安全規範與駕駛訓練機制，從事駕駛教學工作。,應取得交通部「民營汽車駕駛人訓練機構教練證書」,
,,,21行銷/企劃/專案,營運管理師/企業ERP管理師,210302,具備策略規劃與資源整合經驗，熟悉系統導入與跨部門協調，適合擔任營運管理師/ERP專案師，從事營運流程優化、系統導入或跨部門整合等相關工作。,,建議取得經濟部產業發展署「營運智慧分析師能力鑑定證書」
,,,21行銷/企劃/專案,企業永續發展人員,210305,因具備計畫擬定、風險評估與專案推動經驗，擁有流程管控、資料蒐整與跨部門溝通能力，適合轉銜企業永續發展人員，從事企業碳盤查、減碳規劃及社會責任（CSR）等相關工作。,,建議取得經濟部產業發展署「淨零碳規劃管理師」等相關能力鑑定
彈藥技術督導官,4R11,"1.品質與技術維護管理
1.1管理彈藥檢查與維修流程。
1.2確保產品品質與安全標準。
1.3提升技術維護作業效率。
2.技術研究與改善
2.1分析維修與製程技術問題。
2.2提出改善方案與優化措施。
2.3推動技術持續改進。
3.制度與流程管理
3.1制定檢修與保養作業制度。
3.2督導計畫執行與流程落實。
3.3進行定期查核與品質管理。",07工程/研發/生技,其他化學工程技術員,070390,因具備火炸藥性質、化工材料特性與安全操作規範等基礎知識，適合擔任化學工程技術員，從事化學品調配、取樣送測、製程監控及設備操作維護等工作。,,建議取得經濟部產業發展署「化工製程工程師能力鑑定合格證書」
,,,09品管/製造/環衛,品管/品保主管,090102,因具備督導裝備保養維修實務經驗，熟悉品質稽核架構與缺失矯正規範，適合擔任品管/品保主管，從事品管/品保計畫擬訂及執行等工作。,,建議取得中華民國品質學會「品質工程師認證」（經濟部認可）
,,,09品管/製造/環衛,職業安全衛生管理員,090301,具備安全制度執行、風險辨識評估及事故調查分析等實務經驗，熟悉職業安全管理流程、法規遵循作業與緊急應變機制，適合擔任職業安全衛生管理員，從事職場安全稽核、風險預防與災害防救規劃等任務。,,建議取得勞動部「職業安全衛生管理乙級技術士證」
,,,09品管/製造/環衛,廠務,090220,具備設備維護及環境巡檢實務經驗，熟悉廠房運作規範與異常處置流程，適合擔任廠務，從事廠房設施巡檢及機具日常維護工作。,,
,,,01經營/行政/總務,行政總務人員,010302,具備行政作業管理、資源調度協調及設備維護督導等實務經驗，熟悉行政管理流程、物資管控機制，適合擔任行政總務人員，從事行政支援與總務管理工作。,,
,,,21行銷/企劃/專案,營運管理師/企業ERP管理師,210302,具備策略規劃與資源整合經驗，熟悉系統導入與跨部門協調，適合擔任營運管理師/ERP專案師，從事營運流程優化、系統導入或跨部門整合等相關工作。,,建議取得經濟部產業發展署「營運智慧分析師能力鑑定證書」
,,,21行銷/企劃/專案,專案管理師,210304,因具備專案規劃及進度控管實務經驗、熟悉流程優化及跨部門溝通，適合擔任專案管理師，從事專案規劃、管控及協調相關工作。,,建議取得國際專案管理師（PMP）認證
,,,21行銷/企劃/專案,企業永續發展人員,210305,因為具備計畫擬定、風險評估與專案推動經驗，擁有流程管控、資料蒐整與跨部門溝通等能力，適合轉銜為企業永續發展人員，從事企業碳盤查、減碳規劃及社會責任（CSR）等相關工作。,,建議取得經濟部產業發展署「淨零碳規劃管理師」等相關能力鑑定
彈藥補給官,4R41,"1.供應政策與制度管理
1.1制定彈藥供應與補給政策。
1.2解釋並推動制度與作業規範。
1.3確保供應流程一致性與合規性。
2.供應鏈分析與改善
2.1分析補給流程與運作問題。
2.2提出供應鏈改善方案。
2.3提升物流與補給效率。
3.計畫與執行管理
3.1規劃補給作業計畫與流程。
3.2督導執行與跨部門協調。
3.3定期查核作業品質與效率。",15物流/運輸/資材,倉儲物流人員,150107,因為具備彈藥庫儲管理能力，熟悉物品盤點及儲位規劃，適合擔任倉儲物流人員，負責倉儲作業執行進出貨、盤點、補貨等物流管理作業。,,建議取得勞動部「堆高機操作」技術士證
,,,15物流/運輸/資材,資材主管,150302,因具備物資獲得、儲存及配送實務經驗，熟悉物流及倉儲相關規範，適合擔任資材主管，從事資材盤點、儲位規劃與供應鏈管理等相關工作。,,
,,,09品管/製造/環衛,品管/品保工程師,090107,因具備督導裝備保養維修實務經驗，熟悉品質稽核架構與缺失矯正規範，適合擔任品管/品保工程師，從事品管/品保計畫擬訂及執行等工作。,,建議取得中華民國品質學會「品質工程師認證」（經濟部認可）
,,,09品管/製造/環衛,廠務,090220,具備設備維護及環境巡檢實務經驗，熟悉廠房運作規範與異常處置流程，適合擔任廠務，從事廠房設施巡檢及機具日常維護工作。,,
,,,21行銷/企劃/專案,專案管理師,210304,因具備專案規劃及進度控管實務經驗、熟悉流程優化及跨部門溝通，適合擔任專案管理師，從事專案規劃、管控及協調相關工作。,,建議取得國際專案管理師（PMP）認證
,,,21行銷/企劃/專案,企業永續發展人員,210305,因具備計畫擬定、風險評估與專案推動經驗，擁有流程管控、資料蒐整與跨部門溝通能力，適合轉銜企業永續發展人員，從事企業碳盤查、減碳規劃及社會責任（CSR）等相關工作。,,建議取得經濟部產業發展署「淨零碳規劃管理師」等相關能力鑑定
未爆彈處理官,4R74,"1.危險物安全管理
1.1建立危險物處理與安全作業流程。
1.2制定風險評估與作業標準。
1.3提升現場安全與應變能力。
2.辨識與現場處置
2.1執行危險物辨識與判定。
2.2管理現場風險控制與處置作業。
2.3降低事故與安全風險。
3.通報與協調管理
3.1建立危險事件通報機制。
3.2協調跨單位處置與支援。
3.3管理後續安全改善作業。",07工程/研發/生技,其他化學工程技術員,070390,因具備火炸藥性質、化工材料特性與安全操作規範等基礎知識，適合轉銜為化學工程技術員，從事化學品調配、取樣送測、製程監控及設備操作維護等工作。,,建議取得經濟部產業發展署「化工製程工程師能力鑑定合格證書」
,,,09品管/製造/環衛,職業安全衛生管理員,090301,具備未爆彈處理所需之危害辨識、風險評估與安全控管能力，適合轉銜為職業安全衛生管理員，從事職場安全檢查、勞工安全衛生與防災規劃任務。,應具備勞動部「職業安全衛生管理乙級技術士證」,
,,,09品管/製造/環衛,安全／衛生相關檢驗人員,090303,因具備火藥相關化學知識與作業環境風險評估能力，適合轉銜為安全／衛生相關檢驗人員，從事職業工作場所、產品生產等安全衛生檢驗工作。,應取得勞動部「化學性因子作業環境監測」相關技術士證,
,,,09品管/製造/環衛,品管/品保工程師,090107,因具備督導裝備保養維修實務經驗，熟悉品質稽核架構與缺失矯正規範，適合擔任品管/品保工程師，從事品管/品保計畫擬訂及執行等工作。,,建議取得中華民國品質學會「品質工程師認證」（經濟部認可）
,,,09品管/製造/環衛,廠務,090220,具備設備維護及環境巡檢實務經驗，熟悉廠房運作規範與異常處置流程，適合擔任廠務，從事廠房設施巡檢及機具日常維護工作。,,
飛彈保修督導官,4D01,"1.高階設備維護管理
1.1規劃飛彈系統設備保養與維修計畫。
1.2管理設備可靠度與維護品質。
1.3提升系統穩定性與運作效率。
2.維修資源與供應管理
2.1管理維修零組件與補給資源。
2.2協調維修作業與供應鏈流程。
2.3優化維修效率與資源配置。
3.工安與環境管理
3.1督導維修作業安全與職安衛。
3.2管理環境保護與衛生標準。
3.3建立風險預防與改善機制。",09品管/製造/環衛,品管/品保主管,090102,因具備督導裝備保養維修實務經驗，熟悉品質稽核架構與缺失矯正規範，適合擔任品管/品保主管，從事品管/品保計畫擬訂及執行等工作。,,建議取得中華民國品質學會「品質工程師認證」（經濟部認可）
,,,09品管/製造/環衛,可靠度工程師,090207,具備設備維護管理、系統測試分析及故障排除等實務經驗，熟悉設備維修流程、品質管控機制與可靠度分析方法，適合擔任可靠度工程師，從事設備可靠度分析與維護管理工作。,,
,,,07工程/研發/生技,電子工程師,070120,因具精密裝備為保實務經驗，熟悉電子控制元件、感測器與電源模組運作原理與檢測規範，適合轉銜為電子工程師，從事電子電路系統設計整合等相關工作。,,建議取得勞動部「電力電子」等相關技術士證
,,,07工程/研發/生技,機械工程師,070216,因熟悉飛彈裝備保修維護作業，具備精密組裝、機構校調等相關經驗，適合轉銜為機械工程師，從事與機械有關之產品設計、製造、維修、操作等工作。,,建議取得勞動部「鉗工或車床」等相關技術士證
,,,11營建/製圖/施作,機械設計／繪圖人員,110204,因具裝備檢測維保實務經驗，熟悉機構原理與圖說規格，適合擔任機械設計／繪圖人員，從事設計與開發工業設備，以及協助生產製造流程、測試與改進工作。,,建議取得勞動部「電腦輔助立體製圖技術士證」或經濟部「工具機機械設計工程師能力鑑定證書」
,,,21行銷/企劃/專案,營運管理師/企業ERP管理師,210302,具備策略規劃與資源整合經驗，熟悉系統導入與跨部門協調，適合擔任營運管理師/ERP專案師，從事營運流程優化、系統導入或跨部門整合等相關工作。,,建議取得經濟部產業發展署「營運智慧分析師能力鑑定證書」
,,,21行銷/企劃/專案,專案管理師,210304,因具備專案規劃及進度控管實務經驗、熟悉流程優化及跨部門溝通，適合擔任專案管理師，從事專案規劃、管控及協調相關工作。,,建議取得國際專案管理師（PMP）認證
,,,21行銷/企劃/專案,企業永續發展人員,210305,因具備計畫擬定、風險評估與專案推動能力，熟悉流程管控、資料蒐整與跨部門協調，所需核心職能與企業永續工作高度相符，適合轉銜為企業永續發展人員，投入碳盤查、減碳策略及企業社會責任（CSR）相關工作。,,建議取得經濟部產發署「淨零碳規劃管理師」等能力鑑定
飛彈修護官,4D23,"1.設備維修與營運管理
1.1執行高階系統設備維修與保養。
1.2管理維修流程與作業品質。
1.3提升設備可靠度與運作效率。
2.維修支援與資源整合
2.1管理維修補給與零組件供應。
2.2協調維修作業與現場支援。
2.3優化維修資源配置與流程。
3.技術訓練與人員管理
3.1規劃維修技術訓練課程。
3.2提升人員技術能力與標準化作業。
3.3建立技術傳承與訓練制度。",09品管/製造/環衛,品管/品保工程師,090107,因具備督導裝備保養維修實務經驗，熟悉品質稽核架構與缺失矯正規範，適合擔任品管/品保工程師，從事品管/品保計畫擬訂及執行等工作。,,建議取得中華民國品質學會「品質工程師認證」（經濟部認可）
,,,09品管/製造/環衛,可靠度工程師,090207,具備設備維護管理、系統測試分析及故障排除等實務經驗，熟悉設備維修流程、品質管控機制與可靠度分析方法，適合擔任可靠度工程師，從事設備可靠度分析與維護管理工作。,,
,,,07工程/研發/生技,電子工程師,070120,因具精密裝備為保實務經驗，熟悉電子控制元件、感測器與電源模組運作原理與檢測規範，適合轉銜為電子工程師，從事電子電路系統設計整合等相關工作。,,建議取得勞動部「電力電子」等相關技術士證
,,,07工程/研發/生技,機械工程師,070216,因熟悉飛彈裝備保修維護作業，具備精密組裝、機構校調等相關經驗，適合轉銜為機械工程師，從事與機械有關之產品設計、製造、維修、操作等工作。,,建議取得勞動部「鉗工或車床」等相關技術士證
,,,11營建/製圖/施作,機械設計／繪圖人員,110204,因具裝備檢測維保實務經驗，熟悉機構原理與圖說規格，適合擔任機械設計／繪圖人員，從事設計與開發工業設備，以及協助生產製造流程、測試與改進工作。,,建議取得勞動部「電腦輔助立體製圖技術士證」或經濟部「工具機機械設計工程師能力鑑定證書」
,,,21行銷/企劃/專案,專案管理師,210304,因具備專案規劃及進度控管實務經驗、熟悉流程優化及跨部門溝通，適合擔任專案管理師，從事專案規劃、管控及協調相關工作。,,建議取得國際專案管理師（PMP）認證
,,,21行銷/企劃/專案,營運管理師/企業ERP管理師,210302,具備策略規劃與資源整合經驗，熟悉系統導入與跨部門協調，適合擔任營運管理師/ERP專案師，從事營運流程優化、系統導入或跨部門整合等相關工作。,,建議取得經濟部產業發展署「營運智慧分析師能力鑑定證書」
,,,21行銷/企劃/專案,企業永續發展人員,210305,因具備計畫擬定、風險評估與專案推動能力，熟悉流程管控、資料蒐整與跨部門協調，所需核心職能與企業永續工作高度相符，適合轉銜為企業永續發展人員，投入碳盤查、減碳策略及企業社會責任（CSR）相關工作。,,建議取得經濟部產發署「淨零碳規劃管理師」等能力鑑定
飛彈發射系統修護官,4D33,"1.高階設備維修管理
1.1執行發射系統中高階維修與保養。
1.2管理設備可靠度與維護品質。
1.3提升系統穩定性與可用率。
2.系統操作與現場維運
2.1管理設備於不同環境之操作維護。
2.2協調現場與基地維修作業。
2.3確保設備運作安全與持續性。
3.技術訓練與制度建立
3.1規劃操作與維修人員訓練。
3.2建立標準化維修與操作流程。
3.3提升整體技術能力與一致性。",09品管/製造/環衛,品管/品保工程師,090107,因具備督導裝備保養維修實務經驗，熟悉品質稽核架構與缺失矯正規範，適合擔任品管/品保工程師，從事品管/品保計畫擬訂及執行等工作。,,建議取得中華民國品質學會「品質工程師認證」（經濟部認可）
,,,09品管/製造/環衛,可靠度工程師,090207,具備設備維護管理、系統測試分析及故障排除等實務經驗，熟悉設備維修流程、品質管控機制與可靠度分析方法，適合擔任可靠度工程師，從事設備可靠度分析與維護管理工作。,,
,,,07工程/研發/生技,電子工程師,070120,因具精密裝備為保實務經驗，熟悉電子控制元件、感測器與電源模組運作原理與檢測規範，適合轉銜為電子工程師，從事電子電路系統設計整合等相關工作。,,建議取得勞動部「電力電子」等相關技術士證
,,,07工程/研發/生技,機械工程師,070216,因熟悉飛彈發射系統保修維護作業，具備精密組裝、機構校調等相關經驗，適合轉銜為機械工程師，從事與機械有關之產品設計、製造、維修、操作等工作。,,建議取得勞動部「鉗工或車床」等相關技術士證
,,,11營建/製圖/施作,機械設計／繪圖人員,110204,因具裝備檢測維保實務經驗，熟悉機構原理與圖說規格，適合擔任機械設計／繪圖人員，從事設計與開發工業設備，以及協助生產製造流程、測試與改進工作。,,建議取得勞動部「電腦輔助立體製圖技術士證」或經濟部「工具機機械設計工程師能力鑑定證書」
,,,21行銷/企劃/專案,專案管理師,210304,因具備專案規劃及進度控管實務經驗、熟悉流程優化及跨部門溝通，適合擔任專案管理師，從事專案規劃、管控及協調相關工作。,,建議取得國際專案管理師（PMP）認證
,,,21行銷/企劃/專案,營運管理師/企業ERP管理師,210302,具備策略規劃與資源整合經驗，熟悉系統導入與跨部門協調，適合擔任營運管理師/ERP專案師，從事營運流程優化、系統導入或跨部門整合等相關工作。,,建議取得經濟部產業發展署「營運智慧分析師能力鑑定證書」
,,,21行銷/企劃/專案,企業永續發展人員,210305,因軍職歷練具備計畫擬定、風險評估與專案推動能力，熟悉流程管控、資料蒐整與跨部門協調，所需核心職能與企業永續工作高度相符，適合轉銜為企業永續發展人員，投入碳盤查、減碳策略及企業社會責任（CSR）相關工作。,,建議取得經濟部產發署「淨零碳規劃管理師」等能力鑑定
工兵督導官,4H11,"1.工程專案與施工管理
1.1督導工程施工與工事設計執行。
1.2管理工程專案進度與品質。
1.3提升工程作業效率與安全性。
2.工程資源與設備管理
2.1管理工程器材與設備配置。
2.2規劃資源調度與維護作業。
2.3優化施工資源使用效率。
3.跨單位協調與技術支援
3.1協調工程與多單位作業整合。
3.2提供工程技術與行政建議。
3.3分析工程資訊並支援決策。",11營建/製圖/施作,營建主管,110111,具備工程規劃、資源整合及團隊領導等相關實務經驗，熟悉施工流程、專案管控與安全管理規範，適合擔任營建主管，從事工程專案管理與施工營運管理工作。,,建議取得勞動部「建築工程管理」等相關技術士證
,,,11資訊/軟體/系統,工地安全衛生工程師,110105,具備現場指揮與風險管控實務經驗，熟悉風險辨識評估與職災防範規範，適合擔任為工地安全衛生工程師，從事工地安全規劃、作業稽核與危害預防等工作。,,建議取得勞動部「職業安全衛生管理乙級技術士證」
,,,11資訊/軟體/系統,量測／儀校人員,110320,因具備基礎土木施工與測繪丈量經驗，熟悉地形判讀、定位量測與圖資整理流程，適合轉銜為量測／儀校人員，從事測量、製圖及工程數據分析等相關工作。,,建議取得勞動部「測量」技術士證
,,,09品管/製造/環衛,品管/品保主管,090102,因具備督導裝備保養維修實務經驗，熟悉品質稽核架構與缺失矯正規範，適合擔任品管/品保主管，從事品管/品保計畫擬訂及執行等工作。,,建議取得中華民國品質學會「品質工程師認證」（經濟部認可）
,,,21行銷/企劃/專案,營運管理師/企業ERP管理師,210302,具備策略規劃與資源整合經驗，熟悉系統導入與跨部門協調，適合擔任營運管理師/ERP專案師，從事營運流程優化、系統導入或跨部門整合等相關工作。,,建議取得經濟部產業發展署「營運智慧分析師能力鑑定證書」
,,,21行銷/企劃/專案,專案管理師,210304,因具備專案規劃及進度控管實務經驗、熟悉流程優化及跨部門溝通，適合擔任專案管理師，從事專案規劃、管控及協調相關工作。,,建議取得國際專案管理師（PMP）認證
,,,21行銷/企劃/專案,企業永續發展人員,210305,因具備計畫擬定、風險評估與專案推動經驗，擁有流程管控、資料蒐整與跨部門溝通能力，適合轉銜企業永續發展人員，從事企業碳盤查、減碳規劃及社會責任（CSR）等相關工作。,,建議取得經濟部產業發展署「淨零碳規劃管理師」等相關能力鑑定
工程工兵督導官,4H31,"1.工程專案全流程管理
1.1規劃工程建設與專案執行。
1.2管理施工進度與品質控制。
1.3提升工程整體執行效率。
2.招標與施工監造管理
2.1辦理工程招標與採購流程。
2.2督導施工與監造作業執行。
2.3確保工程品質與合約履約。
3.設施維護與制度管理
3.1管理營舍與設施維護修繕。
3.2執行工程法規與制度規範。
3.3建立標準化工程管理流程。",11營建/製圖/施作,營造經理人員,110103,因具備工程規劃實務經驗，熟悉招標與監造流程，適合擔任營造經理人員，從事營建管理相關工作。,,
,,,11資訊/軟體/系統,營建主管,110111,具備工程規劃、資源整合及團隊領導等相關實務經驗，熟悉施工流程、專案管控與安全管理規範，適合擔任營建主管，從事工程專案管理與施工營運管理工作。,,建議取得勞動部「建築工程管理」等相關技術士證
,,,11資訊/軟體/系統,工地監工,110110,因具備工程規劃實務經驗，熟悉招標與監造流程，適合擔任工地監工，從事現場施工監督、品質檢驗與進度掌控任務。,應具備內政部國土管理署營建管理組「營造業工地主任執業證」,
,,,09品管/製造/環衛,品管/品保主管,090102,因具備督導裝備保養維修實務經驗，熟悉品質稽核架構與缺失矯正規範，適合擔任品管/品保主管，從事品管/品保計畫擬訂及執行等工作。,,建議取得中華民國品質學會「品質工程師認證」（經濟部認可）
,,,21行銷/企劃/專案,營運管理師/企業ERP管理師,210302,具備策略規劃與資源整合經驗，熟悉系統導入與跨部門協調，適合擔任營運管理師/ERP專案師，從事營運流程優化、系統導入或跨部門整合等相關工作。,,建議取得經濟部產業發展署「營運智慧分析師能力鑑定證書」
,,,21行銷/企劃/專案,專案管理師,210304,因具備專案規劃及進度控管實務經驗、熟悉流程優化及跨部門溝通，適合擔任專案管理師，從事專案規劃、管控及協調相關工作。,,建議取得國際專案管理師（PMP）認證
,,,21行銷/企劃/專案,企業永續發展人員,210305,因具備計畫擬定、風險評估與專案推動經驗，擁有流程管控、資料蒐整與跨部門溝通能力，適合轉銜企業永續發展人員，從事企業碳盤查、減碳規劃及社會責任（CSR）等相關工作。,,建議取得經濟部產業發展署「淨零碳規劃管理師」等相關能力鑑定
,,,通俗職業未收錄依UCAN對應,智慧綠建築設施管理人才,,因具備建築工程規劃與制度設計經驗，熟悉工程流程、材料特性與施工標準，適合轉銜為智慧綠建築設施管理人才，從事建築節能方案設計、設施管理與永續推動等工作。,,
工兵裝備修護官,4H56,"1.工程設備維護與管理
1.1執行工程設備維修與保養。
1.2管理設備安裝與運作檢查。
1.3提升設備可靠度與安全性。
2.資材與維修規範管理
2.1制定設備替代料使用規範。
2.2管理維修資材與保管流程。
2.3建立標準化維護制度。
3.維修計畫與人員訓練
3.1規劃設備修護與維修計畫。
3.2培訓維修技術人員。
3.3管理維修作業與行政流程。",07工程/研發/生技,機械工程師,070216,因具裝備保養檢查及維修實務經驗，熟悉機構原理與保修流程，適合擔任機械工程師，從事機械相關之產品設計、製造、維修、操作等工作。,,建議取得勞動部「鉗工」或「車床」等相關技術士證
,,,09品管/製造/環衛,生產設備工程師,090210,因具備裝備保修與功能檢測實務經驗，熟悉機構原理、異常判讀與故障排除流程，適合轉銜為生產設備工程師，從事生產設備維護、功能檢測與效能改善等工作。,,
,,,09品管/製造/環衛,工業工程師,090202,因具備工兵裝備維護檢查與故障分析經驗，熟悉流程判讀與作業優化，適合轉銜為工業工程師，從事流程規劃、作業效率提升與資源調度等工作。,,
,,,09品管/製造/環衛,品管/品保工程師,090107,因具備督導裝備保養維修實務經驗，熟悉品質稽核架構與缺失矯正規範，適合擔任品管/品保工程師，從事品管/品保計畫擬訂及執行等工作。,,建議取得中華民國品質學會「品質工程師認證」（經濟部認可）
,,,11營建/製圖/施作,機械設計／繪圖人員,110204,因具裝備檢測維保實務經驗，熟悉機構原理與圖說規格，適合擔任機械設計／繪圖人員，從事設計與開發工業設備，以及協助生產製造流程、測試與改進工作。,,建議取得勞動部「電腦輔助立體製圖技術士證」或經濟部「工具機機械設計工程師能力鑑定證書」
,,,21行銷/企劃/專案,專案管理師,210304,因具備專案規劃及進度控管實務經驗、熟悉流程優化及跨部門溝通，適合擔任專案管理師，從事專案規劃、管控及協調相關工作。,,建議取得國際專案管理師（PMP）認證
,,,21行銷/企劃/專案,營運管理師/企業ERP管理師,210302,具備策略規劃與資源整合經驗，熟悉系統導入與跨部門協調，適合擔任營運管理師/ERP專案師，從事營運流程優化、系統導入或跨部門整合等相關工作。,,建議取得經濟部產業發展署「營運智慧分析師能力鑑定證書」
,,,21行銷/企劃/專案,企業永續發展人員,210305,因具備計畫擬定、風險評估與專案推動能力，熟悉流程管控與跨部門協調，適合擔任企業永續發展人員，從事碳盤查、減碳策略及企業社會責任（CSR）相關工作。,,建議取得經濟部「淨零碳規劃管理師能力鑑定證書」
營產督導官,4M11,"1.不動產資產管理
1.1制定不動產資產管理政策。
1.2規劃資產配置與使用方式。
1.3提升資產使用效率。
2.土地與產權管理
2.1管理土地與不動產產權登記。
2.2執行產權調查與權屬確認。
2.3確保資產合法性與完整性。
3.測量與資產優化
3.1辦理土地測量與界址確認。
3.2建立資產資料與管理系統。
3.3提出資產使用改善建議。",03人資/法務/智財,不動產代書,030203,因具備不動產產權調查與標界確認等實務經驗，熟悉地籍測量與不動產作業流程，適合擔任不動產銷售人員，從事房地產之開發洽談、買賣／租賃媒合、產權審閱與貸款安排等工作,,建議取得內政部主管之「不動產經紀人」等相關證照
,,,01經營/行政/總務,大廈或社區總幹事/幹事,010106,因具備具備產權資料管理及跨單位協調等實務經驗，熟悉不動產管理及服務規範，適合大廈或社區總幹事/幹事，從事社區物業管理等相關工作。,應具備內政部核發「公寓大廈管理服務人員認可證」,
,,,11營建/製圖/施作,量測／儀校人員,110320,因具備不動產產權調查與標界確認等實務經驗，熟悉地籍測量與不動產作業流程，適合轉銜為量測／儀校人員，從事工程丈量、施工定位及圖資整理等輔助工作。,應具備勞動部「測量」相關技術士證,
,,,18保全/軍警消,場地管理人員,180107,因具備軍用不動產之登記、分配與維護管理經驗，熟悉場地使用規範與安全維護流程，適合轉銜為場地管理人員，從事場地規劃、使用調度、設備巡檢與設施保養等管理任務。,,
,,,21行銷/企劃/專案,營運管理師/企業ERP管理師,210302,具備策略規劃與資源整合經驗，熟悉系統導入與跨部門協調，適合擔任營運管理師/ERP專案師，從事營運流程優化、系統導入或跨部門整合等相關工作。,,建議取得經濟部產業發展署「營運智慧分析師能力鑑定證書」
,,,21行銷/企劃/專案,企業永續發展人員,210305,因具備計畫擬定、風險評估與專案推動經驗，擁有流程管控、資料蒐整與跨部門溝通能力，適合轉銜企業永續發展人員，從事企業碳盤查、減碳規劃及社會責任（CSR）等相關工作。,,建議取得經濟部產業發展署「淨零碳規劃管理師」等相關能力鑑定
後勤管理督導士,4A015,"1.行政與營運管理
1.1管理單位行政與日常營運。
1.2協調各項資源與作業安排。
1.3提升整體運作效率。
2.資源整合與支援管理
2.1規劃資源配置與使用流程。
2.2協調跨單位作業與支援。
2.3優化資源運用效率。
3.作業督導與品質控管
3.1督導任務執行進度與品質。
3.2管理作業流程與標準化。
3.3確保制度與規範落實。",01經營/行政/總務,行政總務人員,010302,因具備後勤部門行政管理、物資協調與文書處理經驗，適合轉銜為行政總務人員。可依企業作業流程，辦理文書行政、庶務支援、設備管理與跨單位協調等任務，確保日常營運順暢。,,
,,,15物流/運輸/資材,倉儲物流人員,150107,因具備後勤軍品管理、庫存控管與作業流程協調經驗，適合轉銜為倉儲物流人員，負責進出貨、盤點、補貨與倉儲維護等物流管理工作。,,建議取得勞動部「堆高機操作」技術士證
,,,06客服/門市,連鎖店管理人員,060205,因於部隊長期接觸人員管理、軍品補給、設施環境維護等實務工作，並具備遵守紀律、流程管控與標準化執行力，適合轉銜為連鎖店管理人員，從事服務品質維護、存貨管理、排班調度等門店營運工作。,,建議取得勞動部「門市服務」相關技術士證
,,,09品管/製造/環衛,廠務,090220,具備設備維護及環境巡檢實務經驗，熟悉廠房運作規範與異常處置流程，適合擔任廠務，從事廠房設施巡檢及機具日常維護工作。,,
,,,09品管/製造/環衛,品管檢驗人員,090105,因具備裝備保養維修實務經驗，熟悉依標準程序執行檢查測試，適合擔任品管檢驗人員，從事根據規格檢查成品，使其符合製造標準等工作。,,建議取得中華民國品質學會「品質工程師認證」（經濟部認可）
後勤兵,4A111,"1.行政與文書支援
1.1協助文件整理與行政作業。
1.2進行資料建檔與基本管理。
1.3支援部門日常行政運作。
2.物資搬運與作業支援
2.1執行物資裝載與搬運作業。
2.2協助物品分類與配置。
2.3確保作業安全與流程順暢。
3.物資保管與基本管理
3.1管理物資存放與整理。
3.2維持庫存整潔與準確性。
3.3協助基本庫存盤點作業。",01經營/行政/總務,行政助理,010206,因具備協助文書處理與資料彙整等後勤作業能力，適合轉銜為行政助理，以支援主管或團隊執行文件管理、排程協調與庶務行政工作。,,建議取得勞動部「電腦軟體應用」相關技術士證
,,,06客服/門市,連鎖店管理人員,060205,因於部隊長期接觸人員管理、物料補給、設施環境維護等實務工作，並具備遵守紀律、流程管控與標準化執行力，適合轉銜為連鎖店管理人員，從事服務品質維護、存貨管理、排班調度等門店營運工作。,,建議取得勞動部「門市服務」相關技術士證
,,,06客服/門市,賣場（人員／儲備幹部）,060202,因具備物品管理、庫存整理與基礎行政協作能力，適合轉銜為賣場儲備幹部，進行收銀、陳列、補貨與顧客服務等作業，並培養營運管理與團隊領導能力。,,
,,,09品管/製造/環衛,品管檢驗人員,090105,因具備裝備保養維修實務經驗，熟悉依標準程序執行檢查測試，適合擔任品管檢驗人員，從事根據規格檢查成品，使其符合製造標準等工作。,,建議取得中華民國品質學會「品質工程師認證」（經濟部認可）
,,,09品管/製造/環衛,廠務助理,090214,具備設備維護及環境巡檢實務經驗，熟悉廠房運作規範與異常處置流程，適合擔任廠務助理，從事廠房設施巡檢及機具日常維護工作。,,
,,,15物流/運輸/資材,倉儲物流人員,150107,因具備軍品裝載、保管及清點等能力，適合轉銜為倉儲物流人員，從事進出貨、盤點、補貨及倉儲維護等物流作業，確保物料流通順暢。,,建議取得勞動部「堆高機操作」技術士證
,,,15物流/運輸/資材,倉管人員,150304,因具備軍品裝載、保管及清點等能力，適合轉銜為倉管人員，從事管控庫存物料以及材料收發、貨品盤點、倉庫清潔維持、紀錄保存等工作。,,建議取得勞動部「堆高機操作」技術士證
環境檢驗技術士,4A546,"1.環境檢測與技術分析
1.1執行環境檢測與數據蒐集。
1.2提供環境管理技術支援。
1.3分析檢測結果並提出建議。
2.環保教育與訓練推廣
2.1協助規劃環保教育活動。
2.2執行環保訓練與宣導工作。
2.3提升組織環保意識與能力。
3.廢棄物與環境管理
3.1執行廢棄物分類與處理作業。
3.2管理環保作業流程與標準。
3.3確保作業符合法規與規範。",09品管/製造/環衛,環境工程人員,090304,具備環保計畫擬訂與污染防治知識，熟悉作業環境評估與職業安全規範，適合環境工程人員，從事環境規劃、污染控制與環境檢測任務。,,建議取得環境部「毒性及關注化學物質專業技術管理人員」、「空氣污染防制專責人員」或「廢(污)水防制專責人員」等相關證書
,,,09品管/製造/環衛,安全／衛生相關檢驗人員,090303,具備環境檢驗實務經驗，適合擔任安全／衛生相關檢驗人員，從事職場環境檢驗、衛生檢測與安全改善工作。,,建議取得環境部「毒性及關注化學物質專業技術管理人員」、「空氣污染防制專責人員」或「廢(污)水防制專責人員」等相關證書
,,,09品管/製造/環衛,環保工安專業人員,090307,具備環境檢驗實務經驗，適合擔任環保工安專業人員，從事職場環境檢驗、衛生檢測與安全改善工作。,,建議取得環境部「毒性及關注化學物質專業技術管理人員」、「空氣污染防制專責人員」或「廢(污)水防制專責人員」等相關證書
,,,09品管/製造/環衛,職業安全衛生管理員,090301,具備環境檢驗實務經驗，熟悉作業場所風險辨識與危害預防，適合擔任職業安全衛生管理員，從事工作場所安全監督、危害預防與健康管理工作。,應具備勞動部「職業安全衛生管理乙級技術士證」,
,,,09品管/製造/環衛,廠務,090220,具備設備維護及環境巡檢實務經驗，熟悉廠房運作規範與異常處置流程，適合擔任廠務，從事廠房設施巡檢及機具日常維護工作。,,
補給兵,4B101,"1.收貨與驗收管理
1.1執行物資接收與清點作業。
1.2辦理品項檢驗與驗收流程。
1.3確保收貨品質與數量正確。
2.倉儲與庫存管理
2.1管理物資分類與儲存配置。
2.2執行庫存盤點與數量控管。
2.3維持倉儲作業效率與整潔。
3.配送與資料管理
3.1協助物資分發與調撥作業。
3.2處理異常狀況與追蹤紀錄。
3.3建立完整作業資料與報表。",15物流/運輸/資材,倉儲物流人員,150107,具備軍品庫儲管理實務經驗，適合轉銜倉儲物流人員，從事收貨、檢驗與入庫作業。,,建議取得勞動部「堆高機操作」技術士證
,,,15物流/運輸/資材,物管／資材,150305,因具備軍品庫儲管理實務經驗，適合轉銜為物管／資材，從事物料存儲與進出庫管理工作。,,建議取得勞動部「堆高機操作」技術士證
,,,06客服/門市,連鎖店管理人員,060205,因於部隊長期接觸人員管理、物料補給、設施環境維護等實務工作，並具備遵守紀律、流程管控與標準化執行力，適合轉銜為連鎖店管理人員，從事服務品質維護、存貨管理、排班調度等門店營運工作。,,建議取得勞動部「門市服務」相關技術士證
,,,06客服/門市,賣場（人員／儲備幹部）,060202,因具備物品管理、庫存整理與基礎行政協作能力，適合轉銜為賣場儲備幹部，進行收銀、陳列、補貨與顧客服務等作業，並培養營運管理與團隊領導能力。,,
,,,09品管/製造/環衛,品管檢驗人員,090105,因具備裝備保養維修實務經驗，熟悉依標準程序執行檢查測試，適合擔任品管檢驗人員，從事根據規格檢查成品，使其符合製造標準等工作。,,建議取得中華民國品質學會「品質工程師認證」（經濟部認可）
,,,09品管/製造/環衛,廠務助理,090214,具備設備維護及環境巡檢實務經驗，熟悉廠房運作規範與異常處置流程，適合擔任廠務助理，從事廠房設施巡檢及機具日常維護工作。,,
,,,01經營/行政/總務,行政助理,010206,因具備協助文書處理與資料彙整等作業能力，適合轉銜為行政助理，以支援主管或團隊執行文件管理、排程協調與庶務行政工作。,,建議取得勞動部「電腦軟體應用」相關技術士證
,,,通俗職業未收錄依UCAN對應,電商物流中心理貨員,,具備倉儲分類與物資調撥能力，適合轉銜為電商物流中心理貨員，可從事貨品驗收、分類理貨與訂單出貨等工作。,,
一般補給士,4B105,"1.收貨與驗收管理
1.1執行物資接收與清點驗收。?
1.2辦理品項檢驗與品質確認。?
1.3確保收貨流程準確完整。
2.倉儲與保管管理
2.1管理物資分類與儲位配置。?
2.2執行庫存保管與盤點作業。?
2.3提升倉儲管理效率與準確性。
3.配送與資料管理
3.1辦理物資分發與調度作業。?
3.2處理異常與追蹤作業流程。
3.3建立完整紀錄與管理資料。",15物流/運輸/資材,倉儲物流人員,150107,具備軍品庫儲管理實務經驗，適合轉銜倉儲物流人員，從事收貨、檢驗與入庫作業。,,建議取得勞動部「堆高機操作」技術士證
,,,15物流/運輸/資材,物管／資材,150305,因具備軍品庫儲管理實務經驗，適合轉銜為物管／資材，從事物料存儲與進出庫管理工作。,,建議取得勞動部「堆高機操作」技術士證
,,,06客服/門市,連鎖店管理人員,060205,因於部隊長期接觸人員管理、物料補給、設施環境維護等實務工作，並具備遵守紀律、流程管控與標準化執行力，適合轉銜為連鎖店管理人員，從事服務品質維護、存貨管理、排班調度等門店營運工作。,,建議取得勞動部「門市服務」相關技術士證
,,,06客服/門市,賣場（人員／儲備幹部）,060202,因具備物品管理、庫存整理與基礎行政協作能力，適合轉銜為賣場儲備幹部，進行收銀、陳列、補貨與顧客服務等作業，並培養營運管理與團隊領導能力。,,
,,,09品管/製造/環衛,品管檢驗人員,090105,因具備裝備保養維修實務經驗，熟悉依標準程序執行檢查測試，適合擔任品管檢驗人員，從事根據規格檢查成品，使其符合製造標準等工作。,,建議取得中華民國品質學會「品質工程師認證」（經濟部認可）
,,,09品管/製造/環衛,廠務,090220,具備設備維護及環境巡檢實務經驗，熟悉廠房運作規範與異常處置流程，適合擔任廠務，從事廠房設施巡檢及機具日常維護工作。,,
,,,通俗職業未收錄依UCAN對應,電商物流中心理貨員,,具備倉儲分類與物資調撥能力，適合轉銜為電商物流中心理貨員，可從事貨品驗收、分類理貨與訂單出貨等工作。,,
地圖補給士,4B234,"1.收貨與驗收管理
1.1執行物資接收與清點驗收。?
1.2辦理品項檢驗與品質確認。?
1.3確保收貨流程正確與完整。
2.倉儲與保管管理
2.1管理物資分類與儲位配置。?
2.2執行庫存保管與盤點作業。?
2.3提升庫存管理效率與準確性。
3.配送與資料管理
3.1辦理物資分發與調度作業。?
3.2處理異常狀況與流程追蹤。?
3.3建立完整作業紀錄與資料管理。",01經營/行政/總務,檔案資料管理人員,010204,具備圖資分類與保管實務經驗，適合轉銜檔案資料管理人員，從事文件檔案保存與調閱管理,,
,,,01經營/行政/總務,行政總務人員,010302,因具備後勤部門行政管理、物資協調與文書處理經驗，適合轉銜為行政總務人員。可依企業作業流程，辦理文書行政、庶務支援、設備管理與跨單位協調等任務，確保日常營運順暢。,,
,,,15物流/運輸/資材,倉儲物流人員,150107,具備軍品庫儲管理實務經驗，適合轉銜倉儲物流人員，從事收貨、檢驗與入庫作業。,,建議取得勞動部「堆高機操作」技術士證
,,,15物流/運輸/資材,物管／資材,150305,因具備軍品庫儲管理實務經驗，適合轉銜為物管／資材，從事物料存儲與進出庫管理工作。,,建議取得勞動部「堆高機操作」技術士證
,,,09品管/製造/環衛,品管檢驗人員,090105,因具備裝備保養維修實務經驗，熟悉依標準程序執行檢查測試，適合擔任品管檢驗人員，從事根據規格檢查成品，使其符合製造標準等工作。,,建議取得中華民國品質學會「品質工程師認證」（經濟部認可）
,,,06客服/門市,連鎖店管理人員,060205,因於部隊長期接觸人員管理、物料補給、設施環境維護等實務工作，並具備遵守紀律、流程管控與標準化執行力，適合轉銜為連鎖店管理人員，從事服務品質維護、存貨管理、排班調度等門店營運工作。,,建議取得勞動部「門市服務」相關技術士證
,,,06客服/門市,賣場（人員／儲備幹部）,060202,因具備物品管理、庫存整理與基礎行政協作能力，適合轉銜為賣場儲備幹部，進行收銀、陳列、補貨與顧客服務等作業，並培養營運管理與團隊領導能力。,,
倉儲兵,4B482,"1.收貨與驗收管理
1.1執行物資點收與數量確認。?
1.2協助品質檢驗與驗收作業。
1.3確保收貨流程準確完整。
2.倉儲分類與儲位管理
2.1辦理物資分類與上架存放。?
2.2規劃與維護儲位配置。
2.3提升倉儲空間使用效率。
3.庫存整理與調撥作業
3.1協助物資調撥與移轉管理。?
3.2執行盤點與庫存整理。
3.3維持庫存資訊正確有序。",15物流/運輸/資材,倉管人員,150304,因具備倉儲管理實務經驗，適合轉銜倉管人員，從事進、出庫與庫存盤點紀錄工作。,,建議取得勞動部「堆高機操作」技術士證
,,,15物流/運輸/資材,倉儲物流人員,150107,因具備倉儲管理實務經驗，適合轉銜倉儲物流人員，從事倉庫運營、配送支援等工作。,,建議取得勞動部「堆高機操作單一技術士證」
,,,06客服/門市,連鎖店管理人員,060205,因於部隊長期接觸人員管理、物料補給、設施環境維護等實務工作，並具備遵守紀律、流程管控與標準化執行力，適合轉銜連鎖店管理人員，從事服務品質維護、存貨管理、排班調度等門店營運工作。,,建議取得勞動部「門市服務」相關技術士證
,,,06客服/門市,賣場（人員／儲備幹部）,060202,因具備物品管理、庫存整理與基礎行政協作能力，適合轉銜為賣場儲備幹部，進行收銀、陳列、補貨與顧客服務等作業，並培養營運管理與團隊領導能力。,,
,,,09品管/製造/環衛,品管檢驗人員,090105,因具備裝備保養維修實務經驗，熟悉依標準程序執行檢查測試，適合擔任品管檢驗人員，從事根據規格檢查成品，使其符合製造標準等工作。,,建議取得中華民國品質學會「品質工程師認證」（經濟部認可）
,,,09品管/製造/環衛,廠務助理,090214,具備設備維護及環境巡檢實務經驗，熟悉廠房運作規範與異常處置流程，適合擔任廠務助理，從事廠房設施巡檢及機具日常維護工作。,,
,,,通俗職業未收錄依UCAN對應,電商物流中心理貨員,,具備倉儲分類與物資調撥能力，適合轉銜於電商物流中心理貨員，可從事貨品驗收、分類理貨與訂單出貨等工作。,,
倉儲士,4B485,"1.收貨與庫存管理
1.1執行物資點收與品質檢驗。?
1.2管理分類儲存與出入庫流程。
1.3維持庫存資料準確與一致性。?
2.倉儲空間與安全管理
2.1規劃物資儲位與存放配置。?
2.2維護倉儲環境整潔與安全。?
2.3提升空間運用與管理效率。
3.流程與資訊管理
3.1管理物流動線與作業流程。?
3.2維護庫存資訊系統與資料。
3.3優化倉儲營運效率與追蹤能力。",15物流/運輸/資材,倉管人員,150304,因具備倉儲管理實務經驗，適合轉銜倉庫管理人員，從事倉庫進出貨、庫存管理與物流規劃等工作。,,建議取得勞動部「堆高機操作」技術士證
,,,15物流/運輸/資材,倉儲物流人員,150107,因具備倉儲管理實務經驗，適合轉銜物流專員，從事倉配協調與運輸規劃。,,建議取得勞動部「堆高機操作」技術士證
,,,09品管/製造/環衛,品管檢驗人員,090105,因具備裝備保養維修實務經驗，熟悉依標準程序執行檢查測試，適合擔任品管檢驗人員，從事根據規格檢查成品，使其符合製造標準等工作。,,建議取得中華民國品質學會「品質工程師認證」（經濟部認可）
,,,09品管/製造/環衛,廠務,090220,具備設備維護及環境巡檢實務經驗，熟悉廠房運作規範與異常處置流程，適合擔任廠務，從事廠房設施巡檢及機具日常維護工作。,,
,,,06客服/門市,連鎖店管理人員,060205,因於部隊長期接觸人員管理、物料補給、設施環境維護等實務工作，並具備遵守紀律、流程管控與標準化執行力，適合轉銜連鎖店管理人員，從事服務品質維護、存貨管理、排班調度等門店營運工作。,,建議取得勞動部「門市服務」相關技術士證
,,,06客服/門市,賣場（人員／儲備幹部）,060202,因具備物品管理、庫存整理與基礎行政協作能力，適合轉銜為賣場儲備幹部，進行收銀、陳列、補貨與顧客服務等作業，並培養營運管理與團隊領導能力。,,
,,,通俗職業未收錄依UCAN對應,電商物流中心理貨員,,具備倉儲分類與物資調撥能力，適合轉銜為電商物流中心理貨員，可從事貨品驗收、分類理貨與訂單出貨等工作。,,
油料士,4B515,"1.品質檢測與品管管理
1.1執行油品採樣與品質檢驗。?
1.2分析檢測結果並確認品質標準。?
1.3協助異常品質追蹤與改善。
2.設施維護與設備管理
2.1維護輸送管線與儲存設備。?
2.2執行清潔、巡檢與設備保養。?
2.3確保設施穩定與安全運轉。
3.作業安全與流程執行
3.1執行流體輸送與操作流程。?
3.2落實安全防護與風險控制。
3.3降低設備故障與作業風險。",09品管/製造/環衛,品管檢驗人員,090105,因具備裝備保養維修實務經驗，熟悉依標準程序執行檢查測試，適合擔任品管檢驗人員，從事根據規格檢查成品，使其符合製造標準等工作。,,建議取得中華民國品質學會「品質工程師認證」（經濟部認可）
,,,09品管/製造/環衛,測試校正人員,090104,因具備油池監測系統日常維護及故障排除經驗，適合轉銜測試校正人員，從事檢驗設備校準與維護工作。,,
,,,09品管/製造/環衛,職業安全衛生人員,090301,因熟悉油料作業流程中的危害辨識、洩漏防制與安全防護經驗，適合轉銜為職業安全衛生管理員，從事工作場所危害分析、安全稽核與作業環境改善等工作。,,建議取得勞動部「職業安全衛生管理乙級技術士證」
,,,15物流/運輸/資材,倉儲物流人員,150107,具備軍品庫儲管理實務經驗，適合轉銜倉儲物流人員，從事收貨、檢驗與入庫作業。,,建議取得勞動部「堆高機操作」技術士證
,,,15物流/運輸/資材,物管／資材,150305,因具備軍品庫儲管理實務經驗，適合轉銜為物管／資材，從事物料存儲與進出庫管理工作。,,建議取得勞動部「堆高機操作」技術士證
,,,通俗職業未收錄依UCAN對應,石油及天然氣精煉設備操作員,,具備油料輸送與油池維護經驗，適合轉銜石油及天然氣精煉設備操作員，從事煉油廠或天然氣處理廠操作。,,建議取得「石油化學技術士證」
經理補給領導士,CB015,"1.收發與庫存管理
1.1執行物資接收、驗收與出入庫管理。?
1.2維持庫存資料與帳務一致性。
1.3提升庫存管理準確度與效率。
2.包裝與流程管理
2.1管理物資包裝與標示作業。?
2.2建立報廢品分類與處理流程。?
2.3推動作業標準化與流程優化。
3.倉儲營運與安全管理
3.1督導倉儲存放與儲位規劃。?
3.2維護倉儲環境整潔與安全。
3.3提升倉儲營運效率與品質。",15物流/運輸/資材,倉儲物流人員,150107,因具備倉儲管理實務經驗，適合轉銜倉庫管理人員，從事倉庫進出貨、庫存管理與物流規劃等工作。,,建議取得勞動部「堆高機操作」技術士證
,,,15物流/運輸/資材,倉管人員,150304,因具備倉儲管理實務經驗，適合轉銜倉管人員，從事倉配協調與運輸規劃。,,建議取得勞動部「堆高機操作」技術士證
,,,09品管/製造/環衛,品管檢驗人員,090105,因具備裝備保養維修實務經驗，熟悉依標準程序執行檢查測試，適合擔任品管檢驗人員，從事根據規格檢查成品，使其符合製造標準等工作。,,建議取得中華民國品質學會「品質工程師認證」（經濟部認可）
,,,09品管/製造/環衛,廠務,090220,具備設備維護及環境巡檢實務經驗，熟悉廠房運作規範與異常處置流程，適合擔任廠務，從事廠房設施巡檢及機具日常維護工作。,,
,,,06客服/門市,連鎖店管理人員,060205,因於部隊長期接觸人員管理、物料補給、設施環境維護等實務工作，並具備遵守紀律、流程管控與標準化執行力，適合轉銜連鎖店管理人員，從事服務品質維護、存貨管理、排班調度等門店營運工作。,,建議取得勞動部「門市服務」相關技術士證
,,,06客服/門市,賣場（人員／儲備幹部）,060202,因具備物品管理、庫存整理與基礎行政協作能力，適合轉銜為賣場儲備幹部，進行收銀、陳列、補貨與顧客服務等作業，並培養營運管理與團隊領導能力。,,
,,,通俗職業未收錄依UCAN對應,電商物流中心理貨員,,具備倉儲分類與物資調撥能力，適合轉銜為電商物流中心理貨員，可從事貨品驗收、分類理貨與訂單出貨等工作。,,
沐洗勤務兵,4B322,"1.設施設置與運作管理
1.1執行臨時設施設置與配置。?
1.2確保現場服務正常運作。?
1.3提升場域使用效率與便利性。
2.設備操作與保養
2.1操作各類服務設備。?
2.2執行例行檢查與保養維護。?
2.3協助基本異常排除與修復。
3.環境與安全管理
3.1維護作業環境整潔。?
3.2落實設備安全檢查。
3.3確保現場流程順暢與安全。?",10技術/維修/操作,鍋爐操作技術人員,100302,因具備沐浴機操作保養能力，適合轉銜為鍋爐操作技術人員，從事鍋爐設備操作與監控，執行備品、耗材管理，並負責維護及清潔保養。,應具備勞動部鍋爐操作等相關技術士證,
,,,10技術/維修/操作,電機技術人員,100102,因具備野戰沐浴機配備發電機操作及故障排除技能，適合轉銜為電機技術人員，從事電機設備裝設、保養及維修工作。,,建議取得勞動部「工業配線或室內配線」等相關技術士證
,,,09品管/製造/環衛,品管檢驗人員,090105,因具備裝備保養維修實務經驗，熟悉依標準程序執行檢查測試，適合擔任品管檢驗人員，從事根據規格檢查成品，使其符合製造標準等工作。,,建議取得中華民國品質學會「品質工程師認證」（經濟部認可）
,,,09品管/製造/環衛,廠務助理,090214,具備設備維護及環境巡檢實務經驗，熟悉廠房運作規範與異常處置流程，適合擔任廠務助理，從事廠房設施巡檢及機具日常維護工作。,,
,,,06客服/門市,連鎖店管理人員,060205,因擁有開設野戰設沐浴站提供官兵演訓時沐浴服務經驗，並具備獨立作業與標準化執行力，適合轉銜連鎖店管理人員，從事顧客服務、存貨管理、排班調度等門店營運工作。,,建議取得勞動部「門市服務」相關技術士證
,,,06客服/門市,賣場（人員／儲備幹部）,060202,因具備物品管理、庫存整理與基礎行政協作能力，適合轉銜為賣場儲備幹部，進行收銀、陳列、補貨與顧客服務等作業，並培養營運管理與團隊領導能力。,,
沐洗勤務士,4B325,"1.設施設置與營運管理
1.1規劃與架設臨時服務設施。?
1.2管理現場設施啟用與運作。?
1.3確保服務穩定與流程順暢。
2.設備操作與保養
2.1執行設備操作與啟停管理。?
2.2辦理例行巡檢與保養維護。?
2.3協助設備異常檢查與處理。
3.現場環境與安全管理
3.1維護作業環境整潔與秩序。?
3.2落實設備安全檢查與防護。
3.3提升現場服務品質與效率。?",10技術/維修/操作,鍋爐操作技術人員,100302,因具備沐浴機操作保養能力，適合轉銜為鍋爐操作技術人員，從事鍋爐設備操作與監控，執行備品、耗材管理，並負責維護及清潔保養。,應具備勞動部鍋爐操作等相關技術士證,
,,,10技術/維修/操作,電機技術人員,100102,因具備野戰沐浴機配備發電機操作及故障排除技能，適合轉銜為電機技術人員，從事電機設備裝設、保養及維修工作。,,建議取得勞動部「工業配線或室內配線」等相關技術士證
,,,09品管/製造/環衛,品管檢驗人員,090105,因具備裝備保養維修實務經驗，熟悉依標準程序執行檢查測試，適合擔任品管檢驗人員，從事根據規格檢查成品，使其符合製造標準等工作。,,建議取得中華民國品質學會「品質工程師認證」（經濟部認可）
,,,09品管/製造/環衛,廠務,090220,具備設備維護及環境巡檢實務經驗，熟悉廠房運作規範與異常處置流程，適合擔任廠務，從事廠房設施巡檢及機具日常維護工作。,,
,,,06客服/門市,連鎖店管理人員,060205,因擁有開設野戰設沐浴站提供官兵演訓時沐浴服務經驗，並具備獨立作業與標準化執行力，適合轉銜連鎖店管理人員，從事顧客服務、存貨管理、排班調度等門店營運工作。,,建議取得勞動部「門市服務」相關技術士證
,,,06客服/門市,賣場（人員／儲備幹部）,060202,因具備物品管理、庫存整理與基礎行政協作能力，適合轉銜為賣場儲備幹部，進行收銀、陳列、補貨與顧客服務等作業，並培養營運管理與團隊領導能力。,,
軍墓勤務兵,4B351,"1.身分辨識與資料協助
1.1協助身分資料蒐集與比對。?
1.2建立指紋／牙齒等辨識資料紀錄。?
1.3支援不明身分確認流程。
2.遺體處理與安置管理
2.1協助遺體安置與後續處置流程。?
2.2辦理火化或土葬相關作業協助。?
2.3確保作業程序符合規範。
3.遺物整理與資料管理
3.1蒐集並整理個人物品。?
3.2建立遺物分類與保管紀錄。
3.3維護資料完整性與可追溯性。",15物流/運輸/資材,倉管人員,150304,因具備庫儲管理實務經驗，適合轉銜倉管人員，從事倉配協調與運輸規劃。,,建議取得勞動部「堆高機操作」技術士證
,,,15物流/運輸/資材,貨物搬運人員,150105,因為具備陣亡人員遺體收集所需搬運、物資調度與現場協調能力，適合轉銜為貨物搬運人員，從事物品的搬運、打包、運送與裝卸工作。,,
,,,22其他職類,禮儀師,220103,因為具備臨時土葬及遺體火化處理能力，適合轉銜為禮儀師，適合轉銜為禮儀師，從事協助家屬執行喪葬禮儀工作。,應具備內政部「喪禮服務技術士證」,
,,,06客服/門市,連鎖店管理人員,060205,因擁有開設軍墓收集站實務經驗，並具備獨立作業與標準化執行力，適合轉銜連鎖店管理人員，從事顧客服務、存貨管理、排班調度等門店營運工作。,,建議取得勞動部「門市服務」相關技術士證
,,,06客服/門市,賣場（人員／儲備幹部）,060202,因具備現場協調與基礎行政協作能力，適合轉銜為賣場儲備幹部，進行收銀、陳列、補貨與顧客服務等作業，並培養營運管理與團隊領導能力。,,
軍墓勤務士,4B354,"1.身分資料與比對作業
1.1協助身分資料蒐集與整理。?
1.2建立生物特徵辨識紀錄。?
1.3支援不明身分比對作業。
2.遺體處理與安置協助
2.1協助遺體安置與移運作業。?
2.2辦理火化／土葬流程支援。?
2.3確保流程依規範執行。
3.遺物整理與資料管理
3.1蒐集與分類個人物品。?
3.2建立遺物管理與保管紀錄。
3.3維護資料完整與可追蹤性。",15物流/運輸/資材,倉管人員,150304,因具備庫儲管理實務經驗，適合轉銜倉管人員，從事倉配協調與運輸規劃。,,建議取得勞動部「堆高機操作」技術士證
,,,15物流/運輸/資材,貨物搬運人員,150105,因為具備陣亡人員遺體收集所需搬運、物資調度與現場協調能力，適合轉銜為貨物搬運人員，從事物品的搬運與裝卸工作。,,
,,,22其他職類,禮儀師,220103,因為具備臨時土葬及遺體火化處理能力，適合轉銜為禮儀師，從事協助家屬執行喪葬禮儀工作。,應具備內政部「喪禮服務技術士證」,
,,,06客服/門市,連鎖店管理人員,060205,因擁有開設軍墓收集站實務經驗，並具備獨立作業與標準化執行力，適合轉銜連鎖店管理人員，從事顧客服務、存貨管理、排班調度等門店營運工作。,,建議取得勞動部「門市服務」相關技術士證
,,,06客服/門市,賣場（人員／儲備幹部）,060202,因具備現場協調與基礎行政協作能力，適合轉銜為賣場儲備幹部，進行收銀、陳列、補貨與顧客服務等作業，並培養營運管理與團隊領導能力。,,
油料裝備修護兵,4B523,"1.容器檢測與品質管理
1.1執行油桶檢測與等級判定。?
1.2辦理清潔與密封性測試。
1.3確保容器品質符合使用標準。?
2.設備操作與維護
2.1操作清洗與整型設備。?
2.2執行設備保養與基本維修。?
2.3確保設備穩定運作。
3.安全與作業環境管理
3.1維護作業場域安全與整潔。?
3.2落實安全檢查與防護措施。
3.3降低作業風險與異常發生。",10技術/維修/操作,焊接、切割工,100123,因為具備軍用油管焊補實務經驗，適合轉銜為焊接工，從事金屬氣體火焰及電弧焊接、切割等相關技術工作。,,建議取得「勞動部」氬氣鎢極電銲電銲、一般手工電焊相關技術士證及ISO9606-1國際焊接工認證
,,,10技術/維修/操作,電機技術人員,100102,因為具備油池泵機及電力設備檢查保養及維護經驗，適合轉銜為電機技術人員，從事電機設備裝設、保養及維修工作。,,建議取得「勞動部」工業配線或室內配線等相關技術士證
,,,10技術/維修/操作,安防系統施作規劃管理人員,100212,因為具備油池(管)監測系統檢查保養及維護經驗，適合轉銜為安防系統施作規劃管理人員，從事從事安防系統之佈線、安裝、測試、維修作業等工作。,,建議取得「勞動部」弱電配線或室內配線等相關技術士證
,,,09品管/製造/環衛,品管檢驗人員,090105,因具備裝備保養維修實務經驗，熟悉依標準程序執行檢查測試，適合擔任品管檢驗人員，從事根據規格檢查成品，使其符合製造標準等工作。,,建議取得中華民國品質學會「品質工程師認證」（經濟部認可）
,,,09品管/製造/環衛,廠務助理,090214,具備設備維護及環境巡檢實務經驗，熟悉廠房運作規範與異常處置流程，適合擔任廠務助理，從事廠房設施巡檢及機具日常維護工作。,,
油料裝備修護士,4B526,"1.容器品質檢測與處理
1.1執行油桶檢測與等級判定。
1.2辦理清潔與密封性測試。
1.3確保容器品質符合標準。
2.設備操作與保養維護
2.1操作清洗、整型與測試設備。
2.2執行設備保養與基本維修。
2.3維持設備正常運作效率。
3.安全與作業環境管理
3.1維護作業場域整潔與安全。
3.2執行設備與環境巡檢。
3.3落實安全防護與風險控制。",10技術/維修/操作,焊接、切割工,100123,因為具備軍用油管焊補實務經驗，適合轉銜為焊接工，從事金屬氣體火焰及電弧焊接、切割等相關技術工作。,,建議取得「勞動部」氬氣鎢極電銲電銲、一般手工電焊相關技術士證及ISO9606-1國際焊接工認證
,,,10技術/維修/操作,電機技術人員,100102,因為具備油池泵機及電力設備檢查保養及維護經驗，適合轉銜為電機技術人員，從事電機設備裝設、保養及維修工作。,,建議取得「勞動部」工業配線或室內配線等相關技術士證
,,,10技術/維修/操作,安防系統施作規劃管理人員,100212,因為具備油池(管)監測系統檢查保養及維護經驗，適合轉銜為安防系統施作規劃管理人員，從事從事安防系統之佈線、安裝、測試、維修作業等工作。,,建議取得「勞動部」弱電配線或室內配線等相關技術士證
,,,09品管/製造/環衛,品管檢驗人員,090105,因具備裝備保養維修實務經驗，熟悉依標準程序執行檢查測試，適合擔任品管檢驗人員，從事根據規格檢查成品，使其符合製造標準等工作。,,建議取得中華民國品質學會「品質工程師認證」（經濟部認可）
,,,09品管/製造/環衛,廠務,090220,具備設備維護及環境巡檢實務經驗，熟悉廠房運作規範與異常處置流程，適合擔任廠務，從事廠房設施巡檢及機具日常維護工作。,,
食勤兵,4B611,"1.餐食製作與備料
1.1執行餐點製作與烹調作業。
1.2協助食材處理與前置備料。
1.3確保餐點品質與出餐效率。
2.廚房衛生與清潔管理
2.1維護廚房環境整潔與器具清洗。
2.2執行食品衛生與安全標準作業。
2.3確保作業符合衛生規範。
3.作業流程與支援
3.1協助廚房作業流程順暢運作。
3.2配合餐飲製程與人力支援。
3.3提升整體餐飲作業效率。",16旅遊/餐飲/休閒,中/西餐烹飪廚師,160202,因具備餐點烹飪技能，適合轉銜中/西餐烹飪廚師，從事烹調中/西式菜餚並負責研發新料理等工作。,,建議取得勞動部「中餐烹調或西餐烹調」等相關技術士證
,,,16旅遊/餐飲/休閒,餐飲服務及接待員,160207,具備餐飲製作、作業環境清潔及食品衛生管理等實務經驗，熟悉餐飲作業流程、食品安全規範與服務執行標準，適合擔任餐飲服務及接待員，從事餐飲服務與現場接待工作。,,
,,,16旅遊/餐飲/休閒,西點、麵包烘焙人員,160203,因具備西點、麵包烘焙技能，適合轉銜為西點、麵包烘焙人員，從事製作、研發各式蛋糕及西點食品等工作。,,建議取得勞動部「烘焙食品」等相關技術士證
,,,09品管/製造/環衛,品管檢驗人員,090105,因具備裝備保養維修實務經驗，熟悉依標準程序執行檢查測試，適合擔任品管檢驗人員，從事根據規格檢查成品，使其符合製造標準等工作。,,建議取得中華民國品質學會「品質工程師認證」（經濟部認可）
,,,06客服/門市,連鎖店管理人員,060205,因擁有開設野戰炊爨設施，提供演訓官兵熱食服務經驗，並具備遵守紀律、流程管控與標準化執行力，適合轉銜連鎖店管理人員，從事餐飲服務、存貨管理、排班調度等門店營運工作。,,建議取得勞動部「門市服務」相關技術士證
食勤士,4B614,"1.餐食製作與烹調
1.1執行餐點製作與烹調作業。
1.2配合標準流程完成出餐。
1.3維持餐食品質穩定。
2.食材處理與備料
2.1執行食材清洗與切配。
2.2協助備料與分裝作業。
2.3確保食材處理流程順暢。
3.廚房衛生與管理
3.1維護廚房環境清潔與秩序。
3.2執行器具清洗與消毒作業。
3.3落實食品衛生與安全標準。",16旅遊/餐飲/休閒,中/西餐烹飪廚師,160202,因具備餐點烹飪技能，適合轉銜中/西餐烹飪廚師，從事烹調中/西式菜餚並負責研發新料理等工作。,,建議取得勞動部「中餐烹調或西餐烹調」等相關技術士證
,,,16旅遊/餐飲/休閒,餐飲服務及接待員,160207,具備餐飲製作、作業環境清潔及食品衛生管理等實務經驗，熟悉餐飲作業流程、食品安全規範與服務執行標準，適合擔任餐飲服務及接待員，從事餐飲服務與現場接待工作。,,
,,,16旅遊/餐飲/休閒,西點、麵包烘焙人員,160203,因具備西點、麵包烘焙技能，適合轉銜為西點、麵包烘焙人員，從事製作、研發各式蛋糕及西點食品等工作。,,建議取得勞動部「烘焙食品」等相關技術士證
,,,09品管/製造/環衛,品管檢驗人員,090105,因具備裝備保養維修實務經驗，熟悉依標準程序執行檢查測試，適合擔任品管檢驗人員，從事根據規格檢查成品，使其符合製造標準等工作。,,建議取得中華民國品質學會「品質工程師認證」（經濟部認可）
,,,06客服/門市,連鎖店管理人員,060205,因擁有開設野戰炊爨設施，提供演訓官兵熱食服務經驗，並具備遵守紀律、流程管控與標準化執行力，適合轉銜連鎖店管理人員，從事餐飲服務、存貨管理、排班調度等門店營運工作。,,建議取得勞動部「門市服務」相關技術士證
,,,15物流/運輸/資材,倉儲物流人員,150107,因為具備督導膳食分配及糧秣庫儲管理能力，適合轉銜為倉儲物流人員，負責倉儲作業執行進出貨、盤點、補貨等物流管理作業。,,建議取得勞動部「堆高機操作」技術士證
,,,15物流/運輸/資材,採購人員,150303,因為具備食品申請採購能力，適合轉銜為採購人員，負責執行採購作業流程與供應商管理工作。,,
,,,01經營/行政/總務,儲備幹部,010105,因於部隊長期接觸制度化作業流程，並具備遵守紀律、跨單位協作、情境應變與壓力下執行能力，適合轉銜企業儲備幹部，學習組織規章及營運流程，從事相關管理工作。,,
橡膠品製造士,4B714,"1.生產製造作業
1.1執行橡膠製品加工與製作。
1.2操作生產設備與製程流程。
1.3確保產品製造符合標準。
2.現場生產管理
2.1規劃與執行作業分工。
2.2協調生產流程與人力配置。
2.3提升生產效率與產出品質。
3.修整與品質管理
3.1執行產品修邊與裝配作業。
3.2協助品質檢查與調整。
3.3維持產品一致性與完整性。",10技術/維修/操作,橡膠製品技術人員,100307,因為具備各種橡膠品製作之技能，適合轉銜為橡膠製品技術人員，從事橡膠及合成橡膠，製造各種橡膠零件及產品之工作。,,
,,,09品管/製造/環衛,品管檢驗人員,090105,因具備裝備保養維修實務經驗，熟悉依標準程序執行檢查測試，適合擔任品管檢驗人員，從事根據規格檢查成品，使其符合製造標準等工作。,,建議取得中華民國品質學會「品質工程師認證」（經濟部認可）
,,,09品管/製造/環衛,廠務,090220,具備設備維護及環境巡檢實務經驗，熟悉廠房運作規範與異常處置流程，適合擔任廠務，從事廠房設施巡檢及機具日常維護工作。,,
,,,15物流/運輸/資材,倉管人員,150304,因具備產品分配及裝卸能力，適合轉銜為倉管人員，負責管控庫存物料以及收發材料、貨品盤點、倉庫清潔維持、紀錄保存等工作。,,建議取得勞動部「堆高機操作」技術士證
裁縫兵,4B811,"1.服裝製作與裁剪
1.1執行服裝打版與裁剪作業。
1.2使用縫紉設備進行成衣製作。
1.3完成服裝修整與成品調整。
2.布料製品與加工
2.1製作布質用品與相關產品。
2.2執行帳篷／布幕類結構縫製。
2.3協助布料拼接與加工作業。
3.設備操作與維護
3.1操作工業縫紉設備。
3.2執行日常保養與基礎維修。
3.3確保設備運作穩定。",10技術/維修/操作,車縫／裁縫類人員,100314,因具備裁剪、縫紉技術，適合轉銜車縫／裁縫類人員，可從事紡織品、皮革及其他質料產品，手工或機器之縫製或修改等工作。,,建議取得勞動部「女裝」相關技術士證
,,,10技術/維修/操作,紡織及針織機械操作人員,100124,因為具備裁剪縫紉技術，適合轉銜紡織及針織機械操作人員，從事成衣製造工作。,,
,,,09品管/製造/環衛,品管檢驗人員,090105,因具備裝備保養維修實務經驗，熟悉依標準程序執行檢查測試，適合擔任品管檢驗人員，從事根據規格檢查成品，使其符合製造標準等工作。,,建議取得中華民國品質學會「品質工程師認證」（經濟部認可）
裁縫士,4B815,"1.成衣製作與裁剪
1.1執行服裝打版與裁剪作業。
1.2使用縫紉設備進行成衣製作。
1.3完成服裝修整與品質調整。
2.布料產品製作
2.1製作各類布質用品與產品。
2.2執行帳篷與布幕類產品製作。
2.3協助布料加工與組裝作業。
3.設備操作與保養
3.1操作工業縫紉設備。
3.2執行設備保養與簡易維修。
3.3確保設備正常運作。",10技術/維修/操作,車縫／裁縫類人員,100314,因為具備裁剪縫紉技術，適合轉銜車縫／裁縫類人員，從事紡織品、皮革及其他質料產品，手工或機器之縫製或修改等工作。,,建議取得勞動部「女裝」相關技術士證
,,,10技術/維修/操作,紡織及針織機械操作人員,100124,因為具備裁剪縫紉技術，適合轉銜紡織及針織機械操作人員，從事成衣製造工作。,,
,,,09品管/製造/環衛,品管檢驗人員,090105,因具備裝備保養維修實務經驗，熟悉依標準程序執行檢查測試，適合擔任品管檢驗人員，從事根據規格檢查成品，使其符合製造標準等工作。,,建議取得中華民國品質學會「品質工程師認證」（經濟部認可）
被服檢驗士,4B865,"1.成品質量檢驗
1.1檢驗服裝與布料成品尺寸規格。
1.2確認產品符合設計與標準要求。
1.3建立檢驗紀錄與結果判定。
2.縫製品質檢查
2.1檢查縫線密度與針距標準。
2.2判讀線路整齊度與牢固性。
2.3辨識外觀瑕疵與製程問題。
3.品質控管與改善
3.1執行品質檢驗與標準比對。
3.2協助不合格品分類與追蹤。
3.3提出品質改善建議。",09品管/製造/環衛,品管檢驗人員,090105,因具備裝備保養維修實務經驗，熟悉依標準程序執行檢查測試，適合擔任品管檢驗人員，從事根據規格檢查成品，使其符合製造標準等工作。,,建議取得中華民國品質學會「品質工程師認證」（經濟部認可）
,,,15物流/運輸/資材,倉管人員,150304,因具備被服類軍品檢整分類能力，適合轉銜倉管人員，從事進、出庫與庫存盤點紀錄工作,,建議取得勞動部「堆高機操作」技術士證
,,,15物流/運輸/資材,倉儲物流人員,150107,因具備被服類軍品檢整分類能力，適合轉銜倉儲物流人員，可從事倉庫運營配送等工作。,,建議取得勞動部「堆高機操作」技術士證
重兵器修護督導士,4C086,"1.設備維修與保養
1.1執行重型機械設備維修作業。
1.2辦理設備保養與功能恢復。
1.3確保設備運作穩定性。
2.檢測與技術操作
2.1使用量測儀器與檢測設備。
2.2進行故障診斷與技術分析。
2.3操作維修工具進行修復作業。
3.作業督導與品質管理
3.1督導維修作業流程執行。
3.2控管維修品質與作業標準。
3.3提升維修效率與安全性。",10技術/維修/操作,傳統車床技術人員,100129,具備機械裝備維修及精密量測操作實務經驗，熟悉機械設備運作原理與工件檢測作業，適合擔任傳統車床技術人員，從事金屬切削與零件製造工作。,,建議取得勞動部「車床丙級」技術士證
,,,10技術/維修/操作,自動化機械加工技術人員,100106,具備機械裝備維修及精密量測操作實務經驗，熟悉機械原理與檢測規範，適合擔任自動化機械加工技術人員，從事自動化設備操作與機械加工工作。,,建議取得勞動部「機械加工」或「油壓」技術士證
,,,11營建/製圖/施作,機械設計／繪圖人員,110204,因具裝備檢測維保實務經驗，熟悉機構原理與圖說規格，適合擔任機械設計／繪圖人員，從事設計與開發工業設備，以及協助生產製造流程、測試與改進工作。,,建議取得勞動部「電腦輔助立體製圖技術士證」或經濟部「工具機機械設計工程師能力鑑定證書」
,,,11營建/製圖/施作,吊車/起重機操作員,110304,因從事保修作業，具備操作起重機吊掛軍品實務經驗，適合擔任吊車/起重機操作員，從事起重機吊掛及現場監控工作。,應具備勞動部「固定式起重機操作技術士證」,
,,,09品管/製造/環衛,品管檢驗人員,090105,因具備裝備保養維修實務經驗，熟悉依標準程序執行檢查測試，適合擔任品管檢驗人員，從事根據規格檢查成品，使其符合製造標準等工作。,,建議取得中華民國品質學會「品質工程師認證」（經濟部認可）
,,,09品管/製造/環衛,廠務,090220,具備設備維護及環境巡檢實務經驗，熟悉廠房運作規範與異常處置流程，適合擔任廠務，從事廠房設施巡檢及機具日常維護工作。,,
兵器技術士,4C516,"1.維修流程規劃
1.1制定設備維修與檢查流程。
1.2建立標準作業程序（SOP）。
1.3優化維修工作方法與流程。
2.設備檢修管理
2.1規劃設備檢查與維護計畫。
2.2執行故障診斷與修復方法設計。
2.3確保設備維護時程與品質。
3.作業督導與品質控管
3.1督導維修作業執行。
3.2管控技術標準與作業品質。
3.3持續改善維修效率。",11營建/製圖/施作,機械設計／繪圖人員,110204,因具裝備檢測維保實務經驗，熟悉機構原理與圖說規格，適合擔任機械設計／繪圖人員，從事設計與開發工業設備，以及協助生產製造流程、測試與改進工作。,,建議取得勞動部「電腦輔助立體製圖技術士證」或經濟部「工具機機械設計工程師能力鑑定證書」
,,,10技術/維修/操作,自動化機械加工技術人員,100106,具備機械裝備維修及精密量測操作實務經驗，熟悉機械原理與檢測規範，適合擔任自動化機械加工技術人員，從事自動化設備操作或機械加工工作。,,建議取得勞動部「機械加工」或「油壓」技術士證
,,,10技術/維修/操作,傳統車床技術人員,100129,具備機械裝備維修及精密量測操作實務經驗，熟悉機械設備運作原理與工件檢測作業，適合擔任傳統車床技術人員，從事金屬切削與零件製造工作。,,建議取得勞動部「車床丙級」技術士證
,,,09品管/製造/環衛,品管檢驗人員,090105,因具備裝備保養維修實務經驗，熟悉依標準程序執行檢查測試，適合擔任品管檢驗人員，從事根據規格檢查成品，使其符合製造標準等工作。,,建議取得中華民國品質學會「品質工程師認證」（經濟部認可）
,,,09品管/製造/環衛,廠務,090220,具備設備維護及環境巡檢實務經驗，熟悉廠房運作規範與異常處置流程，適合擔任廠務，從事廠房設施巡檢及機具日常維護工作。,,
兵器保養兵,4C542,"1.設備檢查作業
1.1執行設備日常檢查與狀態確認。
1.2辨識異常狀況並回報處理。
1.3確保設備維持正常運作。
2.基礎保養維護
2.1執行設備清潔與潤滑保養。
2.2協助簡易調整與維護作業。
2.3延長設備使用壽命與穩定性。
3.紀錄與管理作業
3.1建立設備保養紀錄。
3.2追蹤維護狀況與歷程。
3.3協助維護流程標準化。",09品管/製造/環衛,品管檢驗人員,090105,因具備裝備保養維修實務經驗，熟悉依標準程序執行檢查測試，適合擔任品管檢驗人員，從事根據規格檢查成品，使其符合製造標準等工作。,,建議取得中華民國品質學會「品質工程師認證」（經濟部認可）
,,,09品管/製造/環衛,廠務助理,090214,因於長期接觸兵器保養、環境巡查、物料管控等實務工作，並具備遵守安全作業規定與流程控管能力，適合轉銜為廠務助理，從事工廠設備巡檢及環境維護等庶務工作。,,
,,,10技術/維修/操作,自動化機械加工技術人員,100106,具備機械裝備維修及精密量測操作實務經驗，熟悉機械原理與檢測規範，適合擔任自動化機械加工技術人員，從事自動化設備操作或機械加工工作。,,建議取得勞動部「機械加工」或「油壓」技術士證
,,,10技術/維修/操作,傳統車床技術人員,100129,具備機械裝備維修及精密量測操作實務經驗，熟悉機械設備運作原理與工件檢測作業，適合擔任傳統車床技術人員，從事金屬切削與零件製造工作。,,建議取得勞動部「車床丙級」技術士證
,,,11營建/製圖/施作,機械設計／繪圖人員,110204,因具裝備檢測維保實務經驗，熟悉機構原理與圖說規格，適合擔任機械設計／繪圖人員，從事設計與開發工業設備，以及協助生產製造流程、測試與改進工作。,,建議取得勞動部「電腦輔助立體製圖技術士證」或經濟部「工具機機械設計工程師能力鑑定證書」
兵器修護兵,4C543,"1.設備檢修作業
1.1執行設備檢查與故障排除。
1.2辦理基礎維修與修復作業。
1.3確保設備正常運作。
2.保養與維護
2.1執行設備清潔與潤滑保養。
2.2協助例行維護與調整作業。
2.3提升設備使用穩定性。
3.技術支援作業
3.1協助技術人員進行檢測。
3.2支援裝備維修與品質確認。
3.3配合完成維護作業流程。",09品管/製造/環衛,品管檢驗人員,090105,因具備裝備保養維修實務經驗，熟悉依標準程序執行檢查測試，適合擔任品管檢驗人員，從事根據規格檢查成品，使其符合製造標準等工作。,,建議取得中華民國品質學會「品質工程師認證」（經濟部認可）
,,,09品管/製造/環衛,廠務助理,090214,因於長期接觸兵器檢修、環境巡查、物料管控等實務工作，並具備遵守安全作業規定與流程控管能力，適合轉銜為廠務助理，從事工廠設備巡檢及環境維護等庶務工作。。,,
,,,10技術/維修/操作,自動化機械加工技術人員,100106,具備機械裝備維修及精密量測操作實務經驗，熟悉機械原理與規格圖說，適合擔任自動化機械加工技術人員，從事自動化設備操作或機械加工工作。,,建議取得勞動部「機械加工」或「油壓」技術士證
,,,10技術/維修/操作,傳統車床技術人員,100129,具備機械裝備維修及精密量測操作實務經驗，熟悉機械設備運作原理與工件檢測作業，適合擔任傳統車床技術人員，從事金屬切削與零件製造工作。,,建議取得勞動部「車床丙級」技術士證
,,,11營建/製圖/施作,機械設計／繪圖人員,110204,因具裝備檢測維保實務經驗，熟悉機構原理與圖說規格，適合擔任機械設計／繪圖人員，從事設計與開發工業設備，以及協助生產製造流程、測試與改進工作。,,建議取得勞動部「電腦輔助立體製圖技術士證」或經濟部「工具機機械設計工程師能力鑑定證書」
兵器保養士,4C545,"1.設備保養作業
1.1執行設備日常清潔與保養。
1.2確保設備運作正常。
1.3提升設備使用穩定性。
2.檢測與工具操作
2.1使用檢測儀器進行設備檢查。
2.2操作維修工具進行基礎作業。
2.3協助異常狀況判定。
3.記錄與管理作業
3.1建立設備保養紀錄。
3.2追蹤設備維護狀況。
3.3協助維護流程標準化。",09品管/製造/環衛,品管檢驗人員,090105,因具備裝備保養維修實務經驗，熟悉依標準程序執行檢查測試，適合擔任品管檢驗人員，從事根據規格檢查成品，使其符合製造標準等工作。,,建議取得中華民國品質學會「品質工程師認證」（經濟部認可）
,,,09品管/製造/環衛,廠務,090214,因於長期接觸兵器保養檢修、環境巡查、物料管控等實務工作，並具備遵守安全作業規定與流程控管能力，適合轉銜為廠務，從事工廠設備巡檢及環境維護等庶務工作。。,,
,,,10技術/維修/操作,自動化機械加工技術人員,100106,具備機械裝備維修及精密量測操作實務經驗，熟悉機械原理與規格圖說，適合擔任自動化機械加工技術人員，從事自動化設備操作或機械加工工作。,,建議取得勞動部「機械加工」或「油壓」技術士證
,,,10技術/維修/操作,傳統車床技術人員,100129,具備機械裝備維修及精密量測操作實務經驗，熟悉機械設備運作原理與工件檢測作業，適合擔任傳統車床技術人員，從事金屬切削與零件製造工作。,,建議取得勞動部「車床丙級」技術士證
,,,11營建/製圖/施作,機械設計／繪圖人員,110204,因具裝備檢測維保實務經驗，熟悉機構原理與圖說規格，適合擔任機械設計／繪圖人員，從事設計與開發工業設備，以及協助生產製造流程、測試與改進工作。,,建議取得勞動部「電腦輔助立體製圖技術士證」或經濟部「工具機機械設計工程師能力鑑定證書」
兵器修護士,4C546,"1.設備檢修作業
1.1執行設備檢查與故障排除。
1.2進行設備修復與功能恢復。
1.3確保設備正常運作。
2.保養與維護
2.1執行設備清潔與潤滑保養。
2.2協助例行維修與調整作業。
2.3提升設備穩定性與壽命。
3.工具與技術支援
3.1操作檢測儀器與維修工具。
3.2支援技術維修與檢查作業。
3.3協助完成維護作業流程。",09品管/製造/環衛,品管檢驗人員,090105,因具備裝備保養維修實務經驗，熟悉依標準程序執行檢查測試，適合擔任品管檢驗人員，從事根據規格檢查成品，使其符合製造標準等工作。,,建議取得中華民國品質學會「品質工程師認證」（經濟部認可）
,,,09品管/製造/環衛,廠務,090214,因於長期接觸兵器保養檢修、環境巡查、物料管控等實務工作，並具備遵守安全作業規定與流程控管能力，適合轉銜為廠務，從事工廠設備巡檢及環境維護等庶務工作。。,,
,,,10技術/維修/操作,自動化機械加工技術人員,100106,具備機械裝備維修及精密量測操作實務經驗，熟悉機械原理與規格圖說，適合擔任自動化機械加工技術人員，從事自動化設備操作或機械加工工作。,,建議取得勞動部「機械加工」或「油壓」技術士證
,,,10技術/維修/操作,傳統車床技術人員,100129,具備機械裝備維修及精密量測操作實務經驗，熟悉機械設備運作原理與工件檢測作業，適合擔任傳統車床技術人員，從事金屬切削與零件製造工作。,,建議取得勞動部「車床丙級」技術士證
,,,11營建/製圖/施作,機械設計／繪圖人員,110204,因具裝備檢測維保實務經驗，熟悉機構原理與圖說規格，適合擔任機械設計／繪圖人員，從事設計與開發工業設備，以及協助生產製造流程、測試與改進工作。,,建議取得勞動部「電腦輔助立體製圖技術士證」或經濟部「工具機機械設計工程師能力鑑定證書」
重兵器修護士,4C556,"1.重型設備維修
1.1執行大型設備檢查與檢修。
1.2進行故障排除與修復作業。
1.3維持設備正常運作效能。
2.儀器量測與技術操作
2.1操作量測儀器與檢測設備。
2.2使用機械工具進行維修作業。
2.3協助設備校正與性能確認。
3.維護管理與技術支援
3.1建立設備維護與檢修紀錄。
3.2回報異常並追蹤改善情形。
3.3提升設備可靠度與維修效率。",10技術/維修/操作,傳統車床技術人員,100129,具備機械裝備維修及精密量測操作實務經驗，熟悉機械設備運作原理與工件檢測作業，適合擔任傳統車床技術人員，從事金屬切削與零件製造工作。,,建議取得勞動部「車床丙級」技術士證
,,,10技術/維修/操作,自動化機械加工技術人員,100106,具備機械裝備維修及精密量測操作實務經驗，熟悉機械原理與規格圖說，適合擔任自動化機械加工技術人員，從事自動化設備操作或機械加工工作。,,建議取得勞動部「機械加工」或「油壓」技術士證
,,,11營建/製圖/施作,機械設計／繪圖人員,110204,因具裝備檢測維保實務經驗，熟悉機構原理與圖說規格，適合擔任機械設計／繪圖人員，從事設計與開發工業設備，以及協助生產製造流程、測試與改進工作。,,建議取得勞動部「電腦輔助立體製圖技術士證」或經濟部「工具機機械設計工程師能力鑑定證書」
,,,11營建/製圖/施作,吊車/起重機操作員,110304,因從事保修作業，具備操作起重機吊掛軍品實務經驗，適合擔任吊車/起重機操作員，從事起重機吊掛及現場監控工作。,應具備勞動部「固定式起重機操作技術士證」,
,,,09品管/製造/環衛,品管檢驗人員,090105,因具備裝備保養維修實務經驗，熟悉依標準程序執行檢查測試，適合擔任品管檢驗人員，從事根據規格檢查成品，使其符合製造標準等工作。,,建議取得中華民國品質學會「品質工程師認證」（經濟部認可）
,,,09品管/製造/環衛,廠務,090220,具備設備維護及環境巡檢實務經驗，熟悉廠房運作規範與異常處置流程，適合擔任廠務，從事廠房設施巡檢及機具日常維護工作。,,
砲塔砲修護兵,4C563,"1.設備檢修作業
1.1執行大型設備檢查與檢修。
1.2進行故障排除與功能修復。
1.3確保設備維持正常運轉。
2.保養與預防維護
2.1執行設備清潔與潤滑保養。
2.2辦理例行檢查與調整作業。
2.3降低設備故障與停機風險。
3.維護管理與追蹤
3.1建立設備維護與檢修紀錄。
3.2追蹤異常狀況與改善結果。
3.3提升設備穩定性與效率。",10技術/維修/操作,傳統車床技術人員,100129,具備機械裝備維修及精密量測操作實務經驗，熟悉機械設備運作原理與工件檢測作業，適合擔任傳統車床技術人員，從事金屬切削與零件製造工作。,,建議取得勞動部「車床丙級」技術士證
,,,10技術/維修/操作,自動化機械加工技術人員,100106,具備機械裝備維修及精密量測操作實務經驗，熟悉機械原理與規格圖說，適合擔任自動化機械加工技術人員，從事自動化設備操作或機械加工工作。,,建議取得勞動部「機械加工」或「油壓」技術士證
,,,11營建/製圖/施作,吊車/起重機操作員,110304,因從事保修作業，具備操作起重機吊掛軍品實務經驗，適合擔任吊車/起重機操作員，從事起重機吊掛及現場監控工作。,應具備勞動部「固定式起重機操作技術士證」,
,,,09品管/製造/環衛,品管檢驗人員,090105,因具備裝備保養維修實務經驗，熟悉依標準程序執行檢查測試，適合擔任品管檢驗人員，從事根據規格檢查成品，使其符合製造標準等工作。,,建議取得中華民國品質學會「品質工程師認證」（經濟部認可）
,,,09品管/製造/環衛,廠務助理,090222,因於保修單位長期接觸裝備檢修、環境巡查、物料管控等實務工作，並具備遵守安全作業規定與流程控管能力，適合轉銜廠務助理，從事設施維護、報修協調及職業安全衛生等工作。,,
砲塔砲保養士,4C565,"1.設備保養作業
1.1執行大型設備日常保養。
1.2辦理清潔、潤滑與基礎調整。
1.3維持設備穩定運轉效能。
2.檢測與工具應用
2.1使用量測儀器進行設備檢查。
2.2操作維修工具執行維護作業。
2.3協助性能確認與狀態判讀。
3.巡檢與維護管理
3.1執行設備例行巡檢。
3.2建立維護與保養紀錄。
3.3追蹤異常並提出改善建議。",10技術/維修/操作,傳統車床技術人員,100129,具備機械裝備維修及精密量測操作實務經驗，熟悉機械設備運作原理與工件檢測作業，適合擔任傳統車床技術人員，從事金屬切削與零件製造工作。,,建議取得勞動部「車床丙級」技術士證
,,,10技術/維修/操作,自動化機械加工技術人員,100106,具備機械裝備維修及精密量測操作實務經驗，熟悉機械原理與規格圖說，適合擔任自動化機械加工技術人員，從事自動化設備操作或機械加工工作。,,建議取得勞動部「機械加工」或「油壓」技術士證
,,,11營建/製圖/施作,吊車/起重機操作員,110304,因從事保修作業，具備操作起重機吊掛軍品實務經驗，適合擔任吊車/起重機操作員，從事起重機吊掛及現場監控工作。,應具備勞動部「固定式起重機操作技術士證」,
,,,09品管/製造/環衛,品管檢驗人員,090105,因具備裝備保養維修實務經驗，熟悉依標準程序執行檢查測試，適合擔任品管檢驗人員，從事根據規格檢查成品，使其符合製造標準等工作。,,建議取得中華民國品質學會「品質工程師認證」（經濟部認可）
,,,09品管/製造/環衛,廠務,090220,具備設備維護及環境巡檢實務經驗，熟悉廠房運作規範與異常處置流程，適合擔任廠務，從事廠房設施巡檢及機具日常維護工作。,,
砲塔砲修護士,4C566,"1.設備檢修作業
1.1執行大型設備檢查與維修。
1.2辦理故障排除與功能修復。
1.3確保設備正常運轉效能。
2.技術檢測與工具操作
2.1使用量測儀器進行設備檢測。
2.2操作維修工具執行檢修作業。
2.3協助設備校正與性能確認。
3.維護管理與改善追蹤
3.1建立設備維護與檢修紀錄。
3.2追蹤異常原因與改善結果。
3.3提升設備穩定性與維修效率。",10技術/維修/操作,傳統車床技術人員,100129,具備機械裝備維修及精密量測操作實務經驗，熟悉機械設備運作原理與工件檢測作業，適合擔任傳統車床技術人員，從事金屬切削與零件製造工作。,,建議取得勞動部「車床丙級」技術士證
,,,10技術/維修/操作,自動化機械加工技術人員,100106,具備機械裝備維修及精密量測操作實務經驗，熟悉機械原理與規格圖說，適合擔任自動化機械加工技術人員，從事自動化設備操作或機械加工工作。,,建議取得勞動部「機械加工」或「油壓」技術士證
,,,11營建/製圖/施作,吊車/起重機操作員,110304,因從事保修作業，具備操作起重機吊掛軍品實務經驗，適合擔任吊車/起重機操作員，從事起重機吊掛及現場監控工作。,應具備勞動部「固定式起重機操作技術士證」,
,,,09品管/製造/環衛,品管檢驗人員,090105,因具備裝備保養維修實務經驗，熟悉依標準程序執行檢查測試，適合擔任品管檢驗人員，從事根據規格檢查成品，使其符合製造標準等工作。,,建議取得中華民國品質學會「品質工程師認證」（經濟部認可）
,,,09品管/製造/環衛,廠務,090220,具備設備維護及環境巡檢實務經驗，熟悉廠房運作規範與異常處置流程，適合擔任廠務，從事廠房設施巡檢及機具日常維護工作。,,
野戰砲保養士,4C575,"1.設備保養作業
1.1執行大型設備日常保養與清潔。
1.2辦理潤滑、調整與基礎維護。
1.3維持設備正常運轉效能。
2.工具與設備管理
2.1操作維護工具與量測設備。
2.2執行工具保管與點檢管理。
2.3確保維修資源有效運用。
3.巡檢與紀錄管理
3.1執行設備例行巡檢。
3.2建立保養與維護紀錄。
3.3追蹤異常並提出改善建議。",10技術/維修/操作,傳統車床技術人員,100129,具備機械裝備維修及精密量測操作實務經驗，熟悉機械設備運作原理與工件檢測作業，適合擔任傳統車床技術人員，從事金屬切削與零件製造工作。,,建議取得勞動部「車床丙級」技術士證
,,,10技術/維修/操作,自動化機械加工技術人員,100106,具備機械裝備維修及精密量測操作實務經驗，熟悉機械原理與規格圖說，適合擔任自動化機械加工技術人員，從事自動化設備操作或機械加工工作。,,建議取得勞動部「機械加工」或「油壓」技術士證
,,,11營建/製圖/施作,吊車/起重機操作員,110304,因從事保修作業，具備操作起重機吊掛軍品實務經驗，適合擔任吊車/起重機操作員，從事起重機吊掛及現場監控工作。,應具備勞動部「固定式起重機操作技術士證」,
,,,09品管/製造/環衛,品管檢驗人員,090105,因具備裝備保養維修實務經驗，熟悉依標準程序執行檢查測試，適合擔任品管檢驗人員，從事根據規格檢查成品，使其符合製造標準等工作。,,建議取得中華民國品質學會「品質工程師認證」（經濟部認可）
,,,09品管/製造/環衛,廠務,090220,具備設備維護及環境巡檢實務經驗，熟悉廠房運作規範與異常處置流程，適合擔任廠務，從事廠房設施巡檢及機具日常維護工作。,,
野戰砲修護士,4C576,"1.設備檢修作業
1.1執行大型設備檢查與維修。
1.2辦理故障排除與功能修復。
1.3維持設備正常運轉效能。
2.工具與技術操作
2.1操作維修工具與量測設備。
2.2執行工具保管與效能點檢。
2.3支援設備維護與技術作業。
3.巡檢與維護管理
3.1執行設備例行巡檢。
3.2建立維修與保養紀錄。
3.3追蹤異常並推動改善措施。",10技術/維修/操作,傳統車床技術人員,100129,具備機械裝備維修及精密量測操作實務經驗，熟悉機械設備運作原理與工件檢測作業，適合擔任傳統車床技術人員，從事金屬切削與零件製造工作。,,建議取得勞動部「車床丙級」技術士證
,,,10技術/維修/操作,自動化機械加工技術人員,100106,具備機械裝備維修及精密量測操作實務經驗，熟悉機械原理與規格圖說，適合擔任自動化機械加工技術人員，從事自動化設備操作或機械加工工作。,,建議取得勞動部「機械加工」或「油壓」技術士證
,,,11營建/製圖/施作,吊車/起重機操作員,110304,因從事保修作業，具備操作起重機吊掛軍品實務經驗，適合擔任吊車/起重機操作員，從事起重機吊掛及現場監控工作。,應具備勞動部「固定式起重機操作技術士證」,
,,,09品管/製造/環衛,品管檢驗人員,090105,因具備裝備保養維修實務經驗，熟悉依標準程序執行檢查測試，適合擔任品管檢驗人員，從事根據規格檢查成品，使其符合製造標準等工作。,,建議取得中華民國品質學會「品質工程師認證」（經濟部認可）
,,,09品管/製造/環衛,廠務,090220,具備設備維護及環境巡檢實務經驗，熟悉廠房運作規範與異常處置流程，適合擔任廠務，從事廠房設施巡檢及機具日常維護工作。,,
高砲修護士,4C586,"1.設備檢修作業
1.1執行大型設備檢查與維修。
1.2辦理故障排除與功能恢復。
1.3確保設備正常運轉效能。
2.工具設備管理
2.1操作維修工具與檢測設備。
2.2執行工具設備保養與點檢。
2.3確保維修資源維持良好效能。
3.維護管理與改善
3.1建立設備維修與保養紀錄。
3.2追蹤異常原因與改善成果。
3.3提升設備穩定性與維護效率。",10技術/維修/操作,傳統車床技術人員,100129,具備機械裝備維修及精密量測操作實務經驗，熟悉機械設備運作原理與工件檢測作業，適合擔任傳統車床技術人員，從事金屬切削與零件製造工作。,,建議取得勞動部「車床丙級」技術士證
,,,10技術/維修/操作,自動化機械加工技術人員,100106,具備機械裝備維修及精密量測操作實務經驗，熟悉機械原理與規格圖說，適合擔任自動化機械加工技術人員，從事自動化設備操作或機械加工工作。,,建議取得勞動部「機械加工」或「油壓」技術士證
,,,11營建/製圖/施作,吊車/起重機操作員,110304,因從事保修作業，具備操作起重機吊掛軍品實務經驗，適合擔任吊車/起重機操作員，從事起重機吊掛及現場監控工作。,應具備勞動部「固定式起重機操作技術士證」,
,,,09品管/製造/環衛,自動化機械加工技術人員,090105,具備機械裝備維修及精密量測操作實務經驗，熟悉機械原理與規格圖說，適合擔任自動化機械加工技術人員，從事自動化設備操作或機械加工工作。,,建議取得勞動部「機械加工」或「油壓」技術士證
,,,09品管/製造/環衛,品管檢驗人員,090105,因具備裝備保養維修實務經驗，熟悉依標準程序執行檢查測試，適合擔任品管檢驗人員，從事根據規格檢查成品，使其符合製造標準等工作。,,建議取得中華民國品質學會「品質工程師認證」（經濟部認可）
,,,09品管/製造/環衛,廠務,090220,具備設備維護及環境巡檢實務經驗，熟悉廠房運作規範與異常處置流程，適合擔任廠務，從事廠房設施巡檢及機具日常維護工作。,,
生產管制兵,4C112,"1.生產流程支援
1.1協助生產排程與作業分配。
1.2配合製程進度執行工作。
1.3提升生產流程順暢度與效率。
2.物料與設備操作
2.1執行材料搬運與備料作業。
2.2協助操作基礎生產設備。
2.3支援產品加工與製造流程。
3.現場與環境管理
3.1維護工作環境整潔與秩序。
3.2落實作業安全與標準流程。
3.3提升現場管理品質與效率。",09品管/製造/環衛,生產管制技術員,090205,因具備產線物料配送、工序協調與支援機械操作等實務經驗，適合擔任生產管制技術員，從事生產進度管制等工作。,,
,,,09品管/製造/環衛,製程技術員,090203,因具備工務管制與協調經驗，熟悉製程節點與產能配置，適合擔任製程技術員，負責製程優化與異常排除。,,
,,,09品管/製造/環衛,工廠配置技術員,090204,因具備工務管制與協調經驗，熟悉製程節點與產能配置邏輯，適合擔任工廠配置技術員，從事廠房設備規劃與配置改善工作。,,
,,,09品管/製造/環衛,品管檢驗人員,090105,因具備裝備保養維修實務經驗，熟悉依標準程序執行檢查測試，適合擔任品管檢驗人員，從事根據規格檢查成品，使其符合製造標準等工作。,,建議取得中華民國品質學會「品質工程師認證」（經濟部認可）
,,,09品管/製造/環衛,廠務助理,090214,因於保修單位長期接觸裝備保修、環境巡查、物料管控等實務工作，並具備遵守安全作業規定與流程控管能力，適合轉銜廠務助理，從事設施維護、報修協調及職業安全衛生等工作。,,
,,,15物流/運輸/資材,物管／資材人員,150305,因具備產線物料配送、工序協調與支援機械操作等實務經驗，適合轉銜為物管／資材人員，負責管理物料搬運及採購、倉儲及分配作業。,,建議取得勞動部「堆高機操作」技術士證
兵工工務管制士,4C115,"1.生產流程管理
1.1監控生產作業進度與流程運作。
1.2協助管制作業與異常狀況追蹤。
1.3提升生產流程穩定性與效率。
2.生產資料與資源調度
2.1蒐整與更新生產作業資訊。
2.2分析現場運作狀況與產能配置。
2.3協助安排人力、設備與資源調配。
3.品質與績效管理
3.1執行品質管理與流程稽核。
3.2追蹤作業績效與執行成效。
3.3推動生產效率與品質改善。",09品管/製造/環衛,生產管制技術員,090205,因具備工務管制與協調經驗，熟悉製程節點與產能配置邏輯，適合擔任生產管制技術員，從事產線進度追蹤、工序協調與產能平衡作業，確保生產流程順暢並提升整體效率。,,
,,,09品管/製造/環衛,製程技術員,090203,因具備工務管制與協調經驗，熟悉製程節點與產能配置，適合擔任製程技術員，負責製程優化與異常排除。,,
,,,09品管/製造/環衛,工廠配置技術員,090204,因具備工務管制與協調經驗，熟悉製程節點與產能配置邏輯，適合擔任工廠配置技術員，從事廠房設備規劃與配置改善工作。,,
,,,09品管/製造/環衛,廠務,090220,具備設備維護及環境巡檢實務經驗，熟悉廠房運作規範與異常處置流程，適合擔任廠務，從事廠房設施巡檢及機具日常維護工作。,,
,,,09品管/製造/環衛,品管檢驗人員,090105,因具備裝備保養維修實務經驗，熟悉依標準程序執行檢查測試，適合擔任品管檢驗人員，從事根據規格檢查成品，使其符合製造標準等工作。,,建議取得中華民國品質學會「品質工程師認證」（經濟部認可）
,,,15物流/運輸/資材,物管／資材人員,150305,具備工務協調與作業管制實務經驗，熟悉設備運作與物料調度，適合轉銜為物管／資材人員，負責管理物料搬運及採購、倉儲及分配作業。,,建議取得勞動部「堆高機操作」技術士證
兵工機械製圖兵,4C132,"1.技術圖面製作
1.1繪製機械圖面與零件圖稿。
1.2完成尺寸標註與技術符號配置。
1.3協助圖面修訂與輸出管理。
2.圖面資料管理
2.1建立與整理圖面檔案資料。
2.2執行版本更新與文件控管。
2.3確保圖面標準一致性與可追溯性。
3.工具設備管理
3.1操作繪圖儀器與相關工具。
3.2執行設備保養與校正管理。
3.3維持製圖作業品質與效率。",10技術/維修/操作,機械製圖員,100101,具備機械製圖能力，熟悉標準化符號與技術文件編製流程，適合轉銜為機械製圖員，從事工程圖樣繪製與設計文件管理等工作。,,建議取得勞動部「電腦輔助機械設計製圖技術士證」
,,,10技術/維修/操作,CNC程式編排人員,100118,具備機械製圖與標準化符號繪製經驗，熟悉零組件結構、加工尺寸與公差標註原則，適合轉銜為CNC程式編排人員，從事圖樣轉G-code程式、加工路徑規劃與製程支援工作。,,建議取得勞動部「電腦輔助機械設計製圖」等相關技術士證
,,,10技術/維修/操作,CNC車床技術人員,100114,具備機械製圖與符號繪製能力，熟悉零件結構、尺寸標註與公差配置，適合轉銜為CNC車床技術人員，從事金屬切削加工、程式操作與製件精度控制等任務。,,建議取得勞動部「電腦數值控制車床乙級技術士證」
,,,09品管/製造/環衛,品管檢驗人員,090105,因具備裝備保養維修實務經驗，熟悉依標準程序執行檢查測試，適合擔任品管檢驗人員，從事根據規格檢查成品，使其符合製造標準等工作。,,建議取得中華民國品質學會「品質工程師認證」（經濟部認可）
兵工機械製圖士,4C135,"1.技術製圖作業
1.1繪製機械圖面與零件設計圖。
1.2進行圖面修訂與標準化作業。
1.3協助圖面輸出與製作。
2.圖面文件管理
2.1整理與管理工程圖面資料。
2.2執行文件印製與版本控管。
2.3確保圖面內容正確與一致。
3.工具與設備管理
3.1操作繪圖儀器與相關工具。
3.2執行設備保養與校正作業。
3.3維持製圖品質與作業效率。",10技術/維修/操作,機械製圖員,100101,具備機械製圖能力，熟悉標準化符號與技術文件編製流程，適合轉銜為機械製圖員，從事工程圖樣繪製與設計文件管理等工作。,,建議取得勞動部「電腦輔助機械設計製圖」相關技術士證
,,,10技術/維修/操作,CNC程式編排人員,100118,具備機械製圖與標準化符號繪製經驗，熟悉零組件結構、加工尺寸與公差標註原則，適合轉銜為CNC程式編排人員，從事圖樣轉G-code程式、加工路徑規劃與製程支援工作。,,建議取得勞動部「電腦輔助機械設計製圖」等相關技術士證
,,,10技術/維修/操作,CNC車床技術人員,100114,具備機械製圖與符號繪製能力，熟悉零件結構、尺寸標註與公差配置，適合轉銜為CNC車床技術人員，從事金屬切削加工、程式操作與製件精度控制等任務。,,建議取得勞動部「電腦數值控制車床乙級技術士證」
,,,09品管/製造/環衛,品管檢驗人員,090105,因具備裝備保養維修實務經驗，熟悉依標準程序執行檢查測試，適合擔任品管檢驗人員，從事根據規格檢查成品，使其符合製造標準等工作。,,建議取得中華民國品質學會「品質工程師認證」（經濟部認可）
技術資料管理士,4C145,"1.技術資料管理
1.1建立與維護技術文件資料庫。
1.2執行資料登錄與更新作業。
1.3確保資料完整性與正確性。
2.資訊蒐集與分配
2.1蒐集與整理技術相關資料。
2.2執行資料分發與使用控管。
2.3提供最新技術資訊支援。
3.文件制度與管制
3.1制定文件管理與使用規範。
3.2執行版本與權限管制。
3.3推動資料管理標準化。",01經營/行政/總務,檔案資料管理人員,010204,熟悉技術資料分類、保存與調用流程，適合擔任檔案資料管理人員，從事檔案建檔、資料索引與資料庫維護工作。,,
,,,01經營/行政/總務,行政事務秘書,010202,具備技術文件彙整、版本控管與作業規範管理能力，適合擔任行政事務秘書，從事會議紀錄、公文處理與行政支援等相關工作。,,建議取得勞動部「電腦軟體應用」相關技術士證
,,,01經營/行政/總務,行政總務人員,010302,因具備文件登錄、分配與歸檔等文書管理能力，適合擔任行政總務人員，從事文件存管、資料歸檔與一般行政支援工作。,,建議取得勞動部「電腦軟體應用」相關技術士證
,,,09品管/製造/環衛,品管檢驗人員,090105,因具備裝備保養維修實務經驗，熟悉依標準程序執行檢查測試，適合擔任品管檢驗人員，從事根據規格檢查成品，使其符合製造標準等工作。,,建議取得中華民國品質學會「品質工程師認證」（經濟部認可）
,,,02業務/貿易/銷售,業務助理,020103,因具備資料彙整與跨單位協調能力，適合轉銜為業務助理，從事業務資料整理、合約與文件管理及跨部門行政支援等工作。,,建議取得勞動部「電腦軟體應用」相關技術士證
,,,通俗職業未收錄依UCAN對應,圖書館管理專業人員,,具備技術資料分類與檢索經驗，適合擔任圖書館管理專業人員，從事館藏資料編目、資訊檢索與圖書流通管理工作。,,
技術資料管理兵,4C141,"1.技術資料建檔
1.1登錄與整理技術文件資料。
1.2建立資料分類與檔案系統。
1.3確保資料正確性與一致性。
2.資訊蒐集與調查
2.1蒐集與查核技術相關資料。
2.2確認資料來源與內容正確性。
2.3提供更新後技術資訊。
3.資料分發與管理
3.1執行資料分配與流通管理。
3.2控管資料使用權限。
3.3維持資料管理流程標準化。",01經營/行政/總務,檔案資料管理人員,010204,熟悉技術資料分類、保存與調用流程，適合擔任檔案資料管理人員，從事檔案建檔、資料索引與資料庫維護工作。,,
,,,01經營/行政/總務,行政事務秘書,010202,具備技術文件彙整、版本控管與作業規範管理能力，適合擔任行政事務秘書，從事會議紀錄、公文處理與行政支援等相關工作。,,建議取得勞動部「電腦軟體應用」相關技術士證
,,,01經營/行政/總務,行政總務人員,010302,因具備文件登錄、分配與歸檔等文書管理能力，適合擔任行政總務人員，從事文件存管、資料歸檔與一般行政支援工作。,,建議取得勞動部「電腦軟體應用」相關技術士證
,,,09品管/製造/環衛,品管檢驗人員,090105,因具備裝備保養維修實務經驗，熟悉依標準程序執行檢查測試，適合擔任品管檢驗人員，從事根據規格檢查成品，使其符合製造標準等工作。,,建議取得中華民國品質學會「品質工程師認證」（經濟部認可）
,,,02業務/貿易/銷售,業務助理,020103,因具備資料彙整與跨單位協調能力，適合轉銜為業務助理，從事業務資料整理、合約與文件管理及跨部門行政支援等工作。,,建議取得勞動部「電腦軟體應用」相關技術士證
,,,通俗職業未收錄依UCAN對應,圖書館管理專業人員,,具備技術資料分類與檢索經驗，適合擔任圖書館管理專業人員，從事館藏資料編目、資訊檢索與圖書流通管理工作。,,
鈑金督導士,4C036,"1.金屬加工製作
1.1進行金屬板材量測與加工。
1.2製作與修整金屬零組件。
1.3協助機械加工與組裝作業。
2.焊接與修補作業
2.1執行焊接與焊錫作業。
2.2進行金屬材料接合與修補。
2.3確保製作品質與結構穩定。
3.工具操作與安全管理
3.1操作機械工具與量測設備。
3.2執行工具保養與維護作業。
3.3維護工作環境安全與秩序。",10技術/維修/操作,鈑金技術員,100120,具備金屬鈑金成形與藍圖加工經驗，適合轉銜為鈑金技術員，從事金屬板材之裁切、折彎、加工與組配等製造作業。,,建議取得勞動部「鈑金」或「金屬成形」相關技術士證
,,,10技術/維修/操作,焊接、切割工,100123,因具備焊錫操作與金屬加工技能，適合轉銜為焊接工，從事金屬構件之焊接、組配與結構維修作業。,,建議取得勞動部「氬氣鎢極電銲」或「一般手工電焊」相關技術士證
,,,10技術/維修/操作,CNC車床技術人員,100114,具備藍圖判讀與金屬加工基礎，適合轉銜為CNC車床技術人員，從事金屬零件之程式編排、加工操作與品質檢測等工作。,,建議取得勞動部「電腦數值控制車床乙級技術士證」
,,,10技術/維修/操作,自動化機械加工技術人員,100106,具備機械裝備維修及精密量測操作實務經驗，熟悉機械原理與規格圖說，適合擔任自動化機械加工技術人員，從事自動化設備操作或機械加工工作。,,建議取得勞動部「機械加工」或「油壓」技術士證
,,,09品管/製造/環衛,廠務,090220,具備設備維護及環境巡檢實務經驗，熟悉廠房運作規範與異常處置流程，適合擔任廠務，從事廠房設施巡檢及機具日常維護工作。,,
,,,09品管/製造/環衛,品管檢驗人員,090105,因具備裝備保養維修實務經驗，熟悉依標準程序執行檢查測試，適合擔任品管檢驗人員，從事根據規格檢查成品，使其符合製造標準等工作。,,建議取得中華民國品質學會「品質工程師認證」（經濟部認可）
鈑金兵,4C243,"1.金屬加工製作
1.1進行金屬零件量測與製作。
1.2協助機械加工與零件修整。
1.3確保加工品質與尺寸精準。
2.焊接與加工作業
2.1執行焊接與焊錫作業。
2.2進行金屬材料接合與加工。
2.3完成零件修復與組裝支援。
3.工具與現場管理
3.1操作機械工具與加工設備。
3.2執行工具保養與維護。
3.3維持工作環境安全與整潔。",10技術/維修/操作,鈑金技術員,100120,具備金屬鈑金成形與藍圖加工經驗，適合轉銜為鈑金技術員，從事金屬板材之裁切、折彎、加工與組配等製造作業。,,建議取得勞動部「鈑金」或「金屬成形」相關技術士證
,,,10技術/維修/操作,焊接、切割工,100123,因具備焊錫操作與金屬加工技能，適合轉銜為焊接工，從事金屬構件之焊接、組配與結構維修作業。,,建議取得勞動部「氬氣鎢極電銲」或「一般手工電焊」相關技術士證
,,,10技術/維修/操作,CNC車床技術人員,100114,具備藍圖判讀與金屬加工基礎，適合轉銜為CNC車床技術人員，從事金屬零件之程式編排、加工操作與品質檢測等工作。,,建議取得勞動部「電腦數值控制車床乙級技術士證」
,,,10技術/維修/操作,自動化機械加工技術人員,100106,具備機械裝備維修及精密量測操作實務經驗，熟悉機械原理與規格圖說，適合擔任自動化機械加工技術人員，從事自動化設備操作或機械加工工作。,,建議取得勞動部「機械加工」或「油壓」技術士證
,,,09品管/製造/環衛,廠務,090220,具備設備維護及環境巡檢實務經驗，熟悉廠房運作規範與異常處置流程，適合擔任廠務，從事廠房設施巡檢及機具日常維護工作。,,
,,,09品管/製造/環衛,品管檢驗人員,090105,因具備裝備保養維修實務經驗，熟悉依標準程序執行檢查測試，適合擔任品管檢驗人員，從事根據規格檢查成品，使其符合製造標準等工作。,,建議取得中華民國品質學會「品質工程師認證」（經濟部認可）
鈑金士,4C246,"1.金屬加工製作
1.1進行金屬零件量測與製作。
1.2協助機械加工與零件修整。
1.3確保加工品質與尺寸精準。
2.焊接與加工作業
2.1執行焊接與焊錫作業。
2.2進行金屬材料接合與加工。
2.3完成零件修復與組裝支援。
3.工具與現場管理
3.1操作機械工具與加工設備。
3.2執行工具保養與維護。
3.3維持工作環境安全與整潔。",10技術/維修/操作,鈑金技術員,100120,具備金屬鈑金成形與藍圖加工經驗，適合轉銜為鈑金技術員，從事金屬板材之裁切、折彎、加工與組配等製造作業。,,建議取得勞動部「鈑金」或「金屬成形」相關技術士證
,,,10技術/維修/操作,焊接、切割工,100123,因具備焊錫操作與金屬加工技能，適合轉銜為焊接工，從事金屬構件之焊接、組配與結構維修作業。,,建議取得勞動部「氬氣鎢極電銲」或「一般手工電焊」相關技術士證
,,,10技術/維修/操作,CNC車床技術人員,100114,具備藍圖判讀與金屬加工基礎，適合轉銜為CNC車床技術人員，從事金屬零件之程式編排、加工操作與品質檢測等工作。,,建議取得勞動部「電腦數值控制車床乙級技術士證」
,,,10技術/維修/操作,自動化機械加工技術人員,100106,具備機械裝備維修及精密量測操作實務經驗，熟悉機械原理與規格圖說，適合擔任自動化機械加工技術人員，從事自動化設備操作或機械加工工作。,,建議取得勞動部「機械加工」或「油壓」技術士證
,,,09品管/製造/環衛,廠務,090220,具備設備維護及環境巡檢實務經驗，熟悉廠房運作規範與異常處置流程，適合擔任廠務，從事廠房設施巡檢及機具日常維護工作。,,
,,,09品管/製造/環衛,品管檢驗人員,090105,因具備裝備保養維修實務經驗，熟悉依標準程序執行檢查測試，適合擔任品管檢驗人員，從事根據規格檢查成品，使其符合製造標準等工作。,,建議取得中華民國品質學會「品質工程師認證」（經濟部認可）
鍛鑄兵,4C253,"1.金屬鍛造加工
1.1進行金屬加熱與成形加工。
1.2執行鍛造與零件塑形作業。
1.3製作符合規格之金屬構件。
2.金屬接合與製作
2.1執行金屬鍛接與接合作業。
2.2提升零件結構強度與穩定性。
2.3協助完成金屬製品加工。
3.熱處理製程
3.1進行加熱、淬火與回火作業。
3.2調整金屬硬度與材料性能。
3.3確保製程品質與穩定性。",10技術/維修/操作,鑄造／鍛造模具技術人員,100121,具備鍛造與熱處理能力，適合轉銜鑄造／鍛造模具技術人員，從事金屬鍛造與模具製造等工作。,,建議取得勞動部「鑄造」技術士證
,,,10技術/維修/操作,焊接、切割工,100123,具備金屬鍛接、熱加工與構件修補經驗，適合轉銜為焊接、切割工，從事結構焊接、組立與修補作業。,,建議取得勞動部「氬氣鎢極電焊」或「一般手工電焊」技術士證
,,,10技術/維修/操作,銑床技術人員,100113,具備金屬熱加工、尺寸量測與材料性質判讀能力，適合轉銜為銑床技術人員，從事金屬零件加工、精密配合與製程修整等工作。,,建議取得勞動部「銑床」相關技術士證
,,,10技術/維修/操作,CNC車床技術人員,100114,具備加工與材料應用基礎，適合轉銜CNC車床技術人員，從事CNC車床機械加工相關工作。,,建議取得勞動部「電腦數值控制車床項」技術士
,,,10技術/維修/操作,沖壓、模具技術人員,100115,熟悉金屬加工特性與材料成形原理，適合轉銜為沖壓模具技術人員，從事金屬沖壓工件製造、模具操作與基本維護等工作。,,建議取得勞動部「沖壓模具」技術士證
,,,09品管/製造/環衛,廠務助理,090214,具備設備維護及環境巡檢實務經驗，熟悉廠房運作規範與異常處置流程，適合擔任廠務助理，從事廠房設施巡檢及機具日常維護工作。,,
,,,09品管/製造/環衛,品管檢驗人員,090105,因具備裝備保養維修實務經驗，熟悉依標準程序執行檢查測試，適合擔任品管檢驗人員，從事根據規格檢查成品，使其符合製造標準等工作。,,建議取得中華民國品質學會「品質工程師認證」（經濟部認可）
鍛鑄士,4C256,"1.金屬鍛造加工
1.1進行金屬加熱與成形加工。
1.2執行鍛造與零件塑形作業。
1.3製作符合規格之金屬構件。
2.金屬接合與製作
2.1執行金屬鍛接與接合作業。
2.2強化零件結構與耐用性。
2.3協助完成金屬產品製作。
3.熱處理製程
3.1進行加熱、淬火與回火作業。
3.2調整金屬硬度與材料性能。
3.3確保製程穩定與品質一致。",10技術/維修/操作,鑄造／鍛造模具技術人員,100121,具備鍛造與熱處理能力，適合轉銜鑄造／鍛造模具技術人員，從事金屬鍛造與模具製造等工作。,,建議取得勞動部「鑄造」技術士證
,,,10技術/維修/操作,焊接、切割工,100123,具備金屬鍛接、熱加工與構件修補經驗，適合轉銜為焊接、切割工，從事結構焊接、組立與修補作業。,,建議取得勞動部「氬氣鎢極電焊」或「一般手工電焊」技術士證
,,,10技術/維修/操作,銑床技術人員,100113,具備金屬熱加工、尺寸量測與材料性質判讀能力，適合轉銜為銑床技術人員，從事金屬零件加工、精密配合與製程修整等工作。,,建議取得勞動部「銑床」相關技術士證
,,,10技術/維修/操作,CNC車床技術人員,100114,具備加工與材料應用基礎，適合轉銜CNC車床技術人員，從事CNC車床機械加工相關工作。,,建議取得勞動部「電腦數值控制車床項」技術士
,,,10技術/維修/操作,沖壓、模具技術人員,100115,熟悉金屬加工特性與材料成形原理，適合轉銜為沖壓模具技術人員，從事金屬沖壓工件製造、模具操作與基本維護等工作。,,建議取得勞動部「沖壓模具」技術士證
,,,09品管/製造/環衛,廠務助理,090214,具備設備維護及環境巡檢實務經驗，熟悉廠房運作規範與異常處置流程，適合擔任廠務助理，從事廠房設施巡檢及機具日常維護工作。,,
,,,09品管/製造/環衛,品管檢驗人員,090105,因具備裝備保養維修實務經驗，熟悉依標準程序執行檢查測試，適合擔任品管檢驗人員，從事根據規格檢查成品，使其符合製造標準等工作。,,建議取得中華民國品質學會「品質工程師認證」（經濟部認可）
焊工兵,4C313,"1.焊接與金屬加工
1.1執行金屬焊接與切割作業。
1.2進行零件組裝與接合作業。
1.3確保焊接品質與結構穩定。
2.管路與設備安裝
2.1安裝與維修管路系統與閥件。
2.2執行設備修理與保養作業。
2.3確保系統運作正常與安全。
3.工具與現場安全管理
3.1操作焊接設備與相關工具。
3.2執行工具保養與維護作業。
3.3落實作業安全與環境管理。",10技術/維修/操作,焊接、切割工,100123,具備焊接與金屬切割實務經驗，適合轉銜為焊接工，從事結構件焊接、修補與組裝等工作。,,建議取得勞動部「氬氣鎢極電焊」或「手工電焊」相關技術士證
,,,10技術/維修/操作,鈑金技術員,100120,具備焊接與金屬加工基礎，適合轉銜為板金技術員，從事金屬鈑金製作、折彎、焊接組裝與結構加工等工作。,,建議取得勞動部「金屬成形」相關技術士證
,,,10技術/維修/操作,銑床技術人員,100113,具備圖樣判讀與金屬加工技能，適合轉銜為銑床技術人員，從事金屬零件加工相關工作。,,建議取得勞動部「銑床」相關技術士證
,,,10技術/維修/操作,CNC車床技術人員,100114,具備圖樣判讀與金屬加工技能，適合轉銜CNC車床技術人員，從事CNC車床機械加工相關工作。,,建議取得勞動部「電腦數值控制車床項乙級技術士」
,,,10技術/維修/操作,沖壓、模具技術人員,100115,具備金屬加工實務經驗，熟悉金屬性質與加工前置準備，適合轉銜為沖壓模具技術人員，從事沖壓製程操作、模具調整與零件製造等工作。,,建議取得勞動部「沖壓模具乙級技術士證」
,,,09品管/製造/環衛,廠務助理,090214,具備設備維護及環境巡檢實務經驗，熟悉廠房運作規範與異常處置流程，適合擔任廠務助理，從事廠房設施巡檢及機具日常維護工作。,,
,,,09品管/製造/環衛,品管檢驗人員,090105,因具備裝備保養維修實務經驗，熟悉依標準程序執行檢查測試，適合擔任品管檢驗人員，從事根據規格檢查成品，使其符合製造標準等工作。,,建議取得中華民國品質學會「品質工程師認證」（經濟部認可）
鉗工兵,4C316,"1.機械加工與裝配
1.1執行機械零件製作與加工。
1.2進行組件裝配、修整與修復。
1.3確保設備組裝品質與功能正常。
2.量測與精度控制
2.1使用量測儀器進行尺寸校驗。
2.2操作手工具完成精密加工。
2.3提升零件精度與加工品質。
3.製程與材料處理
3.1依圖面規劃加工流程。
3.2執行焊接與熱處理作業。
3.3強化材料性能與製作品質。",10技術/維修/操作,銑床技術人員,100113,具備圖樣判讀與金屬加工技能，適合轉銜銑床技術人員，從事零件加工、尺寸控制與製程切削等工作。,,建議取得「勞動部」銑床相關技術士證
,,,10技術/維修/操作,CNC車床技術人員,100114,具備圖樣判讀與金屬加工技能，適合轉銜CNC車床技術人員，從事CNC車床機械加工相關工作。,,建議取得勞動部「電腦數值控制車床項乙級技術士」
,,,10技術/維修/操作,自動化機械加工技術人員,100106,具備機械裝備維修及精密量測操作實務經驗，熟悉機械原理與規格圖說，適合擔任自動化機械加工技術人員，從事自動化設備操作或機械加工工作。,,建議取得勞動部「機械加工」或「油壓」技術士證
,,,10技術/維修/操作,焊接、切割工,100123,具備金屬材料削切與構件修整實務經驗，適合轉銜為焊接工，從事結構焊接、金屬組件修補與加工作業。,,建議取得勞動部「氬氣鎢極電焊」或「手工電焊」相關技術士證
,,,10技術/維修/操作,沖壓、模具技術人員,100115,具備金屬加工實務經驗，熟悉材料性質與加工前置流程，適合轉銜沖壓模具技術人員，從事沖壓製程操作、模具調整與零件製造等工作。,,建議取得勞動部「沖壓模具乙級技術士證」
,,,09品管/製造/環衛,廠務助理,090214,具備設備維護及環境巡檢實務經驗，熟悉廠房運作規範與異常處置流程，適合擔任廠務助理，從事廠房設施巡檢及機具日常維護工作。,,
,,,09品管/製造/環衛,品管檢驗人員,090105,因具備裝備保養維修實務經驗，熟悉依標準程序執行檢查測試，適合擔任品管檢驗人員，從事根據規格檢查成品，使其符合製造標準等工作。,,建議取得中華民國品質學會「品質工程師認證」（經濟部認可）
鉗工士,4C323,"1.機械裝配與加工
1.1執行機械零件製作與加工。
1.2進行設備組裝、修整與維修。
1.3確保組件品質與功能正常運作。
2.量測與精度控制
2.1使用量測儀器進行尺寸檢測。
2.2操作手工具完成精密加工。
2.3提升加工精度與品質穩定性。
3.製程與材料處理
3.1依圖面規劃加工與製作流程。
3.2執行焊接、回火與熱處理作業。
3.3改善材料性能與產品耐用度。",10技術/維修/操作,銑床技術人員,100113,具備圖樣判讀與金屬加工技能，適合轉銜銑床技術人員，從事零件加工、尺寸控制與製程切削等工作。,,建議取得「勞動部」銑床相關技術士證
,,,10技術/維修/操作,CNC車床技術人員,100114,具備圖樣判讀與金屬加工技能，適合轉銜CNC車床技術人員，從事CNC車床機械加工相關工作。,,建議取得勞動部「電腦數值控制車床項乙級技術士」
,,,10技術/維修/操作,自動化機械加工技術人員,100106,具備機械裝備維修及精密量測操作實務經驗，熟悉機械原理與規格圖說，適合擔任自動化機械加工技術人員，從事自動化設備操作或機械加工工作。,,建議取得勞動部「機械加工」或「油壓」技術士證
,,,10技術/維修/操作,焊接、切割工,100123,具備金屬材料削切與構件修整實務經驗，適合轉銜為焊接工，從事結構焊接、金屬組件修補與加工作業。,,建議取得勞動部「氬氣鎢極電焊」或「手工電焊」相關技術士證
,,,10技術/維修/操作,沖壓、模具技術人員,100115,具備金屬加工實務經驗，熟悉材料性質與加工前置流程，適合轉銜沖壓模具技術人員，從事沖壓製程操作、模具調整與零件製造等工作。,,建議取得勞動部「沖壓模具乙級技術士證」
,,,09品管/製造/環衛,廠務,090220,具備設備維護及環境巡檢實務經驗，熟悉廠房運作規範與異常處置流程，適合擔任廠務，從事廠房設施巡檢及機具日常維護工作。,,
,,,09品管/製造/環衛,品管檢驗人員,090105,因具備裝備保養維修實務經驗，熟悉依標準程序執行檢查測試，適合擔任品管檢驗人員，從事根據規格檢查成品，使其符合製造標準等工作。,,建議取得中華民國品質學會「品質工程師認證」（經濟部認可）
車工兵,4C263,"1.精密加工製作
1.1操作自動化或半自動加工設備。
1.2執行切削、搪孔與研磨加工。
1.3完成精密金屬零件製作。
2.設備維護管理
2.1執行設備點檢與保養作業。
2.2進行設備調校與基礎維修。
2.3維持設備穩定運轉效能。
3.品質與製程控制
3.1依圖面規格執行加工流程。
3.2進行尺寸量測與精度校驗。
3.3確保產品品質與加工效率。",10技術/維修/操作,傳統車床技術人員,100129,因具備車床與金屬切削技能，適合擔任傳統車床技術人員，從事金屬切削與零件製造工作。,,建議取得勞動部「車床」相關技術士證
,,,10技術/維修/操作,CNC車床技術人員,100114,具備車床操作與識圖能力，適合轉銜為CNC車床技術人員，從事CNC加工程式編排、刀具設定與機械加工等工作。,,建議取得勞動部「電腦數值控制車床乙級技術士證」
,,,10技術/維修/操作,銑床技術人員,100113,因熟悉圖樣判讀與零件製作流程，適合轉銜為銑床技術人員，從事零件加工、尺寸切削等相關作業。,,建議取得勞動部「銑床技術士證」
,,,10技術/維修/操作,自動化機械加工技術人員,100106,具備機械裝備維修及精密量測操作實務經驗，熟悉機械原理與規格圖說，適合擔任自動化機械加工技術人員，從事自動化設備操作或機械加工工作。,,建議取得勞動部「機械加工」或「油壓」技術士證
,,,10技術/維修/操作,沖壓、模具技術人員,100115,具備金屬加工背景，適合轉銜模具技術人員，從事沖壓成型與模具組立等工作。,,建議取得勞動部「沖壓模具項乙級技術士證」
,,,09品管/製造/環衛,廠務助理,090214,具備設備維護及環境巡檢實務經驗，熟悉廠房運作規範與異常處置流程，適合擔任廠務助理，從事廠房設施巡檢及機具日常維護工作。,,
,,,09品管/製造/環衛,品管檢驗人員,090105,因具備裝備保養維修實務經驗，熟悉依標準程序執行檢查測試，適合擔任品管檢驗人員，從事根據規格檢查成品，使其符合製造標準等工作。,,建議取得中華民國品質學會「品質工程師認證」（經濟部認可）
車工士,4C326,"1.機械加工製作
1.1操作自動化或半自動加工設備。
1.2執行切削、搪孔與研磨加工。
1.3完成高精度金屬零件製作。
2.設備維護管理
2.1執行設備檢查與保養作業。
2.2進行機台調校與基礎維修。
2.3維持設備運轉穩定與效率。
3.精度與品質控制
3.1依規格執行加工製程。
3.2使用量測工具進行尺寸校驗。
3.3確保加工精度與產品品質。",10技術/維修/操作,傳統車床技術人員,100129,因具備車床與金屬切削技能，適合轉銜傳統車床技術人員，從事金屬切削與零件製造工作。,,建議取得勞動部「車床」相關技術士證
,,,10技術/維修/操作,CNC車床技術人員,100114,具備車床操作與識圖能力，適合轉銜為CNC車床技術人員，從事CNC加工程式編排、刀具設定與機械加工等工作。,,建議取得勞動部「電腦數值控制車床乙級技術士證」
,,,10技術/維修/操作,銑床技術人員,100113,因熟悉圖樣判讀與零件製作流程，適合轉銜為銑床技術人員，從事零件加工、尺寸切削等相關作業。,,建議取得勞動部「銑床技術士證」
,,,10技術/維修/操作,自動化機械加工技術人員,100106,具備機械裝備維修及精密量測操作實務經驗，熟悉機械原理與規格圖說，適合擔任自動化機械加工技術人員，從事自動化設備操作或機械加工工作。,,建議取得勞動部「機械加工」或「油壓」技術士證
,,,10技術/維修/操作,沖壓、模具技術人員,100115,具備金屬加工背景，適合轉銜模具技術人員，從事沖壓成型與模具組立等工作。,,建議取得勞動部「沖壓模具項乙級技術士證」
,,,09品管/製造/環衛,廠務,090220,具備設備維護及環境巡檢實務經驗，熟悉廠房運作規範與異常處置流程，適合擔任廠務，從事廠房設施巡檢及機具日常維護工作。,,
,,,09品管/製造/環衛,品管檢驗人員,090105,因具備裝備保養維修實務經驗，熟悉依標準程序執行檢查測試，適合擔任品管檢驗人員，從事根據規格檢查成品，使其符合製造標準等工作。,,建議取得中華民國品質學會「品質工程師認證」（經濟部認可）
機工兵,4C333,"1.綜合加工製造
1.1執行金屬加工、焊接與成形作業。
1.2協助鍛造、板金與鑄造加工流程。
1.3完成零件製作、修整與品質確認。
2.設備操作維護
2.1操作各類加工設備與動力機具。
2.2執行設備保養、檢查與維護。
2.3確保設備運作穩定與安全。
3.製程整合與修護
3.1依圖面規格安排加工流程。
3.2協調模具、鑄造與製造作業。
3.3執行設備修護與現場技術支援。",10技術/維修/操作,傳統車床技術人員,100129,具備機械加工與精密量測技能，適合轉銜傳統車床技術人員，從事金屬切削與零件製造工作。,,建議取得勞動部「車床」相關技術士證
,,,10技術/維修/操作,CNC車床技術人員,100114,具備機械加工與精密量測技能，適合轉銜CNC車床技術人員，從事CNC車床機械加工相關工作。,,建議取得勞動部「電腦數值控制車床項」技術士
,,,10技術/維修/操作,銑床技術人員,100113,具備機械加工與精密量測技能，適合轉銜為銑床技術人員，從事金屬零件之銑削加工與製作等相關工作。,,建議取得勞動部「銑床」技術士證
,,,10技術/維修/操作,焊接、切割工,100123,具備金屬材料削切與構件修整實務經驗，適合轉銜為焊接工，從事結構焊接、金屬組件修補與加工作業。,,建議取得勞動部「氬氣鎢極電焊」或「手工電焊」相關技術士證
,,,10技術/維修/操作,沖壓、模具技術人員,100115,因熟悉金屬加工與成型流程，適合轉銜為模具技術人員，從事模具製作、調整與加工等相關工作。,,建議取得勞動部「沖壓模具項乙級技術士證」
,,,10技術/維修/操作,鑄造／鍛造模具技術人員,100121,具備翻砂、鍛造與熱處理經驗，適合轉銜為鑄造／鍛造模具技術人員，從事金屬零件製造、模具操作與製程調整等工作。,,建議取得勞動部「鑄造」技術士證
,,,09品管/製造/環衛,廠務助理,090214,具備設備維護及環境巡檢實務經驗，熟悉廠房運作規範與異常處置流程，適合擔任廠務助理，從事廠房設施巡檢及機具日常維護工作。,,
,,,09品管/製造/環衛,品管檢驗人員,090105,因具備裝備保養維修實務經驗，熟悉依標準程序執行檢查測試，適合擔任品管檢驗人員，從事根據規格檢查成品，使其符合製造標準等工作。,,建議取得中華民國品質學會「品質工程師認證」（經濟部認可）
機工士,4C336,"1.零件加工與組裝
1.1執行零件量測、加工與製作。
1.2完成零組件裝配與調整作業。
1.3確保尺寸精度與組裝品質。
2.設備維護與安全管理
2.1操作各類加工設備與工具。
2.2執行設備保養、點檢與維護。
2.3維持現場安全與作業穩定性。
3.模具與製程協調
3.1製作與修整鑄造模具。
3.2依圖面規格進行製程協調。
3.3確保鑄件品質符合設計要求。",10技術/維修/操作,傳統車床技術人員,100129,具備機械加工與精密量測技能，適合轉銜傳統車床技術人員，從事金屬切削與零件製造工作。,,建議取得勞動部「車床」相關技術士證
,,,10技術/維修/操作,CNC車床技術人員,100114,具備機械加工與精密量測技能，適合轉銜CNC車床技術人員，從事CNC車床機械加工相關工作。,,建議取得勞動部「電腦數值控制車床項」技術士
,,,10技術/維修/操作,銑床技術人員,100113,具備機械加工與精密量測技能，適合轉銜為銑床技術人員，從事金屬零件之銑削加工與製作等相關工作。,,建議取得勞動部「銑床」技術士證
,,,10技術/維修/操作,焊接、切割工,100123,具備金屬材料削切與構件修整實務經驗，適合轉銜為焊接工，從事結構焊接、金屬組件修補與加工作業。,,建議取得勞動部「氬氣鎢極電焊」或「手工電焊」相關技術士證
,,,10技術/維修/操作,沖壓、模具技術人員,100115,因熟悉金屬加工與成型流程，適合轉銜為模具技術人員，從事模具製作、調整與加工等相關工作。,,建議取得勞動部「沖壓模具項乙級技術士證」
,,,10技術/維修/操作,鑄造／鍛造模具技術人員,100121,具備翻砂、鍛造與熱處理經驗，適合轉銜為鑄造／鍛造模具技術人員，從事金屬零件製造、模具操作與製程調整等工作。,,建議取得勞動部「鑄造」技術士證
,,,09品管/製造/環衛,廠務助理,090214,具備設備維護及環境巡檢實務經驗，熟悉廠房運作規範與異常處置流程，適合擔任廠務助理，從事廠房設施巡檢及機具日常維護工作。,,
,,,09品管/製造/環衛,品管檢驗人員,090105,因具備裝備保養維修實務經驗，熟悉依標準程序執行檢查測試，適合擔任品管檢驗人員，從事根據規格檢查成品，使其符合製造標準等工作。,,建議取得中華民國品質學會「品質工程師認證」（經濟部認可）
化工兵,4C212,"1.化工製程作業
1.1協助化工產品製作與加工。
1.2支援製程操作與流程執行。
1.3配合品質檢驗與規格確認。
2.設備維護管理
2.1執行化工設備點檢與保養。
2.2協助器材檢修與功能維護。
2.3維持設備正常運作與效率。
3.環境與安全管理
3.1整理工作場所與生產器材。
3.2執行作業區清潔與維護。
3.3落實安全規範與工安管理。",09品管/製造/環衛,生產管制技術員,090205,因具備產線物料配送、工序協調與支援機械操作等實務經驗，適合轉銜為生產管制技術員，從事生產進度管制等工作。,,
,,,09品管/製造/環衛,品管檢驗人員,090105,因具備裝備保養維修實務經驗，熟悉依標準程序執行檢查測試，適合擔任品管檢驗人員，從事根據規格檢查成品，使其符合製造標準等工作。,,建議取得中華民國品質學會「品質工程師認證」（經濟部認可）
,,,09品管/製造/環衛,廠務助理,090222,因具備工作場所整理、遵守安全作業規定與流程控管能力，適合轉銜廠務助理，從事設施維護、報修協調及職業安全衛生等工作。,,
,,,15物流/運輸/資材,物管／資材人員,150305,因具備產線物料配送、工序協調與支援機械操作等實務經驗，適合轉銜為物管／資材人員，負責管理物料搬運及採購、倉儲及分配作業。,,建議取得勞動部「堆高機操作」技術士證
化工士,4C215,"1.化工製程與品質
1.1執行化工產品製造與加工流程。
1.2進行藥劑調配與原料使用控制。
1.3執行產品檢驗與品質確認作業。
2.設備維護管理
2.1執行設備點檢、保養與維修。
2.2維持化工設備正常運作效能。
2.3協助設備異常排查與改善。
3.工安與防護管理
3.1落實作業安全規範與流程。
3.2執行現場防護措施與風險控管。
3.3維持安全、穩定之生產環境。",07工程/研發/生技,其他化學工程技術員,070390,具備化學裝備維修、材料管理及故障分析等實務經驗，熟悉化學設備運作原理、檢驗作業流程與安全管理規範，適合擔任其他化學工程技術員，從事化學設備操作與檢測分析工作。,,建議取得經濟部產業發展署「化工製程工程師能力鑑定合格證書」
,,,09品管/製造/環衛,生產管制技術員,090205,因具備產線物料配送、工序協調與機械操作等實務經驗，適合轉銜生產管制技術員，從事生產進度管制工作。,,
,,,09品管/製造/環衛,品管檢驗人員,090105,因具備裝備保養維修實務經驗，熟悉依標準程序執行檢查測試，適合擔任品管檢驗人員，從事根據規格檢查成品，使其符合製造標準等工作。,,建議取得中華民國品質學會「品質工程師認證」（經濟部認可）
,,,09品管/製造/環衛,職業安全衛生管理員,090301,具備化學品管理、作業場所風險辨識與事故初步處置經驗，熟悉相關安全規範，適合轉銜為職業安全衛生管理員，從事危害分析、安全稽核與環境安全維護等任務。,,建議取得勞動部「職業安全衛生管理乙級技術士證」
,,,09品管/製造/環衛,廠務,090220,具備設備維護及環境巡檢實務經驗，熟悉廠房運作規範與異常處置流程，適合擔任廠務，從事廠房設施巡檢及機具日常維護工作。,,
輪型車輛修護兵,4E113,"1.車輛維修保養
1.1執行車輛檢查與例行保養。
1.2進行故障排查與維修作業。
1.3維持車輛正常運作與性能穩定。
2.設備與工具管理
2.1操作維修設備與專用工具。
2.2執行工具保養與妥善保管。
2.3維持維修作業效率與品質。
3.維修品質控管
3.1依標準流程執行維修作業。
3.2落實維修安全與作業規範。
3.3提升維護品質與使用可靠度。",10技術/維修/操作,汽車維修技術人員,100107,具備車輛保養維修、故障檢測分析及設備工具操作等實務經驗，熟悉車輛構造原理與維修流程，適合擔任汽車維修技術人員，從事車輛拆裝、故障診斷與保養維修等工作。,,建議取得勞動部「汽車修護」相關技術士證
,,,10技術/維修/操作,機車維修技術人員,100201,具備車輛保養維修、故障檢測分析及設備工具操作等實務經驗，熟悉車輛構造原理與維修流程，適合擔任機車維修技術人員，從事機車故障檢查、修理與保養等專業維修作業。,,建議取得勞動部「機器腳踏車修護」相關技術士證
,,,02業務/貿易/銷售,汽機車銷售人員,020305,具備車輛保養維修、故障檢測分析及設備工具操作等實務經驗，熟悉車輛構造與性能，適合轉銜為汽機車銷售人員，從事車輛產品銷售與客戶服務工作。,,
,,,09品管/製造/環衛,品管測試技術員,090103,因熟悉車輛各部名稱、構造原理與功能，具備判讀異常與檢測能力，適合轉銜為品管測試技術員，依據品質管制規範執行成品檢驗，確保產品符合製造標準。,,建議取得中華民國品質學會「品質工程師認證」（經濟部認可）
,,,09品管/製造/環衛,廠務助理,090214,因具備輪型車輛保修與設備異常判識能力，適合轉銜為廠務助理，從事工廠機械設備基本維護、作業環境巡檢等日常庶務支援工作。,,
輪型車輛修護士,4E116,"1.車輛檢修保養
1.1執行車輛例行檢查與保養。
1.2進行故障診斷與維修處理。
1.3維持車輛性能與運作穩定。
2.設備工具管理
2.1操作維修設備與專用工具。
2.2執行工具保養與器材管理。
2.3提升維修效率與設備妥善率。
3.品質與安全控管
3.1依標準流程執行維修作業。
3.2落實作業安全與維修規範。
3.3確保維修品質與使用可靠度。",10技術/維修/操作,汽車維修技術人員,100107,具備車輛保養維修、故障檢測分析及設備工具操作等實務經驗，熟悉車輛構造原理與維修流程，適合擔任汽車維修技術人員，從事車輛拆裝、故障診斷與保養維修等工作。,,建議取得勞動部「汽車修護」相關技術士證
,,,10技術/維修/操作,機車維修技術人員,100201,具備車輛保養維修、故障檢測分析及設備工具操作等實務經驗，熟悉車輛構造原理與維修流程，適合擔任機車維修技術人員，從事機車故障檢查、修理與保養等專業維修作業。,,建議取得勞動部「機器腳踏車修護」相關技術士證
,,,02業務/貿易/銷售,汽機車銷售人員,020305,具備車輛保養維修、故障檢測分析及設備工具操作等實務經驗，熟悉車輛構造與性能，適合轉銜為汽機車銷售人員，從事車輛產品銷售與客戶服務工作。,,
,,,09品管/製造/環衛,品管測試技術員,090103,因熟悉車輛各部名稱、構造原理與功能，具備判讀異常與檢測能力，適合轉銜為品管測試技術員，依據品質管制規範執行成品檢驗，確保產品符合製造標準。,,建議取得中華民國品質學會「品質工程師認證」（經濟部認可）
,,,09品管/製造/環衛,廠務,090220,具備設備維護及環境巡檢實務經驗，熟悉廠房運作規範與異常處置流程，適合擔任廠務，從事廠房設施巡檢及機具日常維護工作。,,
輪型車輛檢驗技術士,4E196,"1.車輛檢驗與測試
1.1執行車輛進廠與出廠檢驗作業。
1.2檢測車輛及零組件功能與狀態。
1.3確認維修完成度與品質符合標準。
2.品質鑑定與判定
2.1進行零組件品質鑑定與分類。
2.2判定可修復品與報廢品狀態。
2.3提供技術判讀與維修建議。
3.紀錄與流程管理
3.1建立與維護檢驗紀錄資料。
3.2執行品質簽核與技術確認。
3.3確保維修流程可追溯性與完整性。",09品管/製造/環衛,品管測試技術員,090103,因為具備輪型車輛出廠檢驗及其附件品質鑑定能力，適合轉銜為品管測試技術員，依據品質管制標準規格，檢查成品，使其符合製造標準之工作。,,建議取得中華民國品質學會「品質工程師認證」（經濟部認可）
,,,10技術/維修/操作,汽車維修技術人員,100107,具備車輛保養維修、故障檢測分析及設備工具操作等實務經驗，熟悉車輛構造原理與維修流程，適合擔任汽車維修技術人員，從事車輛拆裝、故障診斷與保養維修等工作。,,建議取得勞動部「汽車修護」相關技術士證
,,,10技術/維修/操作,機車維修技術人員,100201,具備車輛保養維修、故障檢測分析及設備工具操作等實務經驗，熟悉車輛構造原理與維修流程，適合擔任機車維修技術人員，從事機車故障檢查、修理與保養等專業維修作業。,,建議取得勞動部「機器腳踏車修護」相關技術士證
,,,02業務/貿易/銷售,汽機車銷售人員,020305,具備車輛保養維修、故障檢測分析及設備工具操作等實務經驗，熟悉車輛構造與性能，適合轉銜為汽機車銷售人員，從事車輛產品銷售與客戶服務工作。,,
,,,09品管/製造/環衛,廠務,090220,具備設備維護及環境巡檢實務經驗，熟悉廠房運作規範與異常處置流程，適合擔任廠務，從事廠房設施巡檢及機具日常維護工作。,,
履帶車輛修護督導士,4E226,"1.車輛檢修維護
1.1執行履帶車輛檢查與保養。
1.2進行故障排除與維修作業。
1.3確保車輛運作性能穩定。
2.裝配與系統調整
2.1執行車輛零組件拆裝作業。
2.2進行機構校正與系統調整。
2.3確保機械運作精準與可靠。
3.維修管理與品質控管
3.1依標準流程執行維修作業。
3.2進行維修品質檢核與監督。
3.3提升修護效率與作業品質。",10技術/維修/操作,農業及工業用機器裝修技術人員,100204,具備機械設備檢修、裝配調整及故障排除等實務經驗，熟悉動力機械運作原理、設備維修流程與檢測工具操作，適合擔任農業及工業用機器裝修技術人員，從事工業機械及設備、零件及引擎(機動車、及飛機引擎除外)等維修工作。,,建議取得勞動部「重機械修護」技術士證
,,,10技術/維修/操作,汽車維修技術人員,100107,具備車輛保養維修、故障檢測分析及設備工具操作等實務經驗，熟悉車輛構造原理與維修流程，適合擔任汽車維修技術人員，從事車輛拆裝、故障診斷與保養維修等工作。,,建議取得勞動部「汽車修護」相關技術士證
,,,11營建/製圖/施作,吊車/起重機操作員,110304,因從事保修作業，具備操作起重機吊掛或履帶車輛駕駛實務經驗，適合擔任吊車/起重機操作員，從事起重機吊掛及現場監控工作。,應具備勞動部「固定式」或「移動式」起重機操作技術士證,
,,,09品管/製造/環衛,品管測試技術員,090103,因具備依技術手冊進行測試與故障判識等標準作業能力，適合轉銜為品管測試技術員，依品質標準與檢驗程序執行成品測試，確保產品符合製造規範。,,建議取得中華民國品質學會「品質工程師認證」（經濟部認可）
,,,09品管/製造/環衛,廠務,090220,具備設備維護及環境巡檢實務經驗，熟悉廠房運作規範與異常處置流程，適合擔任廠務，從事廠房設施巡檢及機具日常維護工作。,,
履帶車輛保養兵,4E232,"1.車輛保養維護
1.1執行履帶車輛日常保養與檢查。
1.2進行清潔、潤滑與基本維護作業。
1.3維持車輛正常運作與使用狀態。
2.工具設備管理
2.1使用與保養維修工具與設備。
2.2執行器材整理與保管作業。
2.3確保工具可用性與作業效率。
3.作業支援與品質維持
3.1依標準流程執行保養作業。
3.2支援基礎維修與現場作業需求。
3.3提升車輛妥善率與運作穩定性。",10技術/維修/操作,農業及工業用機器裝修技術人員,100204,具備機械設備檢修、裝配調整及故障排除等實務經驗，熟悉動力機械運作原理、設備維修流程與檢測工具操作，適合擔任農業及工業用機器裝修技術人員，從事工業機械及設備、零件及引擎(機動車、及飛機引擎除外)等維修工作。,,建議取得勞動部「重機械修護」技術士
,,,10技術/維修/操作,汽車維修技術人員,100107,具備車輛保養維修、故障檢測分析及設備工具操作等實務經驗，熟悉車輛構造原理與維修流程，適合擔任汽車維修技術人員，從事車輛拆裝、故障診斷與保養維修等工作。,,建議取得勞動部「汽車修護」相關技術士證
,,,11營建/製圖/施作,吊車/起重機操作員,110304,因從事保修作業，具備操作起重機吊掛或履帶車輛駕駛實務經驗，適合擔任吊車/起重機操作員，從事起重機吊掛及現場監控工作。,應具備勞動部「固定式」或「移動式」起重機操作技術士證,
,,,09品管/製造/環衛,品管測試技術員,090103,因具備依技術手冊執行檢查、保養及異常狀況初步鑑別能力，適合轉銜為品管測試技術員，依品質標準與檢驗程序執行成品測試，確保產品符合製造規範。,,建議取得中華民國品質學會「品質工程師認證」（經濟部認可）
,,,09品管/製造/環衛,廠務助理,090214,因為具備保修工廠設備巡檢及環境維護實務經驗，適合轉銜為廠務助理，從事工廠機械設備及工作環境維護等工作。,,
履帶車輛保養士,4E235,"1.車輛保養維護
1.1執行履帶車輛例行保養與檢查。
1.2進行清潔、潤滑與基礎維護作業。
1.3維持車輛正常運作與性能穩定。
2.工具與設備管理
2.1使用與保養維修工具與設備。
2.2執行器材整理與保管作業。
2.3確保工具可用性與作業效率。
3.作業品質與安全管理
3.1依標準流程執行保養作業。
3.2支援現場維修與作業需求。
3.3提升車輛妥善率與作業安全。",10技術/維修/操作,農業及工業用機器裝修技術人員,100204,具備機械設備檢修、裝配調整及故障排除等實務經驗，熟悉動力機械運作原理、設備維修流程與檢測工具操作，適合擔任農業及工業用機器裝修技術人員，從事工業機械及設備、零件及引擎(機動車、及飛機引擎除外)等維修工作。,,建議取得勞動部「重機械修護」技術士
,,,10技術/維修/操作,汽車維修技術人員,100107,具備車輛保養維修、故障檢測分析及設備工具操作等實務經驗，熟悉車輛構造原理與維修流程，適合擔任汽車維修技術人員，從事車輛拆裝、故障診斷與保養維修等工作。,,建議取得勞動部「汽車修護」相關技術士證
,,,11營建/製圖/施作,吊車/起重機操作員,110304,因從事保修作業，具備操作起重機吊掛或履帶車輛駕駛實務經驗，適合擔任吊車/起重機操作員，從事起重機吊掛及現場監控工作。,應具備勞動部「固定式」或「移動式」起重機操作技術士證,
,,,09品管/製造/環衛,品管測試技術員,090103,因具備依技術手冊進行測試與故障判識等標準作業能力，適合轉銜品管測試技術員，依品質標準與檢驗程序執行成品測試，確保產品符合製造規範。,,建議取得中華民國品質學會「品質工程師認證」（經濟部認可）
,,,09品管/製造/環衛,廠務,090220,具備設備維護及環境巡檢實務經驗，熟悉廠房運作規範與異常處置流程，適合擔任廠務，從事廠房設施巡檢及機具日常維護工作。,,
履帶車輛保修兵,4E233,"1.車輛維修修護
1.1執行履帶車輛檢查與維修作業。
1.2進行故障排除與零件修復。
1.3恢復車輛正常運作與性能。
2.工具與設備管理
2.1操作維修設備與專用工具。
2.2執行工具保養與器材管理。
2.3維持維修效率與作業品質。
3.品質與安全維護
3.1依標準流程執行維修作業。
3.2提升車輛妥善率與可靠性。
3.3落實作業安全與品質控管。",10技術/維修/操作,農業及工業用機器裝修技術人員,100204,具備機械設備檢修、裝配調整及故障排除等實務經驗，熟悉動力機械運作原理、設備維修流程與檢測工具操作，適合擔任農業及工業用機器裝修技術人員，從事工業機械及設備、零件及引擎(機動車、及飛機引擎除外)等維修工作。,,建議取得勞動部「重機械修護」技術士
,,,10技術/維修/操作,汽車維修技術人員,100107,具備車輛保養維修、故障檢測分析及設備工具操作等實務經驗，熟悉車輛構造原理與維修流程，適合擔任汽車維修技術人員，從事車輛拆裝、故障診斷與保養維修等工作。,,建議取得勞動部「汽車修護」相關技術士證
,,,11營建/製圖/施作,吊車/起重機操作員,110304,因從事保修作業，具備操作起重機吊掛或履帶車輛駕駛實務經驗，適合擔任吊車/起重機操作員，從事起重機吊掛及現場監控工作。,應具備勞動部「固定式」或「移動式」起重機操作技術士證,
,,,09品管/製造/環衛,品管測試技術員,090103,因具備依技術手冊進行測試與故障判識等標準作業能力，適合轉銜為品管測試技術員，依品質標準與檢驗程序執行成品測試，確保產品符合製造規範。,,建議取得中華民國品質學會「品質工程師認證」（經濟部認可）
,,,09品管/製造/環衛,廠務助理,090214,因為具備保修工廠設備巡檢及環境維護實務經驗，適合轉銜為廠務助理，從事工廠機械設備及工作環境維護等工作。,,
履帶車輛保修士,4E236,"1.車輛檢修與修護
1.1執行履帶車輛檢查與維修作業。
1.2進行故障診斷與零件修復。
1.3恢復車輛正常運作與性能。
2.工具與設備管理
2.1操作維修設備與專用工具。
2.2執行工具保養與器材管理。
2.3提升維修效率與設備妥善率。
3.品質與安全管理
3.1依標準流程執行維修作業。
3.2落實維修品質檢核與控管。
3.3維持作業安全與可靠性。",10技術/維修/操作,農業及工業用機器裝修技術人員,100204,具備機械設備檢修、裝配調整及故障排除等實務經驗，熟悉動力機械運作原理、設備維修流程與檢測工具操作，適合擔任農業及工業用機器裝修技術人員，從事工業機械及設備、零件及引擎(機動車、及飛機引擎除外)等維修工作。,,建議取得勞動部「重機械修護」技術士
,,,10技術/維修/操作,汽車維修技術人員,100107,具備車輛保養維修、故障檢測分析及設備工具操作等實務經驗，熟悉車輛構造原理與維修流程，適合擔任汽車維修技術人員，從事車輛拆裝、故障診斷與保養維修等工作。,,建議取得勞動部「汽車修護」相關技術士證
,,,11營建/製圖/施作,吊車/起重機操作員,110304,因從事保修作業，具備操作起重機吊掛或履帶車輛駕駛實務經驗，適合擔任吊車/起重機操作員，從事起重機吊掛及現場監控工作。,應具備勞動部「固定式」或「移動式」起重機操作技術士證,
,,,09品管/製造/環衛,品管測試技術員,090103,因具備依技術手冊進行測試與故障判識等標準作業能力，適合轉銜為品管測試技術員，依品質標準與檢驗程序執行成品測試，確保產品符合製造規範。,,建議取得中華民國品質學會「品質工程師認證」（經濟部認可）
,,,09品管/製造/環衛,廠務,090214,因為具備保修工廠設備巡檢及環境維護實務經驗，適合轉銜為廠務助理，從事工廠機械設備及工作環境維護等工作。,,
履帶車輛檢驗督導士,4E286,"1.車輛檢驗與測試
1.1執行履帶車輛進廠與出廠檢驗。
1.2進行功能測試與狀態確認。
1.3確保維修品質符合規範。
2.品質鑑定與分類
2.1鑑定車輛及零組件使用狀態。
2.2判定可修復品與報廢品。
2.3提供技術判讀與品質評估。
3.紀錄與品質管理
3.1建立檢驗與維修紀錄。
3.2執行品質簽核與確認作業。
3.3確保維修流程可追溯性。",09品管/製造/環衛,品管測試技術員,090103,因為具備履帶車輛出廠檢驗及其零附件品質鑑定能力，適合轉銜為品管測試技術員，從事品管檢驗、機台校正等相關工作。,,建議取得中華民國品質學會「品質工程師認證」（經濟部認可）
,,,10技術/維修/操作,農業及工業用機器裝修技術人員,100204,具備機械設備檢修、裝配調整及故障排除等實務經驗，熟悉動力機械運作原理、設備維修流程與檢測工具操作，適合擔任農業及工業用機器裝修技術人員，從事工業機械及設備、零件及引擎(機動車、及飛機引擎除外)等維修工作。,,建議取得勞動部「重機械修護」技術士
,,,10技術/維修/操作,汽車維修技術人員,100107,具備車輛保養維修、故障檢測分析及設備工具操作等實務經驗，熟悉車輛構造原理與維修流程，適合擔任汽車維修技術人員，從事車輛拆裝、故障診斷與保養維修等工作。,,建議取得勞動部「汽車修護」相關技術士證
,,,11營建/製圖/施作,吊車/起重機操作員,110304,因從事保修作業，具備操作起重機吊掛或履帶車輛駕駛實務經驗，適合擔任吊車/起重機操作員，從事起重機吊掛及現場監控工作。,應具備勞動部「固定式」或「移動式」起重機操作技術士證,
,,,09品管/製造/環衛,廠務,090220,具備設備維護及環境巡檢實務經驗，熟悉廠房運作規範與異常處置流程，適合擔任廠務，從事廠房設施巡檢及機具日常維護工作。,,
電機兵,4C352,"1.電力系統操作
1.1操作發電機與電力控制設備。
1.2監控配電盤與電力輸出狀況。
1.3確保電力穩定供應與運作。
2.電力維護與管理
2.1執行電力設備檢查與保養。
2.2進行負載分配與系統調整。
2.3提升電力系統穩定性與安全性。
3.冷凍空調設備維護
3.1檢查冷凍與暖氣系統運作狀況。
3.2執行設備基礎維修與保養。
3.3維持環境溫控設備正常運作。",10技術/維修/操作,電機技術人員,100102,建具備電力設備操作維護、配電系統管理及故障檢修等實務經驗，熟悉電機系統運作原理與維修流程，適合擔任電機技術人員，從事電機設備之裝設、保養與維修工作。,,建議取得勞動部「工業配線」或「室內配線」等相關技術士證
,,,10技術/維修/操作,空調冷凍技術人員,100104,具備空調設備維護檢修實務經驗，熟悉運作原理與維修流程，適合擔任空調冷凍技術人員，從事冷暖氣及冷凍系統設備之維修、調整與保養工作。,,建議取得勞動部「冷凍空調」技術士證
,,,10技術/維修/操作,電子設備裝修技術員,100208,具備電力設備維護檢修實務經驗，熟悉維修流程與系統運作，適合擔任電子設備裝修技術員，從事各種電子設備維修工作。,,建議取得勞動部「儀表電子」或「視聽電子」等相關技術士證
,,,09品管/製造/環衛,品管測試技術員,090103,具備設備檢測維護及故障排除實務經驗，熟悉測試作業流程，適合擔任品管測試技術員，從事品質管檢驗、機台校正等相關工作。,,建議取得中華民國品質學會「品質工程師認證」（經濟部認可）
,,,09品管/製造/環衛,廠務助理,090214,具備設備維護管理、作業流程執行及物料支援協調等實務經驗，熟悉廠務作業流程、設備保養機制與安全管理規範，適合擔任廠務助理，從事廠務支援與設備管理工作。,,
電機士,4C356,"1.電力系統操作
1.1操作發電機與電力控制設備。
1.2監控配電盤與電力系統運作。
1.3確保電力穩定供應。
2.電力維護與管理
2.1執行電力設備檢查與保養。
2.2進行負載分配與系統調整。
2.3維持電力系統安全與穩定。
3.冷凍空調設備維護
3.1檢查冷凍與暖氣系統運作。
3.2執行設備保養與基本維修。
3.3確保環境溫控設備正常運行。",10技術/維修/操作,電機技術人員,100102,建具備電力設備操作維護、配電系統管理及故障檢修等實務經驗，熟悉電機系統運作原理與維修流程，適合擔任電機技術人員，從事電機設備之裝設、保養與維修工作。,,建議取得勞動部「工業配線」或「室內配線」等相關技術士證
,,,10技術/維修/操作,空調冷凍技術人員,100104,具備空調設備維護檢修實務經驗，熟悉運作原理與維修流程，適合擔任空調冷凍技術人員，從事冷暖氣及冷凍系統設備之維修、調整與保養工作。,,建議取得勞動部「冷凍空調」技術士證
,,,10技術/維修/操作,電子設備裝修技術員,100208,具備電力設備維護檢修實務經驗，熟悉維修流程與系統運作，適合擔任電子設備裝修技術員，從事各種電子設備維修工作。,,建議取得勞動部「儀表電子」或「視聽電子」等相關技術士證
,,,09品管/製造/環衛,品管測試技術員,090103,具備設備檢測維護及故障排除實務經驗，熟悉測試作業流程，適合擔任品管測試技術員，從事品質管檢驗、機台校正等相關工作。,,建議取得中華民國品質學會「品質工程師認證」（經濟部認可）
,,,09品管/製造/環衛,廠務,090220,具備設備維護及環境巡檢實務經驗，熟悉廠房運作規範與異常處置流程，適合擔任廠務，從事廠房設施巡檢及機具日常維護工作。,,
電瓶製造兵,4C363,"1.電池製造與組裝
1.1執行各式電瓶製造與組裝作業。
1.2參與電池生產流程與加工製程。
1.3確保產品結構與性能符合標準。
2.檢測與品質維護
2.1檢測電瓶電壓與比重數據。
2.2檢查電解液液位與運作狀態。
2.3防止過充、過放與異常損壞。
3.維修與設備管理
3.1執行電瓶修理與性能維護。
3.2操作電瓶測試與檢測設備。
3.3維持產品品質與使用壽命。",10技術/維修/操作,電機技術人員,100102,因具備電瓶製造相關之電學基礎、材料辨識與安全操作能力，適合轉銜為電機技術人員，從事電機設備之裝設、保養與維修工作。,,建議取得勞動部「工業配線或室內配線」等相關技術士證
,,,15物流/運輸/資材,倉儲物流人員,150107,具備物料保管、設備檢查實務經驗，熟悉物料管控機制與作業安全規範，適合擔任倉儲物流人員，從事倉庫進出貨、庫存管理與物流規劃等工作。,,建議取得勞動部「堆高機操作」技術士證
,,,09品管/製造/環衛,品管測試技術員,090103,因具備電瓶製造、測試與品質確認流程，適合轉銜為品管測試技術員，從事品質管檢驗、機台校正等相關工作。,,建議取得中華民國品質學會「品質工程師認證」（經濟部認可）
,,,09品管/製造/環衛,廠務助理,090214,因為具備電瓶製造維護及物料管理實務經驗，適合轉銜為廠務助理，從事工廠機械設備、工作環境維護等的庶務工作。,,
電瓶製造士,4C366,"1.電池製造與維修
1.1執行各式電瓶製造與組裝作業。
1.2進行電瓶修理與維護作業。
1.3確保產品符合技術與品質標準。
2.檢測與性能測試
2.1測試電瓶電壓與比重數據。
2.2檢查電解液液位與充電狀態。
2.3判斷電瓶運作是否正常。
3.充電與品質管理
3.1監控電瓶充電過程與狀態。
3.2防止過充與過放損壞。
3.3維持產品品質與穩定性。",10技術/維修/操作,電機技術人員,100102,因具備電瓶製造相關之電學基礎、材料辨識與安全操作能力，適合轉銜為電機技術人員，從事電機設備之裝設、保養與維修工作。,,建議取得勞動部「工業配線或室內配線」等相關技術士證
,,,15物流/運輸/資材,倉儲物流人員,150107,具備物料保管、設備檢查實務經驗，熟悉物料管控機制與作業安全規範，適合擔任倉儲物流人員，從事倉庫進出貨、庫存管理與物流規劃等工作。,,建議取得勞動部「堆高機操作」技術士證
,,,09品管/製造/環衛,品管測試技術員,090103,因具備電瓶製造、測試與品質確認流程，適合轉銜為品管測試技術員，從事品質管檢驗、機台校正等相關工作。,,建議取得中華民國品質學會「品質工程師認證」（經濟部認可）
,,,09品管/製造/環衛,廠務,090220,具備設備維護及環境巡檢實務經驗，熟悉廠房運作規範與異常處置流程，適合擔任廠務，從事廠房設施巡檢及機具日常維護工作。,,
氣體製造作業兵,4C391,"1.氣體製造與供應
1.1操作製氧設備與氣體生產系統。
1.2監控氣體產出與供應狀態。
1.3確保氣體穩定供應與品質。
2.氣瓶與儲存設備維護
2.1檢查與維護氣瓶安全狀態。
2.2執行液氧槽基礎檢修作業。
2.3確保儲存設備正常與安全。
3.設備安全與風險控管
3.1落實高壓氣體作業安全規範。
3.2執行設備安全檢查與維護。
3.3降低氣體作業風險與異常。",10技術/維修/操作,焊接、切割工,100123,因為具備氣焊及電焊技術，適合轉銜為焊接、切割工，從事金屬氣體火焰及電弧焊接、切割等相關技術工作。,,建議取得勞動部「氬氣鎢極電銲電銲」或「一般手工電焊」相關技術士證
,,,15物流/運輸/資材,物管／資材,150305,因具備軍品庫儲管理實務經驗，適合轉銜為物管／資材，從事物料存儲與進出庫管理工作。,,建議取得勞動部「堆高機操作」技術士證
,,,09品管/製造/環衛,品管檢驗人員,090105,因具備裝備保養維修實務經驗，熟悉依標準程序執行檢查測試，適合擔任品管檢驗人員，從事根據規格檢查成品，使其符合製造標準等工作。,,建議取得中華民國品質學會「品質工程師認證」（經濟部認可）
,,,09品管/製造/環衛,廠務助理,090214,因為具備器材維護及物料管理實務經驗，適合轉銜為廠務助理，從事工廠機械設備、工作環境維護等的庶務工作。,,
氣體製造作業士,4C395,"1.氣體製造與供應系統
1.1操作製氧機與氣體製造設備。
1.2監控氣體產出與系統運作狀態。
1.3確保氣體供應穩定與品質。
2.氣瓶與液氧設備維護
2.1檢查與維護氣瓶安全狀態。
2.2執行液氧罐設備維修與保養。
2.3確保高壓儲存系統正常運作。
3.安全管理與風險控管
3.1落實高壓氣體作業安全規範。
3.2執行設備安全檢查與維護作業。
3.3降低操作風險並維持作業安全。",10技術/維修/操作,焊接、切割工,100123,因為具備氣焊及電焊技術，適合轉銜為焊接、切割工，從事金屬氣體火焰及電弧焊接、切割等相關技術工作。,,建議取得勞動部「氬氣鎢極電銲電銲」或「一般手工電焊」相關技術士證
,,,15物流/運輸/資材,物管／資材,150305,因具備軍品庫儲管理實務經驗，適合轉銜為物管／資材，從事物料存儲與進出庫管理工作。,,建議取得勞動部「堆高機操作」技術士證
,,,09品管/製造/環衛,品管檢驗人員,090105,因具備裝備保養維修實務經驗，熟悉依標準程序執行檢查測試，適合擔任品管檢驗人員，從事根據規格檢查成品，使其符合製造標準等工作。,,建議取得中華民國品質學會「品質工程師認證」（經濟部認可）
,,,09品管/製造/環衛,廠務,090220,具備設備維護及環境巡檢實務經驗，熟悉廠房運作規範與異常處置流程，適合擔任廠務，從事廠房設施巡檢及機具日常維護工作。,,
飛機兵器修護兵,4C593,"1.航空系統維修
1.1維修飛機外掛與武器載具系統。
1.2檢查射擊、轟炸與導引相關設備。
1.3確保航空系統運作正常。
2.機電整合與校正
2.1拆裝與修復系統零組件。
2.2執行機械與電氣系統校正。
2.3確保系統整合與功能正常。
3.故障診斷與測試
3.1進行系統故障檢測與排除。
3.2執行設備功能測試與驗證。
3.3確保航空設備安全可靠。",10技術/維修/操作,精密儀器製造工及修理工,100203,因為具備飛機兵器系統檢查、修護及校正能力，適合轉銜為精密儀器修理工，從事精密儀器、光學設備等修理工作,應取得勞動部「數位電子」或「儀表電子」等相關技術士證,
,,,10技術/維修/操作,電機技術人員,100102,因為具備飛機兵器系統檢查、修護及校正能力，適合擔任電機技術人員，從事電機設備裝設保養及維修工作。,,建議取得勞動部「工業配線」或「室內配線」等相關技術士證
,,,10技術/維修/操作,電子設備裝修技術員,100208,因為具備飛機兵器系統檢查、修護及校正，力，適合擔任電子設備維修技術員，從事各種電子設備，如無線電等修理工作。,,建議取得勞動部「數位電子」或「儀表電子」等相關技術士證
,,,09品管/製造/環衛,品管測試技術員,090103,因為具備飛機兵器系統檢查、修護及校正能力，適合轉銜為品管測試技術員，從事品管檢驗、機台校正等相關工作。,,建議取得中華民國品質學會「品質工程師認證」（經濟部認可）
,,,09品管/製造/環衛,廠務助理,090214,因長期接觸裝備檢修、環境巡查、物料管控等實務工作，並具備遵守安全作業規定與流程控管能力，適合轉銜廠務助理，從事設施維護及報修協調等工作。,,
飛機兵器修護士,4C596,"1.航空系統維修
1.1維護飛機外掛與武器載具系統。
1.2檢查射擊、火箭與導引設備。
1.3確保航空系統正常運作。
2.機電維修與校正
2.1拆裝與修復系統零組件。
2.2進行機械與電氣系統校正。
2.3確保系統整合與功能正常。
3.故障診斷與測試
3.1執行系統故障檢測與排除。
3.2進行設備功能測試與驗證。
3.3提升航空設備可靠性與安全性。",10技術/維修/操作,精密儀器製造工及修理工,100203,因為具備飛機兵器系統檢查、修護及校正能力，適合轉銜為精密儀器修理工，從事精密儀器、光學設備等修理工作,應取得勞動部「數位電子」或「儀表電子」等相關技術士證,
,,,10技術/維修/操作,電機技術人員,100102,因為具備飛機兵器系統檢查、修護及校正能力，適合擔任電機技術人員，從事電機設備裝設保養及維修工作。,,建議取得勞動部「工業配線」或「室內配線」等相關技術士證
,,,10技術/維修/操作,電子設備裝修技術員,100208,因為具備飛機兵器系統檢查、修護及校正，力，適合擔任電子設備維修技術員，從事各種電子設備，如無線電等修理工作。,,建議取得勞動部「數位電子」或「儀表電子」等相關技術士證
,,,09品管/製造/環衛,品管測試技術員,090103,因為具備飛機兵器系統檢查、修護及校正能力，適合轉銜為品管測試技術員，從事品管檢驗、機台校正等相關工作。,,建議取得中華民國品質學會「品質工程師認證」（經濟部認可）
,,,09品管/製造/環衛,廠務,090220,具備設備維護及環境巡檢實務經驗，熟悉廠房運作規範與異常處置流程，適合擔任廠務，從事廠房設施巡檢及機具日常維護工作。,,
運輸兵,4K111,"1.物流搬運與配送
1.1執行貨物搬運與裝卸作業。
1.2協助物資運輸與配送流程。
1.3確保貨物流動順暢與效率。
2.空運與包裝作業
2.1執行貨物捆紮與整理作業。
2.2協助貨物裝機與運輸準備。
2.3確保空運物資符合規範。
3.作業協調與支援
3.1配合運輸作業流程與調度。
3.2協助物資收發與管理作業。
3.3支援現場物流運作需求。",15物流/運輸/資材,大貨車司機,150102,因為具備駕駛通用輪型車輛能力，適合轉銜為大貨車司機，從事大貨車駕駛工作。,應具備交通部核發「職業駕駛執照（大貨車）」,
,,,15物流/運輸/資材,職業聯結車司機,150110,因為具備駕駛通用輪型車輛能力，適合轉銜為職業聯結車司機，從事聯結車駕駛工作。,應具備交通部核發「職業駕駛執照（聯結車）」,
,,,15物流/運輸/資材,職業大客車司機,150202,因為具備駕駛通用輪型車輛能力，適合轉銜為職業大客車司機，從事大客車駕駛工作。,應具備交通部核發「職業駕駛執照（大客車）」,
,,,15物流/運輸/資材,倉儲物流人員,150107,因為具備軍品物資裝卸能力，適合轉銜為倉儲物流人員，負責倉儲作業執行進出貨、盤點、補貨等物流管理作業。,,建議取得勞動部「堆高機操作單一技術士證」
,,,06客服/門市,連鎖店管理人員,060205,因於部隊長期接觸人員管理、物料補給、設施環境維護等實務工作，並具備遵守紀律、流程管控與標準化執行力，適合轉銜為連鎖店管理人員，從事服務品質維護、存貨管理、排班調度等門店營運工作。,,建議取得勞動部「門市服務」相關技術士證
,,,06客服/門市,賣場（人員／儲備幹部）,060202,因具備物品捆紮、庫存整理與行政協作能力，適合轉銜為賣場儲備幹部，進行收銀、陳列、補貨與顧客服務等作業。,,
,,,09品管/製造/環衛,品管檢驗人員,090105,因具備裝備保養維修實務經驗，熟悉依標準程序執行檢查測試，適合擔任品管檢驗人員，從事根據規格檢查成品，使其符合製造標準等工作。,,建議取得中華民國品質學會「品質工程師認證」（經濟部認可）
,,,09品管/製造/環衛,廠務助理,090214,具備設備維護及環境巡檢實務經驗，熟悉廠房運作規範與異常處置流程，適合擔任廠務助理，從事廠房設施巡檢及機具日常維護工作。,,
運輸士,4K115,"1.物流運輸調度
1.1協助運輸車輛與設備調度管理。
1.2執行運輸排程與資源配置。
1.3確保運輸效率與運作順暢。
2.跨運輸系統作業
2.1辦理貨物跨運輸方式申請與安排。
2.2協調水陸空鐵運輸流程。
2.3確保貨物準時與安全運送。
3.裝卸與現場管理
3.1督導物資裝卸與搬運作業。
3.2管理現場作業流程與安全。
3.3提升物流作業效率與準確性。",15物流/運輸/資材,大貨車司機,150102,因為具備駕駛通用輪型車輛能力，適合轉銜為大貨車司機，從事大貨車駕駛工作。,應具備交通部核發「職業駕駛執照（大貨車）」,
,,,15物流/運輸/資材,職業聯結車司機,150110,因為具備駕駛通用輪型車輛能力，適合轉銜為職業聯結車司機，從事聯結車駕駛工作。,應具備交通部核發「職業駕駛執照（聯結車）」,
,,,15物流/運輸/資材,職業大客車司機,150202,因為具備駕駛通用輪型車輛能力，適合轉銜為職業大客車司機，從事大客車駕駛工作。,應具備交通部核發「職業駕駛執照（大客車）」,
,,,15物流/運輸/資材,倉儲物流人員,150107,因為具備軍品物資裝卸能力，適合轉銜為倉儲物流人員，負責倉儲作業執行進出貨、盤點、補貨等物流管理作業。,,建議取得勞動部「堆高機操作單一技術士證」
,,,14教育/學術/研究,汽車駕駛教練,140119,因為具備汽車駕駛教練能力，適合轉銜為汽車駕駛教練，從事汽車駕駛教學工作。,應取得交通部「民營汽車駕駛人訓練機構教練證書」,
,,,06客服/門市,連鎖店管理人員,060205,因於部隊長期接觸人員管理、物料補給、設施環境維護等實務工作，並具備遵守紀律、流程管控與標準化執行力，適合轉銜為連鎖店管理人員，從事服務品質維護、存貨管理、排班調度等門店營運工作。,,建議取得勞動部「門市服務」相關技術士證
,,,06客服/門市,賣場（人員／儲備幹部）,060202,因具備物品捆紮、庫存整理與基礎行政協作能力，適合轉銜為賣場儲備幹部，進行收銀、陳列、補貨與顧客服務等作業，並培養營運管理與團隊領導能力。,,
,,,09品管/製造/環衛,品管檢驗人員,090105,因具備裝備保養維修實務經驗，熟悉依標準程序執行檢查測試，適合擔任品管檢驗人員，從事根據規格檢查成品，使其符合製造標準等工作。,,建議取得中華民國品質學會「品質工程師認證」（經濟部認可）
,,,09品管/製造/環衛,廠務,090220,具備設備維護及環境巡檢實務經驗，熟悉廠房運作規範與異常處置流程，適合擔任廠務，從事廠房設施巡檢及機具日常維護工作。,,
汽車駕駛兵,4K152,"1.車輛駕駛與運輸
1.1負責貨物與人員運輸駕駛作業。
1.2執行配送與運輸任務。
1.3確保運輸準時與安全。
2.車輛檢查與維護
2.1執行車輛出勤前後檢查。
2.2進行基本車況確認與保養。
2.3確保車輛運作正常。
3.載運安全與作業管理
3.1確認貨物裝載與固定安全。
3.2防止運輸過程損壞或移動。
3.3提升運輸安全與效率。",15物流/運輸/資材,大貨車司機,150102,因為具備駕駛通用輪型車輛能力，適合轉銜為大貨車司機，從事大貨車駕駛工作。,應具備交通部核發「職業駕駛執照（大貨車）」,
,,,15物流/運輸/資材,職業聯結車司機,150110,因為具備駕駛通用輪型車輛能力，適合轉銜為職業聯結車司機，從事聯結車駕駛工作。,應具備交通部核發「職業駕駛執照（聯結車）」,
,,,15物流/運輸/資材,職業大客車司機,150202,因為具備駕駛通用輪型車輛能力，適合轉銜為職業大客車司機，從事大客車駕駛工作。,應具備交通部核發「職業駕駛執照（大客車）」,
,,,15物流/運輸/資材,倉儲物流人員,150107,因為具備軍品物資裝卸能力，適合轉銜為倉儲物流人員，負責倉儲作業執行進出貨、盤點、補貨等物流管理作業。,,建議取得勞動部「堆高機操作單一技術士證」
,,,06客服/門市,連鎖店管理人員,060205,因於部隊長期接觸人員管理、物料補給、設施環境維護等實務工作，並具備遵守紀律、流程管控與標準化執行力，適合轉銜為連鎖店管理人員，從事服務品質維護、存貨管理、排班調度等門店營運工作。,,建議取得勞動部「門市服務」相關技術士證
,,,06客服/門市,賣場（人員／儲備幹部）,060202,因具備物品繫固、庫存整理與基礎行政協作能力，適合轉銜為賣場儲備幹部，進行收銀、陳列、補貨與顧客服務等作業，並培養營運管理與團隊領導能力。,,
,,,09品管/製造/環衛,品管檢驗人員,090105,因具備裝備保養維修實務經驗，熟悉依標準程序執行檢查測試，適合擔任品管檢驗人員，從事根據規格檢查成品，使其符合製造標準等工作。,,建議取得中華民國品質學會「品質工程師認證」（經濟部認可）
,,,09品管/製造/環衛,廠務助理,090214,具備設備維護及環境巡檢實務經驗，熟悉廠房運作規範與異常處置流程，適合擔任廠務助理，從事廠房設施巡檢及機具日常維護工作。,,
汽車駕駛士,4K155,"1.車輛駕駛與物流運輸
1.1執行貨物與人員運輸駕駛作業。
1.2配合物流配送與運輸任務。
1.3確保運輸準時與安全。
2.車輛檢查與維護
2.1執行車輛出勤前後檢查。
2.2進行基本車況確認與保養。
2.3確保車輛運作正常。
3.載運安全管理
3.1確認貨物裝載與固定安全。
3.2防止運輸途中位移或損壞。
3.3提升運輸安全與穩定性。",15物流/運輸/資材,大貨車司機,150102,因為具備駕駛通用輪型車輛能力，適合轉銜為大貨車司機，從事大貨車駕駛工作。,應具備交通部核發「職業駕駛執照（大貨車）」,
,,,15物流/運輸/資材,職業聯結車司機,150110,因為具備駕駛通用輪型車輛能力，適合轉銜為職業聯結車司機，從事聯結車駕駛工作。,應具備交通部核發「職業駕駛執照（聯結車）」,
,,,15物流/運輸/資材,職業大客車司機,150202,因為具備駕駛通用輪型車輛能力，適合轉銜為職業大客車司機，從事大客車駕駛工作。,應具備交通部核發「職業駕駛執照（大客車）」,
,,,15物流/運輸/資材,倉儲物流人員,150107,因為具備軍品物資裝卸能力，適合轉銜為倉儲物流人員，負責倉儲作業執行進出貨、盤點、補貨等物流管理作業。,,建議取得勞動部「堆高機操作單一技術士證」
,,,14教育/學術/研究,汽車駕駛教練,140119,因為具備汽車駕駛教練能力，適合轉銜為汽車駕駛教練，從事汽車駕駛教學工作。,應取得交通部「民營汽車駕駛人訓練機構教練證書」,
,,,06客服/門市,連鎖店管理人員,060205,因於部隊長期接觸人員管理、物料補給、設施環境維護等實務工作，並具備遵守紀律、流程管控與標準化執行力，適合轉銜為連鎖店管理人員，從事服務品質維護、存貨管理、排班調度等門店營運工作。,,建議取得勞動部「門市服務」相關技術士證
,,,06客服/門市,賣場（人員／儲備幹部）,060202,因具備物品繫固、庫存整理與基礎行政協作能力，適合轉銜為賣場儲備幹部，進行收銀、陳列、補貨與顧客服務等作業，並培養營運管理與團隊領導能力。,,
,,,09品管/製造/環衛,品管檢驗人員,090105,因具備裝備保養維修實務經驗，熟悉依標準程序執行檢查測試，適合擔任品管檢驗人員，從事根據規格檢查成品，使其符合製造標準等工作。,,建議取得中華民國品質學會「品質工程師認證」（經濟部認可）
,,,09品管/製造/環衛,廠務,090220,具備設備維護及環境巡檢實務經驗，熟悉廠房運作規範與異常處置流程，適合擔任廠務，從事廠房設施巡檢及機具日常維護工作。,,
運輸領導士,BE015,"1.運輸調度管理
1.1協助運輸車輛調度與派遣作業。
1.2執行運輸任務排程與協調。
1.3確保運輸流程順暢。
2.資源與設備管理
2.1管理運輸工具與物資使用紀錄。
2.2執行油料與材料領發控管。
2.3確保資源使用正確與透明。
3.裝卸作業管理
3.1監督物資裝卸與搬運流程。
3.2確保作業安全與標準執行。
3.3提升現場作業效率與品質。",15物流/運輸/資材,大貨車司機,150102,因為具備駕駛通用輪型車輛能力，適合轉銜為大貨車司機，從事大貨車駕駛工作。,應具備交通部核發「職業駕駛執照（大貨車）」,
,,,15物流/運輸/資材,職業聯結車司機,150110,因為具備駕駛通用輪型車輛能力，適合轉銜為職業聯結車司機，從事聯結車駕駛工作。,應具備交通部核發「職業駕駛執照（聯結車）」,
,,,15物流/運輸/資材,職業大客車司機,150202,因為具備駕駛通用輪型車輛能力，適合轉銜為職業大客車司機，從事大客車駕駛工作。,應具備交通部核發「職業駕駛執照（大客車）」,
,,,15物流/運輸/資材,倉儲物流人員,150107,因為具備軍品物資裝卸能力，適合轉銜為倉儲物流人員，負責倉儲作業執行進出貨、盤點、補貨等物流管理作業。,,建議取得勞動部「堆高機操作單一技術士證」
,,,14教育/學術/研究,汽車駕駛教練,140119,因為具備汽車駕駛教練能力，適合轉銜為汽車駕駛教練，從事汽車駕駛教學工作。,應取得交通部「民營汽車駕駛人訓練機構教練證書」,
,,,06客服/門市,連鎖店管理人員,060205,因於部隊長期接觸人員管理、物料補給、設施環境維護等實務工作，並具備遵守紀律、流程管控與標準化執行力，適合轉銜為連鎖店管理人員，從事服務品質維護、存貨管理、排班調度等門店營運工作。,,建議取得勞動部「門市服務」相關技術士證
,,,06客服/門市,賣場（人員／儲備幹部）,060202,因具備物品繫固、庫存整理與基礎行政協作能力，適合轉銜為賣場儲備幹部，進行收銀、陳列、補貨與顧客服務等作業，並培養營運管理與團隊領導能力。,,
,,,09品管/製造/環衛,品管檢驗人員,090105,因具備裝備保養維修實務經驗，熟悉依標準程序執行檢查測試，適合擔任品管檢驗人員，從事根據規格檢查成品，使其符合製造標準等工作。,,建議取得中華民國品質學會「品質工程師認證」（經濟部認可）
,,,09品管/製造/環衛,廠務,090220,具備設備維護及環境巡檢實務經驗，熟悉廠房運作規範與異常處置流程，適合擔任廠務，從事廠房設施巡檢及機具日常維護工作。,,
空投領導士,BE324,"1.空運物流作業
1.1協助空運貨物整理與裝載作業。
1.2執行貨物捆紮與運輸準備流程。
1.3確保空運作業符合標準流程。
2.物流檢核與紀錄
2.1執行貨物數量檢查與核對。
2.2建立與整理運輸作業紀錄。
2.3確保資料正確與可追溯。
3.現場作業執行
3.1協調空運投放作業流程。
3.2執行現場作業指揮與配合。
3.3提升物流作業效率與安全性。",15物流/運輸/資材,倉儲物流人員,150107,具備空運物品裝載實務經驗，熟悉倉儲物品之盤點登記，適合轉銜為倉儲物流人員，負責倉儲作業執行進出貨、盤點、補貨等物流管理作業。,,建議取得勞動部「堆高機操作單一技術士證」
,,,06客服/門市,連鎖店管理人員,060205,因於部隊長期接觸人員管理、物料補給、設施環境維護等實務工作，並具備遵守紀律、流程管控與標準化執行力，適合轉銜為連鎖店管理人員，從事服務品質維護、存貨管理、排班調度等門店營運工作。,,建議取得勞動部「門市服務」相關技術士證
,,,06客服/門市,賣場（人員／儲備幹部）,060202,因具備物品繫固、庫存整理與基礎行政協作能力，適合轉銜為賣場儲備幹部，進行收銀、陳列、補貨與顧客服務等作業，並培養營運管理與團隊領導能力。,,
,,,09品管/製造/環衛,品管檢驗人員,090105,因具備裝備保養維修實務經驗，熟悉依標準程序執行檢查測試，適合擔任品管檢驗人員，從事根據規格檢查成品，使其符合製造標準等工作。,,建議取得中華民國品質學會「品質工程師認證」（經濟部認可）
,,,09品管/製造/環衛,廠務,090220,具備設備維護及環境巡檢實務經驗，熟悉廠房運作規範與異常處置流程，適合擔任廠務，從事廠房設施巡檢及機具日常維護工作。,,
履帶車輛駕駛兵,4K162,"1.特種車輛駕駛
1.1操作履帶式或特殊用途車輛。
1.2執行任務型運輸與移動作業。
1.3確保駕駛安全與穩定性。
2.車輛安全管理
2.1執行車輛操作安全規範。
2.2控管駕駛風險與作業安全。
2.3提升行車穩定性與可靠度。
3.車輛維護與保養
3.1進行車輛日常檢查。
3.2執行基礎保養與狀況確認。
3.3維持車輛良好運作狀態。",11營建/製圖/施作,推土機/怪手操作員,110305,具備重型機具操作實務經驗，熟悉機械性能與故障排除，適合擔任推土機、怪手操作員，從事推土機/怪手操作任務。,,建議取得勞/動部「推土機」或「挖掘機」操作單一級技術士證
,,,10技術/維修/操作,農業及工業用機器裝修技術人員,100204,具備重型機具操作實務經驗，熟悉機械性能與故障排除，適合擔任「農業及工業用機器裝修技術人員」，從事工業機械及設備、零件及引擎(機動車、及飛機引擎除外)等維修工作。,,建議取得勞動部「重機械修護」技術士證
,,,06客服/門市,連鎖店管理人員,060205,因於部隊長期接觸人員管理、物料補給、設施環境維護等實務工作，並具備遵守紀律、流程管控與標準化執行力，適合轉銜為連鎖店管理人員，從事服務品質維護、存貨管理、排班調度等門店營運工作。,,建議取得勞動部「門市服務」相關技術士證
,,,06客服/門市,賣場（人員／儲備幹部）,060202,因具備物品清點裝載與行政協作能力，熟悉現場指揮與狀況處理，適合轉銜為賣場儲備幹部，進行收銀、陳列、補貨與顧客服務等工作。,,
,,,09品管/製造/環衛,品管檢驗人員,090105,因具備裝備保養維修實務經驗，熟悉依標準程序執行檢查測試，適合擔任品管檢驗人員，從事根據規格檢查成品，使其符合製造標準等工作。,,建議取得中華民國品質學會「品質工程師認證」（經濟部認可）
,,,09品管/製造/環衛,廠務助理,090214,具備設備維護及環境巡檢實務經驗，熟悉廠房運作規範與異常處置流程，適合擔任廠務助理，從事廠房設施巡檢及機具日常維護工作。,,
履帶車輛駕駛士,4K165,"1.特種車輛操作
1.1操作履帶式或特殊用途車輛。
1.2執行任務型運輸與移動作業。
1.3確保駕駛安全與穩定性。
2.安全與操作管理
2.1執行車輛操作安全規範。
2.2控管駕駛風險與作業安全。
2.3提升行車穩定與可靠性。
3.車輛維護作業
3.1進行車輛日常檢查。
3.2執行基本保養與狀況確認。
3.3維持車輛正常運作。",11營建/製圖/施作,推土機/怪手操作員,110305,具備重型機具操作實務經驗，熟悉機械性能與故障排除，適合擔任推土機、怪手操作員，從事推土機/怪手操作任務。,,建議取得勞/動部「推土機」或「挖掘機」操作單一級技術士證
,,,10技術/維修/操作,農業及工業用機器裝修技術人員,100204,具備重型機具操作實務經驗，熟悉機械性能與故障排除，適合擔任「農業及工業用機器裝修技術人員」，從事工業機械及設備、零件及引擎(機動車、及飛機引擎除外)等維修工作。,,建議取得勞動部「重機械修護」技術士證
,,,06客服/門市,連鎖店管理人員,060205,因於部隊長期接觸人員管理、物料補給、設施環境維護等實務工作，並具備遵守紀律、流程管控與標準化執行力，適合轉銜為連鎖店管理人員，從事服務品質維護、存貨管理、排班調度等門店營運工作。,,建議取得勞動部「門市服務」相關技術士證
,,,06客服/門市,賣場（人員／儲備幹部）,060202,因具備物品清點裝載與行政協作能力，熟悉現場指揮與狀況處理，適合轉銜為賣場儲備幹部，進行收銀、陳列、補貨與顧客服務等工作。,,
,,,09品管/製造/環衛,品管檢驗人員,090105,因具備裝備保養維修實務經驗，熟悉依標準程序執行檢查測試，適合擔任品管檢驗人員，從事根據規格檢查成品，使其符合製造標準等工作。,,建議取得中華民國品質學會「品質工程師認證」（經濟部認可）
,,,09品管/製造/環衛,廠務,090220,具備設備維護及環境巡檢實務經驗，熟悉廠房運作規範與異常處置流程，適合擔任廠務，從事廠房設施巡檢及機具日常維護工作。,,
特種車輛駕駛兵,4K192,"1.特種與重型車輛駕駛
1.1操作特種用途或重型車輛。
1.2執行貨物與人員運輸作業。
1.3確保運輸過程安全與準確。
2.行車安全管理
2.1執行駕駛安全檢查與規範。
2.2控管運輸風險與作業安全。
2.3提升運輸穩定性與可靠性。
3.車輛維護與管理
3.1進行車輛日常檢查。
3.2執行基本保養與維護作業。
3.3維持車輛正常運作狀態。",15物流/運輸/資材,大貨車司機,150102,因為具備駕駛特種車輛能力，適合轉銜為大貨車司機，從事大貨車駕駛工作。,應具備交通部核發「職業駕駛執照（大貨車）」,
,,,15物流/運輸/資材,職業聯結車司機,150110,因為具備駕駛特種車輛能力，適合轉銜為職業聯結車司機，從事聯結車駕駛工作。,應具備交通部核發「職業駕駛執照（聯結車）」,
,,,15物流/運輸/資材,職業大客車司機,150202,因為具備駕駛特種車輛能力，適合轉銜為職業大客車司機，從事大客車駕駛工作。,應具備交通部核發「職業駕駛執照（大客車）」,
,,,15物流/運輸/資材,倉儲物流人員,150107,因為具備軍品物資裝卸能力，適合轉銜為倉儲物流人員，負責倉儲作業執行進出貨、盤點、補貨等物流管理作業。,,建議取得勞動部「堆高機操作單一技術士證」
,,,06客服/門市,連鎖店管理人員,060205,因於部隊長期接觸人員管理、物料補給、設施環境維護等實務工作，並具備遵守紀律、流程管控與標準化執行力，適合轉銜為連鎖店管理人員，從事服務品質維護、存貨管理、排班調度等門店營運工作。,,建議取得勞動部「門市服務」相關技術士證
,,,06客服/門市,賣場（人員／儲備幹部）,060202,因具備物品繫固、庫存整理與基礎行政協作能力，適合轉銜為賣場儲備幹部，進行收銀、陳列、補貨與顧客服務等作業，並培養營運管理與團隊領導能力。,,
,,,09品管/製造/環衛,品管檢驗人員,090105,因具備裝備保養維修實務經驗，熟悉依標準程序執行檢查測試，適合擔任品管檢驗人員，從事根據規格檢查成品，使其符合製造標準等工作。,,建議取得中華民國品質學會「品質工程師認證」（經濟部認可）
,,,09品管/製造/環衛,廠務助理,090214,具備設備維護及環境巡檢實務經驗，熟悉廠房運作規範與異常處置流程，適合擔任廠務助理，從事廠房設施巡檢及機具日常維護工作。,,
特種車輛駕駛士,4K195,"1.特種與重型車輛駕駛
1.1操作特種或重型運輸車輛。
1.2執行貨物與人員運輸任務。
1.3確保運輸準時與安全。
2.行車安全管理
2.1執行駕駛安全檢查與規範。
2.2控管運輸風險與作業安全。
2.3提升行車穩定與可靠性。
3.車輛維護與管理
3.1進行車輛日常檢查。
3.2執行基本保養與維護作業。
3.3維持車輛正常運作狀態。",15物流/運輸/資材,大貨車司機,150102,因為具備駕駛特種車輛能力，適合轉銜為大貨車司機，從事大貨車駕駛工作。,應具備交通部核發「職業駕駛執照（大貨車）」,
,,,15物流/運輸/資材,職業聯結車司機,150110,因為具備駕駛特種車輛能力，適合轉銜為職業聯結車司機，從事聯結車駕駛工作。,應具備交通部核發「職業駕駛執照（聯結車）」,
,,,15物流/運輸/資材,職業大客車司機,150202,因為具備駕駛特種車輛能力，適合轉銜為職業大客車司機，從事大客車駕駛工作。,應具備交通部核發「職業駕駛執照（大客車）」,
,,,15物流/運輸/資材,倉儲物流人員,150107,因為具備軍品物資裝卸能力，適合轉銜為倉儲物流人員，負責倉儲作業執行進出貨、盤點、補貨等物流管理作業。,,建議取得勞動部「堆高機操作單一技術士證」
,,,06客服/門市,連鎖店管理人員,060205,因於部隊長期接觸人員管理、物料補給、設施環境維護等實務工作，並具備遵守紀律、流程管控與標準化執行力，適合轉銜為連鎖店管理人員，從事服務品質維護、存貨管理、排班調度等門店營運工作。,,建議取得勞動部「門市服務」相關技術士證
,,,06客服/門市,賣場（人員／儲備幹部）,060202,因具備物品繫固、庫存整理與基礎行政協作能力，適合轉銜為賣場儲備幹部，進行收銀、陳列、補貨與顧客服務等作業，並培養營運管理與團隊領導能力。,,
,,,09品管/製造/環衛,品管檢驗人員,090105,因具備裝備保養維修實務經驗，熟悉依標準程序執行檢查測試，適合擔任品管檢驗人員，從事根據規格檢查成品，使其符合製造標準等工作。,,建議取得中華民國品質學會「品質工程師認證」（經濟部認可）
,,,09品管/製造/環衛,廠務,090220,具備設備維護及環境巡檢實務經驗，熟悉廠房運作規範與異常處置流程，適合擔任廠務，從事廠房設施巡檢及機具日常維護工作。,,
兩棲車輛駕駛兵,4K252,"1.特殊車輛駕駛
1.1操作特殊用途或多地形車輛。
1.2執行運輸與作業支援任務。
1.3確保駕駛安全與運作穩定。
2.車輛維護管理
2.1執行日常檢查與預防保養。
2.2維護車輛性能與運作狀態。
2.3降低設備故障風險。
3.安全控管作業
3.1落實車輛安全操作規範。
3.2執行使用管理與安全檢查。
3.3提升作業安全與可靠性。",15物流/運輸/資材,大貨車司機,150102,因為具備駕駛兩棲輪型車輛能力，適合轉銜為大貨車司機，駕駛大貨車載運貨品或原料。,應具備交通部核發「職業駕駛執照（大貨車）」,
,,,15物流/運輸/資材,職業聯結車司機,150110,因為具備駕駛兩棲輪型車輛能力，適合轉銜為職業聯結車司機，駕駛聯結車載運貨品或原料。,應具備交通部核發「職業駕駛執照（聯結車）」,
,,,15物流/運輸/資材,倉儲物流人員,150107,因為具備軍品物資裝卸能力，適合轉銜為倉儲物流人員，負責倉儲作業執行進出貨、盤點、補貨等物流管理作業。,,建議取得勞動部「堆高機操作單一技術士證」
,,,06客服/門市,連鎖店管理人員,060205,因於部隊長期接觸人員管理、物料補給、設施環境維護等實務工作，並具備遵守紀律、流程管控與標準化執行力，適合轉銜為連鎖店管理人員，從事服務品質維護、存貨管理、排班調度等門店營運工作。,,建議取得勞動部「門市服務」相關技術士證
,,,06客服/門市,賣場（人員／儲備幹部）,060202,因具備物品繫固、庫存整理與基礎行政協作能力，適合轉銜為賣場儲備幹部，進行收銀、陳列、補貨與顧客服務等作業，並培養營運管理與團隊領導能力。,,
,,,09品管/製造/環衛,品管檢驗人員,090105,因具備裝備保養維修實務經驗，熟悉依標準程序執行檢查測試，適合擔任品管檢驗人員，從事根據規格檢查成品，使其符合製造標準等工作。,,建議取得中華民國品質學會「品質工程師認證」（經濟部認可）
,,,09品管/製造/環衛,廠務助理,090214,具備設備維護及環境巡檢實務經驗，熟悉廠房運作規範與異常處置流程，適合擔任廠務助理，從事廠房設施巡檢及機具日常維護工作。,,
兩棲重機械操作兵,4K262,"1.重機械設備操作
1.1操作大型工程或特殊用途機械。
1.2執行高負載現場作業支援。
1.3確保設備穩定運轉與作業效率。
2.設備補給與維護
2.1執行油料與冷卻系統補給。
2.2進行設備運轉前後檢查。
2.3維持設備正常使用狀態。
3.安全與設備管理
3.1落實機械操作安全規範。
3.2執行設備日常保養管理。
3.3降低設備故障與作業風險。",11營建/製圖/施作,吊車/起重機操作員,110304,因從事保修作業，具備操作起重機吊掛軍品實務經驗，適合擔任吊車/起重機操作員，從事起重機吊掛及現場監控工作。,應具備勞動部「固定式起重機操作技術士證」,
,,,11資訊/軟體/系統,推土機/怪手操作員,110305,具備重型機具操作實務經驗，熟悉機械性能與故障排除，適合擔任推土機、怪手操作員，從事推土機/怪手操作任務。,,建議取得勞/動部「推土機」或「挖掘機」操作單一級技術士證
,,,10技術/維修/操作,農業及工業用機器裝修技術人員,100204,具備重型機具操作實務經驗，熟悉機械性能與故障排除，適合擔任「農業及工業用機器裝修技術人員」，從事工業機械及設備、零件及引擎(機動車、及飛機引擎除外)等維修工作。,,建議取得勞動部「重機械修護」技術士證
,,,06客服/門市,連鎖店管理人員,060205,因於部隊長期接觸人員管理、物料補給、設施環境維護等實務工作，並具備遵守紀律、流程管控與標準化執行力，適合轉銜為連鎖店管理人員，從事服務品質維護、存貨管理、排班調度等門店營運工作。,,建議取得勞動部「門市服務」相關技術士證
,,,06客服/門市,賣場（人員／儲備幹部）,060202,因具備物品繫固、庫存整理與基礎行政協作能力，適合轉銜為賣場儲備幹部，進行收銀、陳列、補貨與顧客服務等工作。,,
,,,09品管/製造/環衛,品管檢驗人員,090105,因具備裝備保養維修實務經驗，熟悉依標準程序執行檢查測試，適合擔任品管檢驗人員，從事根據規格檢查成品，使其符合製造標準等工作。,,建議取得中華民國品質學會「品質工程師認證」（經濟部認可）
,,,09品管/製造/環衛,廠務助理,090214,具備設備維護及環境巡檢實務經驗，熟悉廠房運作規範與異常處置流程，適合擔任廠務助理，從事廠房設施巡檢及機具日常維護工作。,,
兩棲重機械操作士,4K264,"1.重型設備操作
1.1操作大型工程或特殊用途設備。
1.2執行現場工程與作業支援。
1.3確保設備穩定運轉與作業效率。
2.補給與設備維護
2.1執行油料與冷卻系統補給。
2.2監控設備運轉狀態。
2.3維持設備正常使用效能。
3.安全與設備管理
3.1落實設備操作安全規範。
3.2執行日常點檢與保養作業。
3.3降低設備故障與現場風險。",11營建/製圖/施作,吊車/起重機操作員,110304,因從事保修作業，具備操作起重機吊掛軍品實務經驗，適合擔任吊車/起重機操作員，從事起重機吊掛及現場監控工作。,應具備勞動部「固定式起重機操作技術士證」,
,,,11資訊/軟體/系統,推土機/怪手操作員,110305,具備重型機具操作實務經驗，熟悉機械性能與故障排除，適合擔任推土機、怪手操作員，從事推土機/怪手操作任務。,,建議取得勞/動部「推土機」或「挖掘機」操作單一級技術士證
,,,10技術/維修/操作,農業及工業用機器裝修技術人員,100204,具備重型機具操作實務經驗，熟悉機械性能與故障排除，適合擔任「農業及工業用機器裝修技術人員」，從事工業機械及設備、零件及引擎(機動車、及飛機引擎除外)等維修工作。,,建議取得勞動部「重機械修護」技術士證
,,,06客服/門市,連鎖店管理人員,060205,因於部隊長期接觸人員管理、物料補給、設施環境維護等實務工作，並具備遵守紀律、流程管控與標準化執行力，適合轉銜為連鎖店管理人員，從事服務品質維護、存貨管理、排班調度等門店營運工作。,,建議取得勞動部「門市服務」相關技術士證
,,,06客服/門市,賣場（人員／儲備幹部）,060202,因具備物品繫固、庫存整理與基礎行政協作能力，適合轉銜為賣場儲備幹部，進行收銀、陳列、補貨與顧客服務等工作。,,
,,,09品管/製造/環衛,品管檢驗人員,090105,因具備裝備保養維修實務經驗，熟悉依標準程序執行檢查測試，適合擔任品管檢驗人員，從事根據規格檢查成品，使其符合製造標準等工作。,,建議取得中華民國品質學會「品質工程師認證」（經濟部認可）
,,,09品管/製造/環衛,廠務,090220,具備設備維護及環境巡檢實務經驗，熟悉廠房運作規範與異常處置流程，適合擔任廠務，從事廠房設施巡檢及機具日常維護工作。,,
叉動車操作兵,4K312,"1.堆高機與裝卸作業
1.1操作堆高機執行貨物裝卸。
1.2進行貨物搬運、移載與堆置。
1.3提升裝卸效率與作業流暢度。
2.倉儲搬運管理
2.1配合倉儲動線進行貨物調度。
2.2執行物料定位與空間配置。
2.3提升倉儲使用效率。
3.設備維護與安全
3.1執行設備日常點檢。
3.2進行基礎保養與異常回報。
3.3落實操作安全與風險控管。",11營建/製圖/施作,堆高機操作員,110303,因具備推高機操作能力，適合轉銜為推高機操作員，從事操作自動式堆高機，搬運、升高、或堆放貨物等工作。,應具備勞動部「堆高機操作單一技術士證」,
,,,15物流/運輸/資材,倉儲物流人員,150107,因具備推高機操作能力，適合轉銜為倉儲物流人員，負責倉儲作業執行進行進出貨、盤點、補貨等物流管理作業。,,建議取得勞動部「堆高機操作單一技術士證」
,,,06客服/門市,連鎖店管理人員,060205,因於部隊長期接觸人員管理、物料補給、設施環境維護等實務工作，並具備遵守紀律、流程管控與標準化執行力，適合轉銜為連鎖店管理人員，從事服務品質維護、存貨管理、排班調度等門店營運工作。,,建議取得勞動部「門市服務」相關技術士證
,,,06客服/門市,賣場（人員／儲備幹部）,060202,因具備物品繫固、庫存整理與基礎行政協作能力，適合轉銜為賣場儲備幹部，進行收銀、陳列、補貨與顧客服務等作業，並培養營運管理與團隊領導能力。,,
,,,09品管/製造/環衛,品管檢驗人員,090105,因具備裝備保養維修實務經驗，熟悉依標準程序執行檢查測試，適合擔任品管檢驗人員，從事根據規格檢查成品，使其符合製造標準等工作。,,建議取得中華民國品質學會「品質工程師認證」（經濟部認可）
,,,09品管/製造/環衛,廠務助理,090214,具備設備維護及環境巡檢實務經驗，熟悉廠房運作規範與異常處置流程，適合擔任廠務助理，從事廠房設施巡檢及機具日常維護工作。,,
叉動車操作士,4K315,"1.堆高機作業執行
1.1操作堆高機執行貨物裝卸。
1.2進行貨物搬運與移載作業。
1.3提升物流處理效率與準確性。
2.倉儲與物料管理
2.1執行貨物定位與堆置配置。
2.2配合倉儲動線進行物料調度。
2.3提升倉儲空間使用效率。
3.設備維護與安全
3.1執行設備日常檢查與保養。
3.2管理設備使用狀況。
3.3落實安全操作與風險控管。",11營建/製圖/施作,堆高機操作員,110303,因具備推高機操作能力，適合轉銜為推高機操作員，從事操作自動式堆高機，搬運、升高、或堆放貨物等工作。,應具備勞動部「堆高機操作單一技術士證」,
,,,15物流/運輸/資材,倉儲物流人員,150107,因具備推高機操作能力，適合轉銜為倉儲物流人員，負責倉儲作業執行進行進出貨、盤點、補貨等物流管理作業。,,建議取得勞動部「堆高機操作單一技術士證」
,,,06客服/門市,連鎖店管理人員,060205,因於部隊長期接觸人員管理、物料補給、設施環境維護等實務工作，並具備遵守紀律、流程管控與標準化執行力，適合轉銜為連鎖店管理人員，從事服務品質維護、存貨管理、排班調度等門店營運工作。,,建議取得勞動部「門市服務」相關技術士證
,,,06客服/門市,賣場（人員／儲備幹部）,060202,因具備物品繫固、庫存整理與基礎行政協作能力，適合轉銜為賣場儲備幹部，進行收銀、陳列、補貨與顧客服務等作業，並培養營運管理與團隊領導能力。,,
,,,09品管/製造/環衛,品管檢驗人員,090105,因具備裝備保養維修實務經驗，熟悉依標準程序執行檢查測試，適合擔任品管檢驗人員，從事根據規格檢查成品，使其符合製造標準等工作。,,建議取得中華民國品質學會「品質工程師認證」（經濟部認可）
,,,09品管/製造/環衛,廠務,090220,具備設備維護及環境巡檢實務經驗，熟悉廠房運作規範與異常處置流程，適合擔任廠務，從事廠房設施巡檢及機具日常維護工作。,,
吊桿操作士,4K644,"1.起重與吊掛作業
1.1操作吊掛設備執行貨物吊運。
1.2進行物料移載與定位作業。
1.3確保吊運效率與作業穩定性。
2.現場指揮與流程管理
2.1指揮吊掛現場作業流程。
2.2協調作業動線與人員配合。
2.3落實安全規範與作業標準。
3.設備管理與維護
3.1管理倉儲搬運設備與器材。
3.2執行設備點檢與基礎保養。
3.3維持設備良好使用狀態。",11營建/製圖/施作,吊車/起重機操作員,110304,因具備操作起重機吊掛軍品實務經驗，適合擔任吊車/起重機操作員，從事起重機吊掛及現場監控工作。,應具備勞動部「固定式」或「移動式」起重機操作技術士證,
,,,15物流/運輸/資材,倉儲物流人員,150107,因為具備操作吊桿能力，適合轉銜為倉儲物流人員，負責倉儲作業執行進行進出貨、盤點、補貨等物流管理作業。,,建議取得勞動部「堆高機操作單一技術士證」
,,,06客服/門市,連鎖店管理人員,060205,因於部隊長期接觸人員管理、物料補給、設施環境維護等實務工作，並具備遵守紀律、流程管控與標準化執行力，適合轉銜為連鎖店管理人員，從事服務品質維護、存貨管理、排班調度等門店營運工作。,,建議取得勞動部「門市服務」相關技術士證
,,,06客服/門市,賣場（人員／儲備幹部）,060202,因具備物品繫固、庫存整理與基礎行政協作能力，適合轉銜為賣場儲備幹部，進行收銀、陳列、補貨與顧客服務等作業，並培養營運管理與團隊領導能力。,,
,,,09品管/製造/環衛,品管檢驗人員,090105,因具備裝備保養維修實務經驗，熟悉依標準程序執行檢查測試，適合擔任品管檢驗人員，從事根據規格檢查成品，使其符合製造標準等工作。,,建議取得中華民國品質學會「品質工程師認證」（經濟部認可）
,,,09品管/製造/環衛,廠務,090220,具備設備維護及環境巡檢實務經驗，熟悉廠房運作規範與異常處置流程，適合擔任廠務，從事廠房設施巡檢及機具日常維護工作。,,
第五類軍品補給兵,4B152,"1.收貨與分類作業
1.1執行物資接收與數量清點。
1.2進行品項分類與入庫整理。
1.3確保收貨流程準確完整。
2.倉儲與庫存管理
2.1執行物資存放與定位配置。
2.2辦理庫存整理與調度作業。
2.3提升倉儲空間與管理效率。
3.搬運與物流支援
3.1配合物資搬運與裝卸作業。
3.2支援撥發與配送流程執行。
3.3維持物流流程順暢運作。",15物流/運輸/資材,倉儲物流人員,150107,具備軍品庫儲管理實務經驗，適合轉銜倉儲物流人員，從事收貨、檢驗與入庫作業。,,建議取得勞動部「堆高機操作」技術士證
,,,15物流/運輸/資材,物管／資材,150305,因具備軍品庫儲管理實務經驗，適合轉銜為物管／資材，從事物料存儲與進出庫管理工作。,,建議取得勞動部「堆高機操作」技術士證
,,,06客服/門市,連鎖店管理人員,060205,因於部隊長期接觸人員管理、物料補給、設施環境維護等實務工作，並具備遵守紀律、流程管控與標準化執行力，適合轉銜為連鎖店管理人員，從事服務品質維護、存貨管理、排班調度等門店營運工作。,,建議取得勞動部「門市服務」相關技術士證
,,,06客服/門市,賣場（人員／儲備幹部）,060202,因具備物品管理、庫存整理與基礎行政協作能力，適合轉銜為賣場儲備幹部，進行收銀、陳列、補貨與顧客服務等作業，並培養營運管理與團隊領導能力。,,
,,,09品管/製造/環衛,品管檢驗人員,090105,因具備裝備保養維修實務經驗，熟悉依標準程序執行檢查測試，適合擔任品管檢驗人員，從事根據規格檢查成品，使其符合製造標準等工作。,,建議取得中華民國品質學會「品質工程師認證」（經濟部認可）
,,,09品管/製造/環衛,廠務助理,090214,具備設備維護及環境巡檢實務經驗，熟悉廠房運作規範與異常處置流程，適合擔任廠務助理，從事廠房設施巡檢及機具日常維護工作。,,
第五類軍品補給士,4B155,"1.供應與補給管理
1.1執行物資供應與補給安排。
1.2配合需求進行物料調配。
1.3確保供應穩定與即時性。
2.倉儲與庫存控管
2.1管理物資入庫、存放與撥發。
2.2執行庫存盤點與數量控管。
2.3提升倉儲管理效率與準確度。
3.物料流程管理
3.1建立物資流向管理紀錄。
3.2維護物料使用與調度資料。
3.3提升管理透明度與可追溯性。",15物流/運輸/資材,倉儲物流人員,150107,具備軍品庫儲管理實務經驗，適合轉銜倉儲物流人員，從事收貨、檢驗與入庫作業。,,建議取得勞動部「堆高機操作」技術士證
,,,15物流/運輸/資材,物管／資材,150305,因具備軍品庫儲管理實務經驗，適合轉銜為物管／資材，從事物料存儲與進出庫管理工作。,,建議取得勞動部「堆高機操作」技術士證
,,,06客服/門市,連鎖店管理人員,060205,因於部隊長期接觸人員管理、物料補給、設施環境維護等實務工作，並具備遵守紀律、流程管控與標準化執行力，適合轉銜為連鎖店管理人員，從事服務品質維護、存貨管理、排班調度等門店營運工作。,,建議取得勞動部「門市服務」相關技術士證
,,,06客服/門市,賣場（人員／儲備幹部）,060202,因具備物品管理、庫存整理與基礎行政協作能力，適合轉銜為賣場儲備幹部，進行收銀、陳列、補貨與顧客服務等作業，並培養營運管理與團隊領導能力。,,
,,,09品管/製造/環衛,品管檢驗人員,090105,因具備裝備保養維修實務經驗，熟悉依標準程序執行檢查測試，適合擔任品管檢驗人員，從事根據規格檢查成品，使其符合製造標準等工作。,,建議取得中華民國品質學會「品質工程師認證」（經濟部認可）
,,,09品管/製造/環衛,廠務,090220,具備設備維護及環境巡檢實務經驗，熟悉廠房運作規範與異常處置流程，適合擔任廠務，從事廠房設施巡檢及機具日常維護工作。,,
彈藥技術保修兵,4R702,"1.檢測與維護作業
1.1執行特殊物料與零件檢查。
1.2進行維護保養與狀態確認。
1.3確保產品品質與使用安全。
2.品質檢驗管理
2.1執行品質檢驗與結果判定。
2.2處理異常品與不良品流程。
2.3提升品質穩定性與安全性。
3.安全流程控管
3.1依規範執行特殊物料處理。
3.2落實高風險作業安全管理。
3.3降低作業風險與異常發生率。",07工程/研發/生技,其他化學工程技術員,070390,因具備火炸藥性質、化工材料特性與安全操作規範等知識，適合轉銜為化學工程技術員，從事化學品調配、取樣送測、製程監控及設備操作維護等工作。,,建議取得經濟部產業發展署「化工製程工程師能力鑑定合格證書」
,,,09品管/製造/環衛,品管檢驗人員,090105,因具備裝備保養維修實務經驗，熟悉依標準程序執行檢查測試，適合擔任品管檢驗人員，從事根據規格檢查成品，使其符合製造標準等工作。,,建議取得中華民國品質學會「品質工程師認證」（經濟部認可）
,,,09品管/製造/環衛,職業安全衛生管理員,090301,因熟悉火炸藥相關作業之安全防護、危害辨識與預防措施，並具備依作業程序執行安全檢查與風險控管之實務經驗，適合轉銜為職業安全衛生管理員，從事職場危害分析、安全稽核、防災規劃與安全教育訓練等工作。,,建議取得勞動部「職業安全衛生管理乙級技術士證」
,,,09品管/製造/環衛,廠務助理,090214,因為彈藥檢修及設施維護實務經驗，適合轉銜為廠務助理，從事工廠機械設備、工作環境維護等庶務工作。,,
彈藥技術保修士,4R705,"1.檢測與維護管理
1.1執行特殊物料與零組件檢查。
1.2進行保養維護與狀態確認。
1.3確保產品品質與設備穩定性。
2.品質檢驗作業
2.1執行品質檢驗與結果判定。
2.2辦理異常品與不良品處置。
2.3提升品質穩定與安全標準。
3.安全流程管理
3.1依規範執行特殊物料處理。
3.2落實高風險作業安全措施。
3.3降低異常事件與作業風險。",07工程/研發/生技,其他化學工程技術員,070390,因具備火炸藥性質、化工材料特性與安全操作規範等基礎知識，適合轉銜為化學工程技術員，從事化學品調配、取樣送測、製程監控及設備操作維護等工作。,,建議取得經濟部產業發展署「化工製程工程師能力鑑定合格證書」
,,,09品管/製造/環衛,品管檢驗人員,090105,因具備裝備保養維修實務經驗，熟悉依標準程序執行檢查測試，適合擔任品管檢驗人員，從事根據規格檢查成品，使其符合製造標準等工作。,,建議取得中華民國品質學會「品質工程師認證」（經濟部認可）
,,,09品管/製造/環衛,職業安全衛生管理員,090301,因熟悉火炸藥相關作業之安全防護、危害辨識與預防措施，並具備依作業程序執行安全檢查與風險控管之實務經驗，適合轉銜為職業安全衛生管理員，從事職場危害分析、安全稽核、防災規劃與安全教育訓練等工作。,,建議取得勞動部「職業安全衛生管理乙級技術士證」
,,,09品管/製造/環衛,廠務,090220,具備設備維護及環境巡檢實務經驗，熟悉廠房運作規範與異常處置流程，適合擔任廠務，從事廠房設施巡檢及機具日常維護工作。,,
未爆彈處理兵,4R733,"1.危險物安全處理
1.1執行高風險物件現場處置作業。
1.2依標準流程進行安全排除作業。
1.3確保作業環境安全與穩定。
2.風險評估與判定
2.1進行現場危害範圍判定。
2.2辨識潛在風險與安全威脅。
2.3提升現場安全管控能力。
3.異常事件支援處理
3.1協助處理特殊異常事件。
3.2支援高風險作業流程執行。
3.3確保後續安全管制落實。",07工程/研發/生技,其他化學工程技術員,070390,因具備火炸藥性質、化工材料特性與安全操作規範等基礎知識，適合轉銜為化學工程技術員，從事化學品調配、取樣送測、製程監控及設備操作維護等工作。,,建議取得經濟部產業發展署「化工製程工程師能力鑑定合格證書」
,,,09品管/製造/環衛,品管檢驗人員,090105,因具備裝備保養維修實務經驗，熟悉依標準程序執行檢查測試，適合擔任品管檢驗人員，從事根據規格檢查成品，使其符合製造標準等工作。,,建議取得中華民國品質學會「品質工程師認證」（經濟部認可）
,,,09品管/製造/環衛,職業安全衛生管理員,090301,因熟悉火炸藥相關作業之安全防護、危害辨識與預防措施，並具備依作業程序執行安全檢查與風險控管之實務經驗，適合轉銜為職業安全衛生管理員，從事職場危害分析、安全稽核、防災規劃與安全教育訓練等工作。,,建議取得勞動部「職業安全衛生管理乙級技術士證」
,,,09品管/製造/環衛,廠務助理,090214,因為彈藥檢修及設施維護實務經驗，適合轉銜為廠務助理，從事工廠機械設備、工作環境維護等庶務工作。,,
飛彈發射系統保養士,4D126,"1.危險物安全處理
1.1執行高風險物件現場處置。
1.2依標準程序進行安全排除作業。
1.3維持作業環境安全穩定。
2.風險評估與判定
2.1執行現場危害範圍評估。
2.2判定潛在風險與安全等級。
2.3提升現場安全管控能力。
3.異常事件支援處理
3.1協助處理特殊危險物事件。
3.2支援高風險作業流程執行。
3.3落實後續安全管理與管制。",07工程/研發/生技,其他化學工程技術員,070390,因具備火炸藥性質、化工材料特性與安全操作規範等基礎知識，適合轉銜為化學工程技術員，從事化學品調配、取樣送測、製程監控及設備操作維護等工作。,,建議取得經濟部產業發展署「化工製程工程師能力鑑定合格證書」
,,,09品管/製造/環衛,品管檢驗人員,090105,因具備裝備保養維修實務經驗，熟悉依標準程序執行檢查測試，適合擔任品管檢驗人員，從事根據規格檢查成品，使其符合製造標準等工作。,,建議取得中華民國品質學會「品質工程師認證」（經濟部認可）
,,,09品管/製造/環衛,職業安全衛生管理員,090301,因熟悉火炸藥相關作業之安全防護、危害辨識與預防措施，並具備依作業程序執行安全檢查與風險控管之實務經驗，適合轉銜為職業安全衛生管理員，從事職場危害分析、安全稽核、防災規劃與安全教育訓練等工作。,,建議取得勞動部「職業安全衛生管理乙級技術士證」
,,,09品管/製造/環衛,廠務,090220,具備設備維護及環境巡檢實務經驗，熟悉廠房運作規範與異常處置流程，適合擔任廠務，從事廠房設施巡檢及機具日常維護工作。,,
飛彈發射系統保養士,4D126,"1.設備維護與保養
1.1執行複合系統設備保養與檢修。
1.2進行設備拆裝與零件更換。
1.3確保設備穩定運作與性能維持。
2.電子測試與儀器操作
2.1操作電子測試與檢測設備。
2.2執行儀器校正與維護作業。
2.3確保測試數據準確性。
3.系統檢查與維修支援
3.1執行設備系統狀態檢查。
3.2協助故障排除與維修作業。
3.3提升設備運作可靠度。",10技術/維修/操作,精密儀器製造工及修理工,100203,具備精密設備檢測、維修及電子儀器操作實務經驗，熟悉精密儀器操作及設備維修測試校正，適合擔任精密儀器製造工及修理工，從事精密儀器及光學設備等修理工作。,,建議取得勞動部「數位電子」或「儀表電子」等相關技術士證
,,,10技術/維修/操作,電子設備裝修技術員,100208,具備電子設備維護、系統檢測及故障排除實務經驗，熟悉系統運作原理及設備維修流程，適合擔任電子設備裝修技術員，從事電子設備之裝配、調整與維修相關工作。,,建議取得勞動部「工業電子」、「儀表電子」等相關技術士證
,,,10技術/維修/操作,電機技術人員,100102,具備機電設備操作、維護及故障檢修實務經驗，熟悉設備維修流程與安全管理規範，適合擔任電機技術人員，從事電機設備之裝設、保養與維修工作。,,建議取得勞動部「工業配線」或「室內配線」等相關技術士證
,,,10技術/維修/操作,自動化機械加工技術人員,100106,具備機械裝備維修及精密量測操作實務經驗，熟悉機械原理與規格圖說，適合擔任自動化機械加工技術人員，從事自動化設備操作或機械加工工作。,,建議取得勞動部「機械加工」或「油壓」技術士證
,,,09品管/製造/環衛,廠務,090220,具備設備維護及環境巡檢實務經驗，熟悉廠房運作規範與異常處置流程，適合擔任廠務，從事廠房設施巡檢及機具日常維護工作。,,
,,,09品管/製造/環衛,品管測試技術員,090103,因具備電子測試儀器操作維護實務經驗，適合轉銜為品管測試技術員，從事品質管檢驗、機台校正等相關工作。,,建議取得中華民國品質學會「品質工程師認證」（經濟部認可）
飛彈射控系統保養士,4D226,"1.系統維護與保養
1.1執行電子系統設備保養作業。
1.2維持系統運作穩定性。
1.3確保設備性能正常。
2.系統測試與驗證
2.1執行系統模組連結測試。
2.2進行功能驗證與狀態確認。
2.3提升系統整合穩定度。
3.電子儀器操作與維護
3.1操作電子測試儀器進行檢測。
3.2執行儀器校正與保養。
3.3確保測試數據準確可靠。",10技術/維修/操作,精密儀器製造工及修理工,100203,具備精密設備檢測、維修及電子儀器操作實務經驗，熟悉精密儀器操作及設備維修測試校正，適合擔任精密儀器製造工及修理工，從事精密儀器及光學設備等修理工作。,,建議取得勞動部「數位電子」或「儀表電子」等相關技術士證
,,,10技術/維修/操作,電子設備裝修技術員,100208,具備電子設備維護、系統檢測及故障排除實務經驗，熟悉系統運作原理及設備維修流程，適合擔任電子設備裝修技術員，從事電子設備之裝配、調整與維修相關工作。,,建議取得勞動部「工業電子」、「儀表電子」等相關技術士證
,,,10技術/維修/操作,電機技術人員,100102,具備機電設備操作、維護及故障檢修實務經驗，熟悉設備維修流程與安全管理規範，適合擔任電機技術人員，從事電機設備之裝設、保養與維修工作。,,建議取得勞動部「工業配線」或「室內配線」等相關技術士證
,,,10技術/維修/操作,自動化機械加工技術人員,100106,具備機械裝備維修及精密量測操作實務經驗，熟悉機械原理與規格圖說，適合擔任自動化機械加工技術人員，從事自動化設備操作或機械加工工作。,,建議取得勞動部「機械加工」或「油壓」技術士證
,,,09品管/製造/環衛,廠務,090220,具備設備維護及環境巡檢實務經驗，熟悉廠房運作規範與異常處置流程，適合擔任廠務，從事廠房設施巡檢及機具日常維護工作。,,
,,,09品管/製造/環衛,品管測試技術員,090103,因具備電子測試儀器操作維護實務經驗，適合轉銜為品管測試技術員，從事品質管檢驗、機台校正等相關工作。,,建議取得中華民國品質學會「品質工程師認證」（經濟部認可）
射控系統保養士,4D414,"1.設備維護與校正
1.1執行射控系統設備檢修與保養。?
1.2進行設備精度校正作業。
1.3確保設備穩定與準確運作。?
2.電子儀器操作與測試
2.1操作電子測試與量測儀器。?
2.2執行設備功能檢測與確認。?
2.3維持儀器運作準確性。
3.異常排除與維修支援
3.1協助設備故障排除作業。?
3.2支援基礎維修與調整。
3.3提升系統運作穩定性。",10技術/維修/操作,精密儀器製造工及修理工,100203,具備精密設備檢測、維修及電子儀器操作實務經驗，熟悉精密儀器操作及設備維修測試校正，適合擔任精密儀器製造工及修理工，從事精密儀器及光學設備等修理工作。,,建議取得勞動部「數位電子」或「儀表電子」等相關技術士證
,,,10技術/維修/操作,電子設備裝修技術員,100208,具備電子設備維護、系統檢測及故障排除實務經驗，熟悉系統運作原理及設備維修流程，適合擔任電子設備裝修技術員，從事電子設備之裝配、調整與維修相關工作。,,建議取得勞動部「工業電子」、「儀表電子」等相關技術士證
,,,10技術/維修/操作,電機技術人員,100102,具備機電設備操作、維護及故障檢修實務經驗，熟悉設備維修流程與安全管理規範，適合擔任電機技術人員，從事電機設備之裝設、保養與維修工作。,,建議取得勞動部「工業配線」或「室內配線」等相關技術士證
,,,10技術/維修/操作,自動化機械加工技術人員,100106,具備機械裝備維修及精密量測操作實務經驗，熟悉機械原理與規格圖說，適合擔任自動化機械加工技術人員，從事自動化設備操作或機械加工工作。,,建議取得勞動部「機械加工」或「油壓」技術士證
,,,09品管/製造/環衛,廠務,090220,具備設備維護及環境巡檢實務經驗，熟悉廠房運作規範與異常處置流程，適合擔任廠務，從事廠房設施巡檢及機具日常維護工作。,,
,,,09品管/製造/環衛,品管測試技術員,090103,因具備電子測試儀器操作維護實務經驗，適合轉銜為品管測試技術員，從事品質管檢驗、機台校正等相關工作。,,建議取得中華民國品質學會「品質工程師認證」（經濟部認可）
飛彈修護檢驗督導士,4D006,"1.精密設備維護
1.1執行光電與精密設備檢查與保養。?
1.2進行設備維修與功能維持。
1.3確保設備運作穩定與可靠。?
2.品質檢驗與維修管理
2.1執行維修品質檢查與驗收。?
2.2協助維修流程監控與確認。?
2.3提升設備維修品質一致性。
3.技術支援與現場協作
3.1支援精密設備維修作業。?
3.2協調現場技術處理流程。
3.3協助故障排除與問題解決。",10技術/維修/操作,精密儀器製造工及修理工,100203,具備精密設備檢測、維修及電子儀器操作實務經驗，熟悉精密儀器操作及設備維修測試校正，適合擔任精密儀器製造工及修理工，從事精密儀器及光學設備等修理工作。,,建議取得勞動部「數位電子」或「儀表電子」等相關技術士證
,,,10技術/維修/操作,電子設備裝修技術員,100208,具備電子設備維護、系統檢測及故障排除實務經驗，熟悉系統運作原理及設備維修流程，適合擔任電子設備裝修技術員，從事電子設備之裝配、調整與維修相關工作。,,建議取得勞動部「工業電子」、「儀表電子」等相關技術士證
,,,10技術/維修/操作,電機技術人員,100102,具備機電設備操作、維護及故障檢修實務經驗，熟悉設備維修流程與安全管理規範，適合擔任電機技術人員，從事電機設備之裝設、保養與維修工作。,,建議取得勞動部「工業配線」或「室內配線」等相關技術士證
,,,10技術/維修/操作,自動化機械加工技術人員,100106,具備機械裝備維修及精密量測操作實務經驗，熟悉機械原理與規格圖說，適合擔任自動化機械加工技術人員，從事自動化設備操作或機械加工工作。,,建議取得勞動部「機械加工」或「油壓」技術士證
,,,09品管/製造/環衛,廠務,090220,具備設備維護及環境巡檢實務經驗，熟悉廠房運作規範與異常處置流程，適合擔任廠務，從事廠房設施巡檢及機具日常維護工作。,,
,,,09品管/製造/環衛,品管測試技術員,090103,因具備電子測試儀器操作維護實務經驗，適合轉銜為品管測試技術員，從事品質管檢驗、機台校正等相關工作。,,建議取得中華民國品質學會「品質工程師認證」（經濟部認可）
飛彈修護檢驗士,4D356,"1.品質檢驗與驗收
1.1執行設備進場檢查與驗收作業。?
1.2進行出廠品質確認與測試。
1.3確保設備符合規格與標準。?
2.品質保證與管制
2.1協助品質管理與制度執行。?
2.2監控檢驗與維修流程。?
2.3提升品質一致性與可靠性。
3.設備評估與判定
3.1執行設備功能測試與評估。?
3.2判定設備可用性與狀態。
3.3協助異常設備分類處理。",10技術/維修/操作,精密儀器製造工及修理工,100203,具備精密設備檢測、維修及電子儀器操作實務經驗，熟悉精密儀器操作及設備維修測試校正，適合擔任精密儀器製造工及修理工，從事精密儀器及光學設備等修理工作。,,建議取得勞動部「數位電子」或「儀表電子」等相關技術士證
,,,10技術/維修/操作,電子設備裝修技術員,100208,具備電子設備維護、系統檢測及故障排除實務經驗，熟悉系統運作原理及設備維修流程，適合擔任電子設備裝修技術員，從事電子設備之裝配、調整與維修相關工作。,,建議取得勞動部「工業電子」、「儀表電子」等相關技術士證
,,,10技術/維修/操作,電機技術人員,100102,具備機電設備操作、維護及故障檢修實務經驗，熟悉設備維修流程與安全管理規範，適合擔任電機技術人員，從事電機設備之裝設、保養與維修工作。,,建議取得勞動部「工業配線」或「室內配線」等相關技術士證
,,,10技術/維修/操作,自動化機械加工技術人員,100106,具備機械裝備維修及精密量測操作實務經驗，熟悉機械原理與規格圖說，適合擔任自動化機械加工技術人員，從事自動化設備操作或機械加工工作。,,建議取得勞動部「機械加工」或「油壓」技術士證
,,,09品管/製造/環衛,廠務,090220,具備設備維護及環境巡檢實務經驗，熟悉廠房運作規範與異常處置流程，適合擔任廠務，從事廠房設施巡檢及機具日常維護工作。,,
,,,09品管/製造/環衛,品管測試技術員,090103,因具備飛彈出廠最終檢驗能力，適合轉銜為品管測試技術員，從事品質管檢驗、機台校正等相關工作。,,建議取得中華民國品質學會「品質工程師認證」（經濟部認可）
飛彈彈藥檢查士,4D376,"1.精密組件檢測
1.1執行高精密零組件檢查與判定。?
1.2進行品質與狀態鑑別作業。
1.3確保組件符合技術規格。?
2.組裝與系統整合
2.1執行零組件拆解與組裝作業。?
2.2進行系統結合與組件配置。?
2.3確保結構正確與功能完整。
3.基礎維修與維護
3.1執行有限度設備檢修。?
3.2協助異常組件修復作業。
3.3維持設備基本可用性。",07工程/研發/生技,其他化學工程技術員,070390,因具備火炸藥性質、化工材料特性與安全操作規範等基礎知識，適合轉銜為化學工程技術員，從事化學品調配、取樣送測、製程監控及設備操作維護等工作。,,建議取得經濟部產業發展署「化工製程工程師能力鑑定合格證書」
,,,10技術/維修/操作,自動化機械加工技術人員,100106,具備機械裝備維修及精密量測操作實務經驗，熟悉機械原理與規格圖說，適合擔任自動化機械加工技術人員，從事自動化設備操作或機械加工工作。,,建議取得勞動部「機械加工」或「油壓」技術士證
,,,09品管/製造/環衛,品管測試技術員,090103,因熟悉飛彈結構及具備彈藥裝拆與精密零組件檢查能力，適合轉銜為品管測試技術員，從事品質管檢驗、機台校正等相關工作。,,建議取得中華民國品質學會「品質工程師認證」（經濟部認可）
,,,09品管/製造/環衛,廠務,090220,具備設備維護及環境巡檢實務經驗，熟悉廠房運作規範與異常處置流程，適合擔任廠務，從事廠房設施巡檢及機具日常維護工作。,,
,,,09品管/製造/環衛,職業安全衛生管理員,090301,因熟悉火炸藥相關作業之安全防護、危害辨識與預防措施，並具備依作業程序執行安全檢查與風險控管之實務經驗，適合轉銜為職業安全衛生管理員，從事職場危害分析、安全稽核、防災規劃與安全教育訓練等工作。,,建議取得勞動部「職業安全衛生管理乙級技術士證」
飛彈測試裝備校驗技術兵,4D623,"1.精密測試與校驗
1.1執行測試設備校驗與調整。?
1.2確保量測數據準確性。
1.3提升設備測試可靠度。?
2.校正設備維護
2.1操作校正設備進行測試作業。?
2.2執行設備日常保養與維護。?
2.3維持設備穩定運作。
3.設備檢修與支援
3.1執行設備狀態檢查與診斷。?
3.2協助異常排除與修護作業。
3.3確保測試系統正常運行。",10技術/維修/操作,精密儀器製造工及修理工,100203,具備精密設備檢測、維修及電子儀器操作實務經驗，熟悉精密儀器操作及設備維修測試校正，適合擔任精密儀器製造工及修理工，從事精密儀器及光學設備等修理工作。,,建議取得勞動部「數位電子」或「儀表電子」等相關技術士證
,,,10技術/維修/操作,電子設備裝修技術員,100208,具備電子設備維護、系統檢測及故障排除實務經驗，熟悉系統運作原理及設備維修流程，適合擔任電子設備裝修技術員，從事電子設備之裝配、調整與維修相關工作。,,建議取得勞動部「工業電子」、「儀表電子」等相關技術士證
,,,10技術/維修/操作,電機技術人員,100102,具備機電設備操作、維護及故障檢修實務經驗，熟悉設備維修流程與安全管理規範，適合擔任電機技術人員，從事電機設備之裝設、保養與維修工作。,,建議取得勞動部「工業配線」或「室內配線」等相關技術士證
,,,10技術/維修/操作,自動化機械加工技術人員,100106,具備機械裝備維修及精密量測操作實務經驗，熟悉機械原理與規格圖說，適合擔任自動化機械加工技術人員，從事自動化設備操作或機械加工工作。,,建議取得勞動部「機械加工」或「油壓」技術士證
,,,09品管/製造/環衛,廠務助理,090214,具備設備維護及環境巡檢實務經驗，熟悉廠房運作規範與異常處置流程，適合擔任廠務助理，從事廠房設施巡檢及機具日常維護工作。,,
,,,09品管/製造/環衛,品管測試技術員,090103,因具備協助飛彈精密測試裝備校驗實務經驗，適合轉銜為品管測試技術員，從事品質管檢驗、機台校正等相關工作。,,建議取得中華民國品質學會「品質工程師認證」（經濟部認可）
飛彈測試裝備校驗技術士,4D626,"1.測試設備校驗
1.1執行精密測試設備校驗作業。?
1.2進行量測數據校正與確認。
1.3提升設備測試準確性。?
2.儀器測試與檢測
2.1操作各類測試儀表進行檢查。?
2.2執行設備功能驗證與測試。?
2.3維持儀器穩定運作。
3.設備維護與支援
3.1協助設備校正與保養作業。?
3.2執行基礎異常排除。
3.3確保測試設備正常運行。",10技術/維修/操作,精密儀器製造工及修理工,100203,具備精密設備檢測、維修及電子儀器操作實務經驗，熟悉精密儀器操作及設備維修測試校正，適合擔任精密儀器製造工及修理工，從事精密儀器及光學設備等修理工作。,,建議取得勞動部「數位電子」或「儀表電子」等相關技術士證
,,,10技術/維修/操作,電子設備裝修技術員,100208,具備電子設備維護、系統檢測及故障排除實務經驗，熟悉系統運作原理及設備維修流程，適合擔任電子設備裝修技術員，從事電子設備之裝配、調整與維修相關工作。,,建議取得勞動部「工業電子」、「儀表電子」等相關技術士證
,,,10技術/維修/操作,電機技術人員,100102,具備機電設備操作、維護及故障檢修實務經驗，熟悉設備維修流程與安全管理規範，適合擔任電機技術人員，從事電機設備之裝設、保養與維修工作。,,建議取得勞動部「工業配線」或「室內配線」等相關技術士證
,,,10技術/維修/操作,自動化機械加工技術人員,100106,具備機械裝備維修及精密量測操作實務經驗，熟悉機械原理與規格圖說，適合擔任自動化機械加工技術人員，從事自動化設備操作或機械加工工作。,,建議取得勞動部「機械加工」或「油壓」技術士證
,,,09品管/製造/環衛,廠務,090220,具備設備維護及環境巡檢實務經驗，熟悉廠房運作規範與異常處置流程，適合擔任廠務，從事廠房設施巡檢及機具日常維護工作。,,
,,,09品管/製造/環衛,品管測試技術員,090103,因具備飛彈精密測試裝備校驗實務經驗，適合轉銜為品管測試技術員，從事品質管檢驗、機台校正等相關工作。,,建議取得中華民國品質學會「品質工程師認證」（經濟部認可）
飛彈系統測試士,4D646,"1.系統測試與檢驗
1.1執行系統設備測試與功能確認。?
1.2進行設備檢驗與性能驗證。
1.3確保設備符合技術標準。?
2.設備保養與維護
2.1執行設備日常保養與維護作業。?
2.2進行基礎修護與狀態調整。?
2.3維持設備穩定運作。
3.異常排除與支援
3.1執行設備異常檢測與判讀。?
3.2協助故障排除與修復作業。
3.3提升系統運作可靠性。",10技術/維修/操作,精密儀器製造工及修理工,100203,具備精密設備檢測、維修及電子儀器操作實務經驗，熟悉精密儀器操作及設備維修測試校正，適合擔任精密儀器製造工及修理工，從事精密儀器及光學設備等修理工作。,,建議取得勞動部「數位電子」或「儀表電子」等相關技術士證
,,,10技術/維修/操作,電子設備裝修技術員,100208,具備電子設備維護、系統檢測及故障排除實務經驗，熟悉系統運作原理及設備維修流程，適合擔任電子設備裝修技術員，從事電子設備之裝配、調整與維修相關工作。,,建議取得勞動部「工業電子」、「儀表電子」等相關技術士證
,,,10技術/維修/操作,電機技術人員,100102,具備機電設備操作、維護及故障檢修實務經驗，熟悉設備維修流程與安全管理規範，適合擔任電機技術人員，從事電機設備之裝設、保養與維修工作。,,建議取得勞動部「工業配線」或「室內配線」等相關技術士證
,,,10技術/維修/操作,自動化機械加工技術人員,100106,具備機械裝備維修及精密量測操作實務經驗，熟悉機械原理與規格圖說，適合擔任自動化機械加工技術人員，從事自動化設備操作或機械加工工作。,,建議取得勞動部「機械加工」或「油壓」技術士證
,,,09品管/製造/環衛,廠務,090220,具備設備維護及環境巡檢實務經驗，熟悉廠房運作規範與異常處置流程，適合擔任廠務，從事廠房設施巡檢及機具日常維護工作。,,
,,,09品管/製造/環衛,品管測試技術員,090103,因具備飛彈系統測試及校驗實務經驗，適合轉銜為品管測試技術員，從事品質管檢驗、機台校正等相關工作。,,建議取得中華民國品質學會「品質工程師認證」（經濟部認可）
飛彈檢試裝備技術士,4D666,"1.設備操作與檢測
1.1操作精密檢測設備進行測試作業。?
1.2執行設備功能檢查與確認。
1.3維持設備穩定運作。?
2.設備維修與調整
2.1執行設備檢修與保養作業。?
2.2進行設備調整與性能修復。?
2.3提升設備運作準確性。
3.模組檢修與送修管理
3.1執行設備模組拆解與檢修。?
3.2管理送修流程與異常單元處理。
3.3確保設備可用性與完整性。",10技術/維修/操作,精密儀器製造工及修理工,100203,具備精密設備檢測、維修及電子儀器操作實務經驗，熟悉精密儀器操作及設備維修測試校正，適合擔任精密儀器製造工及修理工，從事精密儀器及光學設備等修理工作。,,建議取得勞動部「數位電子」或「儀表電子」等相關技術士證
,,,10技術/維修/操作,電子設備裝修技術員,100208,具備電子設備維護、系統檢測及故障排除實務經驗，熟悉系統運作原理及設備維修流程，適合擔任電子設備裝修技術員，從事電子設備之裝配、調整與維修相關工作。,,建議取得勞動部「工業電子」、「儀表電子」等相關技術士證
,,,10技術/維修/操作,電機技術人員,100102,具備機電設備操作、維護及故障檢修實務經驗，熟悉設備維修流程與安全管理規範，適合擔任電機技術人員，從事電機設備之裝設、保養與維修工作。,,建議取得勞動部「工業配線」或「室內配線」等相關技術士證
,,,10技術/維修/操作,自動化機械加工技術人員,100106,具備機械裝備維修及精密量測操作實務經驗，熟悉機械原理與規格圖說，適合擔任自動化機械加工技術人員，從事自動化設備操作或機械加工工作。,,建議取得勞動部「機械加工」或「油壓」技術士證
,,,09品管/製造/環衛,廠務,090220,具備設備維護及環境巡檢實務經驗，熟悉廠房運作規範與異常處置流程，適合擔任廠務，從事廠房設施巡檢及機具日常維護工作。,,
,,,09品管/製造/環衛,品管測試技術員,090103,因具備飛彈系統測試及維修實務經驗，適合轉銜為品管測試技術員，從事品質管檢驗、機台校正等相關工作。,,建議取得中華民國品質學會「品質工程師認證」（經濟部認可）
雷達保修士,4D715,"1.雷達設備維護
1.1執行雷達系統保養與檢修作業。?
1.2維持設備運作穩定與性能正常。
1.3確保系統長期可靠性。?
2.設備測試與檢查
2.1執行雷達設備功能測試。?
2.2進行設備狀態檢查與確認。?
2.3提升設備運作準確性。
3.故障排除與維修管理
3.1執行設備異常排除作業。?
3.2管理零組件更換與送修流程。
3.3提升設備修復效率。",10技術/維修/操作,精密儀器製造工及修理工,100203,具備精密設備檢測、維修及電子儀器操作實務經驗，熟悉精密儀器操作及設備維修測試校正，適合擔任精密儀器製造工及修理工，從事精密儀器及光學設備等修理工作。,,建議取得勞動部「數位電子」或「儀表電子」等相關技術士證
,,,10技術/維修/操作,電子設備裝修技術員,100208,具備電子設備維護、系統檢測及故障排除實務經驗，熟悉系統運作原理及設備維修流程，適合擔任電子設備裝修技術員，從事電子設備之裝配、調整與維修相關工作。,,建議取得勞動部「工業電子」、「儀表電子」等相關技術士證
,,,10技術/維修/操作,電機技術人員,100102,具備機電設備操作、維護及故障檢修實務經驗，熟悉設備維修流程與安全管理規範，適合擔任電機技術人員，從事電機設備之裝設、保養與維修工作。,,建議取得勞動部「工業配線」或「室內配線」等相關技術士證
,,,10技術/維修/操作,自動化機械加工技術人員,100106,具備機械裝備維修及精密量測操作實務經驗，熟悉機械原理與規格圖說，適合擔任自動化機械加工技術人員，從事自動化設備操作或機械加工工作。,,建議取得勞動部「機械加工」或「油壓」技術士證
,,,09品管/製造/環衛,廠務,090220,具備設備維護及環境巡檢實務經驗，熟悉廠房運作規範與異常處置流程，適合擔任廠務，從事廠房設施巡檢及機具日常維護工作。,,
,,,09品管/製造/環衛,品管測試技術員,090103,因具備雷達測試及維修實務經驗，適合轉銜為品管測試技術員，從事品質管檢驗、機台校正等相關工作。,,建議取得中華民國品質學會「品質工程師認證」（經濟部認可）
雷達修護技術士,4D716,"1.設備檢修與維護
1.1執行電子感測設備檢查與保養。?
1.2進行設備維修與功能恢復。
1.3維持系統穩定運作。?
2.故障診斷與排除
2.1分析設備異常原因。?
2.2執行故障定位與排除作業。?
2.3提升設備可用率與修復效率。
3.系統測試與驗證
3.1執行設備測試與功能確認。?
3.2進行效能檢驗與調整。
3.3確保設備符合性能標準。",10技術/維修/操作,精密儀器製造工及修理工,100203,具備精密設備檢測、維修及電子儀器操作實務經驗，熟悉精密儀器操作及設備維修測試校正，適合擔任精密儀器製造工及修理工，從事精密儀器及光學設備等修理工作。,,建議取得勞動部「數位電子」或「儀表電子」等相關技術士證
,,,10技術/維修/操作,電子設備裝修技術員,100208,具備電子設備維護、系統檢測及故障排除實務經驗，熟悉系統運作原理及設備維修流程，適合擔任電子設備裝修技術員，從事電子設備之裝配、調整與維修相關工作。,,建議取得勞動部「工業電子」、「儀表電子」等相關技術士證
,,,10技術/維修/操作,電機技術人員,100102,具備機電設備操作、維護及故障檢修實務經驗，熟悉設備維修流程與安全管理規範，適合擔任電機技術人員，從事電機設備之裝設、保養與維修工作。,,建議取得勞動部「工業配線」或「室內配線」等相關技術士證
,,,10技術/維修/操作,自動化機械加工技術人員,100106,具備機械裝備維修及精密量測操作實務經驗，熟悉機械原理與規格圖說，適合擔任自動化機械加工技術人員，從事自動化設備操作或機械加工工作。,,建議取得勞動部「機械加工」或「油壓」技術士證
,,,09品管/製造/環衛,廠務,090220,具備設備維護及環境巡檢實務經驗，熟悉廠房運作規範與異常處置流程，適合擔任廠務，從事廠房設施巡檢及機具日常維護工作。,,
,,,09品管/製造/環衛,品管測試技術員,090103,因具備雷達測試及維修實務經驗，適合轉銜為品管測試技術員，從事品質管檢驗、機台校正等相關工作。,,建議取得中華民國品質學會「品質工程師認證」（經濟部認可）
飛彈動力環控修護兵,4D742,"1.動力與環控設備維護
1.1執行發電與環控設備保養作業。?
1.2協助設備維修與性能恢復。
1.3維持系統穩定運轉。?
2.設備檢查與性能評估
2.1執行設備功能檢測。?
2.2進行運轉狀態確認與評估。?
2.3確保設備符合使用標準。
3.故障處理與維修支援
3.1協助設備異常排除作業。?
3.2執行零組件更換與修復。
3.3提升設備可靠度與可用率。",10技術/維修/操作,精密儀器製造工及修理工,100203,具備精密設備檢測、維修及電子儀器操作實務經驗，熟悉精密儀器操作及設備維修測試校正，適合擔任精密儀器製造工及修理工，從事精密儀器及光學設備等修理工作。,,建議取得勞動部「數位電子」或「儀表電子」等相關技術士證
,,,10技術/維修/操作,電子設備裝修技術員,100208,具備電子設備維護、系統檢測及故障排除實務經驗，熟悉系統運作原理及設備維修流程，適合擔任電子設備裝修技術員，從事電子設備之裝配、調整與維修相關工作。,,建議取得勞動部「工業電子」、「儀表電子」等相關技術士證
,,,10技術/維修/操作,電機技術人員,100102,具備機電設備操作、維護及故障檢修實務經驗，熟悉設備維修流程與安全管理規範，適合擔任電機技術人員，從事電機設備之裝設、保養與維修工作。,,建議取得勞動部「工業配線」或「室內配線」等相關技術士證
,,,09品管/製造/環衛,品管測試技術員,090103,因具備飛彈動力與環控系統的堪用性檢查、性能量測與功能測試能力，熟悉檢測流程與測試紀錄撰寫，適合轉銜為品管測試技術員，從事設備功能測試、品質檢驗與製程參數確認等工作。,,建議取得中華民國品質學會「品質工程師認證」（經濟部認可）
,,,09品管/製造/環衛,廠務助理,090214,因具備飛彈發電機與環控設備之檢驗、保養與異常判識能力，熟悉依技術手冊進行設備維護、測試與運轉監控流程，適合轉銜為廠務助理。從事工廠機電設備維護、環境監測及例行巡檢等工作。,,
飛彈動力環控修護士,4D745,"1.動力與環控設備維護
1.1執行發電與環控設備檢查保養。?
1.2進行設備維修與性能維持。
1.3確保系統穩定運轉。?
2.設備測試與效能評估
2.1執行設備功能檢測。?
2.2進行設備性能確認與評估。?
2.3確保設備符合使用標準。
3.故障排除與修復
3.1分析設備異常原因。?
3.2執行故障排除與零件修復。
3.3提升設備可靠度與可用率。",10技術/維修/操作,精密儀器製造工及修理工,100203,具備精密設備檢測、維修及電子儀器操作實務經驗，熟悉精密儀器操作及設備維修測試校正，適合擔任精密儀器製造工及修理工，從事精密儀器及光學設備等修理工作。,,建議取得勞動部「數位電子」或「儀表電子」等相關技術士證
,,,10技術/維修/操作,電子設備裝修技術員,100208,具備電子設備維護、系統檢測及故障排除實務經驗，熟悉系統運作原理及設備維修流程，適合擔任電子設備裝修技術員，從事電子設備之裝配、調整與維修相關工作。,,建議取得勞動部「工業電子」、「儀表電子」等相關技術士證
,,,10技術/維修/操作,電機技術人員,100102,具備機電設備操作、維護及故障檢修實務經驗，熟悉設備維修流程與安全管理規範，適合擔任電機技術人員，從事電機設備之裝設、保養與維修工作。,,建議取得勞動部「工業配線」或「室內配線」等相關技術士證
,,,09品管/製造/環衛,廠務,090220,具備設備維護及環境巡檢實務經驗，熟悉廠房運作規範與異常處置流程，適合擔任廠務，從事廠房設施巡檢及機具日常維護工作。,,
,,,09品管/製造/環衛,品管測試技術員,090103,因為具備飛彈發電機變週器等系統檢查能力，適合轉銜為品管測試技術員，從事品管檢驗、機台校正等相關工作。,,建議取得中華民國品質學會「品質工程師認證」（經濟部認可）
飛彈修護技術士(五級),4D016,"1.系統校正與性能測試
1.1執行複合系統設備校正作業。?
1.2進行功能測試與性能驗證。
1.3確保設備符合技術標準。?
2.設備翻修與深度維護
2.1執行設備拆解檢修與翻修。?
2.2更換／修復零組件並恢復性能。?
2.3提升設備可靠度與使用壽命。
3.測試平台維運管理
3.1操作電子測試平台執行檢測。?
3.2進行設備保養與功能維護。
3.3確保量測環境穩定與數據準確。",10技術/維修/操作,精密儀器製造工及修理工,100203,具備精密設備檢測、維修及電子儀器操作實務經驗，熟悉精密儀器操作及設備維修測試校正，適合擔任精密儀器製造工及修理工，從事精密儀器及光學設備等修理工作。,,建議取得勞動部「數位電子」或「儀表電子」等相關技術士證
,,,10技術/維修/操作,電子設備裝修技術員,100208,具備電子設備維護、系統檢測及故障排除實務經驗，熟悉系統運作原理及設備維修流程，適合擔任電子設備裝修技術員，從事電子設備之裝配、調整與維修相關工作。,,建議取得勞動部「工業電子」、「儀表電子」等相關技術士證
,,,10技術/維修/操作,電機技術人員,100102,具備機電設備操作、維護及故障檢修實務經驗，熟悉設備維修流程與安全管理規範，適合擔任電機技術人員，從事電機設備之裝設、保養與維修工作。,,建議取得勞動部「工業配線」或「室內配線」等相關技術士證
,,,10技術/維修/操作,自動化機械加工技術人員,100106,具備機械裝備維修及精密量測操作實務經驗，熟悉機械原理與規格圖說，適合擔任自動化機械加工技術人員，從事自動化設備操作或機械加工工作。,,建議取得勞動部「機械加工」或「油壓」技術士證
,,,09品管/製造/環衛,廠務,090220,具備設備維護及環境巡檢實務經驗，熟悉廠房運作規範與異常處置流程，適合擔任廠務，從事廠房設施巡檢及機具日常維護工作。,,
,,,09品管/製造/環衛,品管測試技術員,090103,因具備飛彈系統廠級校正、測試及翻修實務經驗，適合轉銜為品管測試技術員，從事品管檢驗、機台校正等相關工作。,,建議取得中華民國品質學會「品質工程師認證」（經濟部認可）
飛彈修護技術士(二級),4D026,"1.設備維護與修護
1.1執行電子設備保養與檢修作業。?
1.2進行設備調整與維修處理。
1.3維持設備穩定與正常運作。?
2.校正測試與驗證
2.1執行設備校正與精度調整。?
2.2進行功能測試與效能驗證。?
2.3確保設備符合技術規格。
3.儀器操作與維護
3.1操作電子測試儀器進行檢測。?
3.2執行儀器保養與基礎維護。
3.3確保量測結果準確可靠。",10技術/維修/操作,精密儀器製造工及修理工,100203,具備精密設備檢測、維修及電子儀器操作實務經驗，熟悉精密儀器操作及設備維修測試校正，適合擔任精密儀器製造工及修理工，從事精密儀器及光學設備等修理工作。,,建議取得勞動部「數位電子」或「儀表電子」等相關技術士證
,,,10技術/維修/操作,電子設備裝修技術員,100208,具備電子設備維護、系統檢測及故障排除實務經驗，熟悉系統運作原理及設備維修流程，適合擔任電子設備裝修技術員，從事電子設備之裝配、調整與維修相關工作。,,建議取得勞動部「工業電子」、「儀表電子」等相關技術士證
,,,10技術/維修/操作,電機技術人員,100102,具備機電設備操作、維護及故障檢修實務經驗，熟悉設備維修流程與安全管理規範，適合擔任電機技術人員，從事電機設備之裝設、保養與維修工作。,,建議取得勞動部「工業配線」或「室內配線」等相關技術士證
,,,10技術/維修/操作,自動化機械加工技術人員,100106,具備機械裝備維修及精密量測操作實務經驗，熟悉機械原理與規格圖說，適合擔任自動化機械加工技術人員，從事自動化設備操作或機械加工工作。,,建議取得勞動部「機械加工」或「油壓」技術士證
,,,09品管/製造/環衛,廠務,090220,具備設備維護及環境巡檢實務經驗，熟悉廠房運作規範與異常處置流程，適合擔任廠務，從事廠房設施巡檢及機具日常維護工作。,,
,,,09品管/製造/環衛,品管測試技術員,090103,因具備飛彈系統校正、測試及維修實務經驗，適合轉銜為品管測試技術員，從事品質管檢驗、機台校正等相關工作。,,建議取得中華民國品質學會「品質工程師認證」（經濟部認可）
飛彈修護兵,4D013,"1.主設備維護
1.1執行主要設備模組保養與維修。?
1.2進行零組件檢查與功能恢復。
1.3維持設備穩定運作。?
2.測試設備維運
2.1操作測試設備執行檢測作業。?
2.2進行設備保養與維護。?
2.3確保測試流程順暢可靠。
3.故障排除與修復
3.1執行設備異常檢查。?
3.2分析問題並進行基礎排除。
3.3提升設備可用性與維修效率。",10技術/維修/操作,精密儀器製造工及修理工,100203,具備精密設備檢測、維修及電子儀器操作實務經驗，熟悉精密儀器操作及設備維修測試校正，適合擔任精密儀器製造工及修理工，從事精密儀器及光學設備等修理工作。,,建議取得勞動部「數位電子」或「儀表電子」等相關技術士證
,,,10技術/維修/操作,電子設備裝修技術員,100208,具備電子設備維護、系統檢測及故障排除實務經驗，熟悉系統運作原理及設備維修流程，適合擔任電子設備裝修技術員，從事電子設備之裝配、調整與維修相關工作。,,建議取得勞動部「工業電子」、「儀表電子」等相關技術士證
,,,10技術/維修/操作,電機技術人員,100102,具備機電設備操作、維護及故障檢修實務經驗，熟悉設備維修流程與安全管理規範，適合擔任電機技術人員，從事電機設備之裝設、保養與維修工作。,,建議取得勞動部「工業配線」或「室內配線」等相關技術士證
,,,10技術/維修/操作,自動化機械加工技術人員,100106,具備機械裝備維修及精密量測操作實務經驗，熟悉機械原理與規格圖說，適合擔任自動化機械加工技術人員，從事自動化設備操作或機械加工工作。,,建議取得勞動部「機械加工」或「油壓」技術士證
,,,09品管/製造/環衛,廠務助理,090214,具備設備維護及環境巡檢實務經驗，熟悉廠房運作規範與異常處置流程，適合擔任廠務助理，從事廠房設施巡檢及機具日常維護工作。,,
,,,09品管/製造/環衛,品管測試技術員,090103,因具備飛彈系統主件及測試裝備維修實務經驗，適合轉銜為品管測試技術員，從事品質管檢驗、機台校正等相關工作。,,建議取得中華民國品質學會「品質工程師認證」（經濟部認可）
飛彈修護士,4D036,"1.設備維護與修理
1.1執行設備保養、檢修與維修作業。?
1.2進行零組件調整與性能恢復。
1.3維持設備穩定運作與可靠度。?
2.校正與功能驗證
2.1執行設備精度校正。?
2.2進行功能測試與效能確認。?
2.3確保設備符合技術標準。
3.儀器操作與維護
3.1操作電子測試儀器執行檢測。?
3.2執行儀器保養與維護作業。
3.3維持量測準確與設備穩定性。",10技術/維修/操作,精密儀器製造工及修理工,100203,具備精密設備檢測、維修及電子儀器操作實務經驗，熟悉精密儀器操作及設備維修測試校正，適合擔任精密儀器製造工及修理工，從事精密儀器及光學設備等修理工作。,,建議取得勞動部「數位電子」或「儀表電子」等相關技術士證
,,,10技術/維修/操作,電子設備裝修技術員,100208,具備電子設備維護、系統檢測及故障排除實務經驗，熟悉系統運作原理及設備維修流程，適合擔任電子設備裝修技術員，從事電子設備之裝配、調整與維修相關工作。,,建議取得勞動部「工業電子」、「儀表電子」等相關技術士證
,,,10技術/維修/操作,電機技術人員,100102,具備機電設備操作、維護及故障檢修實務經驗，熟悉設備維修流程與安全管理規範，適合擔任電機技術人員，從事電機設備之裝設、保養與維修工作。,,建議取得勞動部「工業配線」或「室內配線」等相關技術士證
,,,10技術/維修/操作,自動化機械加工技術人員,100106,具備機械裝備維修及精密量測操作實務經驗，熟悉機械原理與規格圖說，適合擔任自動化機械加工技術人員，從事自動化設備操作或機械加工工作。,,建議取得勞動部「機械加工」或「油壓」技術士證
,,,09品管/製造/環衛,廠務,090220,具備設備維護及環境巡檢實務經驗，熟悉廠房運作規範與異常處置流程，適合擔任廠務，從事廠房設施巡檢及機具日常維護工作。,,
,,,09品管/製造/環衛,品管測試技術員,090103,因具備飛彈系統測試、校正及維修實務經驗，適合轉銜為品管測試技術員，從事品質管檢驗、機台校正等相關工作。,,建議取得中華民國品質學會「品質工程師認證」（經濟部認可）
飛彈修護管制士,4D366,"1.作業流程與進度管理
1.1協助規劃維修／生產流程。?
1.2執行工序追蹤與進度控管。
1.3確保專案按時完成。?
2.資源調度與作業協調
2.1協助安排人力與作業資源。?
2.2協調跨單位工作流程。?
2.3提升作業效率與產能利用率。
3.數據管理與營運彙報
3.1蒐集作業進度與維修數據。?
3.2整理分析營運資訊。
3.3製作報表支援管理決策。",09品管/製造/環衛,生產管制技術員,090205,具備生產進度管制、作業流程協調及資料彙整分析等實務經驗，熟悉生產管理流程、工作排程機制與製程管制作業，適合擔任生產管制技術員，從事生產進度與製程管制工作。,,
,,,09品管/製造/環衛,工廠配置技術員,090204,具備作業流程規劃、生產資源調配及設備配置管理等實務經驗，熟悉工廠作業流程、生產配置機制與作業改善方法，適合擔任工廠配置技術員，從事工廠配置與生產流程規劃工作。,,
,,,09品管/製造/環衛,品管檢驗人員,090105,因具備裝備保養維修實務經驗，熟悉依標準程序執行檢查測試，適合擔任品管檢驗人員，從事根據規格檢查成品，使其符合製造標準等工作。,,建議取得中華民國品質學會「品質工程師認證」（經濟部認可）
,,,09品管/製造/環衛,廠務,090220,具備設備維護及環境巡檢實務經驗，熟悉廠房運作規範與異常處置流程，適合擔任廠務，從事廠房設施巡檢及機具日常維護工作。,,
飛彈雷達修護兵,4D713,"1.設備檢修與維護
1.1執行電子感測設備檢查與保養。?
1.2進行設備維修與功能恢復。
1.3維持系統穩定運作。?
2.故障診斷與排除
2.1分析設備異常原因。?
2.2執行故障定位與排除作業。?
2.3提升設備可用率與修復效率。
3.系統測試與驗證
3.1執行設備測試與功能確認。?
3.2進行效能檢驗與調整。
3.3確保設備符合性能標準。",10技術/維修/操作,精密儀器製造工及修理工,100203,具備精密設備檢測、維修及電子儀器操作實務經驗，熟悉精密儀器操作及設備維修測試校正，適合擔任精密儀器製造工及修理工，從事精密儀器及光學設備等修理工作。,,建議取得勞動部「數位電子」或「儀表電子」等相關技術士證
,,,10技術/維修/操作,電子設備裝修技術員,100208,具備電子設備維護、系統檢測及故障排除實務經驗，熟悉系統運作原理及設備維修流程，適合擔任電子設備裝修技術員，從事電子設備之裝配、調整與維修相關工作。,,建議取得勞動部「工業電子」、「儀表電子」等相關技術士證
,,,10技術/維修/操作,電機技術人員,100102,具備機電設備操作、維護及故障檢修實務經驗，熟悉設備維修流程與安全管理規範，適合擔任電機技術人員，從事電機設備之裝設、保養與維修工作。,,建議取得勞動部「工業配線」或「室內配線」等相關技術士證
,,,10技術/維修/操作,自動化機械加工技術人員,100106,具備機械裝備維修及精密量測操作實務經驗，熟悉機械原理與規格圖說，適合擔任自動化機械加工技術人員，從事自動化設備操作或機械加工工作。,,建議取得勞動部「機械加工」或「油壓」技術士證
,,,09品管/製造/環衛,廠務助理,090214,具備設備維護及環境巡檢實務經驗，熟悉廠房運作規範與異常處置流程，適合擔任廠務助理，從事廠房設施巡檢及機具日常維護工作。,,
,,,09品管/製造/環衛,品管測試技術員,090103,因具備雷達測試及維修實務經驗，適合轉銜為品管測試技術員，從事品質管檢驗、機台校正等相關工作。,,建議取得中華民國品質學會「品質工程師認證」（經濟部認可）
工兵,4H111,"1.工程施工與現場執行
1.1執行各類工程施作與現場作業。?
1.2配合施工計畫完成指定任務。
1.3確保作業品質與施工效率。?
2.設備操作與技術支援
2.1操作工程設備與相關器材。?
2.2執行特殊環境技術作業支援。?
2.3提升現場作業效率與機動性。
3.器材管理與安全維護
3.1執行器材保養與使用管理。?
3.2維護現場作業安全秩序。
3.3降低作業風險並提升安全性。",11營建/製圖/施作,營建施工人員,110301,具備基礎土木施工經驗，熟悉工地現場環境與施工安全規範，適合擔任營建施工人員，從事營建施工事宜。,,建議取得勞動部「泥水」技術士證等相關證照
,,,11資訊/軟體/系統,工地監工,110110,具備基礎土木施工經驗，熟悉工地現場環境與施工安全規範，適合擔任工地監工，從事工地監工事宜。,應具備內政部國「營造業工地主任執業證」,
,,,11資訊/軟體/系統,水電配線技術員,110302,因具備基礎土木施工實務經驗，熟悉現場作業流程與管線配置規範，適合轉銜為水電配線技術員，從事建築水電管線安裝維護工作。,,建議取得勞動部「室內配線」或「自來水管配管」等相關技術士證
,,,11資訊/軟體/系統,工務人員／助理,110113,具備基礎土木施工實務經驗，熟悉工地現場環境與施工安全規範，適合轉銜為工務人員／助理，協助工務調度、表單整理等相關工作。,,
,,,09品管/製造/環衛,廠務助理,090214,具備設備維護及環境巡檢實務經驗，熟悉廠房運作規範與異常處置流程，適合擔任廠務助理，從事廠房設施巡檢及機具日常維護工作。,,
,,,09品管/製造/環衛,品管檢驗人員,090105,因具備裝備保養維修實務經驗，熟悉依標準程序執行檢查測試，適合擔任品管檢驗人員，從事根據規格檢查成品，使其符合製造標準等工作。,,建議取得中華民國品質學會「品質工程師認證」（經濟部認可）
,,,06客服/門市,連鎖店管理人員,060205,因於部隊長期接觸人員管理、物料補給、設施環境維護等實務工作，並具備遵守紀律、流程管控與標準化執行力，適合轉銜為連鎖店管理人員，從事服務品質維護、存貨管理、排班調度等門店營運工作。,,建議取得勞動部「門市服務」相關技術士證
,,,06客服/門市,賣場（人員／儲備幹部）,060202,因具備物品清點、環境巡檢與行政協作實務經驗，熟悉標準作業程序及突發狀況處理，適合擔任賣場儲備幹部，從事收銀、陳列、補貨與顧客服務等工作。,,
工兵督導士,4H116,"1.工程現場管理
1.1帶領施工人員執行工程任務。?
1.2進行現場作業分工與協調。
1.3確保施工流程順利運作。?
2.品質與進度督導
2.1監督工程施工品質。?
2.2管控作業進度與效率。?
2.3確保工程符合規範與標準。
3.器材與安全管理
3.1管理工程器材使用與保養。?
3.2執行現場安全維護與警戒。
3.3降低施工風險並提升安全性。",11營建/製圖/施作,工地監工,110110,具備基礎土木施工經驗，熟悉工地現場環境與施工安全規範，適合擔任工地監工，從事工地監工事宜。,應具備內政部國「營造業工地主任執業證」,
,,,11資訊/軟體/系統,水電配線技術員,110302,因具備基礎土木施工實務經驗，熟悉現場作業流程與管線配置規範，適合轉銜為水電配線技術員，從事建築水電管線安裝維護工作。,,建議取得勞動部「室內配線」或「自來水管配管」等相關技術士證
,,,11資訊/軟體/系統,量測／儀校人員,110320,因參與工事構築，熟悉現地丈量，適合轉銜為量測／儀校人員，從事工程丈量、施工定位及圖資整理等輔助工作。,應具備勞動部「測量」相關技術士證,
,,,06客服/門市,連鎖店管理人員,060205,因於部隊長期接觸人員管理、物料補給、設施環境維護等實務工作，並具備遵守紀律、流程管控與標準化執行力，適合轉銜為連鎖店管理人員，從事服務品質維護、存貨管理、排班調度等門店營運工作。,,建議取得勞動部「門市服務」相關技術士證
,,,06客服/門市,賣場（人員／儲備幹部）,060202,因具備物品清點、環境巡檢與行政協作實務經驗，熟悉標準作業程序及突發狀況處理，適合擔任賣場儲備幹部，從事收銀、陳列、補貨與顧客服務等工作。,,
,,,09品管/製造/環衛,廠務,090220,具備設備維護及環境巡檢實務經驗，熟悉廠房運作規範與異常處置流程，適合擔任廠務，從事廠房設施巡檢及機具日常維護工作。,,
,,,09品管/製造/環衛,品管檢驗人員,090105,因具備裝備保養維修實務經驗，熟悉依標準程序執行檢查測試，適合擔任品管檢驗人員，從事根據規格檢查成品，使其符合製造標準等工作。,,建議取得中華民國品質學會「品質工程師認證」（經濟部認可）
工兵機械作業兵,4H432,"1.工程機械操作
1.1操作各類工程機械進行施工作業。?
1.2執行現場基礎工程與機械作業。
1.3提升施工效率與作業品質。?
2.設備保養與維護
2.1執行工程機械日常保養。?
2.2進行設備檢查與簡易維修。?
2.3確保機械穩定運作。
3.現場安全與支援
3.1維護作業現場安全秩序。?
3.2協助機械使用與調度。
3.3降低施工風險與異常。",11營建/製圖/施作,推土機/怪手操作員,110305,具備重型機具操作實務經驗，熟悉機械性能與故障排除，適合擔任推土機、怪手操作員，從事推土機/怪手操作任務。,,建議取得勞/動部「推土機」或「挖掘機」操作單一級技術士證
,,,10技術/維修/操作,農業及工業用機器裝修技術人員,100204,因為具備各型工兵機械能力檢查、保養能力，適合轉銜為「農業及工業用機器裝修技術人員」，從事工業機械及設備、零件及引擎(機動車、及飛機引擎除外)等維修工作。,,建議取得勞動部「一般裝載機單一級技術士證」
,,,06客服/門市,連鎖店管理人員,060205,因於部隊長期接觸人員管理、物料補給、設施環境維護等實務工作，並具備遵守紀律、流程管控與標準化執行力，適合轉銜為連鎖店管理人員，從事服務品質維護、存貨管理、排班調度等門店營運工作。,,建議取得勞動部「門市服務」相關技術士證
,,,06客服/門市,賣場（人員／儲備幹部）,060202,因具備物品繫固、庫存整理與基礎行政協作能力，適合轉銜為賣場儲備幹部，進行收銀、陳列、補貨與顧客服務等作業，並培養營運管理與團隊領導能力。,,
,,,09品管/製造/環衛,品管檢驗人員,090105,因具備裝備保養維修實務經驗，熟悉依標準程序執行檢查測試，適合擔任品管檢驗人員，從事根據規格檢查成品，使其符合製造標準等工作。,,建議取得中華民國品質學會「品質工程師認證」（經濟部認可）
,,,09品管/製造/環衛,廠務助理,090214,具備設備維護及環境巡檢實務經驗，熟悉廠房運作規範與異常處置流程，適合擔任廠務助理，從事廠房設施巡檢及機具日常維護工作。,,
工兵作業機械督導士,4H436,"1.工程機械作業管理
1.1督導工程機械現場作業。?
1.2安排機具使用與施工流程。
1.3提升作業效率與品質。?
2.設備維護與管理
2.1管理工程機械保養與維修。?
2.2監控設備使用狀況與妥善率。?
2.3確保機械穩定運作。
3.現場安全與協調
3.1維護工程作業安全。?
3.2協調現場人員與機具運作。
3.3降低施工風險。",11營建/製圖/施作,推土機/怪手操作員,110305,具備重型機具操作實務經驗，熟悉機械性能與故障排除，適合擔任推土機、怪手操作員，從事推土機/怪手操作任務。,,建議取得勞/動部「推土機」或「挖掘機」操作單一級技術士證
,,,11資訊/軟體/系統,吊車/起重機操作員,110304,因從事保修作業，具備操作起重機吊掛軍品實務經驗，適合擔任吊車/起重機操作員，從事起重機吊掛及現場監控工作。,應具備勞動部「固定式起重機操作技術士證」,
,,,10技術/維修/操作,農業及工業用機器裝修技術人員,100204,具備機械設備檢修、裝配調整及故障排除等實務經驗，熟悉動力機械運作原理、設備維修流程與檢測工具操作，適合擔任農業及工業用機器裝修技術人員，從事工業機械及設備、零件及引擎(機動車、及飛機引擎除外)等維修工作。,,建議取得勞動部「重機械修護」技術士
,,,06客服/門市,連鎖店管理人員,060205,因於部隊長期接觸人員管理、物料補給、設施環境維護等實務工作，並具備遵守紀律、流程管控與標準化執行力，適合轉銜為連鎖店管理人員，從事服務品質維護、存貨管理、排班調度等門店營運工作。,,建議取得勞動部「門市服務」相關技術士證
,,,06客服/門市,賣場（人員／儲備幹部）,060202,因具備物品繫固、庫存整理與基礎行政協作能力，適合轉銜為賣場儲備幹部，進行收銀、陳列、補貨與顧客服務等作業，並培養營運管理與團隊領導能力。,,
,,,09品管/製造/環衛,品管檢驗人員,090105,因具備裝備保養維修實務經驗，熟悉依標準程序執行檢查測試，適合擔任品管檢驗人員，從事根據規格檢查成品，使其符合製造標準等工作。,,建議取得中華民國品質學會「品質工程師認證」（經濟部認可）
,,,09品管/製造/環衛,廠務,090220,具備設備維護及環境巡檢實務經驗，熟悉廠房運作規範與異常處置流程，適合擔任廠務，從事廠房設施巡檢及機具日常維護工作。,,
工兵領導士,BB116,"1.工程作業管理
1.1督導並執行工程現場作業。?
1.2規劃作業流程與任務分配。
1.3確保施工品質與進度。?
2.設備與資源管理
2.1管理工程器材使用與保養。?
2.2進行設備檢查與維護控管。?
2.3提升設備妥善率與使用效率。
3.人員管理與訓練
3.1管理並指導作業人員。?
3.2執行教育訓練與技能提升。
3.3建立標準作業流程與紀律。",11營建/製圖/施作,工地監工,110110,具備基礎土木施工經驗，熟悉工地現場環境與施工安全規範，適合擔任工地監工，從事工地監工事宜。,應具備內政部國「營造業工地主任執業證」,
,,,11資訊/軟體/系統,水電配線技術員,110302,因具備基礎土木施工實務經驗，熟悉現場作業流程與管線配置規範，適合轉銜為水電配線技術員，從事建築水電管線安裝維護工作。,,建議取得勞動部「室內配線」或「自來水管配管」等相關技術士證
,,,11資訊/軟體/系統,量測／儀校人員,110320,因參與工事構築，熟悉現地丈量，適合轉銜為量測／儀校人員，從事工程丈量、施工定位及圖資整理等輔助工作。,應具備勞動部「測量」相關技術士證,
,,,09品管/製造/環衛,職業安全衛生人員,090301,因具備工地施工、爆破等高風險作業經驗，熟悉施工現場安全規範，適合轉銜為職業安全衛生人員，從事工地安全巡查、危害預防與施工安全管理等相關工作。,,建議取得勞動部「職業安全衛生管理乙級技術士證」
,,,09品管/製造/環衛,廠務,090220,具備設備維護及環境巡檢實務經驗，熟悉廠房運作規範與異常處置流程，適合擔任廠務，從事廠房設施巡檢及機具日常維護工作。,,
,,,09品管/製造/環衛,品管檢驗人員,090105,因具備裝備保養維修實務經驗，熟悉依標準程序執行檢查測試，適合擔任品管檢驗人員，從事根據規格檢查成品，使其符合製造標準等工作。,,建議取得中華民國品質學會「品質工程師認證」（經濟部認可）
工兵機械領導士,BB436,"1.工程機械作業管理
1.1督導工程機械現場作業。?
1.2規劃機具使用與施工流程。
1.3確保作業進度與品質。?
2.設備維護與管理
2.1管理工程機械保養與維修。?
2.2監控設備使用狀況與妥善率。?
2.3提升設備運作效率與可靠性。
3.現場協調與安全管理
3.1協調現場人員與機具調度。?
3.2執行施工安全管理與監督。
3.3降低作業風險與異常。",11營建/製圖/施作,推土機/怪手操作員,110305,具備重型機具操作實務經驗，熟悉機械性能與故障排除，適合擔任推土機、怪手操作員，從事推土機/怪手操作任務。,,建議取得勞/動部「推土機」或「挖掘機」操作單一級技術士證
,,,11資訊/軟體/系統,吊車/起重機操作員,110304,因從事保修作業，具備操作起重機吊掛軍品實務經驗，適合擔任吊車/起重機操作員，從事起重機吊掛及現場監控工作。,應具備勞動部「固定式起重機操作技術士證」,
,,,10技術/維修/操作,農業及工業用機器裝修技術人員,100204,具備機械設備檢修、裝配調整及故障排除等實務經驗，熟悉動力機械運作原理、設備維修流程與檢測工具操作，適合擔任農業及工業用機器裝修技術人員，從事工業機械及設備、零件及引擎(機動車、及飛機引擎除外)等維修工作。,,建議取得勞動部「重機械修護」技術士
,,,06客服/門市,連鎖店管理人員,060205,因於部隊長期接觸人員管理、物料補給、設施環境維護等實務工作，並具備遵守紀律、流程管控與標準化執行力，適合轉銜為連鎖店管理人員，從事服務品質維護、存貨管理、排班調度等門店營運工作。,,建議取得勞動部「門市服務」相關技術士證
,,,06客服/門市,賣場（人員／儲備幹部）,060202,因具備物品繫固、庫存整理與基礎行政協作能力，適合轉銜為賣場儲備幹部，進行收銀、陳列、補貨與顧客服務等作業，並培養營運管理與團隊領導能力。,,
,,,09品管/製造/環衛,職業安全衛生人員,090301,因具備工地施工等高風險作業經驗，熟悉施工現場安全規範，適合轉銜為職業安全衛生人員，從事工地安全巡查、危害預防與施工安全管理等相關工作。,,建議取得勞動部「職業安全衛生管理乙級技術士證」
,,,09品管/製造/環衛,品管檢驗人員,090105,因具備裝備保養維修實務經驗，熟悉依標準程序執行檢查測試，適合擔任品管檢驗人員，從事根據規格檢查成品，使其符合製造標準等工作。,,建議取得中華民國品質學會「品質工程師認證」（經濟部認可）
,,,09品管/製造/環衛,廠務,090220,具備設備維護及環境巡檢實務經驗，熟悉廠房運作規範與異常處置流程，適合擔任廠務，從事廠房設施巡檢及機具日常維護工作。,,
配電士,4H575,"1.電力系統維運
1.1執行配電系統操作與管理。?
1.2確保電力供應穩定與正常運作。
1.3監控電力系統運行狀況。?
2.設備維護與檢修
2.1執行電力設備保養與檢查。?
2.2進行基礎電氣維修作業。?
2.3提升設備運作安全性。
3.異常處理與安全管理
3.1排除電力系統異常問題。?
3.2調整設備運行參數。
3.3維護電氣作業安全。",10技術/維修/操作,電機技術人員,100102,因具備電力設備操作、測試與基本故障排除能力，適合轉銜為電機技術人員，從事電機設備之裝設、保養與維修工作。,,建議取得勞動部「工業配線」或「室內配線」等相關技術士證
,,,10技術/維修/操作,空調冷凍技術人員,100104,因具備電力設備操作、測試與基本故障排除能力，適合轉銜為空調冷凍技術人員，從事冷暖氣及冷凍系統設備之維修、調整與保養工作。,,建議取得勞動部「冷凍空調」技術士證
,,,18保全/軍警消,場地管理人員,180107,因具備電力設備操作、測試與基本故障排除能力，適合擔任場地管理人員，從事大型場館之建築機電照明、中央監控、空調、水電設施等維護工作。,,建議取得勞動部「工業配線」或「室內配線」等相關技術士證
,,,09品管/製造/環衛,品管測試技術員,090103,因具備電力設備檢查與故障排除實務經驗，熟悉檢測流程與矯正規範，適合擔任品管測試技術員，從事品質管檢驗、機台校正等相關工作。,,建議取得中華民國品質學會「品質工程師認證」（經濟部認可）
,,,09品管/製造/環衛,廠務,090220,具備設備維護及環境巡檢實務經驗，熟悉廠房運作規範與異常處置流程，適合擔任廠務，從事廠房設施巡檢及機具日常維護工作。,,
工兵機電修護督導士,4H636,"1.發電設備維運
1.1執行發電機檢查與維護作業。?
1.2負責設備保養與運轉管理。
1.3確保供電穩定與設備正常運作。?
2.設備修護與評估
2.1執行發電設備修理與裝設。?
2.2判定設備損壞程度與可修復性。?
2.3提供維修與更換建議。
3.機電安全與管理
3.1管理發電設備運轉安全。?
3.2監控設備運作狀況。
3.3提升系統穩定性與可靠度。",10技術/維修/操作,電機技術人員,100102,因具備電力設備操作、測試與基本故障排除能力，適合轉銜為電機技術人員，從事電機設備之裝設、保養與維修工作。,,建議取得勞動部「工業配線」或「室內配線」等相關技術士證
,,,10技術/維修/操作,空調冷凍技術人員,100104,因具備電力設備操作、測試與基本故障排除能力，適合轉銜為空調冷凍技術人員，從事冷暖氣及冷凍系統設備之維修、調整與保養工作。,,建議取得勞動部「冷凍空調」技術士證
,,,18保全/軍警消,場地管理人員,180107,因具備電力設備操作、測試與基本故障排除能力，適合擔任場地管理人員，從事大型場館之建築機電照明、中央監控、空調、水電設施等維護工作。,,建議取得勞動部「工業配線」或「室內配線」等相關技術士證
,,,09品管/製造/環衛,品管測試技術員,090103,因具備電力設備檢查與故障排除實務經驗，熟悉檢測流程與矯正規範，適合擔任品管測試技術員，從事品質管檢驗、機台校正等相關工作。,,建議取得中華民國品質學會「品質工程師認證」（經濟部認可）
,,,09品管/製造/環衛,廠務,090220,具備設備維護及環境巡檢實務經驗，熟悉廠房運作規範與異常處置流程，適合擔任廠務，從事廠房設施巡檢及機具日常維護工作。,,
工兵機電修護兵,4H653,"1.發電設備維運
1.1執行發電機檢查與維護作業。?
1.2負責設備保養與運轉管理。
1.3確保供電穩定與設備正常運作。?
2.設備修護與評估
2.1執行發電設備修理與裝設。?
2.2判定設備損壞程度與可修復性。?
2.3提供維修與更換建議。
3.機電安全與管理
3.1管理發電設備運轉安全。?
3.2監控設備運作狀況。
3.3提升系統穩定性與可靠度。",10技術/維修/操作,電機技術人員,100102,因具備電力設備操作、測試與基本故障排除能力，適合轉銜為電機技術人員，從事電機設備之裝設、保養與維修工作。,,建議取得勞動部「工業配線」或「室內配線」等相關技術士證
,,,10技術/維修/操作,空調冷凍技術人員,100104,因具備電力設備操作、測試與基本故障排除能力，適合轉銜為空調冷凍技術人員，從事冷暖氣及冷凍系統設備之維修、調整與保養工作。,,建議取得勞動部「冷凍空調」技術士證
,,,18保全/軍警消,場地管理人員,180107,因具備電力設備操作、測試與基本故障排除能力，適合擔任場地管理人員，從事大型場館之建築機電照明、中央監控、空調、水電設施等維護工作。,,建議取得勞動部「工業配線」或「室內配線」等相關技術士證
,,,09品管/製造/環衛,品管測試技術員,090103,因具備電力設備檢查與故障排除實務經驗，熟悉檢測流程與矯正規範，適合擔任品管測試技術員，從事品質管檢驗、機台校正等相關工作。,,建議取得中華民國品質學會「品質工程師認證」（經濟部認可）
,,,09品管/製造/環衛,廠務,090220,具備設備維護及環境巡檢實務經驗，熟悉廠房運作規範與異常處置流程，適合擔任廠務，從事廠房設施巡檢及機具日常維護工作。,,
營產管理兵,4M252,"1.資產資料管理
1.1建立與維護資產資料檔案。?
1.2更新與整理資產資訊。
1.3確保資料完整與正確性。?
2.資產異動與權屬管理
2.1協助資產租賃與轉讓資料處理。?
2.2進行資產權屬變更資料整理。?
2.3確保異動紀錄完整可追溯。
3.行政支援與資料控管
3.1支援資產管理行政作業。?
3.2進行資料彙整與報表整理。
3.3維護作業流程一致性。",03人資/法務/智財,不動產代書,030203,因具備不動產產權調查與標界確認等實務經驗，熟悉地籍測量與不動產作業流程，適合擔任不動產銷售人員，從事房地產之開發洽談、買賣／租賃媒合、產權審閱與貸款安排等工作,,建議取得內政部主管之「不動產經紀人」等相關證照
,,,01經營/行政/總務,大廈或社區總幹事/幹事,010106,因具備具備產權資料管理及跨單位協調等實務經驗，熟悉不動產管理及服務規範，適合大廈或社區總幹事/幹事，從事社區物業管理等相關工作。,應具備內政部核發「公寓大廈管理服務人員認可證」,
,,,11營建/製圖/施作,量測／儀校人員,110320,因具備不動產產權調查與標界確認等實務經驗，熟悉地籍測量與不動產作業流程，適合轉銜為量測／儀校人員，從事工程丈量、施工定位及圖資整理等輔助工作。,應具備勞動部「測量」相關技術士證,
,,,18保全/軍警消,場地管理人員,180107,具備場地資料管理、設施巡檢維護及行政協調等實務經驗，熟悉場地管理流程、設備管理機制與安全維護作業，適合擔任場地管理人員，從事場地管理與營運支援工作。,,
,,,通俗職業未收錄依UCAN對應,資產管理人員,,具備資產資料管理、產權作業協調及行政管制作業等實務經驗，熟悉資產管理流程、文件管理機制與產權維護作業，適合擔任資產管理人員，從事資產管理與資料維護工作。,,
營產管理士,4M256,"1.不動產與設施管理
1.1管理建築物與設施資產資料。?
1.2執行資產登記與檢查作業。
1.3確保資產資料正確性與完整性。?
2.資產異動與權屬管理
2.1協助資產租賃與轉讓資料處理。?
2.2進行不動產權屬異動調查。?
2.3維護資產管理紀錄可追溯性。
3.土地測量與圖資管理
3.1協助土地測量與界址標定。?
3.2整理與維護測量圖資與檔案。
3.3管理帳卡與相關資料表。",03人資/法務/智財,不動產代書,030203,因具備不動產產權調查與標界確認等實務經驗，熟悉地籍測量與不動產作業流程，適合擔任不動產銷售人員，從事房地產之開發洽談、買賣／租賃媒合、產權審閱與貸款安排等工作,,建議取得內政部主管之「不動產經紀人」等相關證照
,,,01經營/行政/總務,大廈或社區總幹事/幹事,010106,因具備具備產權資料管理及跨單位協調等實務經驗，熟悉不動產管理及服務規範，適合大廈或社區總幹事/幹事，從事社區物業管理等相關工作。,應具備內政部核發「公寓大廈管理服務人員認可證」,
,,,11營建/製圖/施作,量測／儀校人員,110320,因具備不動產產權調查與標界確認等實務經驗，熟悉地籍測量與不動產作業流程，適合轉銜為量測／儀校人員，從事工程丈量、施工定位及圖資整理等輔助工作。,應具備勞動部「測量」相關技術士證,
,,,18保全/軍警消,場地管理人員,180107,具備場地資料管理、設施巡檢維護及行政協調等實務經驗，熟悉場地管理流程、設備管理機制與安全維護作業，適合擔任場地管理人員，從事場地管理與營運支援工作。,,
,,,通俗職業未收錄依UCAN對應,資產管理人員,,具備資產資料管理、產權作業協調及行政管制作業等實務經驗，熟悉資產管理流程、文件管理機制與產權維護作業，適合擔任資產管理人員，從事資產管理與資料維護工作。,,
艦艇修造工程主官,BB31,"1.專案指揮與協調
1.1規劃船舶修造與建造專案，編列進度與資源。
1.2協調造船廠、設計單位與供應商，確保專案落實。
1.3審核專案成果，回饋改善建議。
2.設備管理
2.1監督施工設備與檢測儀器的正常運作。
2.2管理零件、物料與耗材，控制工程成本。
2.3建立品質檢驗制度，確保施工品質與安全
3.團隊文化建設
3.1指導工程團隊遵循標準作業流程。
3.2培養責任與紀律文化，確保品質與效率。
3.3鼓勵跨部門溝通與整合，提升執行力。",01經營/行政/總務,經營管理主管,010101,因具備艦艇修造與資源調度實務經驗，熟悉組織運作與績效管理，適合擔任經營管理主管；從事行政、總務相關工作之規劃、協調管制及考核等相關工作。,,
,,,09品管/製造/環衛,工廠主管,090101,因具備艦艇修造與資源調度實務經驗，熟悉組織運作與績效管理，適合擔任工廠主管；負責統籌生產製造流程、廠務運作及人員管理等工作。,,
,,,09品管/製造/環衛,品管/品保主管,090102,因具備艦艇修造與資源調度實務經驗，熟悉品管機制與缺失矯正，適合擔任品管/品保主管，從事品管/品保相關工作。,,建議取得中華民國品質學會「品質工程師認證」（經濟部認可）
,,,09品管/製造/環衛,工安/環工主管,090302,具備防止作業失慎及策劃廠線配置能力，熟悉風險辨識與職災預防，適合擔任工安/環工主管，從事釐訂職業災害防止計畫，督導及評估各部門之勞工安全衛生管理工作。,應具備勞動部「職業安全衛生管理乙級技術士證」,
,,,21行銷/企劃/專案,專案管理主管,210301,因具備專案規劃及進度控管實務經驗，熟悉流程優化及跨部門溝通，適合擔任專案管理主管，從事專案規劃、管控及協調相關工作。,,建議取得國際專案管理師（PMP）認證
,,,21行銷/企劃/專案,營運管理師/企業ERP管理師,210302,具備策略規劃與資源整合經驗，熟悉系統導入與跨部門協調，適合擔任營運管理師/ERP專案師，從事營運流程優化、系統導入或跨部門整合等相關工作。,,建議取得經濟部產業發展署「營運智慧分析師能力鑑定證書」
,,,21行銷/企劃/專案,企業永續發展人員,210305,具備計畫擬定、風險評估與專案推動經驗，擁有流程管控、資料蒐整與跨部門溝通能力，適合轉銜企業永續發展人員，從事企業碳盤查、減碳規劃及社會責任（CSR）等相關工作。,,建議取得經濟部產業發展署「淨零碳規劃管理師」等相關能力鑑定
輪機工程指導官,BB32,"1.專案指揮與協調
1.1制定並監督動力系統保養與維修計畫。
1.2協調人員分工，確保工期與安全。
1.3回報設備狀況，提出技術改善建議。
2.設備管理
2.1監督動力機械與電力設備的日常檢測。
2.2維護工具、儀器與耗材，保障運作穩定。
2.3分析檢修數據，預測並防範設備異常。",07工程/研發/生技,自動控制工程師,070217,具備機電設備維護、系統運作監控及故障排除等實務經驗，熟悉自動控制原理與系統整合程，適合擔任自動控制工程師，從事控制系統設計與設備監控工作。,,建議取得勞動部「工業配線」或「機電整合」等相關技術士證
,,,07工程/研發/生技,機械工程師,070216,具備機械設備維護、動力系統管理及故障排除等實務經驗，熟悉機械系統運作原理與設備維修流程，適合擔任機械工程師；，從事與機械有關之產品設計、製造、維修、操作等工作。,,建議取得勞動部「鉗工」或「車床」等相關技術士證
,,,07工程/研發/生技,電機工程師,070121,具備電力設備維護、機電系統管理及故障檢修等實務經驗，熟悉電機系統運作原理與設備維修流程，適合擔任電機工程師，從事從事電機設備設計及維護等相關工作,,建議取得勞動部「機電整合」或「工業電子」等相關技術士證
,,,07工程/研發/生技,機電整合工程師,070218,具備機電系統維護、設備整合管理及故障排除等實務經驗，熟悉機電整合原理、控制系統運作與設備維修流程，適合擔任機電整合工程師；從事機電系統整合與設備工程管理工作，從事機電系統整合與設備管理工作。,,建議取得勞動部「機電整合」或「工業配線」等相關技術士證
,,,09品管/製造/環衛,品管/品保工程師,090107,因熟悉海軍工廠作業流程與品管機制，適合轉銜為品管/品保工程師，從事產品標準設定，並利用各種管理技術，維持與改進其品質。,,建議取得中華民國品質學會「品質工程師認證」（經濟部認可）
,,,11營建/製圖/施作,水電工程師,110115,因具備艦艇電力與給(排)水系統維修實務經驗，熟悉水電系統運作原理、管線配置機制與設備維修流程，適合擔任水電工程師，從事水電系統設備之設計規劃並指導施工等相關工作。,應具備勞動部「室內配線」技術士等相關證照,
,,,21行銷/企劃/專案,專案管理主管,210301,因具備專案規劃及進度控管實務經驗，熟悉流程優化及跨部門溝通，適合擔任專案管理主管，從事專案規劃、管控及協調相關工作。,,建議取得國際專案管理師（PMP）認證
,,,21行銷/企劃/專案,營運管理師/企業ERP管理師,210302,具備策略規劃與資源整合經驗，熟悉系統導入與跨部門協調，適合擔任營運管理師/ERP專案師，從事營運流程優化、系統導入或跨部門整合等相關工作。,,建議取得經濟部產業發展署「營運智慧分析師能力鑑定證書」
輪機官,4F13,"1.專案指揮與協調
1.1安排日常設備保養與檢查任務。
1.2回報設備狀況，協調修護與物料需求。
1.3支援主管推動能源或動力改善計畫。
2.設備管理
2.1操作與監控動力與電力系統。
2.2執行設備檢測，維護正常運轉。
2.3管理耗材，確保油料與零件充足。",07工程/研發/生技,機械工程師,070216,具備機械設備維護、動力系統管理及故障排除等實務經驗，熟悉機械系統運作原理與設備維修流程，適合擔任機械工程師；，從事與機械有關之產品設計、製造、維修、操作等工作。,,建議取得勞動部「鉗工」或「車床」等相關技術士證
,,,07工程/研發/生技,自動控制工程師,070217,具備機電設備維護、系統運作監控及故障排除等實務經驗，熟悉自動控制原理與系統整合程，適合擔任自動控制工程師，從事控制系統設計與設備監控工作。,,建議取得勞動部「工業配線」或「機電整合」等相關技術士證
,,,07工程/研發/生技,電機工程師,070121,具備電力設備維護、機電系統管理及故障檢修等實務經驗，熟悉電機系統運作原理與設備維修流程，適合擔任電機工程師，從事從事電機設備設計及維護等相關工作,,建議取得勞動部「機電整合」或「工業電子」等相關技術士證
,,,07工程/研發/生技,機電整合工程師,070218,具備機電系統維護、設備整合管理及故障排除等實務經驗，熟悉機電整合原理、控制系統運作與設備維修流程，適合擔任機電整合工程師；從事機電系統整合與設備工程管理工作，從事機電系統整合與設備管理工作。,,建議取得勞動部「機電整合」或「工業配線」等相關技術士證
,,,09品管/製造/環衛,品管/品保工程師,090107,因熟悉海軍工廠作業流程與品質管制機制，適合轉銜為品管/品保工程師，從事產品標準設定，並利用各種管理技術，維持與改進其品質。,,建議取得中華民國品質學會「品質工程師認證」（經濟部認可）
,,,11營建/製圖/施作,水電工程師,110115,因具備艦艇電力與給(排)水系統維修實務經驗，熟悉水電系統運作原理、管線配置機制與設備維修流程，適合擔任水電工程師，從事水電工程之設計規劃及施工等相關工作。,應具備勞動部「室內配線」技術士等相關證照,
,,,21行銷/企劃/專案,專案管理主管,210301,因具備專案規劃及進度控管實務經驗，熟悉流程優化及跨部門溝通，適合擔任專案管理主管，從事專案規劃、管控及協調相關工作。,,建議取得國際專案管理師（PMP）認證
,,,21行銷/企劃/專案,營運管理師/企業ERP管理師,210302,具備策略規劃與資源整合經驗，熟悉系統導入與跨部門協調，適合擔任營運管理師/ERP專案師，從事營運流程優化、系統導入或跨部門整合等相關工作。,,建議取得經濟部產業發展署「營運智慧分析師能力鑑定證書」
輪機修護督導官,4F14,"1.專案指揮與協調
1.1制定艦艇與動力系統維修專案計畫
1.2協調人力與資源，確保工期與品質
1.3審核修護成果並回饋改善建議。
2.設備管理
2.1監督維修工具與檢測儀器的使用與保養。
2.2管理零件與耗材，確保修護順利進行。
2.3建立修護紀錄，追蹤設備狀況。",07工程/研發/生技,機械工程師,070216,具備機械設備維護、動力系統管理及故障排除等實務經驗，熟悉機械系統運作原理與設備維修流程，適合擔任機械工程師；，從事與機械有關之產品設計、製造、維修、操作等工作。,,建議取得勞動部「鉗工」或「車床」等相關技術士證
,,,07工程/研發/生技,自動控制工程師,070217,具備機電設備維護、系統運作監控及故障排除等實務經驗，熟悉自動控制原理與系統整合程，適合擔任自動控制工程師，從事控制系統設計與設備監控工作。,,建議取得勞動部「工業配線」或「機電整合」等相關技術士證
,,,07工程/研發/生技,機電整合工程師,070218,具備機電系統維護、設備整合管理及故障排除等實務經驗，熟悉機電整合原理、控制系統運作與設備維修流程，適合擔任機電整合工程師；從事機電系統整合與設備工程管理工作，從事機電系統整合與設備管理工作。,,建議取得勞動部「機電整合」或「工業配線」等相關技術士證
,,,07工程/研發/生技,電機工程師,070121,具備電力設備維護、機電系統管理及故障檢修等實務經驗，熟悉電機系統運作原理與設備維修流程，適合擔任電機工程師，從事從事電機設備設計及維護等相關工作,,建議取得勞動部「機電整合」或「工業電子」等相關技術士證
,,,09品管/製造/環衛,品管/品保工程師,090107,因熟悉海軍工廠作業流程與品質管制機制，適合轉銜為品管/品保工程師，從事產品標準設定，並利用各種管理技術，維持與改進其品質。,,建議取得中華民國品質學會「品質工程師認證」（經濟部認可）
,,,11營建/製圖/施作,水電工程師,110115,因具備艦艇電力與給(排)水系統維修實務經驗，熟悉水電系統運作原理、管線配置機制與設備維修流程，適合擔任水電工程師，從事水電系統設備之設計規劃並指導施工等相關工作。,應具備勞動部「室內配線」技術士等相關證照,
,,,21行銷/企劃/專案,專案管理主管,210301,因具備專案規劃及進度控管實務經驗，熟悉流程優化及跨部門溝通，適合擔任專案管理主管，從事專案規劃、管控及協調相關工作。,,建議取得國際專案管理師（PMP）認證
,,,21行銷/企劃/專案,營運管理師/企業ERP管理師,210302,具備策略規劃與資源整合經驗，熟悉系統導入與跨部門協調，適合擔任營運管理師/ERP專案師，從事營運流程優化、系統導入或跨部門整合等相關工作。,,建議取得經濟部產業發展署「營運智慧分析師能力鑑定證書」
損害管制官,4F15,"1.專案指揮與協調
1.1規劃並監督安全演練與風險管制計畫。
1.2協調人員與資源，確保應變效率。
1.3向上級或主管部門回報安全狀況與改善建議。
2.設備管理
2.1檢查與維護消防、排水與防護設備。
2.2建立事故處置紀錄，追蹤設備異常。
2.3管理安全耗材，確保隨時可用。",09品管/製造/環衛,職業安全衛生管理員,090301,因具備艦艇損害管制與緊急應變實務經驗，適合轉銜職業安全衛生管理員，從事職場安全檢查、勞工安全衛生與防災規劃任務。,應具備勞動部「職業安全衛生管理乙級技術士證」,
,,,09品管/製造/環衛,安全／衛生相關檢驗人員,090303,因具備艦艇損害管制與緊急應變實務經驗，適合轉銜為安全／衛生相關檢驗人員，從事職業工作場所、產品生產等安全衛生檢驗工作。,應具備勞動部「化學性因子作業環境監測」相關技術士證,
,,,09品管/製造/環衛,廠務,090220,具備設備運作管理、機電系統維護及作業流程執行等實務經驗，熟悉設備保養與環境巡檢，適合擔任廠務；從事廠房設備及環境維護的相關工作。,,
,,,09品管/製造/環衛,品管/品保工程師,090107,因具備督導裝備保養維修實務經驗，熟悉品質稽核架構與缺失矯正規範，適合擔任品管/品保工程師，從事品管/品保計畫擬訂及執行等工作。,,建議取得中華民國品質學會「品質工程師認證」（經濟部認可）
,,,11營建/製圖/施作,水電工程師,110115,因具備艦艇電力與給(排)水系統維修實務經驗，熟悉水電系統運作原理、管線配置機制與設備維修流程，適合擔任水電工程師，從事水電系統設備之設計規劃並指導施工等相關工作。,應具備勞動部「室內配線」技術士等相關證照,
,,,18保全/軍警消,消防專業人員,180202,因具備艦艇消防與緊急應變經驗，適合轉銜為消防專業人員，從事操作滅火設備進行撲滅等消防相關工作。,應具備內政部「消防設備士」,
艦艇修護督導官,4F21,"1.專案指揮與協調
1.1制定年度與專案維修計畫，安排進度並分配人力物資。
1.2協調部門與外包廠商，確保工程依期完成
1.3彙整工單與檢修數據，進行進度管控與決策回報。
2.設備管理
2.1建立維護標準流程，監督保養與大修執行。
2.2針對故障案例進行根本原因分析，提出改善方案。",01經營/行政/總務,經營管理主管,010101,因具備艦艇修造與資源調度實務經驗，熟悉組織運作與績效管理，適合擔任經營管理主管；從事行政、總務相關工作之規劃、協調管制及考核等相關工作。,,
,,,09品管/製造/環衛,工廠主管,090101,因具備管理艦艇工廠修護作業與人力調度之經驗，熟悉生產進度控管、設備運轉及作業紀律要求，適合轉銜為工廠主管，負責統籌生產製造流程、廠務運作及人員管理等工作。,,
,,,09品管/製造/環衛,品管/品保主管,090102,因具備艦艇修造與資源調度實務經驗，熟悉品管機制與缺失矯正，適合擔任品管/品保主管，從事品管/品保相關工作。,,建議取得中華民國品質學會「品質工程師認證」（經濟部認可）
,,,09品管/製造/環衛,工安/環工主管,090302,具備防止作業失慎及策劃廠線配置能力，熟悉風險辨識與職災預防，適合擔任工安/環工主管，從事釐訂職業災害防止計畫，督導及評估各部門之勞工安全衛生管理工作。,應具備勞動部「職業安全衛生管理乙級技術士證」,
,,,09品管/製造/環衛,廠務,090220,具備設備運作管理、機電系統維護及作業流程執行等實務經驗，熟悉設備保養與環境巡檢，適合擔任廠務；從事廠房設備及環境維護的相關工作。,,
,,,21行銷/企劃/專案,專案管理主管,210301,因具備專案規劃及進度控管實務經驗，熟悉流程優化及跨部門溝通，適合擔任專案管理主管，從事專案規劃、管控及協調相關工作。,,建議取得國際專案管理師（PMP）認證
,,,21行銷/企劃/專案,營運管理師/企業ERP管理師,210302,具備策略規劃與資源整合經驗，熟悉系統導入與跨部門協調，適合擔任營運管理師/ERP專案師，從事營運流程優化、系統導入或跨部門整合等相關工作。,,建議取得經濟部產業發展署「營運智慧分析師能力鑑定證書」
,,,21行銷/企劃/專案,企業永續發展人員,210305,因具備計畫擬定、風險評估與專案推動經驗，擁有流程管控、資料蒐整與跨部門溝通能力，適合轉銜為企業永續發展人員，從事企業碳盤查、減碳規劃及社會責任（CSR）等相關工作。,,建議取得經濟部產業發展署「淨零碳規劃管理師」等相關能力鑑定
艦艇勘驗官,4F24,"1.專案指揮與協調
1.1制定檢驗計畫，安排測試流程與人員分工。
1.2協調廠商、工程師與單位，確保檢驗按期完成。
1.3彙整檢測數據與報告，提供決策建議。
2.設備管理
2.1執行機械、電機、結構的檢測，確認運轉狀況。
2.2分析故障案例，追蹤改善成效。",07工程/研發/生技,機械工程師,070216,具備機械設備維護、動力系統管理及故障排除等實務經驗，熟悉機械系統運作原理與設備維修流程，適合擔任機械工程師；，從事與機械有關之產品設計、製造、維修、操作等工作。,,建議取得勞動部「鉗工」或「車床」等相關技術士證
,,,07工程/研發/生技,電機工程師,070121,具備電力設備維護、機電系統管理及故障檢修等實務經驗，熟悉電機系統運作原理與設備維修流程，適合擔任電機工程師，從事從事電機設備設計及維護等相關工作,,建議取得勞動部「機電整合」或「工業電子」等相關技術士證
,,,07工程/研發/生技,自動控制工程師,070217,具備機電設備維護、系統運作監控及故障排除等實務經驗，熟悉自動控制原理與系統整合程，適合擔任自動控制工程師，從事控制系統設計與設備監控工作。,,建議取得勞動部「工業配線」或「機電整合」等相關技術士證
,,,07工程/研發/生技,機電整合工程師,070218,具備機電系統維護、設備整合管理及故障排除等實務經驗，熟悉機電整合原理、控制系統運作與設備維修流程，適合擔任機電整合工程師；從事機電系統整合與設備工程管理工作，從事機電系統整合與設備管理工作。,,建議取得勞動部「機電整合」或「工業配線」等相關技術士證
,,,09品管/製造/環衛,品管/品保主管,090102,因具備艦艇修造勘驗與資源調度實務經驗，熟悉品管機制與缺失矯正，適合擔任品管/品保主管，從事品管/品保相關工作。,,建議取得中華民國品質學會「品質工程師認證」（經濟部認可）
,,,09品管/製造/環衛,工廠主管,090101,具備設備運作管理、機電系統維護及作業流程執行等實務經驗，熟悉設備保養與環境巡檢，適合擔任廠務；從事廠房設備及環境維護的相關工作。,,
,,,21行銷/企劃/專案,專案管理主管,210301,因具備專案規劃及進度控管實務經驗，熟悉流程優化及跨部門溝通，適合擔任專案管理主管，從事專案規劃、管控及協調相關工作。,,建議取得國際專案管理師（PMP）認證
,,,21行銷/企劃/專案,營運管理師/企業ERP管理師,210302,具備策略規劃與資源整合經驗，熟悉系統導入與跨部門協調，適合擔任營運管理師/ERP專案師，從事營運流程優化、系統導入或跨部門整合等相關工作。,,建議取得經濟部產業發展署「營運智慧分析師能力鑑定證書」
船體設計官,4F25,"1.專案指揮與協調
1.1規劃船體或結構設計專案，擬訂時程與需求。
1.2協調設計、製造與檢驗單位，確保設計落地。
1.3整理設計報告與數據，提交決策與改善建議。
2.設備管理
2.1執行結構分析與模擬，驗證設計強度與安全。
2.2追蹤建造過程，確保施工符合設計規範。",07工程/研發/生技,機構工程師,070204,因熟悉船體船型結構受力分析與構材配置能力，適合轉銜為機構工程師，負責產品機構設計與結構評估、材料選用、繪製圖面等相關工作。,,
,,,07工程/研發/生技,機械工程師,070216,具備機械設備維護、動力系統管理及故障排除等實務經驗，熟悉機械系統運作原理與設備維修流程，適合擔任機械工程師；，從事與機械有關之產品設計、製造、維修、操作等工作。,,建議取得勞動部「鉗工」或「車床」等相關技術士證
,,,11營建/製圖/施作,機械設計／繪圖人員,110204,因熟悉船體船型結構受力分析與構材配置能力，適合轉銜為機械設計／繪圖人員，從事設計與開發工業設備，以及協助生產製造流程、測試與改進工作。,應具備勞動部「電腦輔助立體製圖丙級技術士證」,建議取得iPAS經濟部產業人才能力鑑定「工具機機械設計工程師」
,,,21行銷/企劃/專案,專案管理師,210304,因擁有專案規劃、進度控管、流程優化及跨部門溝通等能力，適合轉銜為專案管理師，從事專案規劃、管控及協調相關工作。,,建議取得國際專案管理師（PMP）認證
,,,21行銷/企劃/專案,營運管理師/企業ERP管理師,210302,具備策略規劃與資源整合經驗，熟悉系統導入與跨部門協調，適合擔任營運管理師/ERP專案師，從事營運流程優化、系統導入或跨部門整合等相關工作。,,建議取得經濟部產業發展署「營運智慧分析師能力鑑定證書」
消磁官,4F38,"1.專案指揮與協調
1.1規劃電磁檢測作業計畫，安排時程與人力。
1.2協調檢測單位、工程師與外包商，確保作業完成。
1.3彙整量測數據與檢驗報告，提供決策建議。
2.設備管理
2.1執行磁場測量、設備維護與校正。
2.2分析異常數據，調整線圈或系統參數。
2.3建立檢測台帳，確保作業可追溯。",07工程/研發/生技,電子工程師,070120,因具備消磁設備之裝配及修理保養能力，適合轉銜為電子工程師，從事電子電路系統設計整合等相關工作。,,建議取得勞動部「電力電子」等相關技術士證
,,,07工程/研發/生技,電機工程師,070121,具備電力設備維護、機電系統管理及故障檢修等實務經驗，熟悉電機系統運作原理與設備維修流程，適合擔任電機工程師，從事從事電機設備設計及維護等相關工作,,建議取得勞動部「機電整合」或「工業電子」等相關技術士證
,,,10技術/維修/操作,電機技術人員,100102,具備機電設備操作維護、系統檢修及故障排除等實務經驗，熟悉設備運作原理、維修流程與安全規範，適合擔任電機技術人員，從事電機設備裝設、保養及維修工作。,,建議取得勞動部「工業配線」或「室內配線」相關技術士證
,,,09品管/製造/環衛,品管/品保工程師,090107,因具備督導裝備保養維修實務經驗，熟悉品質稽核架構與缺失矯正規範，適合擔任品管/品保工程師，從事品管/品保計畫擬訂及執行等工作。,,建議取得中華民國品質學會「品質工程師認證」（經濟部認可）
,,,09品管/製造/環衛,廠務,090220,具備設備運作管理、機電系統維護及作業流程執行等實務經驗，熟悉設備保養與環境巡檢，適合擔任廠務；從事廠房設備及環境維護的相關工作。,,
,,,21行銷/企劃/專案,專案管理師,210304,因擁有專案規劃、進度控管、流程優化及跨部門溝通等能力，適合轉銜為專案管理師，從事專案規劃、管控及協調相關工作。,,建議取得國際專案管理師（PMP）認證
,,,21行銷/企劃/專案,營運管理師/企業ERP管理師,210302,具備策略規劃與資源整合經驗，熟悉系統導入與跨部門協調，適合擔任營運管理師/ERP專案師，從事營運流程優化、系統導入或跨部門整合等相關工作。,,建議取得經濟部產業發展署「營運智慧分析師能力鑑定證書」
艦艇機器設計官,4F43,"1.專案指揮與協調
1.1規劃動力機械設計專案，制定需求與進度。
1.2協調設計、製造與測試單位，確保設計落地。
1.3彙整分析與測試結果，提交決策建議。
2.設備管理
2.1執行性能計算與模擬，驗證安全與效率。
2.2監督製造與測試，確保符合設計規範。",07工程/研發/生技,機構工程師,070204,因熟悉艦艇機構配置、受力與運動分析及構件選用，具備結構設計與圖面溝通能力，適合轉銜為機構工程師，從事產品機構設計與結構評估等工作。,,
,,,07工程/研發/生技,機械工程師,070216,具備機械設備維護、動力系統管理及故障排除等實務經驗，熟悉機械系統運作原理與設備維修流程，適合擔任機械工程師；，從事與機械有關之產品設計、製造、維修、操作等工作。,,建議取得勞動部「鉗工」或「車床」等相關技術士證
,,,07工程/研發/生技,機電整合工程師,070218,具備機電系統維護、設備整合管理及故障排除等實務經驗，熟悉機電整合原理、控制系統運作與設備維修流程，適合擔任機電整合工程師；從事機電系統整合與設備工程管理工作，從事機電系統整合與設備管理工作。,,建議取得勞動部「機電整合」或「工業配線」等相關技術士證
,,,09品管/製造/環衛,品管/品保工程師,090107,因具備督導裝備保養維修實務經驗，熟悉品質稽核架構與缺失矯正規範，適合擔任品管/品保工程師，從事品管/品保計畫擬訂及執行等工作。,,建議取得中華民國品質學會「品質工程師認證」（經濟部認可）
,,,21行銷/企劃/專案,專案管理師,210304,因擁有專案規劃、進度控管、流程優化及跨部門溝通等能力，適合轉銜為專案管理師，從事專案規劃、管控及協調相關工作。,,建議取得國際專案管理師（PMP）認證
,,,21行銷/企劃/專案,營運管理師/企業ERP管理師,210302,具備策略規劃與資源整合經驗，熟悉系統導入與跨部門協調，適合擔任營運管理師/ERP專案師，從事營運流程優化、系統導入或跨部門整合等相關工作。,,建議取得經濟部產業發展署「營運智慧分析師能力鑑定證書」
輪機士,4F115,"1.專案指揮與協調
1.1協助規劃日常設備維護計畫。
1.2分派並監督基層人員完成任務。
1.3回報設備異常並提出改善建議。
2.設備管理
2.1操作並監控動力與電力設備。
2.2指導人員進行日常檢修與故障排除。
2.3建立維護紀錄，追蹤設備狀況。",07工程/研發/生技,機械工程師,070216,具備機械設備維護、動力系統管理及故障排除等實務經驗，熟悉機械系統運作原理與設備維修流程，適合擔任機械工程師；，從事與機械有關之產品設計、製造、維修、操作等工作。,,建議取得勞動部「鉗工」或「車床」等相關技術士證
,,,10技術/維修/操作,電機技術人員,100102,具備機電設備操作維護、系統檢修及故障排除等實務經驗，熟悉設備運作原理、維修流程與安全規範，適合擔任電機技術人員，從事電機設備裝設、保養及維修工作。,,建議取得勞動部「工業配線」或「室內配線」相關技術士證
,,,09品管/製造/環衛,品管檢驗人員,090105,因具備艦艇主、輔機運轉監控與檢查實務，熟悉設備異常判讀、紀錄與缺失追蹤流程，適合轉銜為品管檢驗人員，從事進料、製程與成品品質檢驗工作。,,建議取得中華民國品質學會「品質工程師認證」（經濟部認可）
,,,09品管/製造/環衛,廠務,090220,具備設備運作管理、機電系統維護及作業流程執行等實務經驗，熟悉設備保養與環境巡檢，適合擔任廠務；從事廠房設備及環境維護的相關工作。,,
,,,11營建/製圖/施作,水電配線技術員,110302,具備管線設備維護、機電系統檢修等實務經驗，熟悉配線作業流程與施工安全規範，適合擔任水電配線技術員，從事從事水電配線與設備維修工作。,,建議取得勞動部「室內配線」、「自來水管配管」相關技術士證
,,,10技術/維修/操作,農業及工業用機器裝修工,100204,具備大型機械設備維修及故障檢測等實務經驗，熟悉機器運作原理與維修流程，適合擔任農業及工業用機器裝修工，從事工業機械及設備、零件及引擎(機動車、及飛機引擎除外)等維修工作。,,建議取得勞動部「重機械修護」技術士
輪機兵,4F112,"1.依規範執行操作巡檢與狀況回報
1.1執行動力系統操作及例行檢查。
1.2按照指示支援維修作業。
1.3回報設備運轉數據與異常情況。
2.設備管理
2.1執行機械與電力設備的日常檢查。
2.2協助維護工具與零件的妥善性。
2.3記錄並追蹤基礎維護狀況。",10技術/維修/操作,電機技術人員,100102,具備機電設備操作維護、系統檢修及故障排除等實務經驗，熟悉設備運作原理、維修流程與安全規範，適合擔任電機技術人員，從事電機設備裝設、保養及維修工作。,,建議取得勞動部「工業配線」或「室內配線」相關技術士證
,,,10技術/維修/操作,自動化機械加工技術人員,100106,具備機械設備操作維護、系統檢修及故障排除等實務經驗，熟悉自動化設備運作原理、機械加工流程與設備保養機制，適合擔任自動化機械加工技術人員，從事機台操作及異常排除等相關工作。,,建議取得勞動部「機械加工」或「油壓」技術士證
,,,09品管/製造/環衛,品管檢驗人員,090105,具備艦艇主、輔機檢查保養經驗，適合轉銜為品管檢驗人員，從事產品檢驗工作。,,建議取得中華民國品質學會「品質工程師認證」（經濟部認可）
,,,09品管/製造/環衛,廠務助理,090214,具備設備運作管理、機電系統維護及作業流程執行實務經驗，熟悉設備保養與環境巡檢，適合擔任廠務助理；從事廠房設備及環境維護的相關工作。,,
,,,11營建/製圖/施作,水電配線技術員,110302,具備管線設備維護、機電系統檢修等實務經驗，熟悉配線作業流程與施工安全規範，適合擔任水電配線技術員，從事從事水電配線與設備維修工作。,,建議取得勞動部「室內配線」、「自來水管配管」相關技術士證
,,,10技術/維修/操作,農業及工業用機器裝修工,100204,具備大型機械設備維修及故障檢測等實務經驗，熟悉機器運作原理與維修流程，適合擔任農業及工業用機器裝修工，從事工業機械及設備、零件及引擎(機動車、及飛機引擎除外)等維修工作。,,建議取得勞動部「重機械修護」技術士
燃氣渦輪機械士,4F125,"1.專案指揮與協調
1.1協助規劃動力機械設備日常維護計畫。
1.2執行操作並回報設備運轉狀況。
1.3在異常時支援主管排故作業。
2.設備管理
2.1操作與監控動力機械設備及其附屬系統。
2.2維護檢修工具與耗材，確保安全使用。
2.3建立運轉與維護紀錄，追蹤設備狀態。",07工程/研發/生技,自動控制工程師,070217,具備機電設備維護、系統運作監控及故障排除等實務經驗，熟悉自動控制原理與系統整合程，適合擔任自動控制工程師，從事控制系統設計與設備監控工作。,,建議取得勞動部「工業配線」或「機電整合」等相關技術士證
,,,07工程/研發/生技,機械工程師,070216,具備機械設備維護、動力系統管理及故障排除等實務經驗，熟悉機械系統運作原理與設備維修流程，適合擔任機械工程師；，從事與機械有關之產品設計、製造、維修、操作等工作。,,建議取得勞動部「鉗工」或「車床」等相關技術士證
,,,10技術/維修/操作,電機技術人員,100102,具備機電設備操作維護、系統檢修及故障排除等實務經驗，熟悉設備運作原理、維修流程與安全規範，適合擔任電機技術人員，從事電機設備裝設、保養及維修工作。,,建議取得勞動部「工業配線」或「室內配線」相關技術士證
,,,10技術/維修/操作,電子設備裝修技術員,100208,具備機電設備維護及檢修測試實務經驗，熟悉系統運作原理與維修流程，適合擔任電子設備裝修技術員，從事電子設備保養維修工作。,,建議取得勞動部「工業電子」或「電器修護」等相關技術士證
,,,09品管/製造/環衛,品管檢驗人員,090105,因具備艦艇燃氣渦輪機檢查保養能力，適合轉銜為品管檢驗人員，從事產品檢驗工作。,,建議取得中華民國品質學會「品質工程師認證」（經濟部認可）
,,,09品管/製造/環衛,廠務,090220,具備設備運作管理、機電系統維護及作業流程執行等實務經驗，熟悉設備保養與環境巡檢，適合擔任廠務；從事廠房設備及環境維護的相關工作。,,
,,,10技術/維修/操作,農業及工業用機器裝修工,100204,具備大型機械設備維修及故障檢測等實務經驗，熟悉機器運作原理與維修流程，適合擔任農業及工業用機器裝修工，從事工業機械及設備、零件及引擎(機動車、及飛機引擎除外)等維修工作。,,建議取得勞動部「重機械修護」技術士
損害管制士,4F215,"1.專案指揮與協調
1.1協助規劃並執行安全與防災演練。
1.2帶領基層人員處理事故現場任務。
2.設備管理
2.1檢查與操作消防、排水與防護設備。
2.2維護安全耗材與裝備的妥善性。
2.3建立事故處置紀錄，追蹤改善成效。",09品管/製造/環衛,職業安全衛生管理員,090301,具備軍中損害管制與緊急應變實務經驗，適合轉銜職業安全衛生管理員，從事職場安全檢查、勞工安全衛生與防災規劃任務。,應具備勞動部「職業安全衛生管理乙級技術士證」,
,,,09品管/製造/環衛,廠務,090220,具備設備運作管理、機電系統維護及作業流程執行等實務經驗，熟悉設備保養與環境巡檢，適合擔任廠務；從事廠房設備及環境維護的相關工作。,,
,,,10技術/維修/操作,木製品技術人員,100304,因具備木作施工與加工能力，適合轉銜為木製品技術人員，使用自動或半自動木工機器，從事木工產品製作工作。,應具備勞動部「門窗木工」相關技術士證,
,,,11營建/製圖/施作,水電工程師,110115,因具備艦艇電力與給(排)水系統維修實務經驗，熟悉水電系統運作原理、管線配置機制與設備維修流程，適合擔任水電工程師，從事水電系統設備之設計規劃並指導施工等相關工作。,應具備勞動部「室內配線」技術士等相關證照,
,,,07工程/研發/生技,機械工程師,070216,具備機械設備維護、動力系統管理及故障排除等實務經驗，熟悉機械系統運作原理與設備維修流程，適合擔任機械工程師；，從事與機械有關之產品設計、製造、維修、操作等工作。,,建議取得勞動部「鉗工」或「車床」等相關技術士證
,,,18保全/軍警消,消防專業人員,180202,因具備艦艇消防與緊急應變實務經驗，適合轉銜為消防專業人員，從事操作滅火設備進行撲滅等消防相關工作。,應具備內政部「消防設備士」,
船體修護士,4F236,"1.任務執行與流程控管
1.1依照標準程序行焊接、切割或修補作業。
1.2協助完成金屬結構檢測與簡易修復。
1.3填寫並回報作業紀錄與異常狀況。
2.設備管理
2.1協助日常檢查電焊機具、氣焊設備及耗材。
2.2保護焊材、防護用品及作業環境。",10技術/維修/操作,焊接、切割工,100123,因具備船體電焊、氣焊知識及技能，適合轉銜為焊接工，從事金屬氣體火焰及電弧焊接、切割及熔合金屬表面之相關技術工作。,應具備勞動部「氬氣鎢極電銲電銲或一般手工電焊」相關技術士證,建議取得ISO9606-1國際焊接工認證
,,,10技術/維修/操作,塗裝技術人員,100117,因具備船體維護噴砂、油漆與除鏽實務經驗，適合轉銜為塗裝技術人員，使用各種塗裝設備，從事各類材質製品之塗裝工作。,,建議取得勞動部「建築塗裝或車輛塗裝」相關技術士證
,,,10技術/維修/操作,電機技術人員,100102,具備機電設備操作維護、系統檢修及故障排除等實務經驗，熟悉設備運作原理、維修流程與安全規範，適合擔任電機技術人員，從事電機設備裝設、保養及維修工作。,,建議取得勞動部「工業配線」或「室內配線」相關技術士證
,,,09品管/製造/環衛,品管檢驗人員,090105,因熟悉船體底材維護噴砂、油漆與除鏽品質要求，適合轉銜為品管檢驗人員，從事產品檢驗工作。,,建議取得中華民國品質學會「品質工程師認證」（經濟部認可）
,,,09品管/製造/環衛,廠務,090220,具備設備運作管理、機電系統維護及作業流程執行等實務經驗，熟悉設備保養與環境巡檢，適合擔任廠務；從事廠房設備及環境維護的相關工作。,,
船體修護兵,4F233,"1.依規範執行焊接作業
1.1依圖說或作業指示，執行金屬焊接、切割與零件組裝。
1.2按照安全規範操作電焊工具，確保焊接品質與人員安全。
1.3填寫作業紀錄，回報施工進度與異常狀況。
2.設備管理
2.1協助日常檢查、維護電焊機具與相關設備。
2.2清潔、保養工區及使用後工具，保持良好作業環境。
2.3協助保護焊材、耗材之妥善性，避免損耗與浪費。",10技術/維修/操作,焊接、切割工,100123,因具備船體電焊、氣焊知識及技能，適合轉銜為焊接工，從事金屬氣體火焰及電弧焊接、切割及熔合金屬表面之相關技術工作。,應具備勞動部「氬氣鎢極電銲電銲或一般手工電焊」相關技術士證,建議取得ISO9606-1國際焊接工認證
,,,10技術/維修/操作,塗裝技術人員,100117,因具備船體維護噴砂、油漆與除鏽實務經驗，適合轉銜為塗裝技術人員，使用各種塗裝設備，從事各類材質製品之塗裝工作。,,建議取得勞動部「建築塗裝或車輛塗裝」相關技術士證
,,,10技術/維修/操作,電機技術人員,100102,具備機電設備操作維護、系統檢修及故障排除等實務經驗，熟悉設備運作原理、維修流程與安全規範，適合擔任電機技術人員，從事電機設備裝設、保養及維修工作。,,建議取得勞動部「工業配線」或「室內配線」相關技術士證
,,,09品管/製造/環衛,品管檢驗人員,090105,因熟悉船體底材維護噴砂、油漆與除鏽品質要求，適合轉銜為品管檢驗人員，從事產品檢驗工作。,,建議取得中華民國品質學會「品質工程師認證」（經濟部認可）
,,,09品管/製造/環衛,廠務助理,090214,具備設備運作管理、機電系統維護及作業流程執行實務經驗，熟悉設備保養與環境巡檢，適合擔任廠務助理；從事廠房設備及環境維護的相關工作。,,
鍋爐士,4F244,"1.專案指揮與協調
1.1規劃鍋爐與動力系統的操作班表與工作流程。
1.2協調燃料供應與運轉時程，確保生產或供能不中斷。
1.3監督作業人員遵循能源與安全標準。
2.設備管理
2.1執行鍋爐與附屬管線的巡檢、檢修與保養。
2.2建立故障診斷與維修紀錄，提升設備可用率。
2.3應用監控儀表數據進行能源效率與安全分析。",10技術/維修/操作,鍋爐操作技術人員,100302,因具備艦艇鍋爐及附屬機具之檢查、保養與修護實務經驗，適合轉銜為鍋爐操作技術人員，從事鍋爐設備操作與監控，執行備品、耗材管理，並負責維護及清潔保養。,應具備勞動部「鍋爐操作」相關技術士證或「高壓氣體」相關證書,
,,,10技術/維修/操作,自動化機械加工技術人員,100106,具備機械設備操作維護、系統檢修及故障排除等實務經驗，熟悉自動化設備運作原理、機械加工流程與設備保養機制，適合擔任自動化機械加工技術人員，從事機台操作及異常排除等相關工作。,,建議取得勞動部「機械加工」或「油壓」技術士證
,,,09品管/製造/環衛,品管檢驗人員,090105,因具備艦用鍋爐及蒸汽管路檢測維保實務經驗，適合轉銜為品管檢驗人員，從事產品檢驗工作。,,建議取得中華民國品質學會「品質工程師認證」（經濟部認可）
,,,09品管/製造/環衛,廠務,090220,具備設備運作管理、機電系統維護及作業流程執行等實務經驗，熟悉設備保養與環境巡檢，適合擔任廠務；從事廠房設備及環境維護的相關工作。,,
汽機士,4F455,"1.專案指揮與協調
1.1規劃動力設備操作與保養班表。
1.2協調人員與資源，確保能源供應不中斷。
1.3督導團隊遵循安全規範。
2.設備管理
2.1監督渦輪、軸系與冷卻潤滑系統巡檢流程。
2.2建立並審查維修紀錄與異常數據。
2.3分析能源效率並提出改善措施。",10技術/維修/操作,空調冷凍技術人員,100104,因具備艦艇冰機及冷暖氣系統保養維修實務經驗，適合轉銜為空調冷凍技術人員，從事冷暖氣、通風、除濕及冷凍系統設備之裝設、維修工作。,應具備勞動部「冷凍空調」相關技術士證,
,,,10技術/維修/操作,農業及工業用機器裝修工,100204,具備大型機械設備維修及故障檢測等實務經驗，熟悉機器運作原理與維修流程，適合擔任農業及工業用機器裝修工，從事工業機械及設備、零件及引擎(機動車、及飛機引擎除外)等維修工作。,,建議取得勞動部「重機械修護」技術士
,,,10技術/維修/操作,自動化機械加工技術人員,100106,具備機械設備操作維護、系統檢修及故障排除等實務經驗，熟悉自動化設備運作原理、機械加工流程與設備保養機制，適合擔任自動化機械加工技術人員，從事機台操作及異常排除等相關工作。,,建議取得勞動部「機械加工」或「油壓」技術士證
,,,09品管/製造/環衛,廠務,090220,具備設備運作管理、機電系統維護及作業流程執行等實務經驗，熟悉設備保養與環境巡檢，適合擔任廠務；從事廠房設備及環境維護的相關工作。,,
,,,09品管/製造/環衛,品管檢驗人員,090105,因具備艦艇蒸汽機檢查、保養及修護能力，適合轉銜為品管檢驗人員，從事產品檢驗工作。,,建議取得中華民國品質學會「品質工程師認證」（經濟部認可）
汽機兵,4F452,"1.依規範執行操作巡檢與狀況回報
1.1執行動力系統操作及例行檢查。
1.2按照指示支援維修作業。
1.3回報設備運轉數據與異常情況。
2.設備管理
2.1執行機械與電力設備的日常檢查。
2.2協助維護工具與零件管理。
2.3記錄並追蹤日常維護狀況。",10技術/維修/操作,空調冷凍技術人員,100104,因具備艦艇冰機及冷暖氣系統保養維修實務經驗，適合轉銜為空調冷凍技術人員，從事冷暖氣、通風、除濕及冷凍系統設備之裝設、維修工作。,應具備勞動部「冷凍空調」相關技術士證,
,,,10技術/維修/操作,農業及工業用機器裝修工,100204,具備大型機械設備維修、保養實務經驗，熟悉各類起重、升降及冷暖空調等輔助機械修護，適合轉銜為「農業及工業用機器裝修技術人員」，從事工業機械及設備、零件及引擎(機動車、及飛機引擎除外)等維修工作。,,建議取得勞動部「一般裝載機」技術士證
,,,10技術/維修/操作,自動化機械加工技術人員,100106,具備機械設備操作維護、系統檢修及故障排除等實務經驗，熟悉自動化設備運作原理、機械加工流程與設備保養機制，適合擔任自動化機械加工技術人員，從事機台操作及異常排除等相關工作。,,建議取得勞動部「機械加工」或「油壓」技術士證
,,,09品管/製造/環衛,廠務助理,090214,具備設備運作管理、機電系統維護及作業流程執行實務經驗，熟悉設備保養與環境巡檢，適合擔任廠務助理；從事廠房設備及環境維護的相關工作。,,
,,,09品管/製造/環衛,品管檢驗人員,090105,因具備艦艇蒸汽機檢查、保養及修護能力，適合轉銜為品管檢驗人員，從事產品檢驗工作。,,建議取得中華民國品質學會「品質工程師認證」（經濟部認可）
油機士,4F465,"1.專案指揮與協調
1.1規劃動力設備操作與保養班表。
1.2協調人員與資源，確保能源供應不中斷。
1.3督導團隊遵循安全規範。
2.設備管理
2.1監督動力系統巡檢流程。
2.2建立並審查維修紀錄與異常數據。
2.3分析能源效率並提出改善措施。",10技術/維修/操作,空調冷凍技術人員,100104,因具備艦艇空調設備維修與故障排除實務能力，適合轉銜為空調冷凍技術人員，從事冷暖氣、通風、除濕及冷凍系統設備之裝設、維修工作。,應具備勞動部「冷凍空調」相關技術士證,
,,,10技術/維修/操作,農業及工業用機器裝修工,100204,具備大型機械設備維修及故障檢測等實務經驗，熟悉機器運作原理與維修流程，適合擔任農業及工業用機器裝修工，從事工業機械及設備、零件及引擎(機動車、及飛機引擎除外)等維修工作。,,建議取得勞動部「重機械修護」技術士
,,,10技術/維修/操作,自動化機械加工技術人員,100106,具備機械設備操作維護、系統檢修及故障排除等實務經驗，熟悉自動化設備運作原理、機械加工流程與設備保養機制，適合擔任自動化機械加工技術人員，從事機台操作及異常排除等相關工作。,,建議取得勞動部「機械加工」或「油壓」技術士證
,,,09品管/製造/環衛,品管檢驗人員,090105,因具備艦艇動力設備之檢查與參數判讀能力，適合轉銜為品管檢驗人員，從事產品檢驗工作。,,建議取得中華民國品質學會「品質工程師認證」（經濟部認可）
,,,09品管/製造/環衛,廠務,090220,具備設備運作管理、機電系統維護及作業流程執行等實務經驗，熟悉設備保養與環境巡檢，適合擔任廠務；從事廠房設備及環境維護的相關工作。,,
油機兵,4F462,"1.依規範執行操作巡檢與狀況回報
1.1執行動力系統操作及例行檢查。
1.2按照指示支援維修作業。
1.3回報設備運轉數據與異常情況。
2.設備管理
2.1執行機械與電力設備的日常檢查。
2.2協助維護工具與零件管理。
2.3記錄並追蹤日常維護狀況。",10技術/維修/操作,空調冷凍技術人員,100104,因具備艦艇空調設備維修與故障排除實務能力，適合轉銜為空調冷凍技術人員，從事冷暖氣、通風、除濕及冷凍系統設備之裝設、維修工作。,應具備勞動部「冷凍空調」相關技術士證,
,,,10技術/維修/操作,農業及工業用機器裝修工,100204,具備大型機械設備維修及故障檢測等實務經驗，熟悉機器運作原理與維修流程，適合擔任農業及工業用機器裝修工，從事工業機械及設備、零件及引擎(機動車、及飛機引擎除外)等維修工作。,,建議取得勞動部「重機械修護」技術士
,,,10技術/維修/操作,自動化機械加工技術人員,100106,具備機械設備操作維護、系統檢修及故障排除等實務經驗，熟悉自動化設備運作原理、機械加工流程與設備保養機制，適合擔任自動化機械加工技術人員，從事機台操作及異常排除等相關工作。,,建議取得勞動部「機械加工」或「油壓」技術士證
,,,09品管/製造/環衛,品管檢驗人員,090105,因具備艦艇動力設備檢查與參數判讀能力，適合轉銜為品管檢驗人員，從事產品檢驗工作。,,建議取得中華民國品質學會「品質工程師認證」（經濟部認可）
,,,09品管/製造/環衛,廠務助理,090214,具備設備運作管理、機電系統維護及作業流程執行實務經驗，熟悉設備保養與環境巡檢，適合擔任廠務助理；從事廠房設備及環境維護的相關工作。,,
UYK–43系統保修士,4D425,"1.系統操作與維護
1.1執行系統及操作台之日常操作、檢查與保養。
1.2進行校正、測試與調整，確保系統運作穩定。
2.故障診斷與排除
2.1分析系統與子系統介面問題，協助故障診斷。
2.2執行零組件或電路修復，排除異常狀況。",10技術/維修/操作,精密儀器製造工及修理工,100203,因具備艦艇戰鬥系統及控制台校正能力，適合轉銜為精密儀器製造工及修理工，從事精密儀器、光學設備等修理工作。,,建議取得勞動部「數位電子或儀表電子」等相關技術士證
,,,10技術/維修/操作,電子設備裝修技術員,100208,具備機電設備維護及檢修測試實務經驗，熟悉系統運作原理與維修流程，適合擔任電子設備裝修技術員，從事電子設備保養維修工作。,,建議取得勞動部「工業電子」或「電器修護」等相關技術士證
,,,10技術/維修/操作,電機技術人員,100102,具備機電設備操作維護、系統檢修及故障排除等實務經驗，熟悉設備運作原理、維修流程與安全規範，適合擔任電機技術人員，從事電機設備裝設、保養及維修工作。,,建議取得勞動部「工業配線」或「室內配線」相關技術士證
,,,08資訊/軟體/系統,系統操作人員,080303,具備戰鬥系統及操控台操作、保養實務經驗，熟悉系統介面整合運作與異常排除流程，適合擔任系統操作人員，從事資訊／作業系統操作、設備狀態維護及故障排除等工作。,,建議取得勞動部「網路架設」技術士證
,,,09品管/製造/環衛,品管檢驗人員,090105,因具備艦艇戰鬥系統及控制台校正能力，熟悉功能測試流程，適合轉銜為品管檢驗人員，根據品質管制標準規格，檢查成品，使其符合製造標準之工作。,,建議取得中華民國品質學會「品質工程師認證」（經濟部認可）
掃雷電機士,4F515,"1.系統操作與維護
1.1執行系統及操作台之日常操作、檢查與保養。
1.2進行校正、測試與調整，確保系統運作穩定。
2.故障診斷與排除
2.1分析系統與子系統介面問題，協助故障診斷。
2.2執行零組件或電路修復，排除異常狀況。",10技術/維修/操作,電機技術人員,100102,具備機電設備操作維護、系統檢修及故障排除等實務經驗，熟悉設備運作原理、維修流程與安全規範，適合擔任電機技術人員，從事電機設備裝設、保養及維修工作。,,建議取得勞動部「工業配線」或「室內配線」相關技術士證
,,,10技術/維修/操作,電子設備裝修技術員,100208,具備機電設備維護及檢修測試實務經驗，熟悉系統運作原理與維修流程，適合擔任電子設備裝修技術員，從事電子設備保養維修工作。,,建議取得勞動部「工業電子」或「電器修護」等相關技術士證
,,,09品管/製造/環衛,廠務,090220,具備設備運作管理、機電系統維護及作業流程執行等實務經驗，熟悉設備保養與環境巡檢，適合擔任廠務；從事廠房設備及環境維護的相關工作。,,
,,,09品管/製造/環衛,品管檢驗人員,090105,因熟悉掃雷電機設備功能檢驗流程，適合轉銜為品管檢驗人員，根據品質管制標準規格，檢查成品，使其符合製造標準之工作。,,建議取得中華民國品質學會「品質工程師認證」（經濟部認可）
航機(軍電)保修部隊指揮官,CA21,"1.維修團隊管理
1.1管理設備維修團隊與作業流程。
1.2督導技術作業與品質管理。
1.3執行專業訓練與能力提升。
2.設備與資源管理
2.1統籌設備保養與維修規劃。
2.2管理器材與維修資源調度。
2.3提升設備妥善率與運作效率。",09品管/製造/環衛,工廠主管,090101,因具備工廠指揮實務經驗，熟悉產線規劃與人員管理，適合擔任工廠主管，負責統籌工廠維運相關事宜。,,
,,,,品管/品保主管,090102,因熟悉飛機修護品質管制機制，適合擔任為品管/品保主管，負責訂定品質管制作業計畫，並指導品質管制作業進行。,,建議取得中華民國品質學會「品質工程師認證」（經濟部認可）
,,,,工安/環工主管,090302,因具備防止修造作業失慎及策劃廠線配置能力，適合擔任為工安主管，應具備勞動部「職業安全衛生管理乙級技術士證」，從事釐訂職業災害防止計畫，督導及評估各部門之勞工安全衛生管理工作。,,
,,,21行銷/企劃/專案,專案管理主管,210301,因擁有專案規劃、進度控管、流程優化及跨部門溝通等能力，適合擔任為專案管理主管，從事專案規劃、管控及協調相關工作。,,建議取得國際專案管理師（PMP）認證
,,,,營運管理師／系統整合／ERP專案師,210302,具備策略規劃與資源整合經驗，熟悉系統導入與跨部門協調，適合擔任營運管理師/ERP專案師；依職務需求，從事營運流程優化、系統導入或跨部門整合等相關工作。,,建議取得經濟部產業發展署「營運智慧分析師能力鑑定證書」
,,,,企業永續發展人員,210305,因具備計畫擬定、風險評估與專案推動經驗，擁有流程管控、資料蒐整與跨部門溝通能力，適合擔任企業永續發展人員，從事企業碳盤查、減碳規劃及社會責任（CSR）等相關工作。,,建議取得經濟部產業發展署「淨零碳規劃管理師」等相關能力鑑定
飛機修護督導官,4G01,"1.修護政策與業務監督
1.1規劃修護政策並推動監督執行。
1.2協調資源與流程，確保業務執行順暢。
2.作業監督與管理
2.1監督各項飛機修護作業之執行，確保品質與安全。
2.2稽核修護成果，確認符合法規與技術規範。",07工程/研發/生技,機械工程師,070216,因具備飛機修護與技術督導實務經驗，熟悉機構原理與維修作業流程，適合擔任機械工程師，從事與機械有關之產品設計、製造、維修、操作等工作。,,建議取得經濟部「工具機機械設計工程師」能力鑑定證書
,,,,電機工程師,070121,因具備飛機修護與技術督導實務經驗，熟悉電機原理與維修流程，適合擔任電機工程師，負責機械電控之規劃製作、保養、修理等工作,,建議取得勞動部「室內配線」或「工業配線」等相關技術士證
,,,,電子工程師,070120,因具備飛機修護與技術督導實務經驗，熟悉系統原理、維修流程與測試機制，適合擔任電子工程師，從事電子設備檢測及維護工作。,,建議取得勞動部「電力電子」等相關技術士證
,,,09品管/製造/環衛,工廠主管,090101,因具備工廠指揮實務經驗，熟悉產線規劃與人員管理，適合擔任工廠主管，負責統籌工廠維運相關事宜。,,
,,,,品管/品保工程師,090107,具備精密裝備維修與功能調校實務經驗，熟悉依規範執行品質檢驗流程，適合擔任為品管/品保工程師，從事產品標準設定，並利用各種管理技術，維持與改進其品質。,,建議取得中華民國品質學會「品質工程師認證」（經濟部認可）
,,,21行銷/企劃/專案,專案管理主管,210301,因具備專案規劃及進度控管實務經驗、熟悉流程優化及跨部門溝通，適合擔任專案管理主管，從事專案規劃、管控及協調相關工作。,,建議取得國際專案管理師（PMP）認證
,,,,營運管理師／系統整合／ERP專案師,210302,具備策略規劃與資源整合經驗，熟悉系統導入與跨部門協調，適合擔任營運管理師/ERP專案師；依職務需求，從事營運流程優化、系統導入或跨部門整合等相關工作。,,建議取得經濟部產業發展署「營運智慧分析師能力鑑定證書」
飛機修護檢驗官,4G04,"1.修護檢驗職責
1.1擔任修護部門檢驗職務，負責檢查作業品質。
1.2稽核修護流程，確認符合技術與安全規範。
2.品質保證規劃
2.1擬訂修理品質保證計畫與檢驗標準。
2.2監督執行成果，確保維修品質達成要求。",09品管/製造/環衛,品管/品保工程師,090107,具備精密裝備維修與功能調校實務經驗，熟悉依規範執行品質檢驗流程，適合擔任為品管/品保工程師，從事產品標準設定，並利用各種管理技術，維持與改進其品質。,,建議取得中華民國品質學會「品質工程師認證」（經濟部認可）
,,,07工程/研發/生技,機械工程師,070216,因具備飛機修護與技術督導實務經驗，熟悉機構原理與維修作業流程，適合擔任機械工程師，從事與機械有關之產品設計、製造、維修、操作等工作。,,建議取得經濟部「工具機機械設計工程師」能力鑑定證書
,,,,電機工程師,070121,因具備飛機修護與技術督導實務經驗，熟悉電機原理與維修流程，適合擔任電機工程師，負責機械電控之規劃製作、保養、修理等工作,,建議取得勞動部「室內配線」或「工業配線」等相關技術士證
,,,,電子工程師,070120,因具備飛機修護與技術督導實務經驗，熟悉系統原理、維修流程與測試機制，適合擔任電子工程師，從事電子設備檢測及維護工作。,,建議取得勞動部「電力電子」等相關技術士證
,,,21行銷/企劃/專案,營運管理師/ERP專案師,210302,具備策略規劃與資源整合經驗，熟悉系統導入與跨部門協調，適合擔任營運管理師/ERP專案師；依職務需求，從事營運流程優化、系統導入或跨部門整合等相關工作。,,建議取得經濟部產業發展署「營運智慧分析師能力鑑定證書」
,,,,專案管理師,210304,因具備專案規劃及進度控管實務經驗、熟悉流程優化及跨部門溝通，適合擔任專案管理師，從事專案規劃、管控及協調相關工作。,,建議取得國際專案管理師（PMP）認證
航空工程官,4G13,"1.技術研發與工程設計
1.1執行設備研究與技術分析。
1.2進行系統設計與功能改良。
1.3推動產品性能優化與技術創新。
2.設備評估與驗證
2.1評估設備性能與適用性。
2.2執行測試分析與技術驗證。
2.3建立設備使用與維護標準。
3.維護與品質管理
3.1制定設備維護規範。
3.2執行品質管理與技術控管。
3.3提升設備可靠度與安全性。",07工程/研發/生技,機械工程師,070216,因具備飛機修護與技術督導實務經驗，熟悉機構原理與維修作業流程，適合擔任機械工程師，從事與機械有關之產品設計、製造、維修、操作等工作。,,建議取得經濟部「工具機機械設計工程師」能力鑑定證書
,,,,電機工程師,070121,因具備飛機修護與技術督導實務經驗，熟悉電機原理與維修流程，適合擔任電機工程師，負責機械電控之規劃製作、保養、修理等工作,,建議取得勞動部「室內配線」或「工業配線」等相關技術士證
,,,,電子工程師,070120,因具備飛機修護與技術督導實務經驗，熟悉系統原理、維修流程與測試機制，適合擔任電子工程師，從事電子設備檢測及維護工作。,,建議取得勞動部「電力電子」等相關技術士證
,,,09品管/製造/環衛,工業工程師,090202,具備廠線配置、設備維護及資源調度協調等實務經驗，熟悉流程優化與品管機制，適合擔任工業工程師；從事從事工廠人員、物料及設備之管理工作。,,
,,,21行銷/企劃/專案,專案管理主管,210301,因具備專案規劃及進度控管實務經驗、熟悉流程優化及跨部門溝通，適合擔任專案管理主管，從事專案規劃、管控及協調相關工作。,,建議取得國際專案管理師（PMP）認證
空用軍械電子官,4G63,"1.電子設備維護管理
1.1執行電子設備拆裝與維修。
1.2管理設備保養與功能恢復。
1.3確保系統穩定與正常運作。
2.技術整合與設備優化
2.1執行設備安裝與系統整合。
2.2進行設備測試與性能改善。
2.3提升設備可靠度與使用效率。
3.測試與專案執行
3.1規劃測試設備與驗證流程。
3.2組織技術測試與專案執行。
3.3建立標準作業與品質管理制度。",07工程/研發/生技,機械工程師,070216,因具備飛機修護與技術督導實務經驗，熟悉機構原理與維修作業流程，適合擔任機械工程師，從事與機械有關之產品設計、製造、維修、操作等工作。,,建議取得經濟部「工具機機械設計工程師」能力鑑定證書
,,,,電機工程師,070121,因具備飛機修護與技術督導實務經驗，熟悉電機原理與維修流程，適合擔任電機工程師，負責機械電控之規劃製作、保養、修理等工作,,建議取得勞動部「室內配線」或「工業配線」等相關技術士證
,,,,電子工程師,070120,因具備飛機修護與技術督導實務經驗，熟悉系統原理、維修流程與測試機制，適合擔任電子工程師，從事電子設備檢測及維護工作。,,建議取得勞動部「電力電子」等相關技術士證
,,,09品管/製造/環衛,品管/品保工程師,090107,具備精密裝備維修與功能調校實務經驗，熟悉依規範執行品質檢驗流程，適合擔任為品管/品保工程師，從事產品標準設定，並利用各種管理技術，維持與改進其品質。,,建議取得中華民國品質學會「品質工程師認證」（經濟部認可）
,,,21行銷/企劃/專案,專案管理師,210304,因擁有專案規劃、進度控管、流程優化及跨部門溝通等能力，適合擔任為專案管理師，運用專案管理技術，確保專案能在規定的時間內完成。,,建議取得國際專案管理師（PMP）認證
基勤官,4H53,"1.環境安全與行政總務執行
1.1負責人員安全、設施維護及消防搶救等勤務規劃與執行。
1.2負責伙食供應、防風防災及其他後勤支援作業
2.廠務管理
2.1擬定機具搬遷計畫。
2.2協調並建議人員與資源調派，確保運作順暢。",09品管/製造/環衛,防火及建築檢驗人員,090305,因具備基地消防、搶救等督導能力，適合擔任為防火及建築檢驗人員，應具備內政部消防署「消防設備士」，從事房屋、廠房或其他建築物防火系統檢驗工作。,,
,,,,職業安全衛生人員,090301,具備現場安全管理、緊急應變處理經驗，熟悉作業安全督導、設備安全維護處置流程，適合擔任職業安全衛生人員，從事職場安全稽核、風險預防與災害防救規劃等任務。,,建議取得勞動部「職業安全衛生管理乙級技術士證」
,,,11營建/製圖/施作,營建主管,110111,因具備場地及機具設施維護實務經驗，熟悉建築結構、風險控管與現場指揮，適合擔任為營建主管，參與營建工程之規劃、並負責監督、指揮工作團隊等。,,建議取得勞動部「建築工程管理乙級技術士證」
,,,,工地安全衛生工程師,110105,因具備機具設施維護及災害防救實務經驗，熟悉作業環境評估與風險管控，，適合擔任工地安全衛生工程師，從事工地安全規劃、作業稽核與危害預防等工作，降低工安意外發生。,,建議取得勞動部「職業安全衛生管理乙級技術士證」
,,,09品管/製造/環衛,廠務,090220,具備場地設備管理實務經驗，熟悉環境巡檢規範及設備維護機制，適合擔任廠務；從事廠房機具設施管理工作。,,
,,,21行銷/企劃/專案,專案管理師,210304,因具備專案規劃及進度控管實務經驗、熟悉流程優化及跨部門溝通，適合擔任專案管理師，從事專案規劃、管控及協調相關工作。,,建議取得國際專案管理師（PMP）認證
,,,,企業永續發展人員,210305,因具備計畫擬定、風險評估與專案推動經驗，擁有流程管控、資料蒐整與跨部門溝通能力，適合擔任企業永續發展人員，從事企業碳盤查、減碳規劃及社會責任（CSR）等相關工作。,,建議取得經濟部產業發展署「淨零碳規劃管理師」等相關能力鑑定
消防官,4H63,"1.消防行動與訓練
1.1督導並指揮救火行動，確保應變有效。
1.2規劃與實施消防訓練，提升人員應變能力。
2.防火檢查與設備管理
2.1查視建築物、消防器材及防火設備狀況。
2.2確認設施維護正常，確保防護效能。
3.危險預防與教育
3.1提出清除易燃物之建議，降低火災風險。
3.2教導人員正確使用與維護消防器材。",09品管/製造/環衛,防火及建築檢驗人員,090305,因具備消防搶救實務經驗，熟悉消防設備操作及安檢規範，適合擔任防火及建築檢驗人員；應具備內政部消防署「消防設備士」資格，從事房屋、廠房或其他建築物防火系統檢驗工作。,,
,,,,職業安全衛生管理員,090301,因具備消防搶救實務經驗，熟悉消防設備操作及安檢規範，適合擔任職業安全衛生管理員；應具備勞動部「職業安全衛生管理乙級技術士證」，從事職業安全衛生規劃與推動相關工作。,,
,,,,廠務,090220,具備場地設備管理實務經驗，熟悉環境巡檢規範及設備維護機制，適合擔任廠務；從事廠房機具設施管理工作。,,
,,,18保全/軍警消,消防專業人員,180202,因具備消防搶救實務經驗，熟悉消防設備操作及安檢規範，適合擔任為消防專業人員；應具備內政部消防署「消防設備士」，從事消防專業相關工作。,,
機電工程官,4H37,"1.工程規劃與執行
1.1負責建案與工程計畫之策劃、招標、訂約及施工監督。
1.2監督工程進度與品質，確保依設計規範執行。
2.設計與技術規劃
2.1制訂並審核水、機電工程設計與技術圖說。
2.2規劃設備配置與系統整合，確保運作效能。
3.設施維護與管理
3.1指導並監督水、機電及公用設施之維修與保養
3.2評估設施設備狀況，提出改進與更新建議。",07工程/研發/生技,機電整合工程師,070218,因具備擬訂水(機)電工程設計與規劃經驗，熟悉機電與公用設施系統整建與維修管理，適合擔任機電整合工程師，從事從事機電系統整合與工程管理工作。,,建議取得勞動部「機電整合」等相關技術士證
,,,,電力系統工程師,070119,因具備水(機)電工程規劃與系統整合實務經驗，熟悉配電與用電設備配置與維護管理，適合擔任電力系統工程師，從事電力系統規劃與檢修工作。,,建議取得勞動部「工業配線」或「室內配線」相關技術士證
,,,11營建/製圖/施作,土木工程師,110102,因具備工程建案招標、訂約、施工、監造等實務經驗，適合擔任木工程師，從事建築與基礎設施工程規劃、施工管理等相關工作。,,
,,,09品管/製造/環衛,品管/品保工程師,090107,具備工程品質管理、施工監督實務經驗，熟悉工程設計規劃、施工流程管理，適合擔任品管/品保工程師，從事品管/品保計畫擬訂及執行等工作。,,建議取得中華民國品質學會「品質工程師認證」（經濟部認可）
,,,21行銷/企劃/專案,專案管理主管,210301,因具備專案規劃及進度控管實務經驗、熟悉流程優化及跨部門溝通，適合擔任專案管理主管，從事專案規劃、管控及協調相關工作。,,建議取得國際專案管理師（PMP）認證
,,,,企業永續發展人員,210305,因具備計畫擬定、風險評估與專案推動經驗，擁有流程管控、資料蒐整與跨部門溝通能力，適合擔任企業永續發展人員，從事企業碳盤查、減碳規劃及社會責任（CSR）等相關工作。,,建議取得經濟部產業發展署「淨零碳規劃管理師」等相關能力鑑定
土木建築工程官,4H34,"1.工程規劃與執行
1.1規劃與推動土木、建築、水利及公共工程計畫，確保工程目標達成。
1.2監督工程招標、施工與監造，執行品質及進度管制。
2.設計與技術研究
2.1執行工程設計、製圖、估算及材料分析，確保設計符合標準。
2.2研究並提出工程改進與技術創新建議，提升施工效能與品質。
3.設施建設與維護
3.1指導道路、橋梁、港灣、水利及公共設施之建設與修繕作業。
3.2督導設施保養與檢測，確保工程安全與長期使用效能。",11營建/製圖/施作,土木工程師,110102,具備工程規劃與施工監造實務經驗，適合擔任土木工程師，從事道路、橋梁、等公共設施設計、施工等相關工作。,,
,,,,營造經理人員,110103,具備工程招標、進度與品質管制經驗，熟悉工地實務運作，適合擔任營造經理人員，應具備內政部國土管理署營建管理組「營造業工地主任執業證」，從事營建專案規劃、施工品質管理與成本控制任務。,,
,,,,工地監工,110110,具備現場監督與品質進度管制經驗，熟悉工地實務運作，適合擔任工地監工，應具備內政部國土管理署營建管理組「營造業工地主任執業證」，從事施工品質檢查、進度追蹤與安全監督等工作。,,
,,,09品管/製造/環衛,品管/品保工程師,090107,具備工程品質管理、施工流程監督實務經驗，熟悉工程設計、缺失改善流程，適合擔任品管/品保工程師，從事品管/品保計畫擬訂及執行等工作。,,建議取得中華民國品質學會「品質工程師認證」（經濟部認可）
,,,21行銷/企劃/專案,專案管理師,210304,因擁有軍事工程專案規劃、進度控管、流程優化及跨部門溝通等能力，適合擔任為專案管理師，從事跨部門專案推動、工程進度管控與資源整合任務。,,建議取得國際專案管理師（PMP）認證
,,,,企業永續發展人員,210305,因具備計畫擬定、風險評估與專案推動經驗，擁有流程管控、資料蒐整與跨部門溝通能力，適合擔任企業永續發展人員，從事企業碳盤查、減碳規劃及社會責任（CSR）等相關工作。,,建議取得經濟部產業發展署「淨零碳規劃管理師」等相關能力鑑定
空用地裝官,4G43,"1.修護計畫與政策制訂
1.1制訂地面裝備修護計畫與政策。
1.2執行並追蹤修護程序，確保符合規範與需求。
2.業務指導與協調
2.1指導修護人員執行裝備維護與檢修作業。
2.2協調相關部門，確保修護業務順利進行。",07工程/研發/生技,機械工程師,070216,因具備飛機修護與技術督導實務經驗，熟悉機構原理與維修作業流程，適合擔任機械工程師，從事與機械有關之產品設計、製造、維修、操作等工作。,,建議取得經濟部「工具機機械設計工程師」能力鑑定證書
,,,,電機工程師,070121,因具備飛機修護與技術督導實務經驗，熟悉電機原理與維修流程，適合擔任電機工程師，負責機械電控之規劃製作、保養、修理等工作,,建議取得勞動部「室內配線」或「工業配線」等相關技術士證
,,,,電子工程師,070120,因具備飛機修護與技術督導實務經驗，熟悉系統原理、維修流程與測試機制，適合擔任電子工程師，從事電子設備檢測及維護工作。,,建議取得勞動部「電力電子」等相關技術士證
,,,09品管/製造/環衛,品管/品保工程師,090107,具備設備品質管理、維修流程控管實務經驗，熟悉設備檢修及修護流程改善，適合擔任品管/品保工程師，從事品管/品保計畫擬訂及執行等工作。,,建議取得中華民國品質學會「品質工程師認證」（經濟部認可）
,,,21行銷/企劃/專案,專案管理師,210304,因具備專案規劃及進度控管實務經驗、熟悉流程優化及跨部門溝通，適合擔任專案管理師，從事專案規劃、管控及協調相關工作。,,建議取得國際專案管理師（PMP）認證
,,,,企業永續發展人員,210305,因具備計畫擬定、風險評估與專案推動經驗，擁有流程管控、資料蒐整與跨部門溝通能力，適合擔任企業永續發展人員，從事企業碳盤查、減碳規劃及社會責任（CSR）等相關工作。,,建議取得經濟部產業發展署「淨零碳規劃管理師」等相關能力鑑定
燃料檢驗官,4B15,"1.燃料品質管制
1.1實施燃料樣品檢驗，監控品質符合標準。
1.2分析檢驗結果，提出品質控管建議。
2.檢驗裝備操作與維護
2.1使用燃料檢驗儀器執行檢測作業。
2.2負責儀器設備維護與校正，確保檢測準確。
3.器材管理與採購
3.1辦理檢驗器材申請與補充需求。
3.2協助採購與驗收，確保資源供應完整。",07工程/研發/生技,其他化學工程技術員,070390,因具備燃料取樣、檢驗實務經驗，擁有石油化學基本學識，適合擔任其他化學工程技術員，從事原物料與產品檢驗、製程監控與試驗報告撰寫等相關工作。,,建議取得建議取得經濟部產業發展署「化工製程工程師能力鑑定合格證書」
,,,,化學工程師,070301,因具備軍用燃料取樣、檢驗實務經驗，擁有石油化學基本學識，適合擔任為化學工程師，從事如化學品、石油衍生物等，生產製造研究及技術指導等工作。,,建議取得經濟部產業發展署「化工製程工程師能力鑑定合格證書」
,,,09品管/製造/環衛,品管/品保工程師,090107,因具備軍用燃料取樣、檢驗實務經驗，熟悉依規範執行品質檢驗流程，適合擔任為品管工程師，從事產品標準設定，並利用各種管理技術，維持與改進其品質。,,建議取得中華民國品質學會「品質工程師認證」（經濟部認可）
飛機聯氨修護官,4G03F,"1.燃料與系統維修
1.1執行燃油及相關系統之維修與檢查作業。
1.2督導相關設備與器材保養，確保功能正常。
2.安全管理與監督
2.1負責燃料與相關設施之工廠安全管理。
2.2制定並落實安全規範，降低作業風險。
3.應變與事故處理
3.1協調並執行燃料相關事故之緊急處理。
3.2蒐集與分析事件資料，提出改善建議。",07工程/研發/生技,機械工程師,070216,因具備飛機修護與技術督導實務經驗，熟悉機構原理與維修作業流程，適合擔任機械工程師，從事與機械有關之產品設計、製造、維修、操作等工作。,,建議取得經濟部「工具機機械設計工程師」能力鑑定證書
,,,,電機工程師,070121,因具備飛機修護與技術督導實務經驗，熟悉電機原理與維修流程，適合擔任電機工程師，負責機械電控之規劃製作、保養、修理等工作,,建議取得勞動部「室內配線」或「工業配線」等相關技術士證
,,,09品管/製造/環衛,職業安全衛生管理員,090301,因具備危害毒性物質之檢查處理經驗，熟悉危害辨識與防護措施，適合擔任為職業安全衛生管理員，從事危害分析、安全稽核、作業監督與事故預防等工作。,應取得勞動部「職業安全衛生管理乙級技術士證」,
,,,,安全／衛生相關檢驗人員,090303,因具備毒性危害物質之檢查處理經驗，熟悉危害辨識與防護措施，適合擔任安全／衛生相關檢驗人員。應具備勞動部「職業安全衛生管理乙級技術士證」，從事職業工作場所、產品生產等安全衛生檢驗工作。,,
,,,,品管測試技術員,090103,因具備依技術手冊執行檢查測試實務經驗，熟悉品管作業流程及預防矯正規範，適合擔任為品管測試技術員，從事品管測試或機台校正等相關工作。,,建議取得中華民國品質學會「品質工程師認證」（經濟部認可）
模擬機修護官,4G23,"1.模擬系統維護與修護
1.1執行模擬訓練系統故障診斷與維修。
1.2進行系統拆裝與性能調校。
1.3確保模擬系統穩定運作。
2.系統操作與訓練支援
2.1操作模擬系統控制平台。
2.2支援訓練流程與教學需求。
2.3提升訓練系統使用效率。
3.電子系統整合與維運
3.1管理電子與電腦模擬系統運作。
3.2維護多系統整合穩定性。
3.3執行系統升級與改善作業。",07工程/研發/生技,機械工程師,070216,因具備精密裝備修護與技術督導實務經驗，熟悉機構原理與維修作業流程，適合擔任機械工程師，從事與機械有關之產品設計、製造、維修、操作等工作。,,建議取得經濟部「工具機機械設計工程師」能力鑑定證書
,,,,電機工程師,070121,因具備精密裝備修護與技術督導實務經驗，熟悉電機原理與維修流程，適合擔任電機工程師，負責機械電控之規劃製作、保養、修理等工作,,建議取得勞動部「室內配線」或「工業配線」等相關技術士證
,,,,電子工程師,070120,因具備精密裝備修護與技術督導實務經驗，熟悉系統原理、維修流程與測試機制，適合擔任電子工程師，從事電子設備檢測及維護工作。,,建議取得勞動部「電力電子」等相關技術士證
,,,09品管/製造/環衛,品管/品保工程師,090107,具備精密裝備維修與功能調校實務經驗，熟悉依規範執行品質檢驗流程，適合擔任為品管/品保工程師，從事產品標準設定，並利用各種管理技術，維持與改進其品質。,,建議取得中華民國品質學會「品質工程師認證」（經濟部認可）
航空修護領導士,AD006,"1.技術精進協助
1.1協助主管研析修護技術，提出改進建議。
1.2支援新技術導入與應用，提升維修效能。
2.作業監督與管制
2.1監督各項保修作業，確保依規範執行。
2.2管制技術檢查、定期檢查及特別檢查流程。",10技術/維修/操作,飛機裝修人員,100202,具備航空器檢修及設備測試實務經驗，熟悉飛機修護流程與技術檢查機制適合擔任飛機裝修人員；應具備交通部民航局「航空維修員檢定證」，從事從事航空器維修與保養工作。,,
,,,,電機技術人員,100102,具備機電設備檢修測試及故障排除實務經驗，熟悉電機運作原理與作業安全規範，適合擔任電機技術人員，從事電機設備維護與檢修工作。,,建議取得勞動部「室內配線」或「工業配線」等相關技術士證，
,,,,電子設備裝修技術員,100208,具備電子設備維護測試實務經驗，熟悉維修流程與測試規範，適合擔任電子設備裝修技術員，從事電子設備維修與保養工作。,,建議取得勞動部「儀表電子」或「視聽電子」等相關技術士證
,,,09品管/製造/環衛,品管測試技術員,090103,因具備依技術手冊執行檢查測試實務經驗，熟悉品管作業流程及預防矯正規範，適合擔任為品管測試技術員，從事品管測試或機台校正等相關工作。,,建議取得中華民國品質學會「品質工程師認證」（經濟部認可）
,,,,廠務,090220,具備場地設備管理實務經驗，熟悉環境巡檢規範及設備維護機制，適合擔任廠務；從事廠房機具設施管理工作。,,
飛機修護督導士,4G006,"1.保養作業協助
1.1協助處理各項飛機保養相關事宜。
1.2支援檢修與維護流程，確保作業順利完成。
2.作業督導與執行
2.1監督與管制飛機各類保養作業，確保依標準執行。
2.2執行技術檢查、定期檢查及特別檢查，維持系統正常運作。",10技術/維修/操作,飛機裝修人員,100202,具備航空器檢修及設備測試實務經驗，熟悉飛機修護流程與技術檢查機制適合擔任飛機裝修人員；應具備交通部民航局「航空維修員檢定證」，從事從事航空器維修與保養工作。,,
,,,,電機技術人員,100102,具備機電設備檢修測試及故障排除實務經驗，熟悉電機運作原理與作業安全規範，適合擔任電機技術人員，從事電機設備維護與檢修工作。,,建議取得勞動部「室內配線」或「工業配線」等相關技術士證，
,,,,自動化機械加工技術人員,100106,具備機械設備拆裝維修及系統檢測分析實務經驗，熟悉機構運作原理，適合擔任自動化機械加工技術人員，從事自動化機械操作及維護等工作。,,建議取得勞動部「油壓」或「機械加工」等相關技術士證
,,,,電子設備裝修技術員,100208,具備電子設備維護測試實務經驗，熟悉維修流程與測試規範，適合擔任電子設備裝修技術員，從事電子設備維修與保養工作。,,建議取得勞動部「儀表電子」或「視聽電子」等相關技術士證
,,,09品管/製造/環衛,品管測試技術員,090103,因具備依技術手冊執行檢查測試實務經驗，熟悉品管作業流程及預防矯正規範，適合擔任為品管測試技術員，從事品管測試或機台校正等相關工作。,,建議取得中華民國品質學會「品質工程師認證」（經濟部認可）
,,,,廠務,090220,具備場地設備管理實務經驗，熟悉環境巡檢規範及設備維護機制，適合擔任廠務；從事廠房機具設施管理工作。,,
飛機修護兵,4G013,"1.保養作業協助
1.1協助處理飛機保養相關事宜。
1.2參與檢修與維護流程，支援作業執行。
2.作業執行與檢查
2.1協助執行各項保養作業，依照標準作業程序完成。
2.2進行技術檢查、定期檢查與特別檢查，確保設備正常運作。",10技術/維修/操作,飛機裝修人員,100202,具備航空器檢修及設備測試實務經驗，熟悉飛機修護流程與技術檢查機制適合擔任飛機裝修人員；應具備交通部民航局「航空維修員檢定證」，從事從事航空器維修與保養工作。,,
,,,,電機技術人員,100102,具備機電設備檢修測試及故障排除實務經驗，熟悉電機運作原理與作業安全規範，適合擔任電機技術人員，從事電機設備維護與檢修工作。,,建議取得勞動部「室內配線」或「工業配線」等相關技術士證，
,,,,自動化機械加工技術人員,100106,具備機械設備拆裝維修及系統檢測分析實務經驗，熟悉機構運作原理，適合擔任自動化機械加工技術人員，從事自動化機械操作及維護等工作。,,建議取得勞動部「油壓」或「機械加工」等相關技術士證
,,,,電子設備裝修技術員,100208,具備電子設備維護測試實務經驗，熟悉維修流程與測試規範，適合擔任電子設備裝修技術員，從事電子設備維修與保養工作。,,建議取得勞動部「儀表電子」或「視聽電子」等相關技術士證
,,,09品管/製造/環衛,品管測試技術員,090103,因具備依技術手冊執行檢查測試實務經驗，熟悉品管作業流程及預防矯正規範，適合擔任為品管測試技術員，從事品管測試或機台校正等相關工作。,,建議取得中華民國品質學會「品質工程師認證」（經濟部認可）
,,,,廠務助理,090214,具備場地設備管理實務經驗，熟悉環境巡檢規範及設備維護機制，適合擔任廠務助理；從事廠房機具設施管理工作。,,
飛機修護士,4G016,"1.保養作業協助
1.1協助處理飛機保養相關作業流程。
1.2配合檢修與維護作業，確保執行正確。
2.作業執行與檢查
2.1協助執行各類飛機保養作業，依規範完成程序。
2.2執行技術檢查、定期檢查與特別檢查，確保系統正常。",10技術/維修/操作,飛機裝修人員,100202,具備航空器檢修及設備測試實務經驗，熟悉飛機修護流程與技術檢查機制適合擔任飛機裝修人員；應具備交通部民航局「航空維修員檢定證」，從事從事航空器維修與保養工作。,,
,,,,電機技術人員,100102,具備機電設備檢修測試及故障排除實務經驗，熟悉電機運作原理與作業安全規範，適合擔任電機技術人員，從事電機設備維護與檢修工作。,,建議取得勞動部「室內配線」或「工業配線」等相關技術士證，
,,,,電子設備裝修技術員,100208,具備電子設備維護測試實務經驗，熟悉維修流程與測試規範，適合擔任電子設備裝修技術員，從事電子設備維修與保養工作。,,建議取得勞動部「儀表電子」或「視聽電子」等相關技術士證
,,,,自動化機械加工技術人員,100106,具備機械設備拆裝維修及系統檢測分析實務經驗，熟悉機構運作原理，適合擔任自動化機械加工技術人員，從事自動化機械操作及維護等工作。,,建議取得勞動部「油壓」或「機械加工」等相關技術士證
,,,09品管/製造/環衛,廠務,090220,具備場地設備管理實務經驗，熟悉環境巡檢規範及設備維護機制，適合擔任廠務；從事廠房機具設施管理工作。,,
,,,,品管測試技術員,090103,因具備依技術手冊執行檢查測試實務經驗，熟悉品管作業流程及預防矯正規範，適合擔任為品管測試技術員，從事品管測試或機台校正等相關工作。,,建議取得中華民國品質學會「品質工程師認證」（經濟部認可）
飛機修護檢驗士,4G026,"1.維修品質檢驗
1.1執行航空器維修過程檢驗與監督。
1.2確保維修作業符合技術與安全標準。
1.3提升維修品質一致性。
2.零組件品質判定
2.1評估航空零組件使用狀態。
2.2進行可用性與損耗判定。
2.3協助分類可用件與待修件。
3.技術文件與品質簽核
3.1審查維修紀錄與技術資料。
3.2執行品質確認與簽核作業。
3.3確保維修流程可追溯。",09品管/製造/環衛,品管測試技術員,090103,因具備依技術手冊執行檢查測試實務經驗，熟悉品管作業流程及預防矯正規範，適合擔任為品管測試技術員，從事品管測試或機台校正等相關工作。,,建議取得中華民國品質學會「品質工程師認證」（經濟部認可）
,,,,廠務,090220,具備場地設備管理實務經驗，熟悉環境巡檢規範及設備維護機制，適合擔任廠務；從事廠房機具設施管理工作。,,
,,,10技術/維修/操作,飛機裝修人員,100202,具備航空器檢修及設備測試實務經驗，熟悉飛機修護流程與技術檢查機制適合擔任飛機裝修人員；應具備交通部民航局「航空維修員檢定證」，從事從事航空器維修與保養工作。,,
,,,,電機技術人員,100102,具備機電設備檢修測試及故障排除實務經驗，熟悉電機運作原理與作業安全規範，適合擔任電機技術人員，從事電機設備維護與檢修工作。,,建議取得勞動部「室內配線」或「工業配線」等相關技術士證，
,,,,電子設備裝修技術員,100208,具備電子設備維護測試實務經驗，熟悉維修流程與測試規範，適合擔任電子設備裝修技術員，從事電子設備維修與保養工作。,,建議取得勞動部「儀表電子」或「視聽電子」等相關技術士證
飛機修護檢驗督導士,4G046,"1.維修檢驗督導
1.1督導航空器維修檢驗作業。
1.2管控施工品質與作業標準。
1.3提升維修一致性與安全性。
2.零組件品質管理
2.1判定航空零組件使用狀態。
2.2執行品質鑑定與分類作業。
2.3協助可用件與待修件管理。
3.品質簽核與技術控管
3.1審核維修檢驗結果。
3.2執行品質簽證與確認作業。
3.3確保維修流程可追溯與合規。",09品管/製造/環衛,品管測試技術員,090103,因具備依技術手冊執行檢查測試實務經驗，熟悉品管作業流程及預防矯正規範，適合擔任為品管測試技術員，從事品管測試或機台校正等相關工作。,,建議取得中華民國品質學會「品質工程師認證」（經濟部認可）
,,,,廠務,090220,具備場地設備管理實務經驗，熟悉環境巡檢規範及設備維護機制，適合擔任廠務；從事廠房機具設施管理工作。,,
,,,10技術/維修/操作,飛機裝修人員,100202,具備航空器檢修及設備測試實務經驗，熟悉飛機修護流程與技術檢查機制適合擔任飛機裝修人員；應具備交通部民航局「航空維修員檢定證」，從事從事航空器維修與保養工作。,,
,,,,電機技術人員,100102,具備機電設備檢修測試及故障排除實務經驗，熟悉電機運作原理與作業安全規範，適合擔任電機技術人員，從事電機設備維護與檢修工作。,,建議取得勞動部「室內配線」或「工業配線」等相關技術士證，
,,,,電子設備裝修技術員,100208,具備電子設備維護測試實務經驗，熟悉維修流程與測試規範，適合擔任電子設備裝修技術員，從事電子設備維修與保養工作。,,建議取得勞動部「儀表電子」或「視聽電子」等相關技術士證
飛機發動機附件修護士,4G076,"1.執行發動機附件之拆裝與檢查
1.1依據維修技術手冊完成附件拆裝，確保程序正確。
1.2使用量測工具設備檢查附件狀況，判斷是否異常。
2.進行發動機附件維修與校正
2.1依規範執行附件維修以恢復其性能。
2.2操作檢測設備執行性能測試與校正，確認其精度與可靠性。",10技術/維修/操作,飛機裝修人員,100202,具備航空器檢修及設備測試實務經驗，熟悉飛機修護流程與技術檢查機制適合擔任飛機裝修人員；應具備交通部民航局「航空維修員檢定證」，從事從事航空器維修與保養工作。,,
,,,,電機技術人員,100102,具備機電設備檢修測試及故障排除實務經驗，熟悉電機運作原理與作業安全規範，適合擔任電機技術人員，從事電機設備維護與檢修工作。,,建議取得勞動部「室內配線」或「工業配線」等相關技術士證，
,,,,自動化機械加工技術人員,100106,具備機械設備拆裝維修及系統檢測分析實務經驗，熟悉機構運作原理，適合擔任自動化機械加工技術人員，從事自動化機械操作及維護等工作。,,建議取得勞動部「油壓」或「機械加工」等相關技術士證
,,,09品管/製造/環衛,廠務,090220,具備場地設備管理實務經驗，熟悉環境巡檢規範及設備維護機制，適合擔任廠務；從事廠房機具設施管理工作。,,
,,,,品管測試技術員,090103,因具備依技術手冊執行檢查測試實務經驗，熟悉品管作業流程及預防矯正規範，適合擔任為品管測試技術員，從事品管測試或機台校正等相關工作。,,建議取得中華民國品質學會「品質工程師認證」（經濟部認可）
飛機發動機修護督導士,4G086,"1.專案指揮與協調
1.1協助規劃發動機維修專案，安排人力與時程。
1.2協調工程師、檢驗員與班組，確保進度。
2.設備管理
2.1監督發動機拆檢、清潔、組裝與測試作業。
2.2監督測台運作與數據判讀，確認其精度與可靠性。",10技術/維修/操作,飛機裝修人員,100202,具備航空器檢修及設備測試實務經驗，熟悉飛機修護流程與技術檢查機制適合擔任飛機裝修人員；應具備交通部民航局「航空維修員檢定證」，從事從事航空器維修與保養工作。,,
,,,,電機技術人員,100102,具備機電設備檢修測試及故障排除實務經驗，熟悉電機運作原理與作業安全規範，適合擔任電機技術人員，從事電機設備維護與檢修工作。,,建議取得勞動部「室內配線」或「工業配線」等相關技術士證，
,,,,自動化機械加工技術人員,100106,具備機械設備拆裝維修及系統檢測分析實務經驗，熟悉機構運作原理，適合擔任自動化機械加工技術人員，從事自動化機械操作及維護等工作。,,建議取得勞動部「油壓」或「機械加工」等相關技術士證
,,,09品管/製造/環衛,廠務,090220,具備場地設備管理實務經驗，熟悉環境巡檢規範及設備維護機制，適合擔任廠務；從事廠房機具設施管理工作。,,
,,,,品管測試技術員,090103,因具備依技術手冊執行檢查測試實務經驗，熟悉品管作業流程及預防矯正規範，適合擔任為品管測試技術員，從事品管測試或機台校正等相關工作。,,建議取得中華民國品質學會「品質工程師認證」（經濟部認可）
空勤飛機檢驗督導士,4G145,"1.維修檢驗與督導
1.1督導航空器維修檢驗作業。
1.2管控施工品質與技術標準。
1.3確保維修作業一致性與安全性。
2.零組件品質評估
2.1判定航空零組件使用狀態。
2.2執行品質鑑定與分析作業。
2.3協助分類可用件與待修件。
3.品質簽核與技術管理
3.1審核維修檢驗結果與紀錄。
3.2執行品質簽證與技術確認。
3.3確保維修流程可追溯與合規。",09品管/製造/環衛,品管測試技術員,090103,因具備依技術手冊執行檢查測試實務經驗，熟悉品管作業流程及預防矯正規範，適合擔任為品管測試技術員，從事品管測試或機台校正等相關工作。,,建議取得中華民國品質學會「品質工程師認證」（經濟部認可）
,,,,廠務,090220,具備場地設備管理實務經驗，熟悉環境巡檢規範及設備維護機制，適合擔任廠務；從事廠房機具設施管理工作。,,
,,,10技術/維修/操作,飛機裝修人員,100202,具備航空器檢修及設備測試實務經驗，熟悉飛機修護流程與技術檢查機制適合擔任飛機裝修人員；應具備交通部民航局「航空維修員檢定證」，從事從事航空器維修與保養工作。,,
,,,,電機技術人員,100102,具備機電設備檢修測試及故障排除實務經驗，熟悉電機運作原理與作業安全規範，適合擔任電機技術人員，從事電機設備維護與檢修工作。,,建議取得勞動部「室內配線」或「工業配線」等相關技術士證，
,,,,自動化機械加工技術人員,100106,具備機械設備拆裝維修及系統檢測分析實務經驗，熟悉機構運作原理，適合擔任自動化機械加工技術人員，從事自動化機械操作及維護等工作。,,建議取得勞動部「油壓」或「機械加工」等相關技術士證
空勤飛機檢驗士,4G146,"1.維修施工檢驗
1.1執行航空器維修施工檢查。
1.2確認維修作業符合技術標準。
1.3維護維修品質一致性。
2.零組件品質判定
2.1檢測航空零組件使用狀態。
2.2執行品質鑑定與分類作業。
2.3協助判定可用件與待修件。
3.品質簽核與紀錄管理
3.1審查維修檢驗結果。
3.2執行品質確認與簽證作業。
3.3確保維修紀錄完整可追溯。",09品管/製造/環衛,品管測試技術員,090103,因具備依技術手冊執行檢查測試實務經驗，熟悉品管作業流程及預防矯正規範，適合擔任為品管測試技術員，從事品管測試或機台校正等相關工作。,,建議取得中華民國品質學會「品質工程師認證」（經濟部認可）
,,,,廠務,090220,具備場地設備管理實務經驗，熟悉環境巡檢規範及設備維護機制，適合擔任廠務；從事廠房機具設施管理工作。,,
,,,10技術/維修/操作,飛機裝修人員,100202,具備航空器檢修及設備測試實務經驗，熟悉飛機修護流程與技術檢查機制適合擔任飛機裝修人員；應具備交通部民航局「航空維修員檢定證」，從事從事航空器維修與保養工作。,,
,,,,電機技術人員,100102,具備機電設備檢修測試及故障排除實務經驗，熟悉電機運作原理與作業安全規範，適合擔任電機技術人員，從事電機設備維護與檢修工作。,,建議取得勞動部「室內配線」或「工業配線」等相關技術士證，
,,,,自動化機械加工技術人員,100106,具備機械設備拆裝維修及系統檢測分析實務經驗，熟悉機構運作原理，適合擔任自動化機械加工技術人員，從事自動化機械操作及維護等工作。,,建議取得勞動部「油壓」或「機械加工」等相關技術士證
,,,,電子設備裝修技術員,100208,具備電子設備維護測試實務經驗，熟悉維修流程與測試規範，適合擔任電子設備裝修技術員，從事電子設備維修與保養工作。,,建議取得勞動部「儀表電子」或「視聽電子」等相關技術士證
飛機及旋翼修護督導士,4G156,"1.旋翼與動力系統維護
1.1執行螺旋槳與旋翼系統檢查與保養。
1.2維護動力傳輸與旋轉機構穩定性。
1.3確保飛行器動力系統正常運作。
2.故障診斷與修護
2.1進行旋翼系統異常診斷與分析。
2.2執行拆裝與維修作業。
2.3調整與改善系統運轉性能。
3.品質與安全管理
3.1監督維修作業品質。
3.2執行維修安全檢查。
3.3提升整體維修可靠度。",10技術/維修/操作,飛機裝修人員,100202,具備航空器檢修及設備測試實務經驗，熟悉飛機修護流程與技術檢查機制適合擔任飛機裝修人員；應具備交通部民航局「航空維修員檢定證」，從事從事航空器維修與保養工作。,,
,,,,電機技術人員,100102,具備機電設備檢修測試及故障排除實務經驗，熟悉電機運作原理與作業安全規範，適合擔任電機技術人員，從事電機設備維護與檢修工作。,,建議取得勞動部「室內配線」或「工業配線」等相關技術士證，
,,,,自動化機械加工技術人員,100106,具備機械設備拆裝維修及系統檢測分析實務經驗，熟悉機構運作原理，適合擔任自動化機械加工技術人員，從事自動化機械操作及維護等工作。,,建議取得勞動部「油壓」或「機械加工」等相關技術士證
,,,,電子設備裝修技術員,100208,具備電子設備維護測試實務經驗，熟悉維修流程與測試規範，適合擔任電子設備裝修技術員，從事電子設備維修與保養工作。,,建議取得勞動部「儀表電子」或「視聽電子」等相關技術士證
,,,09品管/製造/環衛,廠務,090220,具備場地設備管理實務經驗，熟悉環境巡檢規範及設備維護機制，適合擔任廠務；從事廠房機具設施管理工作。,,
,,,,品管測試技術員,090103,因具備依技術手冊執行檢查測試實務經驗，熟悉品管作業流程及預防矯正規範，適合擔任為品管測試技術員，從事品管測試或機台校正等相關工作。,,建議取得中華民國品質學會「品質工程師認證」（經濟部認可）
航空軍械兵,4G732,"1.設備維護與保養
1.1執行設備拆卸、清潔與潤滑。
1.2維護機械設備基本運作狀態。
1.3提升設備使用壽命與穩定性。
2.搬運與作業支援
2.1執行設備搬運與裝卸作業。
2.2協助設備定位與安裝支援。
2.3確保作業安全與流程順暢。
3.基礎檢修與管理
3.1進行設備基礎檢查與維護。
3.2處理簡易故障與修復作業。
3.3維持設備正常使用狀態。",10技術/維修/操作,自動化機械加工技術人員,100106,具備機械設備拆裝維修及系統檢測分析實務經驗，熟悉機構運作原理，適合擔任自動化機械加工技術人員，從事自動化機械操作及維護等工作。,,建議取得勞動部「油壓」或「機械加工」等相關技術士證
,,,,電機技術人員,100102,具備機電設備檢修測試及故障排除實務經驗，熟悉電機運作原理與作業安全規範，適合擔任電機技術人員，從事電機設備維護與檢修工作。,,建議取得勞動部「室內配線」或「工業配線」等相關技術士證，
,,,,電子設備裝修技術員,100208,具備電子設備維護測試實務經驗，熟悉維修流程與測試規範，適合擔任電子設備裝修技術員，從事電子設備維修與保養工作。,,建議取得勞動部「儀表電子」或「視聽電子」等相關技術士證
,,,09品管/製造/環衛,廠務助理,090214,具備場地設備管理實務經驗，熟悉環境巡檢規範及設備維護機制，適合擔任廠務；從事廠房機具設施管理工作。,,
,,,,品管測試技術員,090103,因具備依技術手冊執行檢查測試實務經驗，熟悉品管作業流程及預防矯正規範，適合擔任為品管測試技術員，從事品管測試或機台校正等相關工作。,,建議取得中華民國品質學會「品質工程師認證」（經濟部認可）
火力控制系統機械士,4G745,"1.檢修控制與顯示設備
1.1依技術文件執行控制與顯示設備之檢查。
1.2維修或更換異常零組件，恢復正常功能。
2.翻修控制系統
2.1依規範拆裝與調整零件，完成翻修作業。
2.2進行系統測試，確認性能符合標準。",10技術/維修/操作,自動化機械加工技術人員,100106,具備機械設備拆裝維修及系統檢測分析實務經驗，熟悉機構運作原理，適合擔任自動化機械加工技術人員，從事自動化機械操作及維護等工作。,,建議取得勞動部「油壓」或「機械加工」等相關技術士證
,,,,電機技術人員,100102,具備機電設備檢修測試及故障排除實務經驗，熟悉電機運作原理與作業安全規範，適合擔任電機技術人員，從事電機設備維護與檢修工作。,,建議取得勞動部「室內配線」或「工業配線」等相關技術士證，
,,,,電子設備裝修技術員,100208,具備電子設備維護測試實務經驗，熟悉維修流程與測試規範，適合擔任電子設備裝修技術員，從事電子設備維修與保養工作。,,建議取得勞動部「儀表電子」或「視聽電子」等相關技術士證
,,,09品管/製造/環衛,廠務,090220,具備場地設備管理實務經驗，熟悉環境巡檢規範及設備維護機制，適合擔任廠務；從事廠房機具設施管理工作。,,
,,,,品管測試技術員,090103,因具備依技術手冊執行檢查測試實務經驗，熟悉品管作業流程及預防矯正規範，適合擔任為品管測試技術員，從事品管測試或機台校正等相關工作。,,建議取得中華民國品質學會「品質工程師認證」（經濟部認可）
火力控制系統機械督導士,4G746,"1.督導控制與顯示設備檢修
1.1指導人員依技術文件執行控制設備之檢查與維修。
1.2稽核檢修流程，確認作業符合規範與品質要求
2.監督系統翻修與功能驗證
2.1監督相關系統翻修作業，確保零組件功能恢復正常。
2.2驗證測試數據與運作狀態，提出修正或改進建議。",10技術/維修/操作,自動化機械加工技術人員,100106,具備機械設備拆裝維修及系統檢測分析實務經驗，熟悉機構運作原理，適合擔任自動化機械加工技術人員，從事自動化機械操作及維護等工作。,,建議取得勞動部「油壓」或「機械加工」等相關技術士證
,,,,電機技術人員,100102,具備機電設備檢修測試及故障排除實務經驗，熟悉電機運作原理與作業安全規範，適合擔任電機技術人員，從事電機設備維護與檢修工作。,,建議取得勞動部「室內配線」或「工業配線」等相關技術士證，
,,,,電子設備裝修技術員,100208,具備電子設備維護測試實務經驗，熟悉維修流程與測試規範，適合擔任電子設備裝修技術員，從事電子設備維修與保養工作。,,建議取得勞動部「儀表電子」或「視聽電子」等相關技術士證
,,,09品管/製造/環衛,廠務,090220,具備場地設備管理實務經驗，熟悉環境巡檢規範及設備維護機制，適合擔任廠務；從事廠房機具設施管理工作。,,
,,,,品管測試技術員,090103,因具備依技術手冊執行檢查測試實務經驗，熟悉品管作業流程及預防矯正規範，適合擔任為品管測試技術員，從事品管測試或機台校正等相關工作。,,建議取得中華民國品質學會「品質工程師認證」（經濟部認可）
空用投放發射器維修督導士,4G856,"1.督導設備保養與檢查
1.1指導人員依技術文件執行設備保養與功能檢查
1.2稽核作業流程，確認依規範完成拆裝與檢測。
2.監督維修與測試作業
2.1監督設備維修與調整，確保零組件功能正常。
2.2驗證測試結果，確認性能符合安全與品質要求",10技術/維修/操作,自動化機械加工技術人員,100106,具備機械設備拆裝維修及系統檢測分析實務經驗，熟悉機構運作原理，適合擔任自動化機械加工技術人員，從事自動化機械操作及維護等工作。,,建議取得勞動部「油壓」或「機械加工」等相關技術士證
,,,,電機技術人員,100102,具備機電設備檢修測試及故障排除實務經驗，熟悉電機運作原理與作業安全規範，適合擔任電機技術人員，從事電機設備維護與檢修工作。,,建議取得勞動部「室內配線」或「工業配線」等相關技術士證，
,,,,電子設備裝修技術員,100208,具備電子設備維護測試實務經驗，熟悉維修流程與測試規範，適合擔任電子設備裝修技術員，從事電子設備維修與保養工作。,,建議取得勞動部「儀表電子」或「視聽電子」等相關技術士證
,,,09品管/製造/環衛,廠務,090220,具備場地設備管理實務經驗，熟悉環境巡檢規範及設備維護機制，適合擔任廠務；從事廠房機具設施管理工作。,,
,,,,品管測試技術員,090103,因具備依技術手冊執行檢查測試實務經驗，熟悉品管作業流程及預防矯正規範，適合擔任為品管測試技術員，從事品管測試或機台校正等相關工作。,,建議取得中華民國品質學會「品質工程師認證」（經濟部認可）
射控系統修護兵,4D413,"1.檢查與保修協助
1.1協助執行設備系統之檢查作業。
1.2協助進行保修程序，確保系統正常運作。
2.系統保養作業
2.1執行設備系統例行保養，維持功能穩定。
2.2記錄並回報保養結果，支援後續維修需求。",10技術/維修/操作,電機技術人員,100102,具備機電設備檢修測試及故障排除實務經驗，熟悉電機運作原理與作業安全規範，適合擔任電機技術人員，從事電機設備維護與檢修工作。,,建議取得勞動部「室內配線」或「工業配線」等相關技術士證，
,,,,精密儀器製造工及修理工,100203,因具備精密設備檢修測試實務經驗，熟悉檢測流程及校調作業，適合擔任精密儀器製造工及修理工，從事精密儀器或光學設備等修理工作。,,建議取得勞動部「數位電子」或「儀表電子」相關技術士證
,,,,電子設備裝修技術員,100208,具備電子設備維護測試實務經驗，熟悉維修流程與測試規範，適合擔任電子設備裝修技術員，從事電子設備維修與保養工作。,,建議取得勞動部「儀表電子」或「視聽電子」等相關技術士證
,,,09品管/製造/環衛,廠務,090220,具備場地設備管理實務經驗，熟悉環境巡檢規範及設備維護機制，適合擔任廠務；從事廠房機具設施管理工作。,,
,,,,品管測試技術員,090103,因具備依技術手冊執行檢查測試實務經驗，熟悉品管作業流程及預防矯正規範，適合擔任為品管測試技術員，從事品管測試或機台校正等相關工作。,,建議取得中華民國品質學會「品質工程師認證」（經濟部認可）
射控系統修護技術士,4D416,"1.校正與翻修作業
1.1執行設備全面校正，確保精度與功能正常
1.2進行翻修作業，恢復設備運作效能。
2.故障判定與排除
2.1指導人員分析設備故障原因。
2.2協助規劃並執行故障排除措施，確保設備可用性。
3.測試儀器操作與保養
3.1使用電子測試儀器進行檢測與驗證。
3.2執行儀器維護與校正，保持檢測準確性。",10技術/維修/操作,電機技術人員,100102,具備機電設備檢修測試及故障排除實務經驗，熟悉電機運作原理與作業安全規範，適合擔任電機技術人員，從事電機設備維護與檢修工作。,,建議取得勞動部「室內配線」或「工業配線」等相關技術士證，
,,,,精密儀器製造工及修理工,100203,因具備精密設備檢修測試實務經驗，熟悉檢測流程及校調作業，適合擔任精密儀器製造工及修理工，從事精密儀器或光學設備等修理工作。,,建議取得勞動部「數位電子」或「儀表電子」相關技術士證
,,,,電子設備裝修技術員,100208,具備電子設備維護測試實務經驗，熟悉維修流程與測試規範，適合擔任電子設備裝修技術員，從事電子設備維修與保養工作。,,建議取得勞動部「儀表電子」或「視聽電子」等相關技術士證
,,,09品管/製造/環衛,廠務,090220,具備場地設備管理實務經驗，熟悉環境巡檢規範及設備維護機制，適合擔任廠務；從事廠房機具設施管理工作。,,
,,,,品管測試技術員,090103,因具備依技術手冊執行檢查測試實務經驗，熟悉品管作業流程及預防矯正規範，適合擔任為品管測試技術員，從事品管測試或機台校正等相關工作。,,建議取得中華民國品質學會「品質工程師認證」（經濟部認可）
射控系統修護士,4D426,"1.進階校正與檢修作業
1.1執行設備進階校正與檢修，確保功能正常。
1.2操作各類檢測儀器，完成測試與數據記錄。
2.故障診斷與排除
2.1協助判定設備故障原因，執行修理或零件更換
2.2提供技術指導，支援故障排除作業。
3.檢測儀器操作與保養
3.1使用電子測試儀器進行系統測試與功能驗證。
3.2執行儀器保養與校正，保持測試精度與可靠度。",10技術/維修/操作,電機技術人員,100102,具備機電設備檢修測試及故障排除實務經驗，熟悉電機運作原理與作業安全規範，適合擔任電機技術人員，從事電機設備維護與檢修工作。,,建議取得勞動部「室內配線」或「工業配線」等相關技術士證，
,,,,精密儀器製造工及修理工,100203,因具備精密設備檢修測試實務經驗，熟悉檢測流程及校調作業，適合擔任精密儀器製造工及修理工，從事精密儀器或光學設備等修理工作。,,建議取得勞動部「數位電子」或「儀表電子」相關技術士證
,,,,電子設備裝修技術員,100208,具備電子設備維護測試實務經驗，熟悉維修流程與測試規範，適合擔任電子設備裝修技術員，從事電子設備維修與保養工作。,,建議取得勞動部「儀表電子」或「視聽電子」等相關技術士證
,,,09品管/製造/環衛,廠務,090220,具備場地設備管理實務經驗，熟悉環境巡檢規範及設備維護機制，適合擔任廠務；從事廠房機具設施管理工作。,,
,,,,品管測試技術員,090103,因具備依技術手冊執行檢查測試實務經驗，熟悉品管作業流程及預防矯正規範，適合擔任為品管測試技術員，從事品管測試或機台校正等相關工作。,,建議取得中華民國品質學會「品質工程師認證」（經濟部認可）
照相設備修護士,4C954,"1.攝影設備維護
1.1執行攝影設備定期檢查與保養。
1.2維持設備穩定運作與性能。
1.3提升設備使用可靠度。
2.設備維修與校驗
2.1進行設備故障診斷與修理。
2.2執行設備校正與性能測試。
2.3確保設備精準度符合規範。
3.安裝與功能測試
3.1執行設備拆裝與安裝作業。
3.2檢查設備運作準確性。
3.3協助設備投入正常使用。",10技術/維修/操作,精密儀器製造工及修理工,100203,因具備精密設備檢修測試實務經驗，熟悉檢測流程及校調作業，適合擔任精密儀器製造工及修理工，從事精密儀器或光學設備等修理工作。,,建議取得勞動部「數位電子」或「儀表電子」相關技術士證
,,,,電子設備裝修技術員,100208,具備電子設備維護測試實務經驗，熟悉維修流程與測試規範，適合擔任電子設備裝修技術員，從事電子設備維修與保養工作。,,建議取得勞動部「儀表電子」或「視聽電子」等相關技術士證
,,,09品管/製造/環衛,品管測試技術員,090103,因具備依技術手冊執行檢查測試實務經驗，熟悉品管作業流程及預防矯正規範，適合擔任為品管測試技術員，從事品管測試或機台校正等相關工作。,,建議取得中華民國品質學會「品質工程師認證」（經濟部認可）
,,,,廠務,090220,具備場地設備管理實務經驗，熟悉環境巡檢規範及設備維護機制，適合擔任廠務；從事廠房機具設施管理工作。,,
電戰裝備修護督導士,4G296,"1.電子系統維護管理
1.1督導電子設備保養與維修。
1.2執行設備拆裝與系統維護。
1.3確保設備穩定運作。
2.測試與故障排除
2.1執行設備功能測試與檢查。
2.2分析系統異常與故障原因。
2.3提升設備可靠度與效能。
3.品質與作業管理
3.1督導維修流程與技術作業。
3.2執行品質控管與安全檢查。
3.3建立標準作業管理制度。",10技術/維修/操作,電機技術人員,100102,具備機電設備檢修測試及故障排除實務經驗，熟悉電機運作原理與作業安全規範，適合擔任電機技術人員，從事電機設備維護與檢修工作。,,建議取得勞動部「室內配線」或「工業配線」等相關技術士證，
,,,,精密儀器製造工及修理工,100203,因具備精密設備檢修測試實務經驗，熟悉檢測流程及校調作業，適合擔任精密儀器製造工及修理工，從事精密儀器或光學設備等修理工作。,,建議取得勞動部「數位電子」或「儀表電子」相關技術士證
,,,,電子設備裝修技術員,100208,具備電子設備維護測試實務經驗，熟悉維修流程與測試規範，適合擔任電子設備裝修技術員，從事電子設備維修與保養工作。,,建議取得勞動部「儀表電子」或「視聽電子」等相關技術士證
,,,,通訊產品維修人員,100210,因具備精密設備檢修測試實務經驗，熟悉檢測流程及校調作業，適合擔任通訊產品維修人員，從事精密儀器或光學設備等修理工作。,,建議取得勞動部「數位電子」或「儀表電子」等相關技術士證
,,,09品管/製造/環衛,廠務,090220,具備場地設備管理實務經驗，熟悉環境巡檢規範及設備維護機制，適合擔任廠務；從事廠房機具設施管理工作。,,
,,,,品管測試技術員,090103,因具備依技術手冊執行檢查測試實務經驗，熟悉品管作業流程及預防矯正規範，適合擔任為品管測試技術員，從事品管測試或機台校正等相關工作。,,建議取得中華民國品質學會「品質工程師認證」（經濟部認可）
飛機儀電修護督導士,4G176,"1.檢查與修理飛機儀表
1.1指導人員依手冊檢查與測試各式儀表功能。
1.2稽核修理作業，確認依規範完成維修與校正。
2.管理儀表修理工具與裝備
2.1制定工具與檢測設備之保養計畫並監督執行。
2.2確認檢測儀器定期校正與功能正常。
3.管控器材存量與物料
3.1建立並維護工作間器材存量紀錄。
3.2規劃器材需求與補充，避免影響修護進度。",10技術/維修/操作,飛機裝修人員,100202,具備航空器檢修及設備測試實務經驗，熟悉飛機修護流程與技術檢查機制適合擔任飛機裝修人員；應具備交通部民航局「航空維修員檢定證」，從事從事航空器維修與保養工作。,,
,,,,電機技術人員,100102,具備機電設備檢修測試及故障排除實務經驗，熟悉電機運作原理與作業安全規範，適合擔任電機技術人員，從事電機設備維護與檢修工作。,,建議取得勞動部「室內配線」或「工業配線」等相關技術士證，
,,,,精密儀器製造工及修理工,100203,因具備精密設備檢修測試實務經驗，熟悉檢測流程及校調作業，適合擔任精密儀器製造工及修理工，從事精密儀器或光學設備等修理工作。,,建議取得勞動部「數位電子」或「儀表電子」相關技術士證
,,,,電子設備裝修技術員,100208,具備電子設備維護測試實務經驗，熟悉維修流程與測試規範，適合擔任電子設備裝修技術員，從事電子設備維修與保養工作。,,建議取得勞動部「儀表電子」或「視聽電子」等相關技術士證
,,,,通訊產品維修人員,100210,因具備精密設備檢修測試實務經驗，熟悉檢測流程及校調作業，適合擔任通訊產品維修人員，從事精密儀器或光學設備等修理工作。,,建議取得勞動部「數位電子」或「儀表電子」等相關技術士證
,,,09品管/製造/環衛,廠務,090220,具備場地設備管理實務經驗，熟悉環境巡檢規範及設備維護機制，適合擔任廠務；從事廠房機具設施管理工作。,,
,,,,品管測試技術員,090103,因具備依技術手冊執行檢查測試實務經驗，熟悉品管作業流程及預防矯正規範，適合擔任為品管測試技術員，從事品管測試或機台校正等相關工作。,,建議取得中華民國品質學會「品質工程師認證」（經濟部認可）
飛機電器修護士,4G185,"1.實施飛機電氣系統檢查與試驗
1.1依維修手冊執行電氣系統檢查、測試與校正。
1.2辨識並更換異常組件，恢復系統功能。
2.執行附屬電器維修與故障排除
2.1檢查與修理附屬電器設備，確保功能正常。
2.2進行故障診斷與排除，完成維修作業。",10技術/維修/操作,電機技術人員,100102,具備機電設備檢修測試及故障排除實務經驗，熟悉電機運作原理與作業安全規範，適合擔任電機技術人員，從事電機設備維護與檢修工作。,,建議取得勞動部「室內配線」或「工業配線」等相關技術士證，
,,,,飛機裝修人員,100202,具備航空器檢修及設備測試實務經驗，熟悉飛機修護流程與技術檢查機制適合擔任飛機裝修人員；應具備交通部民航局「航空維修員檢定證」，從事從事航空器維修與保養工作。,,
,,,,精密儀器製造工及修理工,100203,因具備精密設備檢修測試實務經驗，熟悉檢測流程及校調作業，適合擔任精密儀器製造工及修理工，從事精密儀器或光學設備等修理工作。,,建議取得勞動部「數位電子」或「儀表電子」相關技術士證
,,,,電子設備裝修技術員,100208,具備電子設備維護測試實務經驗，熟悉維修流程與測試規範，適合擔任電子設備裝修技術員，從事電子設備維修與保養工作。,,建議取得勞動部「儀表電子」或「視聽電子」等相關技術士證
,,,,通訊產品維修人員,100210,因具備精密設備檢修測試實務經驗，熟悉檢測流程及校調作業，適合擔任通訊產品維修人員，從事精密儀器或光學設備等修理工作。,,建議取得勞動部「數位電子」或「儀表電子」等相關技術士證
,,,09品管/製造/環衛,廠務,090220,具備場地設備管理實務經驗，熟悉環境巡檢規範及設備維護機制，適合擔任廠務；從事廠房機具設施管理工作。,,
,,,,品管測試技術員,090103,因具備依技術手冊執行檢查測試實務經驗，熟悉品管作業流程及預防矯正規範，適合擔任為品管測試技術員，從事品管測試或機台校正等相關工作。,,建議取得中華民國品質學會「品質工程師認證」（經濟部認可）
整合空用電子修護督導士,4G196,"1.電子系統維護管理
1.1督導電子設備保養與修護作業。
1.2執行設備拆裝與系統維護。
1.3確保設備穩定與正常運作。
2.系統整合與測試
2.1執行電子系統功能測試。
2.2進行設備整合與相容性驗證。
2.3提升系統效能與可靠度。
3.品質與流程管理
3.1督導維修流程與技術作業。
3.2執行品質控管與安全檢查。
3.3建立標準化維修管理制度。",10技術/維修/操作,電機技術人員,100102,具備機電設備檢修測試及故障排除實務經驗，熟悉電機運作原理與作業安全規範，適合擔任電機技術人員，從事電機設備維護與檢修工作。,,建議取得勞動部「室內配線」或「工業配線」等相關技術士證，
,,,,飛機裝修人員,100202,具備航空器檢修及設備測試實務經驗，熟悉飛機修護流程與技術檢查機制適合擔任飛機裝修人員；應具備交通部民航局「航空維修員檢定證」，從事從事航空器維修與保養工作。,,
,,,,精密儀器製造工及修理工,100203,因具備精密設備檢修測試實務經驗，熟悉檢測流程及校調作業，適合擔任精密儀器製造工及修理工，從事精密儀器或光學設備等修理工作。,,建議取得勞動部「數位電子」或「儀表電子」相關技術士證
,,,,電子設備裝修技術員,100208,具備電子設備維護測試實務經驗，熟悉維修流程與測試規範，適合擔任電子設備裝修技術員，從事電子設備維修與保養工作。,,建議取得勞動部「儀表電子」或「視聽電子」等相關技術士證
,,,,通訊產品維修人員,100210,因具備精密設備檢修測試實務經驗，熟悉檢測流程及校調作業，適合擔任通訊產品維修人員，從事精密儀器或光學設備等修理工作。,,建議取得勞動部「數位電子」或「儀表電子」等相關技術士證
,,,09品管/製造/環衛,廠務,090220,具備場地設備管理實務經驗，熟悉環境巡檢規範及設備維護機制，適合擔任廠務；從事廠房機具設施管理工作。,,
,,,,品管測試技術員,090103,因具備依技術手冊執行檢查測試實務經驗，熟悉品管作業流程及預防矯正規範，適合擔任為品管測試技術員，從事品管測試或機台校正等相關工作。,,建議取得中華民國品質學會「品質工程師認證」（經濟部認可）
空用無線電修護督導士,4G216,"1.通訊設備維護管理
1.1督導無線電設備保養與修護。
1.2執行設備拆裝與系統維護。
1.3確保通訊系統穩定運作。
2.測試與故障排除
2.1執行通訊設備功能測試。
2.2分析訊號異常與故障原因。
2.3提升設備可靠度與通訊品質。
3.品質與作業管理
3.1督導維修流程與技術作業。
3.2執行品質與安全檢查。
3.3建立標準化維修管理制度。",10技術/維修/操作,電機技術人員,100102,具備機電設備檢修測試及故障排除實務經驗，熟悉電機運作原理與作業安全規範，適合擔任電機技術人員，從事電機設備維護與檢修工作。,,建議取得勞動部「室內配線」或「工業配線」等相關技術士證，
,,,,精密儀器製造工及修理工,100203,因具備精密設備檢修測試實務經驗，熟悉檢測流程及校調作業，適合擔任精密儀器製造工及修理工，從事精密儀器或光學設備等修理工作。,,建議取得勞動部「數位電子」或「儀表電子」相關技術士證
,,,,電子設備裝修技術員,100208,具備電子設備維護測試實務經驗，熟悉維修流程與測試規範，適合擔任電子設備裝修技術員，從事電子設備維修與保養工作。,,建議取得勞動部「儀表電子」或「視聽電子」等相關技術士證
,,,,通訊產品維修人員,100210,因具備精密設備檢修測試實務經驗，熟悉檢測流程及校調作業，適合擔任通訊產品維修人員，從事精密儀器或光學設備等修理工作。,,建議取得勞動部「數位電子」或「儀表電子」等相關技術士證
,,,09品管/製造/環衛,廠務,090220,具備場地設備管理實務經驗，熟悉環境巡檢規範及設備維護機制，適合擔任廠務；從事廠房機具設施管理工作。,,
,,,,品管測試技術員,090103,因具備依技術手冊執行檢查測試實務經驗，熟悉品管作業流程及預防矯正規範，適合擔任為品管測試技術員，從事品管測試或機台校正等相關工作。,,建議取得中華民國品質學會「品質工程師認證」（經濟部認可）
空用電子設備修護督導士,4G206,"1.督導電子設備維修作業
1.1指導人員依技術文件執行設備檢修與更換。
1.2稽核維修流程，確認作業符合規範與品質要求
2.監督檢查與測試程序
2.1監督設備功能檢測，確保性能正常運作。
2.2驗證檢測數據，提出修正或改進建議。",10技術/維修/操作,電機技術人員,100102,具備機電設備檢修測試及故障排除實務經驗，熟悉電機運作原理與作業安全規範，適合擔任電機技術人員，從事電機設備維護與檢修工作。,,建議取得勞動部「室內配線」或「工業配線」等相關技術士證，
,,,,飛機裝修人員,100202,具備航空器檢修及設備測試實務經驗，熟悉飛機修護流程與技術檢查機制適合擔任飛機裝修人員；應具備交通部民航局「航空維修員檢定證」，從事從事航空器維修與保養工作。,,
,,,,精密儀器製造工及修理工,100203,因具備精密設備檢修測試實務經驗，熟悉檢測流程及校調作業，適合擔任精密儀器製造工及修理工，從事精密儀器或光學設備等修理工作。,,建議取得勞動部「數位電子」或「儀表電子」相關技術士證
,,,,電子設備裝修技術員,100208,具備電子設備維護測試實務經驗，熟悉維修流程與測試規範，適合擔任電子設備裝修技術員，從事電子設備維修與保養工作。,,建議取得勞動部「儀表電子」或「視聽電子」等相關技術士證
,,,,通訊產品維修人員,100210,因具備精密設備檢修測試實務經驗，熟悉檢測流程及校調作業，適合擔任通訊產品維修人員，從事精密儀器或光學設備等修理工作。,,建議取得勞動部「數位電子」或「儀表電子」等相關技術士證
,,,09品管/製造/環衛,廠務,090220,具備場地設備管理實務經驗，熟悉環境巡檢規範及設備維護機制，適合擔任廠務；從事廠房機具設施管理工作。,,
,,,,品管測試技術員,090103,因具備依技術手冊執行檢查測試實務經驗，熟悉品管作業流程及預防矯正規範，適合擔任為品管測試技術員，從事品管測試或機台校正等相關工作。,,建議取得中華民國品質學會「品質工程師認證」（經濟部認可）
飛機配造修護督導士,4G246,"1.督導金屬與橡膠零件製造與修理
1.1指導人員執行金屬與橡膠零組件之加工、修理與裝配
1.2稽核製造與維修流程，確認作業依技術文件規範進行。
2.督導複合材料結構修理
2.1監督複合材料物件之檢查、修復與更換。
2.2驗證修復成果，確保品質符合使用與安全標準。",10技術/維修/操作,飛機裝修人員,100202,具備航空器檢修及設備測試實務經驗，熟悉飛機修護流程與技術檢查機制適合擔任飛機裝修人員；應具備交通部民航局「航空維修員檢定證」，從事從事航空器維修與保養工作。,,
,,,,板金技術員,100120,具備金屬零件製造實務經驗，熟悉板金流程與設備操作，適合擔任板金技術員，從事製作、裝配，及修理各種板金工件之工作。,,建議取得勞動部「板金工」或「金屬成形」等相關技術士證
,,,,自動化機械加工技術人員,100106,具備機械設備拆裝維修及系統檢測分析實務經驗，熟悉機構運作原理，適合擔任自動化機械加工技術人員，從事自動化機械操作及維護等工作。,,建議取得勞動部「油壓」或「機械加工」等相關技術士證
,,,09品管/製造/環衛,廠務,090220,具備場地設備管理實務經驗，熟悉環境巡檢規範及設備維護機制，適合擔任廠務；從事廠房機具設施管理工作。,,
,,,,品管檢驗人員,090105,因具備依技術手冊執行檢查測試實務經驗，熟悉品管作業流程及預防矯正規範，適合擔任品管檢驗人員，從事依規格檢查成品，使其符合製造標準之工作。,,建議取得中華民國品質學會「品質工程師認證」（經濟部認可）
自動飛行操縱系統修護督導士,4G256,"1.督導系統檢查與維護
1.1指導人員依技術文件執行自動飛行操縱系統之檢查與保養。
1.2稽核檢測流程，確認設備功能符合規範與安全要求
2.監督拆裝與修理作業
2.1監督執行系統零組件之拆裝與修理，確保運作正常
2.2驗證維修與調整成果，確認系統性能符合使用標準",10技術/維修/操作,飛機裝修人員,100202,具備航空器檢修及設備測試實務經驗，熟悉飛機修護流程與技術檢查機制適合擔任飛機裝修人員；應具備交通部民航局「航空維修員檢定證」，從事從事航空器維修與保養工作。,,
,,,,電機技術人員,100102,具備機電設備檢修測試及故障排除實務經驗，熟悉電機運作原理與作業安全規範，適合擔任電機技術人員，從事電機設備維護與檢修工作。,,建議取得勞動部「室內配線」或「工業配線」等相關技術士證，
,,,,精密儀器製造工及修理工,100203,因具備精密設備檢修測試實務經驗，熟悉檢測流程及校調作業，適合擔任精密儀器製造工及修理工，從事精密儀器或光學設備等修理工作。,,建議取得勞動部「數位電子」或「儀表電子」相關技術士證
,,,,電子設備裝修技術員,100208,具備電子設備維護測試實務經驗，熟悉維修流程與測試規範，適合擔任電子設備裝修技術員，從事電子設備維修與保養工作。,,建議取得勞動部「儀表電子」或「視聽電子」等相關技術士證
,,,09品管/製造/環衛,廠務,090220,具備場地設備管理實務經驗，熟悉環境巡檢規範及設備維護機制，適合擔任廠務；從事廠房機具設施管理工作。,,
,,,,品管測試技術員,090103,因具備依技術手冊執行檢查測試實務經驗，熟悉品管作業流程及預防矯正規範，適合擔任為品管測試技術員，從事品管測試或機台校正等相關工作。,,建議取得中華民國品質學會「品質工程師認證」（經濟部認可）
空勤機械督導士,4G335,"1.督導檢查飛機警示系統與操控裝置
1.1依技術文件檢查各項警示系統與操縱裝置。
1.2稽核檢查流程與結果，確認功能正常並符合規範。
2.計算與管制載重平衡
2.1計算飛機載重與重心位置，確認符合操作安全標準。
2.2管制與紀錄載重配置，確保平衡數據正確可追溯。",10技術/維修/操作,飛機裝修人員,100202,具備航空器檢修及設備測試實務經驗，熟悉飛機修護流程與技術檢查機制適合擔任飛機裝修人員；應具備交通部民航局「航空維修員檢定證」，從事從事航空器維修與保養工作。,,
,,,,電機技術人員,100102,具備航空器檢修及設備測試實務經驗，熟悉飛機修護流程與技術檢查機制適合擔任飛機裝修人員；應具備交通部民航局「航空維修員檢定證」，從事從事航空器維修與保養工作。,,
,,,,電子設備裝修技術員,100208,具備電子設備維護測試實務經驗，熟悉維修流程與測試規範，適合擔任電子設備裝修技術員，從事電子設備維修與保養工作。,,建議取得勞動部「儀表電子」或「視聽電子」等相關技術士證
,,,09品管/製造/環衛,廠務,090220,具備場地設備管理實務經驗，熟悉環境巡檢規範及設備維護機制，適合擔任廠務；從事廠房機具設施管理工作。,,
,,,,品管檢驗人員,090105,因具備依技術手冊執行檢查測試實務經驗，熟悉品管作業流程及預防矯正規範，適合擔任品管檢驗人員，從事依規格檢查成品，使其符合製造標準之工作。,,建議取得中華民國品質學會「品質工程師認證」（經濟部認可）
飛機個裝修護督導士,4G536,"1.防護與維護系統
1.1執行飛行人員防護與維持系統檢查與保養。
1.2確保系統功能正常與安全性。
1.3管理維護週期與使用穩定性。
2.材料加工與修護
2.1執行橡膠、皮革、帆布材料加工與修補。
2.2進行零件修復與替換作業。
2.3提升材料耐用性與可靠性。
3.作業管理與品質控管
3.1督導維護與修護流程。
3.2建立技術與品質標準。
3.3確保作業安全與一致性。",10技術/維修/操作,橡膠製品技術人員,100307,具備橡膠製品製實務經驗，熟悉材料特性與製作流程，適合擔任橡膠製品技術人員；從事橡膠製品加工與維修工作。,,
,,,,車縫／裁縫類人員,100314,具備皮革帆布製作、裝備修補維護及材料加工等實務經驗，熟悉車縫作業流程，適合擔任車縫／裁縫類人員，從事布料與皮革製品加工。,,建議取得勞動部「女裝」技術士證
,,,09品管/製造/環衛,廠務,090220,具備場地設備管理實務經驗，熟悉環境巡檢規範及設備維護機制，適合擔任廠務；從事廠房機具設施管理工作。,,
,,,,品管檢驗人員,090105,因具備依技術手冊執行檢查測試實務經驗，熟悉品管作業流程及預防矯正規範，適合擔任品管檢驗人員，從事依規格檢查成品，使其符合製造標準之工作。,,建議取得中華民國品質學會「品質工程師認證」（經濟部認可）
飛彈發射系統修護兵,4D113,"1.設備操作與基本維護
1.1執行設備操作與例行檢查，確保功能正常。
1.2進行日常保養與清潔，維持設備運作穩定。
2.設備修理與保養
2.1協助進行零組件維修與更換，排除異常狀況。
2.2紀錄維修與保養結果，確保追溯與品質管制。",10技術/維修/操作,自動化機械加工技術人員,100106,具備機械設備拆裝維修及系統檢測分析實務經驗，熟悉機構運作原理，適合擔任自動化機械加工技術人員，從事自動化機械操作及維護等工作。,,建議取得勞動部「油壓」或「機械加工」等相關技術士證
,,,,精密儀器製造工及修理工,100203,因具備精密設備檢修測試實務經驗，熟悉檢測流程及校調作業，適合擔任精密儀器製造工及修理工，從事精密儀器或光學設備等修理工作。,,建議取得勞動部「數位電子」或「儀表電子」相關技術士證
,,,,電機技術人員,100102,具備機電設備檢修測試及故障排除實務經驗，熟悉電機運作原理與作業安全規範，適合擔任電機技術人員，從事電機設備維護與檢修工作。,,建議取得勞動部「室內配線」或「工業配線」等相關技術士證，
,,,,電子設備裝修技術員,100208,具備電子設備維護測試實務經驗，熟悉維修流程與測試規範，適合擔任電子設備裝修技術員，從事電子設備維修與保養工作。,,建議取得勞動部「儀表電子」或「視聽電子」等相關技術士證
,,,09品管/製造/環衛,廠務助理,090214,具備場地設備管理實務經驗，熟悉環境巡檢規範及設備維護機制，適合擔任廠務助理；從事廠房機具設施管理工作。,,
,,,,品管測試技術員,090103,因具備依技術手冊執行檢查測試實務經驗，熟悉品管作業流程及預防矯正規範，適合擔任為品管測試技術員，從事品管測試或機台校正等相關工作。,,建議取得中華民國品質學會「品質工程師認證」（經濟部認可）
飛彈發射系統修護技術士,4D116,"1.系統維護與修護
1.1執行發射系統操作與維護。
1.2進行設備檢修與修復作業。
1.3確保系統穩定運作與可靠性。
2.系統測試與整合
2.1執行系統連結測試與驗證。
2.2進行功能檢查與異常分析。
2.3提升系統整合與運作效能。
3.測試設備維護管理
3.1操作與維護電子測試儀器。
3.2執行設備保養與校驗作業。
3.3確保測試結果準確可靠。",10技術/維修/操作,精密儀器製造工及修理工,100203,因具備精密設備檢修測試實務經驗，熟悉檢測流程及校調作業，適合擔任精密儀器製造工及修理工，從事精密儀器或光學設備等修理工作。,,建議取得勞動部「數位電子」或「儀表電子」相關技術士證
,,,,自動化機械加工技術人員,100106,具備機械設備拆裝維修及系統檢測分析實務經驗，熟悉機構運作原理，適合擔任自動化機械加工技術人員，從事自動化機械操作及維護等工作。,,建議取得勞動部「油壓」或「機械加工」等相關技術士證
,,,,電機技術人員,100102,具備機電設備檢修測試及故障排除實務經驗，熟悉電機運作原理與作業安全規範，適合擔任電機技術人員，從事電機設備維護與檢修工作。,,建議取得勞動部「室內配線」或「工業配線」等相關技術士證，
,,,,電子設備裝修技術員,100208,具備電子設備維護測試實務經驗，熟悉維修流程與測試規範，適合擔任電子設備裝修技術員，從事電子設備維修與保養工作。,,建議取得勞動部「儀表電子」或「視聽電子」等相關技術士證
,,,09品管/製造/環衛,廠務,090220,具備場地設備管理實務經驗，熟悉環境巡檢規範及設備維護機制，適合擔任廠務；從事廠房機具設施管理工作。,,
,,,,品管測試技術員,090103,因具備依技術手冊執行檢查測試實務經驗，熟悉品管作業流程及預防矯正規範，適合擔任為品管測試技術員，從事品管測試或機台校正等相關工作。,,建議取得中華民國品質學會「品質工程師認證」（經濟部認可）
飛彈發射系統修護士,4D136,"1.設備操作與維護
1.1執行設備日常操作、檢查與保養，確保功能正常。
1.2進行零組件維修與檢修，必要時送修或翻修。
2.檢測儀器操作與保養
2.1使用電子檢測儀器進行測試與數據量測。
2.2執行儀器保養與校正，確保精度與可靠度。",10技術/維修/操作,自動化機械加工技術人員,100106,具備機械設備拆裝維修及系統檢測分析實務經驗，熟悉機構運作原理，適合擔任自動化機械加工技術人員，從事自動化機械操作及維護等工作。,,建議取得勞動部「油壓」或「機械加工」等相關技術士證
,,,,精密儀器製造工及修理工,100203,因具備精密設備檢修測試實務經驗，熟悉檢測流程及校調作業，適合擔任精密儀器製造工及修理工，從事精密儀器或光學設備等修理工作。,,建議取得勞動部「數位電子」或「儀表電子」相關技術士證
,,,,電機技術人員,100102,具備機電設備檢修測試及故障排除實務經驗，熟悉電機運作原理與作業安全規範，適合擔任電機技術人員，從事電機設備維護與檢修工作。,,建議取得勞動部「室內配線」或「工業配線」等相關技術士證，
,,,,電子設備裝修技術員,100208,具備電子設備維護測試實務經驗，熟悉維修流程與測試規範，適合擔任電子設備裝修技術員，從事電子設備維修與保養工作。,,建議取得勞動部「儀表電子」或「視聽電子」等相關技術士證
,,,09品管/製造/環衛,廠務,090220,具備場地設備管理實務經驗，熟悉環境巡檢規範及設備維護機制，適合擔任廠務；從事廠房機具設施管理工作。,,
,,,,品管測試技術員,090103,因具備依技術手冊執行檢查測試實務經驗，熟悉品管作業流程及預防矯正規範，適合擔任為品管測試技術員，從事品管測試或機台校正等相關工作。,,建議取得中華民國品質學會「品質工程師認證」（經濟部認可）
飛彈射控系統修護兵,4D213,"1.協助系統操作與檢查
1.1依技術文件協助進行系統操作與功能測試。
1.2協助完成系統檢查與記錄，發現異常即回報。
2.支援維修與保養
2.1配合人員進行系統保養、調整與校正作業。
2.2協助執行零組件檢修或更換，確保運作正常。",10技術/維修/操作,精密儀器製造工及修理工,100203,因具備精密設備檢修測試實務經驗，熟悉檢測流程及校調作業，適合擔任精密儀器製造工及修理工，從事精密儀器或光學設備等修理工作。,,建議取得勞動部「數位電子」或「儀表電子」相關技術士證
,,,,電機技術人員,100102,具備機電設備檢修測試及故障排除實務經驗，熟悉電機運作原理與作業安全規範，適合擔任電機技術人員，從事電機設備維護與檢修工作。,,建議取得勞動部「室內配線」或「工業配線」等相關技術士證，
,,,,通訊產品維修人員,100210,因具備精密設備檢修測試實務經驗，熟悉檢測流程及校調作業，適合擔任通訊產品維修人員，從事精密儀器或光學設備等修理工作。,,建議取得勞動部「數位電子」或「儀表電子」等相關技術士證
,,,,電子設備裝修技術員,100208,具備電子設備維護測試實務經驗，熟悉維修流程與測試規範，適合擔任電子設備裝修技術員，從事電子設備維修與保養工作。,,建議取得勞動部「儀表電子」或「視聽電子」等相關技術士證
,,,09品管/製造/環衛,廠務助理,090214,具備場地設備管理實務經驗，熟悉環境巡檢規範及設備維護機制，適合擔任廠務助理；從事廠房機具設施管理工作。,,
,,,,品管測試技術員,090103,因具備依技術手冊執行檢查測試實務經驗，熟悉品管作業流程及預防矯正規範，適合擔任為品管測試技術員，從事品管測試或機台校正等相關工作。,,建議取得中華民國品質學會「品質工程師認證」（經濟部認可）
飛彈射控系統修護技術士,4D216,"1.系統測試與翻修
1.1執行各系統間之連結測試，確認系統功能正常。
1.2進行全面翻修作業，恢復設備運作效能。
2.測試儀器操作與保養
2.1使用電子測試儀器進行檢測與驗證作業。
2.2執行儀器保養與校正，確保檢測精度與可靠性",10技術/維修/操作,精密儀器製造工及修理工,100203,因具備精密設備檢修測試實務經驗，熟悉檢測流程及校調作業，適合擔任精密儀器製造工及修理工，從事精密儀器或光學設備等修理工作。,,建議取得勞動部「數位電子」或「儀表電子」相關技術士證
,,,,電機技術人員,100102,具備機電設備檢修測試及故障排除實務經驗，熟悉電機運作原理與作業安全規範，適合擔任電機技術人員，從事電機設備維護與檢修工作。,,建議取得勞動部「室內配線」或「工業配線」等相關技術士證，
,,,,通訊產品維修人員,100210,因具備精密設備檢修測試實務經驗，熟悉檢測流程及校調作業，適合擔任通訊產品維修人員，從事精密儀器或光學設備等修理工作。,,建議取得勞動部「數位電子」或「儀表電子」等相關技術士證
,,,,電子設備裝修技術員,100208,具備電子設備維護測試實務經驗，熟悉維修流程與測試規範，適合擔任電子設備裝修技術員，從事電子設備維修與保養工作。,,建議取得勞動部「儀表電子」或「視聽電子」等相關技術士證
,,,09品管/製造/環衛,廠務,090220,具備場地設備管理實務經驗，熟悉環境巡檢規範及設備維護機制，適合擔任廠務；從事廠房機具設施管理工作。,,
,,,,品管測試技術員,090103,因具備依技術手冊執行檢查測試實務經驗，熟悉品管作業流程及預防矯正規範，適合擔任為品管測試技術員，從事品管測試或機台校正等相關工作。,,建議取得中華民國品質學會「品質工程師認證」（經濟部認可）
飛彈射控系統修護士,4D236,"1.系統測試與保修
1.1執行各系統間之連結測試，確認系統協同運作。
1.2進行進階保修作業，確保設備維持正常功能。
2.測試儀器操作與維護
2.1使用電子測試儀器進行功能檢測與數據記錄。
2.2執行儀器保養與校正，維持檢測準確性。",10技術/維修/操作,精密儀器製造工及修理工,100203,因具備精密設備檢修測試實務經驗，熟悉檢測流程及校調作業，適合擔任精密儀器製造工及修理工，從事精密儀器或光學設備等修理工作。,,建議取得勞動部「數位電子」或「儀表電子」相關技術士證
,,,,電機技術人員,100102,具備機電設備檢修測試及故障排除實務經驗，熟悉電機運作原理與作業安全規範，適合擔任電機技術人員，從事電機設備維護與檢修工作。,,建議取得勞動部「室內配線」或「工業配線」等相關技術士證，
,,,,通訊產品維修人員,100210,因具備精密設備檢修測試實務經驗，熟悉檢測流程及校調作業，適合擔任通訊產品維修人員，從事精密儀器或光學設備等修理工作。,,建議取得勞動部「數位電子」或「儀表電子」等相關技術士證
,,,,電子設備裝修技術員,100208,具備電子設備維護測試實務經驗，熟悉維修流程與測試規範，適合擔任電子設備裝修技術員，從事電子設備維修與保養工作。,,建議取得勞動部「儀表電子」或「視聽電子」等相關技術士證
,,,09品管/製造/環衛,廠務,090220,具備場地設備管理實務經驗，熟悉環境巡檢規範及設備維護機制，適合擔任廠務；從事廠房機具設施管理工作。,,
,,,,品管測試技術員,090103,因具備依技術手冊執行檢查測試實務經驗，熟悉品管作業流程及預防矯正規範，適合擔任為品管測試技術員，從事品管測試或機台校正等相關工作。,,建議取得中華民國品質學會「品質工程師認證」（經濟部認可）
飛彈訓練儀系統修護技術士,4D316,"1.系統翻修與維護
1.1執行系統測試裝備之全面翻修作業。
1.2進行零組件更換與修復，確保裝備效能恢復。
2.測試儀器操作與保養
2.1使用電子測試儀器進行系統檢測與功能驗證。
2.2執行儀器保養與校正，維持檢測精度與可靠性。",10技術/維修/操作,精密儀器製造工及修理工,100203,因具備精密設備檢修測試實務經驗，熟悉檢測流程及校調作業，適合擔任精密儀器製造工及修理工，從事精密儀器或光學設備等修理工作。,,建議取得勞動部「數位電子」或「儀表電子」相關技術士證
,,,,電機技術人員,100102,具備機電設備檢修測試及故障排除實務經驗，熟悉電機運作原理與作業安全規範，適合擔任電機技術人員，從事電機設備維護與檢修工作。,,建議取得勞動部「室內配線」或「工業配線」等相關技術士證，
,,,,通訊產品維修人員,100210,因具備精密設備檢修測試實務經驗，熟悉檢測流程及校調作業，適合擔任通訊產品維修人員，從事精密儀器或光學設備等修理工作。,,建議取得勞動部「數位電子」或「儀表電子」等相關技術士證
,,,,電子設備裝修技術員,100208,具備電子設備維護測試實務經驗，熟悉維修流程與測試規範，適合擔任電子設備裝修技術員，從事電子設備維修與保養工作。,,建議取得勞動部「儀表電子」或「視聽電子」等相關技術士證
,,,09品管/製造/環衛,廠務,090220,具備場地設備管理實務經驗，熟悉環境巡檢規範及設備維護機制，適合擔任廠務；從事廠房機具設施管理工作。,,
,,,,品管測試技術員,090103,因具備依技術手冊執行檢查測試實務經驗，熟悉品管作業流程及預防矯正規範，適合擔任為品管測試技術員，從事品管測試或機台校正等相關工作。,,建議取得中華民國品質學會「品質工程師認證」（經濟部認可）
飛彈訓練儀系統修護士,4D326,"1.系統保修與測試
1.1執行裝備系統測試及裝備保修作業。
1.2進行測試檢查，確認系統功能正常。
2.測試儀器操作與保養
2.1使用電子測試儀器進行功能檢測與數據量測。
2.2執行儀器維護與校正，確保檢測結果準確。",10技術/維修/操作,精密儀器製造工及修理工,100203,因具備精密設備檢修測試實務經驗，熟悉檢測流程及校調作業，適合擔任精密儀器製造工及修理工，從事精密儀器或光學設備等修理工作。,,建議取得勞動部「數位電子」或「儀表電子」相關技術士證
,,,,電機技術人員,100102,具備機電設備檢修測試及故障排除實務經驗，熟悉電機運作原理與作業安全規範，適合擔任電機技術人員，從事電機設備維護與檢修工作。,,建議取得勞動部「室內配線」或「工業配線」等相關技術士證，
,,,,通訊產品維修人員,100210,因具備精密設備檢修測試實務經驗，熟悉檢測流程及校調作業，適合擔任通訊產品維修人員，從事精密儀器或光學設備等修理工作。,,建議取得勞動部「數位電子」或「儀表電子」等相關技術士證
,,,,電子設備裝修技術員,100208,具備電子設備維護測試實務經驗，熟悉維修流程與測試規範，適合擔任電子設備裝修技術員，從事電子設備維修與保養工作。,,建議取得勞動部「儀表電子」或「視聽電子」等相關技術士證
,,,09品管/製造/環衛,廠務,090220,具備場地設備管理實務經驗，熟悉環境巡檢規範及設備維護機制，適合擔任廠務；從事廠房機具設施管理工作。,,
,,,,品管測試技術員,090103,因具備依技術手冊執行檢查測試實務經驗，熟悉品管作業流程及預防矯正規範，適合擔任為品管測試技術員，從事品管測試或機台校正等相關工作。,,建議取得中華民國品質學會「品質工程師認證」（經濟部認可）
飛彈訓練儀系統修護兵,4D313,"1.裝備檢修協助
1.1協助裝備各系統之檢查與維修。
1.2協助執行裝備保養與功能測試，確保運作正常。
2.測試支援作業
2.1協助操作與現場測試裝備。
2.2協助故障排除與檢測，支援檢修流程。",10技術/維修/操作,精密儀器製造工及修理工,100203,因具備精密設備檢修測試實務經驗，熟悉檢測流程及校調作業，適合擔任精密儀器製造工及修理工，從事精密儀器或光學設備等修理工作。,,建議取得勞動部「數位電子」或「儀表電子」相關技術士證
,,,,電機技術人員,100102,具備機電設備檢修測試及故障排除實務經驗，熟悉電機運作原理與作業安全規範，適合擔任電機技術人員，從事電機設備維護與檢修工作。,,建議取得勞動部「室內配線」或「工業配線」等相關技術士證，
,,,,通訊產品維修人員,100210,因具備精密設備檢修測試實務經驗，熟悉檢測流程及校調作業，適合擔任通訊產品維修人員，從事精密儀器或光學設備等修理工作。,,建議取得勞動部「數位電子」或「儀表電子」等相關技術士證
,,,,電子設備裝修技術員,100208,具備電子設備維護測試實務經驗，熟悉維修流程與測試規範，適合擔任電子設備裝修技術員，從事電子設備維修與保養工作。,,建議取得勞動部「儀表電子」或「視聽電子」等相關技術士證
,,,09品管/製造/環衛,廠務助理,090214,具備場地設備管理實務經驗，熟悉環境巡檢規範及設備維護機制，適合擔任廠務助理；從事廠房機具設施管理工作。,,
,,,,品管測試技術員,090103,因具備依技術手冊執行檢查測試實務經驗，熟悉品管作業流程及預防矯正規範，適合擔任為品管測試技術員，從事品管測試或機台校正等相關工作。,,建議取得中華民國品質學會「品質工程師認證」（經濟部認可）
飛彈訓練儀系統保養士,4D314,"1.系統檢查與保養
1.1執行訓練模擬系統之檢測與例行保養，確保正常運作。
1.2進行裝備維修與測試，排除異常狀況。
2.檢測儀器操作與維護
2.1使用電子測試儀器進行功能檢測與數據量測。
2.2執行儀器清潔與校正，保持檢測精度與可靠性。",10技術/維修/操作,精密儀器製造工及修理工,100203,因具備精密設備檢修測試實務經驗，熟悉檢測流程及校調作業，適合擔任精密儀器製造工及修理工，從事精密儀器或光學設備等修理工作。,,建議取得勞動部「數位電子」或「儀表電子」相關技術士證
,,,,電機技術人員,100102,具備機電設備檢修測試及故障排除實務經驗，熟悉電機運作原理與作業安全規範，適合擔任電機技術人員，從事電機設備維護與檢修工作。,,建議取得勞動部「室內配線」或「工業配線」等相關技術士證，
,,,,通訊產品維修人員,100210,因具備精密設備檢修測試實務經驗，熟悉檢測流程及校調作業，適合擔任通訊產品維修人員，從事精密儀器或光學設備等修理工作。,,建議取得勞動部「數位電子」或「儀表電子」等相關技術士證
,,,,電子設備裝修技術員,100208,具備電子設備維護測試實務經驗，熟悉維修流程與測試規範，適合擔任電子設備裝修技術員，從事電子設備維修與保養工作。,,建議取得勞動部「儀表電子」或「視聽電子」等相關技術士證
,,,09品管/製造/環衛,廠務,090220,具備場地設備管理實務經驗，熟悉環境巡檢規範及設備維護機制，適合擔任廠務；從事廠房機具設施管理工作。,,
,,,,品管測試技術員,090103,因具備依技術手冊執行檢查測試實務經驗，熟悉品管作業流程及預防矯正規範，適合擔任為品管測試技術員，從事品管測試或機台校正等相關工作。,,建議取得中華民國品質學會「品質工程師認證」（經濟部認可）
光學儀器保修督導士,4D506,"1.設備維護作業
1.1執行設備檢查與保養作業。
1.2維持設備正常運作與穩定性。
1.3提升設備使用效率與壽命。
2.維修輔導與技術支援
2.1提供設備維護技術指導。
2.2協助標準維修流程執行。
2.3提升整體維修品質一致性。
3.設備與資源管理
3.1管理維修設備與工具資源。
3.2調度維修支援與作業需求。
3.3提升作業效率與資源利用率。",10技術/維修/操作,精密儀器製造工及修理工,100203,因具備精密設備檢修測試實務經驗，熟悉檢測流程及校調作業，適合擔任精密儀器製造工及修理工，從事精密儀器修理工作。,,建議取得勞動部「數位電子」或「儀表電子」相關技術士證
,,,,電子設備裝修技術員,100208,具備電子設備維護測試實務經驗，熟悉維修流程與測試規範，適合擔任電子設備裝修技術員，從事電子設備維修與保養工作。,,建議取得勞動部「儀表電子」或「視聽電子」等相關技術士證
,,,09品管/製造/環衛,廠務,090220,具備場地設備管理實務經驗，熟悉環境巡檢規範及設備維護機制，適合擔任廠務；從事廠房機具設施管理工作。,,
,,,,品管測試技術員,090103,因具備依技術手冊執行檢查測試實務經驗，熟悉品管作業流程及預防矯正規範，適合擔任為品管測試技術員，從事品管測試或機台校正等相關工作。,,建議取得中華民國品質學會「品質工程師認證」（經濟部認可）
光學儀器保修兵,4D513,"1.設備基礎維護
1.1執行設備日常檢查與保養。
1.2維持設備基本運作狀態。
1.3協助延長設備使用壽命。
2.維修作業支援
2.1協助設備拆裝與維修作業。
2.2執行基礎故障排除。
2.3配合技術人員完成維修流程。
3.工具與資源管理
3.1使用與管理維修工具。
3.2協助設備調度與維護支援。
3.3提升作業效率與支援能力。",10技術/維修/操作,精密儀器製造工及修理工,100203,因具備精密設備檢修測試實務經驗，熟悉檢測流程及校調作業，適合擔任精密儀器製造工及修理工，從事精密儀器或光學設備等修理工作。,,建議取得勞動部「數位電子」或「儀表電子」相關技術士證
,,,,電子設備裝修技術員,100208,具備電子設備維護測試實務經驗，熟悉維修流程與測試規範，適合擔任電子設備裝修技術員，從事電子設備維修與保養工作。,,建議取得勞動部「儀表電子」或「視聽電子」等相關技術士證
,,,09品管/製造/環衛,廠務助理,090214,具備場地設備管理實務經驗，熟悉環境巡檢規範及設備維護機制，適合擔任廠務；從事廠房機具設施管理工作。,,
,,,,品管測試技術員,090103,因具備依技術手冊執行檢查測試實務經驗，熟悉品管作業流程及預防矯正規範，適合擔任為品管測試技術員，從事品管測試或機台校正等相關工作。,,建議取得中華民國品質學會「品質工程師認證」（經濟部認可）
消防士,4H584,"1.消防搶救與防範
1.1執行各類火災之撲滅與緊急搶救行動。
1.2協助火災防範措施之落實，降低風險發生。
2.消防器材使用與維護
2.1操作各類消防器材，確保功能發揮正常。
2.2執行器材檢查與保養，保持良好狀態。",09品管/製造/環衛18保全/軍警消,防火及建築檢驗人員,090305,因具備消防搶救實務經驗，熟悉消防設備操作及安檢規範，適合擔任防火及建築檢驗人員；應具備內政部消防署「消防設備士」資格，從事房屋、廠房或其他建築物防火系統檢驗工作。,,
,,,,職業安全衛生管理員,090301,因具備消防搶救實務經驗，熟悉消防設備操作及安檢規範，適合擔任職業安全衛生管理員；應具備勞動部「職業安全衛生管理乙級技術士證」，從事職業安全衛生規劃與推動相關工作。,,
,,,,廠務,090220,具備場地設備管理實務經驗，熟悉環境巡檢規範及設備維護機制，適合擔任廠務；從事廠房機具設施管理工作。,,
,,,,消防專業人員,180202,因具備消防搶救實務經驗，熟悉消防設備操作及安檢規範，適合擔任為消防專業人員；應具備內政部消防署「消防設備士」，從事消防專業相關工作。,,
,,,18保全/軍警消,場地管理人員,180107,因具備消防搶救實務經驗，熟悉消防設備操作及安檢規範，適合擔任為場地管理人員；從事大型場館之中央監控消防及空調水電設施等維管工作。,,
消防兵,4H581,"1.消防搶救作業
1.1執行各類火災現場之滅火與緊急搶救。
1.2協助人員撤離與現場安全管制。
2.消防設備操作與維護
2.1操作滅火器材，支援搶救行動。
2.2執行設備檢查與保養，保持功能正常。",09品管/製造/環衛,防火及建築檢驗人員,090305,因具備消防搶救實務經驗，熟悉消防設備操作及安檢規範，適合擔任防火及建築檢驗人員；應具備內政部消防署「消防設備士」資格，從事房屋、廠房或其他建築物防火系統檢驗工作。,,
,,,,職業安全衛生管理員,090301,因具備消防搶救實務經驗，熟悉消防設備操作及安檢規範，適合擔任職業安全衛生管理員；應具備勞動部「職業安全衛生管理乙級技術士證」，從事職業安全衛生規劃與推動相關工作。,,
,,,,廠務助理,090214,具備場地設備管理實務經驗，熟悉環境巡檢規範及設備維護機制，適合擔任廠務助理；從事廠房機具設施管理工作。,,
,,,,消防專業人員,180202,因具備消防搶救實務經驗，熟悉消防設備操作及安檢規範，適合擔任為消防專業人員；應具備內政部消防署「消防設備士」，從事消防專業相關工作。,,
,,,18保全/軍警消,場地管理人員,180107,因具備消防搶救實務經驗，熟悉消防設備操作及安檢規範，適合擔任為場地管理人員；從事大型場館之中央監控消防及空調水電設施等維管工作。,,
攔截網維護士,4H715,"1.防護系統維護
1.1執行防護與攔阻系統檢查與保養。
1.2維持系統結構穩定與功能正常。
1.3提升設施使用安全性。
2.維修作業執行
2.1進行設備修護與維護作業。
2.2執行基礎故障排除。
2.3確保系統運作符合標準。
3.安全與品質管理
3.1執行現場安全檢查。
3.2監控作業流程品質。
3.3提升整體運作可靠性。",10技術/維修/操作,自動化機械加工技術人員,100106,具備機械設備拆裝維修及系統檢測分析實務經驗，熟悉機構運作原理，適合擔任自動化機械加工技術人員，從事自動化機械操作及維護等工作。,,建議取得勞動部「油壓」或「機械加工」等相關技術士證
,,,,電機技術人員,100102,具備機電設備檢修測試及故障排除實務經驗，熟悉電機運作原理與作業安全規範，適合擔任電機技術人員，從事電機設備維護與檢修工作。,,建議取得勞動部「室內配線」或「工業配線」等相關技術士證，
,,,09品管/製造/環衛,廠務助理,090214,具備場地設備管理實務經驗，熟悉環境巡檢規範及設備維護機制，適合擔任廠務助理；從事廠房機具設施管理工作。,,
,,,18保全/軍警消,場地管理人員,180107,具備設施巡檢實務經驗，熟悉機電設備維護規範，適合擔任為場地管理人員；從事場館之建築機電照明、中央監控消防、空調水電設施等維管工作。,,
攔截網維護兵,4H712,"1.設施維護作業
1.1執行起降與防護相關設施檢查與保養。
1.2維持設施正常運作與穩定性。
1.3提升設備使用安全性與可靠度。
2.巡檢與維修支援
2.1進行設備巡檢與狀態確認。
2.2執行基礎故障排除與修復。
2.3協助維持設施正常運作。
3.現場作業與安全管理
3.1執行現場維護作業。
3.2進行安全檢查與風險控管。
3.3確保作業流程符合規範。",10技術/維修/操作,自動化機械加工技術人員,100106,具備機械設備拆裝維修及系統檢測分析實務經驗，熟悉機構運作原理，適合擔任自動化機械加工技術人員，從事自動化機械操作及維護等工作。,,建議取得勞動部「油壓」或「機械加工」等相關技術士證
,,,,電機技術人員,100102,具備機電設備檢修測試及故障排除實務經驗，熟悉電機運作原理與作業安全規範，適合擔任電機技術人員，從事電機設備維護與檢修工作。,,建議取得勞動部「室內配線」或「工業配線」等相關技術士證，
,,,09品管/製造/環衛,廠務助理,090214,具備場地設備管理實務經驗，熟悉環境巡檢規範及設備維護機制，適合擔任廠務助理；從事廠房機具設施管理工作。,,
,,,18保全/軍警消,場地管理人員,180107,具備設施巡檢實務經驗，熟悉機電設備維護規範，適合擔任為場地管理人員；從事場館之建築機電照明、中央監控消防、空調水電設施等維管工作。,,
空用地裝修護督導士,4G126,"1.檢查與維護
1.1執行地面裝備之例行檢查，確保運作正常。
1.2進行預防性維護，降低設備故障風險。
2.修理與校正
2.1執行裝備修理，恢復功能正常運作。
2.2進行精密校正，確保設備性能符合標準。",10技術/維修/操作,電機技術人員,100102,具備機電設備檢修測試及故障排除實務經驗，熟悉電機運作原理與作業安全規範，適合擔任電機技術人員，從事電機設備維護與檢修工作。,,建議取得勞動部「室內配線」或「工業配線」等相關技術士證，
,,,,自動化機械加工技術人員,100106,具備機械設備拆裝維修及系統檢測分析實務經驗，熟悉機構運作原理，適合擔任自動化機械加工技術人員，從事自動化機械操作及維護等工作。,,建議取得勞動部「油壓」或「機械加工」等相關技術士證
,,,,電子設備裝修技術員,100208,具備電子設備維護測試實務經驗，熟悉維修流程與測試規範，適合擔任電子設備裝修技術員，從事電子設備維修與保養工作。,,建議取得勞動部「儀表電子」或「視聽電子」等相關技術士證
,,,,汽車維修技術人員,100107,因具備動力系統檢修實務經驗，熟悉引擎運作原理及機電設備整合，適合擔任為汽車維修技術人員，從事汽車系統之分解、安裝、檢測、維修與故障排除等相關工作。,,建議取得勞動部「汽車修護技術士證」
,,,09品管/製造/環衛,廠務,090220,具備場地設備管理實務經驗，熟悉環境巡檢規範及設備維護機制，適合擔任廠務；從事廠房機具設施管理工作。,,
,,,,品管測試技術員,090103,因具備依技術手冊執行檢查測試實務經驗，熟悉品管作業流程及預防矯正規範，適合擔任為品管測試技術員，從事品管測試或機台校正等相關工作。,,建議取得中華民國品質學會「品質工程師認證」（經濟部認可）
燃油聯氨保修士,4G024,"1.燃料系統維修與檢查
1.1督導執行燃油與動力系統之維修、檢查與處理作業。
1.2稽核維護程序，確保作業符合技術與安全規範。
2.裝備與安全管理
2.1監督裝備與器材之維護與管理，確保功能正常。
2.2執行工廠安全檢查與管理措施，降低作業風險。",09品管/製造/環衛,職業安全衛生管理員,090301,因具備危害毒性物質之檢查處理經驗，熟悉危害辨識與防護措施，適合擔任為職業安全衛生管理員，從事危害分析、安全稽核、作業監督與事故預防等工作。,應取得勞動部「職業安全衛生管理乙級技術士證」,
,,,,安全／衛生相關檢驗人員,090303,因具備毒性危害物質之檢查處理經驗，熟悉危害辨識與防護措施，適合擔任安全／衛生相關檢驗人員。應具備勞動部「職業安全衛生管理乙級技術士證」，從事職業工作場所、產品生產等安全衛生檢驗工作。,,
,,,,廠務,090220,具備場地設備管理實務經驗，熟悉環境巡檢規範及設備維護機制，適合擔任廠務；從事廠房機具設施管理工作。,,
,,,,品管測試技術員,090103,因具備依技術手冊執行系統檢查、測試與堪用性確認之經驗，並熟悉安全標準與作業流程控管，適合擔任為品管測試技術員，從事品質管檢驗、機台校正等相關工作。,,建議取得中華民國品質學會「品質工程師認證」（經濟部認可）
燃油聯氨修護督導士,4G025,"1.燃料系統維修督導
1.1督導執行燃油與動力系統之維修與檢查作業。
1.2監管燃料處理流程，確保依規範與安全程序執行。
2.裝備與設施管理
2.1監督相關裝備與器材之維護與管理。
2.2落實工廠安全規範，確保作業環境符合標準。",09品管/製造/環衛,職業安全衛生管理員,090301,因具備危害毒性物質之檢查處理經驗，熟悉危害辨識與防護措施，適合擔任為職業安全衛生管理員，從事危害分析、安全稽核、作業監督與事故預防等工作。,應取得勞動部「職業安全衛生管理乙級技術士證」,
,,,,安全／衛生相關檢驗人員,090303,因具備毒性危害物質之檢查處理經驗，熟悉危害辨識與防護措施，適合擔任安全／衛生相關檢驗人員。應具備勞動部「職業安全衛生管理乙級技術士證」，從事職業工作場所、產品生產等安全衛生檢驗工作。,,
,,,,廠務,090220,具備場地設備管理實務經驗，熟悉環境巡檢規範及設備維護機制，適合擔任廠務；從事廠房機具設施管理工作。,,
,,,,品管測試技術員,090103,因具備依技術手冊執行系統檢查、測試與堪用性確認之經驗，並熟悉安全標準與作業流程控管，適合擔任為品管測試技術員，從事品質管檢驗、機台校正等相關工作。,,建議取得中華民國品質學會「品質工程師認證」（經濟部認可）
技術檔案管理士,4G275,"1.技術文件接收與登錄
1.1執行技術文件與書刊之接收、登錄與建檔。
1.2確認文件來源與版本，確保資訊正確可追溯。
2.文件分類與管理
2.1依類別與用途進行文件分類與編排。
2.2維護檔案資料庫，確保檢索與調閱便捷。",01經營/行政/總務,檔案資料管理人員,010204,熟悉技術資料分類、保存與調用流程，適合擔任檔案資料管理人員；從事檔案建檔、資料索引與資料庫維護工作。,,
,,,,行政事務秘書,010202,具備技術文件彙整、版本控管與作業規範管理能力，適合擔任行政事務秘書，從事會議紀錄、公文處理與行政支援等相關工作。,,建議取得勞動部「電腦軟體應用」相關技術士證
,,,,行政總務人員,010302,因具備文件登錄、分配與歸檔等文書管理能力，適合擔任行政總務人員，從事文件存管、資料歸檔與一般行政支援工作。,,建議取得勞動部「電腦軟體應用」相關技術士證
,,,通俗職業未收錄依UCAN對應,圖書館管理專業人員,,因具備技術資料分類與檢索經驗，熟悉各式文件編碼登錄與歸檔管理，適合擔任於圖書館管理專業人員，從事館藏資料編目、資訊檢索與圖書流通管理工作。,,
飛機非破壞性檢驗督導士,4G056,"1.非破壞檢驗監督
1.1監督執行零附件、結構及管路之非破壞性檢驗
1.2確保檢驗程序與標準正確執行，維持檢測品質
2.結構檢視與確認
2.1檢視飛機結構之重要組件，確認完整性與可靠度。
2.2記錄檢查結果並提出改善建議，確保安全性。",工作百科通俗職業未收錄，依據UCAN產出,非破壞檢測人員,,因熟悉飛機非破壞性檢驗流程，具備判讀材質瑕疵、結構損傷與安全係數之專業能力，適合擔任為非破壞性檢測人員，從事以X光、超音波、光纖等設備進行材料與構件安全檢測之工作。,,建議取得中華民國非破壞檢測協會「檢測員／檢測師」證照
,,,09品管/製造/環衛,品管檢驗人員,090105,因具備執行飛機非破壞性檢驗之能力，熟悉材質瑕疵判讀、構件完整性確認與品質一致性檢查流程，適合擔任品管檢驗人員，依品質管制標準執行成品檢查，確保製造品質符合規範要求。,,建議取得中華民國品質學會「品質工程師認證」（經濟部認可）
,,,10技術/維修/操作,飛機裝修人員,100202,因具備飛機保修學識與技能，熟悉飛機結構維保經驗，適合擔任飛機裝修人員，從事飛機機件及引擎之安裝、檢查、測試、保養等維修工作。,應取得交通部民用航空局核發之「航空人維修員檢定證」,
飛機逃生系統修護督導士,4G556,"1.安全系統維護
1.1執行安全關鍵機械系統檢查與保養。
1.2確保系統運作穩定與可靠性。
1.3提升設備使用安全等級。
2.機構修護與調整
2.1執行機械組件拆裝與更換。
2.2進行系統調整與功能修復。
2.3維持設備即時反應能力。
3.品質與安全管理
3.1督導維修作業流程。
3.2執行品質與安全檢查。
3.3確保高風險作業符合標準。",09品管/製造/環衛,職業安全衛生管理員,090301,因具備高風險機械與爆炸裝置之檢查、拆裝與安全處理經驗，熟悉作業風險辨識、標準程序與人員安全督導，適合擔任為職業安全衛生管理員，從事高風險作業之安全規劃、稽核與事故預防等工作。,,建議取得勞動部「職業安全衛生管理乙級技術士證」
,,,,品管測試技術員,090103,因具備依技術手冊執行檢查測試實務經驗，熟悉品管作業流程及預防矯正規範，適合擔任為品管測試技術員，從事品管測試或機台校正等相關工作。,,建議取得中華民國品質學會「品質工程師認證」（經濟部認可）
,,,,廠務,090220,具備場地設備管理實務經驗，熟悉環境巡檢規範及設備維護機制，適合擔任廠務；從事廠房機具設施管理工作。,,
,,,10技術/維修/操作,自動化機械加工技術人員,100106,因具備因具備高風險機械與爆炸裝置之檢查、拆裝與安全處理經驗，適合擔任自動化機械加工技術人員，從事自動化機械操作及維護等工作。,,建議取得勞動部「機電整合」或「機械加工」等相關技術士證
模擬機修護督導士,4G636,"1.模擬系統維護
1.1執行模擬訓練系統檢查與保養。
1.2確保系統穩定運作與可用性。
1.3提升系統可靠度與使用效率。
2.操作與測試管理
2.1執行系統操作與功能驗證。
2.2進行異常排除與測試調整。
2.3確保訓練系統輸出準確性。
3.維修與品質控管
3.1督導維修與維護流程。
3.2執行技術標準與品質管理。
3.3建立系統維運一致性。",10技術/維修/操作,精密儀器製造工及修理工,100203,因具備精密設備檢修測試實務經驗，熟悉檢測流程及校調作業，適合擔任精密儀器製造工及修理工，從事精密儀器或光學設備等修理工作。,,建議取得勞動部「數位電子」或「儀表電子」相關技術士證
,,,,自動化機械加工技術人員,100106,具備機械設備拆裝維修及系統檢測分析實務經驗，熟悉機構運作原理，適合擔任自動化機械加工技術人員，從事自動化機械操作及維護等工作。,,建議取得勞動部「油壓」或「機械加工」等相關技術士證
,,,,電機技術人員,100102,具備機電設備檢修測試及故障排除實務經驗，熟悉電機運作原理與作業安全規範，適合擔任電機技術人員，從事電機設備維護與檢修工作。,,建議取得勞動部「室內配線」或「工業配線」等相關技術士證，
,,,,電子設備裝修技術員,100208,具備電子設備維護測試實務經驗，熟悉維修流程與測試規範，適合擔任電子設備裝修技術員，從事電子設備維修與保養工作。,,建議取得勞動部「儀表電子」或「視聽電子」等相關技術士證
,,,09品管/製造/環衛,廠務,090220,具備場地設備管理實務經驗，熟悉環境巡檢規範及設備維護機制，適合擔任廠務；從事廠房機具設施管理工作。,,
,,,,品管測試技術員,090103,因具備依技術手冊執行檢查測試實務經驗，熟悉品管作業流程及預防矯正規範，適合擔任為品管測試技術員，從事品管測試或機台校正等相關工作。,,建議取得中華民國品質學會「品質工程師認證」（經濟部認可）
模擬機修護兵,4G632,"1.設備基礎維護
1.1執行模擬設備日常檢查與保養。
1.2維持設備基本運作狀態。
1.3協助延長設備使用壽命。
2.維修支援作業
2.1協助設備拆裝與修護作業。
2.2支援基礎故障排除流程。
2.3配合工程人員完成維修作業。
3.設備測試與確認
3.1協助設備功能測試。
3.2確認系統運作狀態。
3.3支援設備上線前檢查作業。",10技術/維修/操作,精密儀器製造工及修理工,100203,因具備精密設備檢修測試實務經驗，熟悉檢測流程及校調作業，適合擔任精密儀器製造工及修理工，從事精密儀器或光學設備等修理工作。,,建議取得勞動部「數位電子」或「儀表電子」相關技術士證
,,,,自動化機械加工技術人員,100106,具備機械設備拆裝維修及系統檢測分析實務經驗，熟悉機構運作原理，適合擔任自動化機械加工技術人員，從事自動化機械操作及維護等工作。,,建議取得勞動部「油壓」或「機械加工」等相關技術士證
,,,,電機技術人員,100102,具備機電設備檢修測試及故障排除實務經驗，熟悉電機運作原理與作業安全規範，適合擔任電機技術人員，從事電機設備維護與檢修工作。,,建議取得勞動部「室內配線」或「工業配線」等相關技術士證，
,,,,電子設備裝修技術員,100208,具備電子設備維護測試實務經驗，熟悉維修流程與測試規範，適合擔任電子設備裝修技術員，從事電子設備維修與保養工作。,,建議取得勞動部「儀表電子」或「視聽電子」等相關技術士證
,,,09品管/製造/環衛,廠務助理,090214,具備場地設備管理實務經驗，熟悉環境巡檢規範及設備維護機制，適合擔任廠務助理；從事廠房機具設施管理工作。,,
,,,,品管測試技術員,090103,因具備依技術手冊執行檢查測試實務經驗，熟悉品管作業流程及預防矯正規範，適合擔任為品管測試技術員，從事品管測試或機台校正等相關工作。,,建議取得中華民國品質學會「品質工程師認證」（經濟部認可）
計畫將官,5A00,"1.策略規劃與中長程發展
1.1規劃組織中長程發展藍圖，分析外部環境與競爭態勢，提出資源配置與能力建置方向，支援高階管理決策。
1.2設計與檢討年度與多年度計畫架構，使各項專案與投資計畫與整體策略目標保持一致。
2.能力建置與資源配置規劃
2.1依據策略目標與風險評估，規劃組織在「人力、設備與系統」等面向之能力建置與汰換計畫，提出優先順序建議。
2.2綜整各單位需求與預算限制，運用數據與系統分析方法，評估不同建置方案之成本效益，作為資源分配依據。
3.計畫執行督導與績效分析
3.1追蹤重大建設或轉型專案之進度與執行成效，定期檢視關鍵指標，提出調整建議以確保目標如期達成。
3.2彙整並分析各項施政與建置計畫執行成果，形成管理報告，供決策層檢討政策與調整後續發展方向。",01經營/行政/總務,經營管理主管,010101,具備政策制定、高階領導與資源整合能力，熟悉任務推動與績效管理，適合擔任經營管理主管，從事企業營運規劃、策略擬定與決策執行等工作。,,
,,,21行銷/企劃/專案,專案管理主管,210301,具備跨部門協調、專案規劃與進度控管等相關實務經驗，熟悉組織決策流程、資源配置與風險管控，適合擔任專案管理主管，帶領團隊從事專案整體規劃、跨單位協調與進度管控等工作。,,建議取得「國際專案管理師（PMP）認證」等相關證照
,,,21行銷/企劃/專案,行銷企劃部門主管,210101,具備資訊整合分析、政策規劃設計與跨單位協調等相關實務經驗，熟悉策略規劃與績效管理，適合擔任行銷企劃部門主管，從事市場競爭分析、品牌策略規劃與部門績效考核等工作。,,
,,,03人資/法務/智財,人力資源主管,030101,具備組織結構設計與人力資源配置相關實務經驗，熟悉組織管理制度、績效考核流程與預算管控要點，適合擔任人力資源主管，從事組織規劃設計、人力資源運用與人才培育發展等工作。,,
,,,01經營/行政/總務,高階主管特別助理,010201,具備政策分析、專案規劃與高階決策支援等相關實務經驗，熟悉行政流程、跨部門溝通與幕僚協調運作，適合擔任主管特別助理，從事跨部門整合、專案推動協調等工作。,,
,,,22其他職類,顧問,220106,具備策略規劃、團隊領導、資源整合與危機應處能力，熟悉問題評斷與跨域協調，適合擔任企業顧問，提供營運策略諮詢及襄理重大專案工作。,,
計畫督導官,5A01,"1.組織策略與中長期規劃
1.1研擬組織中長期策略與政策藍圖，明確界定發展目標與優先順序。
1.2分析外部環境與競爭態勢，評估風險與機會，提出策略因應方案。
2.資源配置與系統分析
2.1進行資源、能力與組織結構之系統性分析，確保投入與產出效益最大化。
2.2規劃人力、預算、設備與專案配置，支援組織核心任務與關鍵能力。
3.跨部門協調與高階幕僚支援
3.1整合多部門專業意見，協調不同單位目標與資源配置。
3.2以高階幕僚角色支援決策者，提出具前瞻性與可行性的政策建議。",01經營/行政/總務,經營管理主管,010101,具備政策制定、高階領導與資源整合能力，熟悉任務推動與績效管理，適合擔任經營管理主管，從事企業營運規劃、策略擬定與決策執行等工作。,,
,,,21行銷/企劃/專案,行銷企劃人員,210103,具備整體戰略規劃、資源配置與政策行銷等相關實務經驗，熟悉計畫研擬流程、績效管理制度與跨單位協調特性，適合擔任行銷企劃人員，從事市場分析、產品定位、策略規劃、行銷方案整合推動等工作。,,建議取得經濟部「品牌企劃師能力鑑定證書」等相關證照
,,,21行銷/企劃/專案,市場調查／市調分析,210105,具備環境情勢研析、需求評估、資料整合與組織發展規劃等相關實務經驗，熟悉制度化分析流程與決策支援機制，適合擔任市場調查/市調分析相關職務，從事市場資料蒐集整理、產業趨勢分析、需求預測評估與決策建議報告撰寫等工作。,,
,,,21行銷/企劃/專案,專案管理師,210304,具備專案規劃、進度追蹤與資源整合等相關實務經驗，熟悉專案管理流程、跨部門協調與執行管制管理特性，適合擔任專案管理師，從事專案規劃、進度管控、資源整合與成果追蹤等工作。,,建議取得「國際專案管理師（PMP）認證」等相關證照
,,,21行銷/企劃/專案,營運管理師/ERP專案師,210302,具備制度規劃設計、資源配置分析、流程整合優化與大型專案統籌推動等實務經驗，熟悉制度化營運管理流程與績效監督機制，適合擔任營運管理師/ERP專案師，從事營運流程優化、資訊系統導入、跨部門資源整合等工作。,,建議取得經濟部核發之「營運智慧分析師能力鑑定證書」等相關證照
,,,21行銷/企劃/專案,企業永續發展人員,210305,具備制度規劃設計、資源配置分析、流程整合優化與大型專案統籌推動等實務經驗，熟悉制度化營運管理流程與績效監督機制，適合擔任企業永續發展人員，從事永續策略規劃、指標制度建置、資源運用評估與永續報告撰寫等工作。,,建議取得經濟部「淨零碳規劃管理師」能力鑑定證書
,,,14教育/學術/研究,歷史／政治相關研究人員,140307,具備國際情勢研析、政策資料整合與制度規劃設計等相關實務經驗，熟悉研究流程與分析論證，適合擔任歷史/政治研究人員，從事資料蒐集整理、政策研究分析與研究報告撰寫等工作。,,
編裝督導官,5C01,"1.組織架構與人力配置規劃
1.1規劃組織編制、人力結構與職能配置方案。
1.2評估人力規模與專業配置是否符合組織任務需求。
2.資源與設備配置分析
2.1分析設備、資源與組織能力之適配性。
2.2規劃設備與資源配賦方案，支援組織整體運作與發展。
3.策略對齊與制度研究
3.1研究組織發展趨勢，提出結構與制度調整方案。
3.2確保組織設計與中長期策略、預算條件相互對齊。",21行銷/企劃/專案,專案管理師,210304,具備專案規劃、進度追蹤與資源整合等相關實務經驗，熟悉專案管理流程、跨部門協調與執行管制管理特性，適合擔任專案管理師，從事專案規劃、進度管控、資源整合與成果追蹤等工作。,,建議取得「國際專案管理師（PMP）認證」等相關證照
,,,21行銷/企劃/專案,營運管理師/ERP專案師,210302,具備制度規劃設計、資源配置分析、流程整合優化與大型專案統籌推動等實務經驗，熟悉制度化營運管理流程與績效監督機制，適合擔任營運管理師/ERP專案師，從事營運流程優化、資訊系統導入、跨部門資源整合等工作。,,建議取得經濟部核發之「營運智慧分析師能力鑑定證書」等相關證照
,,,21行銷/企劃/專案,企業永續發展人員,210305,具備制度規劃設計、資源配置分析、流程整合優化與大型專案統籌推動等實務經驗，熟悉制度化營運管理流程與績效監督機制，適合擔任企業永續發展人員，從事永續策略規劃、指標制度建置、資源運用評估與永續報告撰寫等工作。,,建議取得經濟部「淨零碳規劃管理師」能力鑑定證書
,,,14教育/學術/研究,歷史／政治相關研究人員,140307,具備國際情勢研析、政策資料整合與制度規劃設計等相關實務經驗，熟悉研究流程與分析論證，適合擔任歷史/政治研究人員，從事資料蒐集整理、政策研究分析與研究報告撰寫等工作。,,
,,,03人資/法務/智財,人力資源專員,030102,具備組織架構設計、人力配置規劃、資源配賦分析與制度基準制定等相關實務經驗，熟悉人力運用與部門配置，適合擔任人力資源專員，從事人力需求分析、員額配置規劃、職務說明建置與人力資料管理等工作。,,建議取得勞動部「就業服務乙級技術士」證
研究發展計畫督導官,5B01,"1.研發策略與產品能力藍圖規劃
1.1依外部威脅／市場趨勢與組織策略，整合產品（能力）藍圖與中長程規劃。
1.2拆解策略目標為可執行的中程／年度計畫與關鍵里程碑。
2.研發流程治理與專案組合管理
2.1建立研發作業規範、程序與審查機制，提升研發管理一致性與效率。
2.2制定研究方案優先順序（價值、風險、資源、時程），推動專案組合決策。
3.作業研究、系統建模與決策支援
3.1將複雜系統轉為模型與關鍵控制變數（成本、效益、風險、產能、時程）。
3.2提供最佳化／情境分析結果與可操作的導入步驟，支援決策與執行單位落地。",01經營/行政/總務,經營管理主管,010101,具備政策制定、高階領導與資源整合能力，熟悉任務推動與績效管理，適合擔任經營管理主管，從事企業營運規劃、策略擬定與決策執行等工作。,,
,,,21行銷/企劃/專案,行銷企劃人員,210103,具備整體戰略規劃、資源配置與政策行銷等相關實務經驗，熟悉計畫研擬流程、績效管理制度與跨單位協調特性，適合擔任行銷企劃人員，從事市場分析、產品定位、策略規劃、行銷方案整合推動等工作。,,建議取得經濟部「品牌企劃師能力鑑定證書」等相關證照
,,,21行銷/企劃/專案,市場調查／市調分析,210105,具備環境情勢研析、需求評估、資料整合與組織發展規劃等相關實務經驗，熟悉制度化分析流程與決策支援機制，適合擔任市場調查/市調分析相關職務，從事市場資料蒐集整理、產業趨勢分析、需求預測評估與決策建議報告撰寫等工作。,,
,,,21行銷/企劃/專案,專案管理師,210304,具備專案規劃、進度追蹤與資源整合等相關實務經驗，熟悉專案管理流程、跨部門協調與執行管制管理特性，適合擔任專案管理師，從事專案規劃、進度管控、資源整合與成果追蹤等工作。,,建議取得「國際專案管理師（PMP）認證」等相關證照
,,,21行銷/企劃/專案,營運管理師/ERP專案師,210302,具備制度規劃設計、資源配置分析、流程整合優化與大型專案統籌推動等實務經驗，熟悉制度化營運管理流程與績效監督機制，適合擔任營運管理師/ERP專案師，從事營運流程優化、資訊系統導入、跨部門資源整合等工作。,,建議取得經濟部核發之「營運智慧分析師能力鑑定證書」等相關證照
,,,21行銷/企劃/專案,企業永續發展人員,210305,具備制度規劃設計、資源配置分析、流程整合優化與大型專案統籌推動等實務經驗，熟悉制度化營運管理流程與績效監督機制，適合擔任企業永續發展人員，從事永續策略規劃、指標制度建置、資源運用評估與永續報告撰寫等工作。,,建議取得經濟部「淨零碳規劃管理師」能力鑑定證書
,,,14教育/學術/研究,歷史／政治相關研究人員,140307,具備國際情勢研析、政策資料整合與制度規劃設計等相關實務經驗，熟悉研究流程與分析論證，適合擔任歷史/政治研究人員，從事資料蒐集整理、政策研究分析與研究報告撰寫等工作。,,
系統分析督導官,5D01,"1.政策與投資決策分析
1.1進行政策或投資方案之可行性、成本效益與風險分析。
1.2建立評估指標，追蹤方案執行成效並提出修正建議。
1.3撰寫分析報告，支援高層決策與資源投入判斷。
2.資源配置與系統分析
2.1分析人力、物力、財力配置現況，提出最佳化配置方案。
2.2運用統計、作業研究與系統分析方法提升資源使用效率。
2.3跨部門協調，確保資源配置符合組織目標與限制條件。
3.制度與流程優化建議
3.1檢視既有制度與流程，找出效率或風險問題。
3.2應用管理科學與數據分析提出改進方案。
3.3推動分析方法與系統分析技術之導入與優化。",01經營/行政/總務,經營管理主管,010101,具備政策制定、高階領導與資源整合能力，熟悉任務推動與績效管理，適合擔任經營管理主管，從事企業營運規劃、策略擬定與決策執行等工作。,,
,,,21行銷/企劃/專案,行銷企劃人員,210103,具備整體戰略規劃、資源配置與政策行銷等相關實務經驗，熟悉計畫研擬流程、績效管理制度與跨單位協調特性，適合擔任行銷企劃人員，從事市場分析、產品定位、策略規劃、行銷方案整合推動等工作。,,建議取得經濟部「品牌企劃師能力鑑定證書」等相關證照
,,,21行銷/企劃/專案,市場調查／市調分析,210105,具備環境情勢研析、需求評估、資料整合與組織發展規劃等相關實務經驗，熟悉制度化分析流程與決策支援機制，適合擔任市場調查/市調分析相關職務，從事市場資料蒐集整理、產業趨勢分析、需求預測評估與決策建議報告撰寫等工作。,,
,,,21行銷/企劃/專案,專案管理師,210304,具備專案規劃、進度追蹤與資源整合等相關實務經驗，熟悉專案管理流程、跨部門協調與執行管制管理特性，適合擔任專案管理師，從事專案規劃、進度管控、資源整合與成果追蹤等工作。,,建議取得「國際專案管理師（PMP）認證」等相關證照
,,,21行銷/企劃/專案,營運管理師/ERP專案師,210302,具備制度規劃設計、資源配置分析、流程整合優化與大型專案統籌推動等實務經驗，熟悉制度化營運管理流程與績效監督機制，適合擔任營運管理師/ERP專案師，從事營運流程優化、資訊系統導入、跨部門資源整合等工作。,,建議取得經濟部核發之「營運智慧分析師能力鑑定證書」等相關證照
,,,21行銷/企劃/專案,企業永續發展人員,210305,具備制度規劃設計、資源配置分析、流程整合優化與大型專案統籌推動等實務經驗，熟悉制度化營運管理流程與績效監督機制，適合擔任企業永續發展人員，從事永續策略規劃、指標制度建置、資源運用評估與永續報告撰寫等工作。,,建議取得經濟部「淨零碳規劃管理師」能力鑑定證書
,,,08資訊/軟體/系統,系統分析師,080302,具備決策分析建模、資源配置評估、制度效益評鑑與系統優化規劃等相關實務經驗，熟悉制度化分析流程與績效評估機制，適合擔任系統分析師，從事使用者需求分析、功能模組規劃設計、系統效能測試追蹤與資訊系統建置規劃等工作。,,
,,,14教育/學術/研究,歷史／政治相關研究人員,140307,具備政策決策分析及制度效益評估等相關實務經驗，熟悉研究流程與分析論證作業機制，適合擔任歷史/政治研究人員，從事歷史資料蒐整、政策議題分析、制度比較研究與研究報告撰寫等工作。,,
模式模擬官,5E02,"1.模擬分析與決策支援
1.1建立與執行模擬模型，分析不同情境下之策略與資源配置結果。
1.2進行情境推演與結果評析，支援決策與風險判斷。
1.3彙整模擬成果，產出分析報告與建議方案。
2.系統規劃與專案協調
2.1規劃模擬或分析專案之目標、流程與里程碑。
2.2協調跨部門資源，確保模擬任務順利推動。
2.3管控專案進度與品質，確保分析方法與成果符合需求。
3.訓練評估與方法優化
3.1評估模擬訓練或分析專案之成效與適切性。
3.2提出模型、流程或訓練設計之優化建議。
3.3推動模擬分析方法與工具之改進與應用。",01經營/行政/總務,經營管理主管,010101,具備政策制定、高階領導與資源整合能力，熟悉任務推動與績效管理，適合擔任經營管理主管，從事企業營運規劃、策略擬定與決策執行等工作。,,
,,,21行銷/企劃/專案,行銷企劃人員,210103,具備情境設計規劃、方案比較分析、風險評估推估與成效檢討評析等相關實務經驗，熟悉制度化策略規劃流程與績效評估機制，適合擔任行銷企劃人員，從事市場分析、產品定位、策略規劃、行銷方案整合推動等工作。,,建議取得經濟部「品牌企劃師能力鑑定證書」等相關證照
,,,21行銷/企劃/專案,市場調查／市調分析,210105,具備情境設計規劃、方案比較分析、風險評估推估與成效檢討評析等相關實務經驗，熟悉制度化分析流程與決策支援機制，適合擔任市場調查/市調分析相關職務，從事市場資料蒐集整理、產業趨勢分析、需求預測評估與決策建議報告撰寫等工作。,,
,,,21行銷/企劃/專案,專案管理師,210304,具備情境分析建模、進度管控追蹤與成效評估檢討等相關實務經驗，熟悉制度化專案管理流程與績效監督機制，適合擔任專案管理師，從事專案範疇規劃、時程與成本控管、跨部門協調整合與成果追蹤管理等工作。,,建議取得「國際專案管理師（PMP）認證」等相關證照
,,,21行銷/企劃/專案,營運管理師/ERP專案師,210302,具備情境設計規劃、方案比較分析、風險評估推估與成效檢討評析等相關實務經驗，熟悉制度化營運管理流程與績效監督機制，適合擔任營運管理師/ERP專案師，從事營運流程優化、資訊系統導入、跨部門資源整合等工作。,,建議取得經濟部核發之「營運智慧分析師能力鑑定證書」等相關證照
,,,21行銷/企劃/專案,企業永續發展人員,210305,具備情境設計規劃、方案比較分析、風險評估推估與成效檢討評析等相關實務經驗，熟悉制度化營運管理流程與績效監督機制，適合擔任企業永續發展人員，從事永續策略規劃、指標制度建置、資源運用評估與永續報告撰寫等工作。,,建議取得經濟部「淨零碳規劃管理師」能力鑑定證書
,,,08資訊/軟體/系統,系統分析師,080302,具備情境設計規劃、方案比較分析、風險評估推估與成效檢討評析等相關實務經驗，熟悉制度化分析流程與績效評估機制，適合擔任系統分析師，從事使用者需求分析、功能模組規劃設計、系統效能測試追蹤與資訊系統建置規劃等工作。,,
政治作戰指揮將官,AG00,"1.組織策略規劃與整合推動
1.1規劃組織整體策略與發展方向。
1.2整合多項管理機制與制度運作。1.3督導策略執行並確保目標達成。
2.決策支援與營運監督
2.1支援高階決策與計畫制定。
2.2建立執行與追蹤管理機制。
2.3確保組織運作符合策略目標。
3.人才發展與組織文化建構
3.1規劃人才培育與訓練制度。
3.2建立組織文化與價值體系。
3.3提升組織凝聚力與整體效能。",05廣告/公關/設計,公關主管/發言人,050202,具備整合宣導策略規劃、輿情分析研判、訊息傳達管控與組織溝通協調等相關實務經驗，熟悉宣傳策略運作與新聞發布流程，適合擔任公關主管／發言人；從事媒體溝通規劃、品牌形象塑造、危機應對說明與公共事務協調等工作。,,
,,,05廣告/公關/設計,廣告企劃主管,050101,具備政策行銷規劃、受眾分析研判、訊息整合設計相關實務經驗，熟悉宣傳活動運作與策略執行流程，適合擔任廣告企劃主管；從事品牌策略規劃、廣告行銷企劃、宣傳活動整合與成效評估等工作。,,
,,,12新聞/出版/印刷,傳播媒體主管,120101,具備宣導策略統籌、輿情分析研判、訊息管控與媒體溝通協調等相關實務經驗，熟悉內容規劃流程與對外傳播機制，適合擔任傳播媒體主管；從事媒體內容策略規劃、品牌形象管理、公共議題溝通與傳播成效評估等工作。,,
,,,16旅遊/餐飲/休閒,旅遊休閒事業主管,160107,具備整體活動規劃、資源整合協調、對外形象經營與人員督導管理等相關實務經驗，熟悉跨部門溝通流程與專案推動機制，適合擔任旅遊休閒事業主管；從事旅遊商品規劃、通路開發、營運統籌與團隊管理等工作。,,
,,,01經營/行政/總務,經營管理主管,010101,具備策略規劃、跨部門協調、資源配置與績效考核等相關實務經驗，熟悉組織運作流程與目標管理原則，適合擔任經營管理主管；從事營運策略規劃、部門整合協調、績效管理與組織發展推動等工作。,,
,,,21行銷/企劃/專案,專案管理主管,210301,具備專案規劃、進度控管實務經驗，擁有流程優化及跨部門溝通等能力，適合擔任為專案管理主管，從事專案規劃、管控及協調相關工作。,,建議取得「國際專案管理師（PMP）認證」
,,,22其他職類,顧問,220106,因具備計畫擬定、風險評估與專案推動經驗，擁有流程管控、資料蒐整與跨部門溝通能力，適合轉銜為顧問；接受企業委託，提供專業諮詢及經營改善建議。,,
政治作戰部隊指揮官,AG11,"1.組織管理與團隊領導
1.1規劃並領導跨部門團隊日常運作與專案執行。
1.2督導團隊訓練、績效及資源管理，確保組織運作穩定。1.3監控團隊遵守規章制度及安全規範，維護組織秩序。
2.專案策劃與整合推動
2.1設計與推動整合性專案，涵蓋行政、資源管理、心理健康與文化宣導。
2.2評估專案進度與成效，提出改善建議並優化流程。
2.3協調跨部門資源與支援，確保專案目標達成。
3.資訊分析與決策支援
3.1蒐集、整理及分析組織運作與專案相關資料。
3.2擬訂策略計畫及行動方案，提供上級決策參考。
3.3評估專案或作業風險，提出對策建議。",05廣告/公關/設計,公關主管/發言人,050202,具備整合宣導策略規劃、輿情分析研判、訊息傳達管控與組織溝通協調等相關實務經驗，熟悉宣傳策略運作與新聞發布流程，適合擔任公關主管／發言人；從事媒體溝通規劃、品牌形象塑造、危機應對說明與公共事務協調等工作。,,
,,,05廣告/公關/設計,廣告企劃主管,050101,具備政策行銷規劃、受眾分析研判、訊息整合設計相關實務經驗，熟悉宣傳活動運作與策略執行流程，適合擔任廣告企劃主管；從事品牌策略規劃、廣告行銷企劃、宣傳活動整合與成效評估等工作。,,
,,,12新聞/出版/印刷,傳播媒體主管,120101,具備宣導策略統籌、輿情分析研判、訊息管控與媒體溝通協調等相關實務經驗，熟悉內容規劃流程與對外傳播機制，適合擔任傳播媒體主管；從事媒體內容策略規劃、品牌形象管理、公共議題溝通與傳播成效評估等工作。,,
,,,16旅遊/餐飲/休閒,旅遊休閒事業主管,160107,具備整體活動規劃、資源整合協調、對外形象經營與人員督導管理等相關實務經驗，熟悉跨部門溝通流程與專案推動機制，適合擔任旅遊休閒事業主管；從事旅遊商品規劃、通路開發、營運統籌與團隊管理等工作。,,
,,,01經營/行政/總務,經營管理主管,010101,具備策略規劃、跨部門協調、資源配置與績效考核等相關實務經驗，熟悉組織運作流程與目標管理原則，適合擔任經營管理主管；從事營運策略規劃、部門整合協調、績效管理與組織發展推動等工作。,,
,,,21行銷/企劃/專案,專案管理主管,210301,具備專案規劃、進度控管實務經驗，擁有流程優化及跨部門溝通等能力，適合擔任為專案管理主管，從事專案規劃、管控及協調相關工作。,,建議取得「國際專案管理師（PMP）認證」
,,,22其他職類,顧問,220106,因具備計畫擬定、風險評估與專案推動經驗，擁有流程管控、資料蒐整與跨部門溝通能力，適合轉銜為顧問；接受企業委託，提供專業諮詢及經營改善建議。,,
政治作戰主管,AG21,"1.組織政策推動與團隊管理
1.1推動組織政策於單位內落實。
1.2管理團隊運作與任務分工。1.3確保業務執行符合目標方向。
2.員工關係與組織文化經營
2.1強化員工關係與團隊凝聚力。
2.2推動組織文化與內部溝通。
2.3提升工作動機與參與度。
3.任務執行與進度控管
3.1規劃並執行日常業務任務。
3.2追蹤進度並確保如期完成。
3.3回饋執行成果並持續優化。",05廣告/公關/設計,公關企劃人員,050203,具備宣導策略規劃、狀況分析研判、活動統籌執行與跨單位協調等相關實務經驗，熟悉宣傳企劃流程與成效評估機制，適合擔任公關企劃人員；從事品牌活動規劃、媒體溝通、公共關係推動與成效評估等工作。,,
,,,21行銷/企劃/專案,行銷企劃人員,210103,具備宣導策略規劃、受眾分析研判、活動推廣執行與成效評估等相關實務經驗，熟悉行銷企劃流程與跨部門協調機制，適合擔任行銷企劃人員，從事市場推廣規劃、品牌活動執行、行銷方案設計與成效分析等工作。,,建議取得經濟部商業發展署「品牌企劃師能力鑑定證書」
,,,21行銷/企劃/專案,營運管理師／系統整合／ERP專案師,210302,具備計畫策訂統籌、流程推動管制、跨單位協調整合與成效督考等相關實務經驗，熟悉專案運作流程與制度管理原則，適合擔任營運管理師/企業ERP管理師，從事營運流程優化、系統導入規劃、專案進度管控與跨部門整合等工作。,,建議取得經濟部「營運智慧分析師能力鑑定證書」
,,,21行銷/企劃/專案,企業永續發展人員,210305,具備政策規劃推動、制度執行管制、成效評估分析與跨部門溝通協調等相關實務經驗，熟悉永續治理流程與組織倡議機制，適合擔任企業永續發展人員，從事永續策略規劃、ESG專案推動、利害關係人溝通與成果報告撰寫等工作。,,建議取得經濟部「淨零碳規劃管理師」能力鑑定
,,,16旅遊/餐飲/休閒,導遊,160102,具備團體活動規劃、現場引導說明與突發狀況處理等相關實務經驗，熟悉行程安排與團體溝通，適合擔任導遊，從事旅遊行程解說、團體帶領管理、活動協調安排與現場問題處理等工作。,應取得交通部觀光署「導遊人員執業證書」,
,,,16旅遊/餐飲/休閒,領隊,160103,具備團體活動規劃、現場引導說明、秩序維持管理與臨機應變處理等相關實務經驗，熟悉行程安排流程與團體溝通原則，適合擔任領隊，從事旅遊行程解說、團體帶領管理、活動協調安排與現場問題處理等工作。,應取得交通部觀光署「領隊人員執業證書」,
,,,16旅遊/餐飲/休閒,活動指導員,160303,具備活動規劃、現場秩序維護、團體引導等相關實務經驗，熟悉活動帶領與安全管理，適合擔任活動指導員；從事休閒活動執行、場域秩序維護、設施運作協助與服務品質管理等工作。,,
政治作戰將官,6A00,"1.組織政策推動與營運管理
1.1推動組織政策與管理制度執行。
1.2整合跨部門資源與運作機制。1.3確保組織營運符合目標方向。
2.計畫執行與績效督導
2.1規劃並執行各項業務計畫。
2.2建立績效追蹤與管理機制。
2.3督導執行成果並持續優化。
3.人才培育與制度建構
3.1規劃教育訓練與人才發展制度。
3.2建立標準作業流程與制度化管理。
3.3提升組織整體人力素質與效能。",05廣告/公關/設計,公關主管/發言人,050202,具備整合宣導策略規劃、輿情分析研判、訊息傳達管控與組織溝通協調等相關實務經驗，熟悉宣傳策略運作與新聞發布流程，適合擔任公關主管／發言人；從事媒體溝通規劃、品牌形象塑造、危機應對說明與公共事務協調等工作。,,
,,,05廣告/公關/設計,廣告企劃主管,050101,具備政策行銷規劃、受眾分析研判、訊息整合設計相關實務經驗，熟悉宣傳活動運作與策略執行流程，適合擔任廣告企劃主管；從事品牌策略規劃、廣告行銷企劃、宣傳活動整合與成效評估等工作。,,
,,,12新聞/出版/印刷,傳播媒體主管,120101,具備宣導策略統籌、輿情分析研判、訊息管控與媒體溝通協調等相關實務經驗，熟悉內容規劃流程與對外傳播機制，適合擔任傳播媒體主管；從事媒體內容策略規劃、品牌形象管理、公共議題溝通與傳播成效評估等工作。,,
,,,16旅遊/餐飲/休閒,旅遊休閒事業主管,160107,具備整體活動規劃、資源整合協調、對外形象經營與人員督導管理等相關實務經驗，熟悉跨部門溝通流程與專案推動機制，適合擔任旅遊休閒事業主管；從事旅遊商品規劃、通路開發、營運統籌與團隊管理等工作。,,
,,,01經營/行政/總務,經營管理主管,010101,具備策略規劃、跨部門協調、資源配置與績效考核等相關實務經驗，熟悉組織運作流程與目標管理原則，適合擔任經營管理主管；從事營運策略規劃、部門整合協調、績效管理與組織發展推動等工作。,,
,,,21行銷/企劃/專案,專案管理主管,210301,具備專案規劃、進度控管實務經驗，擁有流程優化及跨部門溝通等能力，適合擔任為專案管理主管，從事專案規劃、管控及協調相關工作。,,建議取得「國際專案管理師（PMP）認證」
,,,22其他職類,顧問,220106,因具備計畫擬定、風險評估與專案推動經驗，擁有流程管控、資料蒐整與跨部門溝通能力，適合轉銜為顧問；接受企業委託，提供專業諮詢及經營改善建議。,,
政治作戰督導官,6A21,"1.營運督導與績效管理
1.1監督各部門業務推動狀況。
1.2建立績效評估與追蹤機制。1.3確保整體運作符合組織目標。
2.分析評估與決策支援
2.1分析營運數據與組織狀況。
2.2提供管理層決策建議。
2.3協助制定策略與行動方案。
3.專案推動與跨部門整合
3.1將策略轉化為具體執行計畫。
3.2協調跨部門資源與合作。
3.3督導專案推進與落實執行。",05廣告/公關/設計,公關企劃人員,050203,具備宣導策略規劃、狀況分析研判、活動統籌執行與跨單位協調等相關實務經驗，熟悉宣傳企劃流程與成效評估機制，適合擔任公關企劃人員；從事品牌活動規劃、媒體溝通、公共關係推動與成效評估等工作。,,
,,,21行銷/企劃/專案,行銷企劃人員,210103,具備宣導策略規劃、受眾分析研判、活動推廣執行與成效評估等相關實務經驗，熟悉行銷企劃流程與跨部門協調機制，適合擔任行銷企劃人員，從事市場推廣規劃、品牌活動執行、行銷方案設計與成效分析等工作。,,建議取得經濟部商業發展署「品牌企劃師能力鑑定證書」
,,,21行銷/企劃/專案,營運管理師／系統整合／ERP專案師,210302,具備計畫策訂統籌、流程推動管制、跨單位協調整合與成效督考等相關實務經驗，熟悉專案運作流程與制度管理原則，適合擔任營運管理師/企業ERP管理師，從事營運流程優化、系統導入規劃、專案進度管控與跨部門整合等工作。,,建議取得經濟部「營運智慧分析師能力鑑定證書」
,,,21行銷/企劃/專案,企業永續發展人員,210305,具備政策規劃推動、制度執行管制、成效評估分析與跨部門溝通協調等相關實務經驗，熟悉永續治理流程與組織倡議機制，適合擔任企業永續發展人員，從事永續策略規劃、ESG專案推動、利害關係人溝通與成果報告撰寫等工作。,,建議取得經濟部「淨零碳規劃管理師」能力鑑定
,,,16旅遊/餐飲/休閒,導遊,160102,具備團體活動規劃、現場引導說明與突發狀況處理等相關實務經驗，熟悉行程安排與團體溝通，適合擔任導遊，從事旅遊行程解說、團體帶領管理、活動協調安排與現場問題處理等工作。,應取得交通部觀光署「導遊人員執業證書」,
,,,16旅遊/餐飲/休閒,領隊,160103,具備團體活動規劃、現場引導說明、秩序維持管理與臨機應變處理等相關實務經驗，熟悉行程安排流程與團體溝通原則，適合擔任領隊，從事旅遊行程解說、團體帶領管理、活動協調安排與現場問題處理等工作。,應取得交通部觀光署「領隊人員執業證書」,
,,,16旅遊/餐飲/休閒,活動指導員,160303,具備活動規劃、現場秩序維護、團體引導等相關實務經驗，熟悉活動帶領與安全管理，適合擔任活動指導員；從事休閒活動執行、場域秩序維護、設施運作協助與服務品質管理等工作。,,
政治作戰兵,6A011,"1.行政支援與文書作業
1.1協助辦理單位行政業務與日常文書處理。
1.2整理、建檔與管理各類業務資料與文件紀錄。1.3支援各項行政專案與活動之資料準備與作業協助。
2.專業任務支援與執行
2.1依作業需求協助執行專業性任務與現場作業支援。
2.2配合團隊執行專案任務並完成指定工作內容。
2.3協助蒐集與整理相關資訊，以支援任務推動。
3.現場作業能力與安全操作
3.1執行各項現場作業並遵循作業流程與安全規範。
3.2熟悉各類設備與工具之基本操作與安全使用。
3.3協助維持作業環境安全與任務執行效率。",05廣告/公關/設計,公關企劃人員,050203,具備協助活動宣導、群體溝通及文書處理等相關實務經驗，熟悉活動執行流程與對外溝通原則，適合擔任公關企劃人員；從事品牌活動執行、媒體聯繫協調、公共關係推動與宣傳方案支援等工作。,,
,,,21行銷/企劃/專案,§行銷企劃人員,210103,具備協助活動執行、受眾溝通引導、現場推廣協調與成效回饋蒐整等相關實務經驗，熟悉行銷推廣流程與活動執行機制，適合擔任行銷企劃人員，從事市場推廣執行、品牌活動支援、行銷方案協助與成效分析等工作。,,建議取得經濟部商業發展署「品牌企劃師能力鑑定證書」
,,,06客服/門市,客戶服務人員,060102,具備群體溝通、問題說明、現場秩序維護與行政協調處理等相關實務經驗，熟悉服務流程與溝通應對原則，適合擔任客戶服務人員；從事客戶諮詢回應、案件受理追蹤、服務流程說明與問題處理等工作。,,
,,,06客服/門市,連鎖店管理人員,060205,因具備軍中文書處理及物品盤點經驗，熟悉人員訓練與業務協調，適合轉銜連鎖店管理人員，從事服務品質維護、存貨管理、排班調度等門店營運工作。,,建議取得勞動部「門市服務」技術士證
,,,01經營/行政/總務,儲備幹部,010105,因於部隊長期接觸制度化作業流程，具備遵守紀律、跨單位協作、情境應變與壓力下執行能力，適合轉銜企業儲備幹部，學習組織規章及營運流程，從事相關管理工作。,,
,,,01經營/行政/總務,行政總務人員,010302,具備行政事項執行、活動協調支援、秩序維護管理與文件處理追蹤等相關實務經驗，熟悉公務流程與行政支援，適合擔任行政總務人員，從事行政支援、資料整理與部門協調等工作。,,建議取得勞動部「電腦軟體應用」相關技術士證
,,,16旅遊/餐飲/休閒,活動指導員,160303,具備團體活動執行、現場秩序維護、群體引導協調與行政支援等相關實務經驗，熟悉活動運作流程與服務管理原則，適合擔任活動指導員；從事休閒活動執行、場域秩序管理、設施運作協助與服務品質維護等工作。,,
政治作戰士,6A014,"1.業務支援與日常執行
1.1協助執行部門日常業務。
1.2支援各項行政與推動工作。1.3確保任務按規範完成。
2.現場管理與秩序維持
2.1維持現場秩序與作業規範。
2.2督導人員遵守制度與流程。
2.3協助管理人員行為與表現。
3.宣導執行與安全意識推動
3.1傳達組織政策與規範。
3.2協助推動安全與風險意識。
3.3強化人員基本合規觀念。",05廣告/公關/設計,公關企劃人員,050203,具備協助活動宣導、群體溝通及文書處理等相關實務經驗，熟悉活動執行流程與對外溝通原則，適合擔任公關企劃人員；從事品牌活動執行、媒體聯繫協調、公共關係推動與宣傳方案支援等工作。,,
,,,21行銷/企劃/專案,§行銷企劃人員,210103,具備協助活動執行、受眾溝通引導、現場推廣協調與成效回饋蒐整等相關實務經驗，熟悉行銷推廣流程與活動執行機制，適合擔任行銷企劃人員，從事市場推廣執行、品牌活動支援、行銷方案協助與成效分析等工作。,,建議取得經濟部商業發展署「品牌企劃師能力鑑定證書」
,,,06客服/門市,客戶服務人員,060102,具備群體溝通、問題說明、現場秩序維護與行政協調處理等相關實務經驗，熟悉服務流程與溝通應對原則，適合擔任客戶服務人員；從事客戶諮詢回應、案件受理追蹤、服務流程說明與問題處理等工作。,,
,,,06客服/門市,連鎖店管理人員,060205,因具備軍中文書處理及物品盤點經驗，熟悉人員訓練與業務協調，適合轉銜連鎖店管理人員，從事服務品質維護、存貨管理、排班調度等門店營運工作。,,建議取得勞動部「門市服務」技術士證
,,,01經營/行政/總務,儲備幹部,010105,因於部隊長期接觸制度化作業流程，具備遵守紀律、跨單位協作、情境應變與壓力下執行能力，適合轉銜企業儲備幹部，學習組織規章及營運流程，從事相關管理工作。,,
,,,01經營/行政/總務,行政總務人員,010302,具備行政事項執行、活動協調支援、秩序維護管理與文件處理追蹤等相關實務經驗，熟悉公務流程與行政支援，適合擔任行政總務人員，從事行政支援、資料整理與部門協調等工作。,,建議取得勞動部「電腦軟體應用」相關技術士證
,,,16旅遊/餐飲/休閒,活動指導員,160303,具備團體活動執行、現場秩序維護、群體引導協調與行政支援等相關實務經驗，熟悉活動運作流程與服務管理原則，適合擔任活動指導員；從事休閒活動執行、場域秩序管理、設施運作協助與服務品質維護等工作。,,
心理輔導參謀官,6A33,"1.員工心理健康方案規劃
1.1規劃並推動員工心理健康與關懷服務相關計畫。
1.2辦理心理評估工具之施測、資料整理與統計分析。1.3評估心理健康方案執行成效並提出改善建議。
2.諮詢服務與個案管理
2.1提供員工心理諮詢與個別輔導服務。
2.2建立與管理個案紀錄與相關資料檔案。
2.3協調相關資源以協助個案問題處理與後續追蹤。
3.管理諮詢與教育訓練支援
3.1提供管理人員員工關懷與心理支持相關專業建議。
3.2協助規劃心理健康與壓力管理教育訓練課程。
3.3指導主管運用適當方式進行員工關懷與輔導。",17醫療/美容/保建,諮商心理師,170106,具備心理測驗、個案晤談輔導相關實務經驗，熟悉心理輔導流程與專業諮詢原則，適合擔任諮商心理師，從事個案諮商服務與評估報告撰寫等工作。,應取得「諮商心理師」資格,
,,,14教育/學術/研究,心理學研究人員,140308,具備心理測驗、研究資料分析、個案研究整理與結果解釋等相關實務經驗，熟悉心理研究方法與量化分析原則，適合擔任心理學研究人員；從事心理研究設計、實證資料分析、研究報告撰寫與成果應用評析等工作。,,
,,,14教育/學術/研究,社工人員,140120,具備心理測驗實施、個案晤談評估、輔導方案規劃與跨單位協調等相關實務經驗，熟悉個案服務流程與風險評估原則，適合擔任社工人員；從事個案輔導服務、家庭支持介入、資源連結轉介與服務紀錄撰寫等工作。,,
,,,03人資/法務/智財,人力／移工仲介,030105,具備心理測驗實施、人格特質分析與個案輔導規劃等實務經驗，熟悉人才評估流程與職涯發展原則，適合擔任人力／移工仲介，從事職業適性評量、人才甄選媒合、職涯諮詢建議與就業推介等工作。,,建議取得勞動部「就業服務」技術士
,,,03人資/法務/智財,人力資源主管,030101,具備心理輔導計畫擬訂與執行、心理測驗與個別輔導等相關實務經驗，熟悉人員心理狀況評估與輔導流程，適合擔任人力資源主管證，從事員工心理輔導與諮詢、個案管理、輔導紀錄整理及人員教育訓練指導等工作。,,建議取得勞動部「就業服務」技術士
,,,01經營/行政/總務,私家偵探(徵信員),220104,具備人格特質分析、風險與壓力反應判讀，熟悉人際互動觀察與資訊統整原則，適合擔任私家偵探(徵信員)；從事委託案件之需求訪談、資訊蒐集與監查、證據紀錄整理及報告撰寫等調查工作。,,
心理作戰參謀官,6A42,"1.市場與輿情分析
1.1蒐集並分析市場與受眾資訊。
1.2研究消費者行為與輿論趨勢。1.3提供策略規劃所需洞察。
2.策略規劃與影響力設計
2.1規劃行銷或溝通策略方案。
2.2設計訊息傳遞與影響路徑。
2.3提升品牌或組織影響力。
3.成效追蹤與優化管理
3.1追蹤活動或策略執行成果。
3.2分析數據並評估影響效果。
3.3持續優化策略與執行方式。",05廣告/公關/設計,公關企劃人員,050203,具備宣導策略規劃、狀況分析研判、活動統籌執行與跨單位協調等相關實務經驗，熟悉宣傳企劃流程與成效評估機制，適合擔任公關企劃人員；從事品牌活動規劃、媒體溝通、公共關係推動與成效分析等工作。,,
,,,05廣告/公關/設計,廣告媒體企劃人員,050204,具備受眾心理分析、宣傳策略規劃、媒體運用設計與成效評估等相關實務經驗，熟悉傳播規劃與輿情監測，適合擔任廣告媒體企劃人員；從事媒體投放策略規劃、廣告內容整合、受眾行為分析與傳播效果評估等工作。,,
,,,21行銷/企劃/專案,行銷企劃人員,210103,具備宣導策略規劃、受眾分析研判、活動推廣執行與成效評估等相關實務經驗，熟悉行銷企劃流程與跨部門協調機制，適合擔任行銷企劃人員，從事市場推廣規劃、品牌活動執行、行銷方案設計與成效分析等工作。,,建議取得經濟部商業發展署「品牌企劃師能力鑑定證書」
,,,21行銷/企劃/專案,市場調查/市調分析,210105,具備輿情資料蒐整、受眾心理分析、宣傳效果評估與趨勢研判等相關實務經驗，熟悉市場分析流程與數據解讀原則，適合擔任市場調查／市調分析人員；從事市場數據分析、消費者行為研究、調查設計與研究報告撰寫等工作。,,
,,,21行銷/企劃/專案,網站行銷企劃,210202,具備受眾心理分析、輿情監測研判、內容策略規劃與成效評估優化等相關實務經驗，熟悉數位行銷流程與傳播數據解讀原則，適合擔任網站行銷企劃；從事網站內容策略規劃、數位推廣執行、流量成效分析與行銷優化管理等工作。,,
,,,21行銷/企劃/專案,營運管理師／系統整合／ERP專案師,210302,具備計畫策訂統籌、流程推動管制、跨單位協調整合與成效督考等相關實務經驗，熟悉專案運作流程與制度管理原則，適合轉銜營運管理師/企業ERP管理師，從事營運流程優化、系統導入規劃、專案進度管控與跨部門整合等工作。,,建議取得經濟部「營運智慧分析師」能力鑑定證書
心理作戰士,6A024,"1.宣傳與溝通專案支援
1.1協助規劃與執行宣傳與溝通相關專案。
1.2協助規劃與執行宣傳與溝通相關專案。1.3協助追蹤專案執行成果並整理相關報告。
2.行銷與推廣活動執行
2.1協助推動組織形象與品牌宣傳活動。
2.2參與行銷或宣導活動之規劃與執行。
2.3支援各類推廣活動之現場作業與後續整理。
3.資訊蒐集與輿情觀察
3.1蒐集並整理市場與受眾相關資訊。
3.2協助觀察媒體與社群輿情動態。
3.3提供資料整理與分析結果以支援決策參考。",05廣告/公關/設計,公關企劃人員,050203,具備宣導策略規劃、狀況分析研判、活動統籌執行與跨單位協調等相關實務經驗，熟悉宣傳企劃流程與成效評估機制，適合擔任公關企劃人員；從事品牌活動規劃、媒體溝通、公共關係推動與成效分析等工作。,,
,,,05廣告/公關/設計,廣告媒體企劃人員,050204,具備受眾心理分析、宣傳策略規劃、媒體運用設計與成效評估等相關實務經驗，熟悉傳播規劃與輿情監測，適合擔任廣告媒體企劃人員；從事媒體投放策略規劃、廣告內容整合、受眾行為分析與傳播效果評估等工作。,,
,,,21行銷/企劃/專案,行銷企劃人員,210103,具備宣導策略規劃、受眾分析研判、活動推廣執行與成效評估等相關實務經驗，熟悉行銷企劃流程與跨部門協調機制，適合擔任行銷企劃人員，從事市場推廣規劃、品牌活動執行、行銷方案設計與成效分析等工作。,,建議取得經濟部商業發展署「品牌企劃師能力鑑定證書」
,,,21行銷/企劃/專案,市場調查/市調分析,210105,具備輿情資料蒐整、受眾心理分析、宣傳效果評估與趨勢研判等相關實務經驗，熟悉市場分析流程與數據解讀原則，適合擔任市場調查／市調分析人員；從事市場數據分析、消費者行為研究、調查設計與研究報告撰寫等工作。,,
,,,21行銷/企劃/專案,網站行銷企劃,210202,具備受眾心理分析、輿情監測研判、內容策略規劃與成效評估優化等相關實務經驗，熟悉數位行銷流程與傳播數據解讀原則，適合擔任網站行銷企劃；從事網站內容策略規劃、數位推廣執行、流量成效分析與行銷優化管理等工作。,,
,,,06客服/門市,連鎖店管理人員,060205,因於部隊長期接觸人員管理、物料補給、設施環境維護等實務工作，並具備遵守紀律、流程管控與標準化執行力，適合轉銜為連鎖店管理人員，從事服務品質維護、存貨管理、排班調度等門店營運工作。,,建議取得勞動部「門市服務」技術士證
,,,01經營/行政/總務,儲備幹部,010105,因於部隊長期接觸制度化作業流程，並具備遵守紀律、跨單位協作、情境應變與壓力下執行能力，適合轉銜企業儲備幹部，學習組織規章及營運流程，從事相關管理工作。,,
心理輔導士,6A315,"1.心理評估與資料分析
1.1協助辦理心理評估工具施測與資料蒐集。
1.2整理與分析心理評估結果並建立相關資料紀錄。1.3協助製作心理評估與分析報告以提供管理參考。
2.諮詢服務與個案紀錄管理
2.1協助執行個別諮詢與晤談相關作業。
2.2建立與維護個案紀錄與相關文件資料。
2.3協助整理個案研究資料並提供後續追蹤支援。
3.員工關懷與心理支持服務
3.1提供員工心理關懷與基本諮詢服務。
3.2協助轉介相關資源以支援個案需求。
3.3協助推動心理健康支持與員工關懷措施。",17醫療/美容/保建,諮商心理師,170106,具備心理測驗、個案晤談輔導相關實務經驗，熟悉心理輔導流程與專業諮詢原則，適合擔任諮商心理師，從事個案諮商服務與評估報告撰寫等工作。,應取得「諮商心理師」資格,
,,,14教育/學術/研究,心理學研究人員,140308,具備心理測驗、研究資料分析、個案研究整理與結果解釋等相關實務經驗，熟悉心理研究方法與量化分析原則，適合擔任心理學研究人員；從事心理研究設計、實證資料分析、研究報告撰寫與成果應用評析等工作。,,
,,,14教育/學術/研究,社工人員,140120,具備心理測驗實施、個案晤談評估、輔導方案規劃與跨單位協調等相關實務經驗，熟悉個案服務流程與風險評估原則，適合擔任社工人員；從事個案輔導服務、家庭支持介入、資源連結轉介與服務紀錄撰寫等工作。,,
,,,03人資/法務/智財,人力／移工仲介,030105,具備心理測驗實施、人格特質分析與個案輔導規劃等實務經驗，熟悉人才評估流程與職涯發展原則，適合擔任人力／移工仲介，從事職業適性評量、人才甄選媒合、職涯諮詢建議與就業推介等工作。,,建議取得勞動部「就業服務」技術士
,,,03人資/法務/智財,人力資源主管,030101,具備心理輔導計畫擬訂與執行、心理測驗與個別輔導等相關實務經驗，熟悉人員心理狀況評估與輔導流程，適合擔任人力資源主管證，從事員工心理輔導與諮詢、個案管理、輔導紀錄整理及人員教育訓練指導等工作。,,建議取得勞動部「就業服務」技術士
,,,01經營/行政/總務,私家偵探(徵信員),220104,具備人格特質分析、風險與壓力反應判讀，熟悉人際互動觀察與資訊統整原則，適合擔任私家偵探(徵信員)；從事委託案件之需求訪談、資訊蒐集與監查、證據紀錄整理及報告撰寫等調查工作。,,
,,,01經營/行政/總務,儲備幹部,010105,因於部隊長期接觸制度化作業流程，並具備遵守紀律、跨單位協作、情境應變與壓力下執行能力，適合轉銜企業儲備幹部，學習組織規章及營運流程，從事相關管理工作。,,
新聞官,6.00E+23,"1.媒體關係與對外溝通管理
1.1統籌組織對外新聞發布與媒體溝通事務。
1.2規劃與執行媒體聯繫及新聞發布作業。1.3協助建立與維護媒體關係，提升組織對外形象。
2.內容製作與新聞編輯
2.1撰寫與編輯新聞稿、專題報導與宣傳內容。
2.2負責影音內容製作、剪輯與播出作業。
2.3規劃與執行出版物或媒體內容之編輯與版面設計。
3.媒體活動與公關事務
3.1辦理媒體接待、記者會與新聞活動相關作業。
3.2協調內外部單位以確保活動順利執行。
3.3協助處理媒體詢問並提供相關資訊。",12新聞/出版/印刷,新聞採訪記者,120102,具備新聞採訪撰寫、內容審核發布、媒體聯繫協調與版面製作統籌等相關實務經驗，熟悉新聞製作流程與媒體運作機制，適合擔任新聞採訪記者；從事新聞採訪報導、稿件撰寫編輯、媒體溝通聯繫與新聞內容製作等工作。,,
,,,05廣告/公關/設計,公關主管/發言人,050202,具備對外訊息審核發布、媒體關係經營、輿情動態掌握與新聞策略統籌等相關實務經驗，熟悉公共溝通流程與危機應對機制，適合擔任公關主管／發言人；從事品牌形象管理、媒體溝通規劃、記者會統籌與對外發言說明等工作。,,
,,,05廣告/公關/設計,廣告媒體企劃人員,050204,具備新聞內容策劃、媒體聯繫協調、版面與影音製作統籌及傳播效果分析等相關實務經驗，熟悉媒體規劃流程與內容整合原則，適合擔任廣告媒體企劃人員；從事媒體投放規劃、廣告內容整合、傳播策略設計與成效分析等工作。,,
,,,05廣告/公關/設計,廣告文案人員,050102,具備主軸規劃、內容撰寫修潤、議題包裝設計與傳播效果評估等相關實務經驗，熟悉內容創作流程與受眾溝通原則，適合擔任廣告文案人員；從事廣告文案撰寫、品牌訊息設計、創意內容發想與宣傳稿件製作等工作。,,
,,,13傳播/娛樂/藝術,主播,130101,具備新聞稿件撰寫審核、播報內容掌握、媒體聯繫應對與現場表達控場等相關實務經驗，熟悉新聞製播流程與公眾溝通原則，適合擔任主播；從事新聞播報主持、即時訊息傳達、節目內容呈現與對外說明等工作。,,
,,,13傳播/娛樂/藝術,影片製作專業人員,130104,具備影音內容策劃、拍攝剪輯統籌、腳本設計編排與播出成效評估等相關實務經驗，熟悉影片製作流程與內容品質控管原則，適合擔任影片製作專業人員；從事影片企劃拍攝、後製剪輯製作、內容整合發佈與成效分析等工作。,,
,,,13傳播/娛樂/藝術,電台工作人員,130102,具備新聞採編播報、音訊剪輯製作、媒體聯繫協調與節目內容統籌等相關實務經驗，熟悉廣播製播流程與內容管理原則，適合擔任電台工作人員；從事節目製作播出、音控剪輯操作、內容規劃管理與聽眾溝通服務等工作。,,
,,,13傳播/娛樂/藝術,節目企劃,130107,具備內容主題策劃、議題編排設計、媒體資源整合與播出成效評估等相關實務經驗，熟悉節目製播流程與內容規劃原則，適合擔任節目企劃；從事節目內容設計、製播統籌安排、來賓協調與播出成效分析等工作。,,
新聞士,6.00E+234,"1.內容撰寫與編輯作業
1.1撰寫新聞稿件、專題內容與相關文字資料。
1.2進行內容校對與編輯，確保資訊正確與表達清晰。1.3協助產製各類媒體與宣傳內容。
2.版面與內容呈現管理
2.1協助編排出版物或媒體平台之內容版面。
2.2確保內容呈現符合編輯規範與整體風格。
2.3協助管理內容發布流程與相關資料。
3.新聞採訪與資訊蒐集
3.1協助執行新聞採訪與現場資訊蒐集。
3.2整理採訪資料並協助完成報導內容。
3.3蒐集相關產業與媒體資訊以支援內容製作。",12新聞/出版/印刷,新聞採訪記者,120102,具備新聞採訪撰寫、內容審核發布、媒體聯繫協調與版面製作統籌等相關實務經驗，熟悉新聞製作流程與媒體運作機制，適合擔任新聞採訪記者；從事新聞採訪報導、稿件撰寫編輯、媒體溝通聯繫與新聞內容製作等工作。,,
,,,05廣告/公關/設計,公關主管/發言人,050202,具備對外訊息審核發布、媒體關係經營、輿情動態掌握與新聞策略統籌等相關實務經驗，熟悉公共溝通流程與危機應對機制，適合擔任公關主管／發言人；從事品牌形象管理、媒體溝通規劃、記者會統籌與對外發言說明等工作。,,
,,,05廣告/公關/設計,廣告媒體企劃人員,050204,具備新聞內容策劃、媒體聯繫協調、版面與影音製作統籌及傳播效果分析等相關實務經驗，熟悉媒體規劃流程與內容整合原則，適合擔任廣告媒體企劃人員；從事媒體投放規劃、廣告內容整合、傳播策略設計與成效分析等工作。,,
,,,05廣告/公關/設計,廣告文案人員,050102,具備主軸規劃、內容撰寫修潤、議題包裝設計與傳播效果評估等相關實務經驗，熟悉內容創作流程與受眾溝通原則，適合擔任廣告文案人員；從事廣告文案撰寫、品牌訊息設計、創意內容發想與宣傳稿件製作等工作。,,
,,,13傳播/娛樂/藝術,主播,130101,具備新聞稿件撰寫審核、播報內容掌握、媒體聯繫應對與現場表達控場等相關實務經驗，熟悉新聞製播流程與公眾溝通原則，適合擔任主播；從事新聞播報主持、即時訊息傳達、節目內容呈現與對外說明等工作。,,
,,,13傳播/娛樂/藝術,影片製作專業人員,130104,具備影音內容策劃、拍攝剪輯統籌、腳本設計編排與播出成效評估等相關實務經驗，熟悉影片製作流程與內容品質控管原則，適合擔任影片製作專業人員；從事影片企劃拍攝、後製剪輯製作、內容整合發佈與成效分析等工作。,,
,,,13傳播/娛樂/藝術,電台工作人員,130102,具備新聞採編播報、音訊剪輯製作、媒體聯繫協調與節目內容統籌等相關實務經驗，熟悉廣播製播流程與內容管理原則，適合擔任電台工作人員；從事節目製作播出、音控剪輯操作、內容規劃管理與聽眾溝通服務等工作。,,
,,,13傳播/娛樂/藝術,節目企劃,130107,具備內容主題策劃、議題編排設計、媒體資源整合與播出成效評估等相關實務經驗，熟悉節目製播流程與內容規劃原則，適合擔任節目企劃；從事節目內容設計、製播統籌安排、來賓協調與播出成效分析等工作。,,
美工官,6.00E+33,"1.創意與設計規劃
1.1策劃與推動組織內美術與視覺設計專案。
1.2規劃視覺創意與宣傳內容以提升組織形象。1.3設計符合活動或品牌需求的創意方案。
2.美術創作與指導
2.1創作各類平面或數位美術作品。
2.2指導團隊完成設計任務並確保品質。
2.3支援宣傳、活動或專案需求的視覺呈現。
3.活動與空間視覺設計
3.1規劃與執行活動空間的佈置與舞台設計。
3.2協助呈現主題或品牌訊息的視覺效果。
3.3確保設計符合活動需求與觀眾體驗。",05廣告/公關/設計,美術∕商業設計師,050301,具備視覺主題策劃、美術創作設計、宣傳視覺整合與活動場域佈置等相關實務經驗，熟悉視覺傳達流程與設計製作原則，適合擔任美術∕商業設計師；從事品牌視覺設計、宣傳素材製作、活動舞台美術規劃與整體形象設計等工作。,,
,,,05廣告/公關/設計,創意指導,050103,具備視覺主軸規劃、創意方向統籌、設計整合協調與活動形象規劃等相關實務經驗，熟悉創意發想流程與整體視覺管理原則，適合擔任創意指導；從事品牌創意統籌、設計風格制定、跨部門創意整合與視覺品質控管等工作。,,
,,,05廣告/公關/設計,企業形象設計師,050310,具備整體視覺規劃、宣傳形象設計、活動場域美術統籌與品牌識別呈現等相關實務經驗，熟悉企業形象建構流程與視覺設計原則，適合擔任企業形象設計師；從事品牌識別系統設計、形象視覺整合、宣傳素材製作與整體形象管理等工作。,,
,,,05廣告/公關/設計,美術老師,140114,具備美術創作設計、視覺規劃統籌、作品指導示範與活動場域佈置等相關實務經驗，熟悉美術教學流程與創作指導原則，適合擔任美術老師；從事美術課程教學、創作技巧指導、作品評量回饋與展演規劃等工作。,,
,,,05廣告/公關/設計,展場／櫥窗佈置人員,050315,具備活動場域視覺規劃、空間美術設計、主題氛圍營造與現場佈置執行等相關實務經驗，熟悉展示設計流程與視覺呈現原則，適合擔任展場／櫥窗佈置人員；從事展場空間規劃、櫥窗視覺設計、展示佈置執行與形象呈現管理等工作。,,
,,,21行銷/企劃/專案,行銷企劃人員,210103,具備宣傳視覺規劃、活動形象設計、素材整合製作與場域佈置執行等相關實務經驗，熟悉行銷推廣流程與品牌呈現原則，適合擔任行銷企劃人員，從事品牌活動規劃、行銷素材設計、推廣方案執行與成效呈現分析等工作。,,建議取得經濟部商業發展署「品牌企劃師能力鑑定證書」
康樂官,6.00E+44,"1.活動規劃與專案執行
1.1規劃各類活動主題與執行方案。
1.2管理活動流程與資源配置。1.3確保活動品質與參與效果。
2.內容創作與體驗設計
2.1設計活動內容與互動形式。
2.2發展創意表演或文化方案。
2.3提升參與者體驗與投入度。
3.現場管理與流程控管
3.1執行現場流程與舞台運作。
3.2協調人員與設備資源。
3.3應對突發狀況確保活動順利。",16旅遊/餐飲/休閒,旅遊休閒類主管,160107,具備活動整體規劃、節目設計統籌、現場運作管理與團隊協調執行等相關實務經驗，熟悉活動營運流程與場域管理原則，適合擔任旅遊休閒類主管；從事休閒活動規劃、營運管理統籌、通路整合開發與團隊管理等工作。,,
,,,16旅遊/餐飲/休閒,活動指導員,160303,具備活動策劃執行、節目設計帶領、現場秩序維護與場域運作管理等相關實務經驗，熟悉活動流程與服務管理原則，適合擔任活動指導員；從事休閒活動執行、場域秩序維護、設施運作協助與服務品質管理等工作。,,
,,,13傳播/娛樂/藝術,藝術指導/創意總監,130303,具備節目主題構思、整體風格統籌、舞台視覺整合與團隊創意協調等相關實務經驗，熟悉創意發想流程與整體形象管理原則，適合擔任藝術指導／創意總監；從事創意方向制定、視覺風格統籌、活動形象設計與跨部門創意整合等工作。,,
,,,13傳播/娛樂/藝術,節目製作人員,130108,具備節目策劃統籌、內容編排設計、演出協調安排與現場執行管理等相關實務經驗，熟悉節目製作流程與團隊協作原則，適合擔任節目製作人員；從事節目內容規劃、製播統籌安排、演出協調管理與播出成效掌握等工作。,,
,,,21行銷/企劃/專案,活動企劃人員,210203,具備活動主題規劃、流程設計安排、現場統籌執行與資源協調整合等相關實務經驗，熟悉活動企劃流程與專案推動原則，適合擔任活動企劃人員；從事活動方案設計、專案執行管理、廠商協調整合與成效評估分析等工作。,,
,,,21行銷/企劃/專案,專案管理師,210304,具備活動整體規劃、進度管控安排、資源整合協調與成效檢討分析等相關實務經驗，熟悉專案管理流程與跨部門協作原則，適合擔任專案管理師，從事專案規劃、進度管控及資源整合等工作。,,建議取得「國際專案管理師（PMP）認證」
音樂官,6.00E+45,"1.音樂教育與訓練規劃
1.1規劃與推動音樂教育與訓練相關課程。
1.2設計音樂學習與技能培訓計畫。1.3評估音樂訓練成果並持續優化課程內容。
2.音樂團隊指導與管理
2.1指導樂團、合唱團或表演團隊之排練與演出準備。
2.2規劃團隊訓練進度並提升整體演奏與表演能力。
2.3統籌團隊演出活動與日常訓練管理。
3.音樂創作與編曲
3.1創作與編排各類音樂作品。
3.2設計演出曲目並規劃整體表演內容。
3.3支援活動、演出或專案之音樂製作需求。",14教育/學術/研究,音樂老師,140115,具備音樂教育規劃、樂團指揮訓練、樂曲創作編配與演練指導等相關實務經驗，熟悉音樂教學流程與演奏訓練原則，適合擔任音樂老師；從事音樂課程教學、演奏技巧指導、樂團訓練統籌與作品創作發表等工作。,,
,,,13傳播/娛樂/藝術,音樂/作曲/歌唱家及演奏家,130301,具備樂曲創作編配、合奏指揮訓練、演出活動統籌與音樂專業指導等相關實務經驗，熟悉音樂創作流程與舞台演出機制，適合擔任音樂／作曲／歌唱家及演奏家；從事音樂創作發表、專業演奏演唱、樂團指揮統籌與舞台演出規劃等工作。,,
,,,13傳播/娛樂/藝術,藝術指導/創意總監,130303,具備藝術主題規劃、整體風格統籌、演出內容整合與團隊創意引導等相關實務經驗，熟悉創意發想流程與舞台呈現原則，適合擔任藝術指導／創意總監；從事創意方向制定、整體風格統籌、跨部門藝術整合與演出專案規劃等工作。,,
,,,13傳播/娛樂/藝術,節目製作人員,130108,具備節目內容構思、演出統籌規劃、排練指揮協調與舞台呈現管理等相關實務經驗，熟悉節目製作流程與團隊協作原則，適合擔任節目製作人員；從事節目內容規劃、製播統籌安排、演出協調管理與播出品質控管等工作。,,
,,,21行銷/企劃/專案,活動企劃人員,210203,具備演出活動規劃、節目內容設計、資源整合協調與現場執行統籌等相關實務經驗，熟悉活動企劃流程與專案推動原則，適合擔任活動企劃人員；從事活動方案設計、演出專案執行、資源整合協調與成效評估分析等工作。,,
電視作業官,1C93,"1.影音節目企劃與製作管理
1.1規劃與製作影音節目或多媒體內容。
1.2設計節目內容與製作流程，確保品質與時程。1.3管理影音專案之製作與播出作業。
2.媒體製作協調與作業統籌
2.1協調相關部門與製作團隊完成影音專案。
2.2統籌節目製作、拍攝、剪輯與播出流程。
2.3管理影音內容發布與媒體平台作業。
3.影音內容傳播與品牌溝通
3.1規劃影音內容以支援組織宣傳與資訊傳播。
3.2協助建立品牌形象與組織對外溝通內容。
3.3分析影音內容成效並提出優化建議。",13傳播/娛樂/藝術,節目製作人員,130108,具備影音節目規劃製作、跨單位協調統籌實務經驗，適合擔任節目製作人員；從事電視台/網路平台節目企劃執行與後製統籌工作。,,
,,,13傳播/娛樂/藝術,攝影師,130105,具備影音節目製作、拍攝統籌與影像品質管理等相關實務經驗，熟悉影像製作流程與畫面構圖原則，適合擔任攝影師；從事影像拍攝執行、畫面構圖設計、拍攝現場協調與影音素材製作等工作。,,
,,,13傳播/娛樂/藝術,影片製作專業人員,130104,具備節目製作與播送相關實務經驗，適合擔任影片製作專業人員；從事影音企劃與協調、剪輯與特效製作等工作。,,
,,,05廣告/公關/設計,廣告媒體企劃人員,050204,具備影音內容規劃、媒體製播統籌、播出策略安排與傳播成效評估等相關實務經驗，熟悉媒體規劃流程與內容整合原則，適合擔任廣告媒體企劃人員；從事媒體投放策略規劃、廣告內容整合設計、傳播方案執行與成效分析等工作。,,
,,,21行銷/企劃/專案,活動企劃人員,210203,具備節目規劃統籌、製作流程控管、跨單位協調整合與播出成效評估等相關實務經驗，熟悉活動執行流程與專案管理原則，適合擔任活動企劃人員；從事活動方案設計、專案執行統籌、資源協調整合與成效分析評估等工作。,,
,,,21行銷/企劃/專案,專案管理師,210304,具備影音內容企劃、製作流程管理等相關實務經驗，適合轉銜為專案管理師，從事專案規劃、管控及協調相關工作。,,建議取得「國際專案管理師（PMP）認證」
美工兵,6E331,"1.視覺設計與宣傳素材製作
1.1協助設計與製作各類宣傳海報、圖像與視覺素材。
1.2製作符合宣傳主題之平面設計與圖文內容。1.3支援品牌或活動宣傳所需之視覺設計工作。
2.行銷與宣傳內容支援
2.1協助設計宣傳文宣、標語與推廣素材。
2.2配合行銷或宣傳活動製作相關視覺內容。
2.3協助整理與管理宣傳素材與設計檔案。
3.活動空間與展示佈置
3.1協助規劃與製作活動場地之視覺佈置。
3.2製作展示圖板、指示標示與活動裝飾素材。
3.3支援活動現場佈置與視覺呈現。",05廣告/公關/設計,美術∕商業設計師,050301,具備視覺主題策劃、美術創作設計、宣傳視覺整合與活動場域佈置等相關實務經驗，熟悉視覺傳達流程與設計製作原則，適合擔任美術∕商業設計師；從事品牌視覺設計、宣傳素材製作、活動舞台美術規劃與整體形象設計等工作。,,
,,,05廣告/公關/設計,企業形象設計師,050310,具備整體視覺規劃、宣傳形象設計、活動場域美術統籌與品牌識別呈現等相關實務經驗，熟悉企業形象建構流程與視覺設計原則，適合擔任企業形象設計師；從事品牌識別系統設計、形象視覺整合、宣傳素材製作與整體形象管理等工作。,,
,,,05廣告/公關/設計,美術老師,140114,具備美術創作設計、視覺規劃統籌、作品指導示範與活動場域佈置等相關實務經驗，熟悉美術教學流程與創作指導原則，適合擔任美術老師；從事美術課程教學、創作技巧指導、作品評量回饋與展演規劃等工作。,,
,,,05廣告/公關/設計,展場／櫥窗佈置人員,050315,具備活動場域視覺規劃、空間美術設計、主題氛圍營造與現場佈置執行等相關實務經驗，熟悉展示設計流程與視覺呈現原則，適合擔任展場／櫥窗佈置人員；從事展場空間規劃、櫥窗視覺設計、展示佈置執行與形象呈現管理等工作。,,
,,,21行銷/企劃/專案,行銷企劃人員,210103,具備宣傳視覺規劃、活動形象設計、素材整合製作與場域佈置執行等相關實務經驗，熟悉行銷推廣流程與品牌呈現原則，適合擔任行銷企劃人員，從事品牌活動規劃、行銷素材設計、推廣方案執行與成效呈現分析等工作。,,建議取得經濟部商業發展署「品牌企劃師能力鑑定證書」
康樂兵,6E431,"1.活動支援與執行
1.1協助規劃與執行各類活動或團隊娛樂活動。
1.2支援活動流程安排與現場執行作業。1.3協助活動相關行政與後勤作業。
2.活動視覺與場地佈置
2.1協助製作宣傳素材與活動展示用品。
2.2支援活動會場佈置與視覺呈現作業。
2.3協助活動場地之佈置、整理與撤場工作。
3.舞台技術與設備操作
3.1協助舞台佈景搭建與場地設置。
3.2操作或支援燈光、音響及舞台設備。
3.3協助設備檢查與日常維護保養。",16旅遊/餐飲/休閒,活動指導員,160303,具備協助節目策劃、內容編排、演出協調與現場表演等相關實務經驗，熟悉節目製作流程與團隊協作，適合擔任活動指導員；從事休閒活動執行、場域秩序維護、設施運作協助與服務品質管理等工作。,,
,,,13傳播/娛樂/藝術,燈光/音響師,130110,具備舞台燈光與音響設備操作、舞台佈景設置、活動會場技術支援及播音設備保養維護等相關實務，熟悉舞台演出技術流程與設備操作，適合擔任燈光／音響師；從事舞台燈光與音響系統操作、設備架設調整、演出現場技術支援與設備維護管理等工作。,,
,,,13傳播/娛樂/藝術,視聽工程類人員,130111,具備舞台燈光音響設備操作、播音系統使用與維護、舞台佈景與會場設備架設等實務，熟悉視聽設備操作與活動技術支援流程，適合擔任視聽工程類人員；從事視聽系統設備架設、音響與影像設備操作維護、活動或演出技術支援等工作。,,
,,,13傳播/娛樂/藝術,數位平台直播人員,130205,具備協助節目策劃、內容編排、演出協調與現場表演等相關實務經驗，熟悉節目製作流程與團隊協作，適合擔任數位平台直播人員；從事透過數位平台進行影音播送相關經營工作。,,
,,,13傳播/娛樂/藝術,節目製作人員,130108,具備協助節目策劃、內容編排、演出協調與現場表演等相關實務經驗，熟悉節目製作流程與團隊協作，適合擔任節目製作人員；從事節目內容規劃、製播統籌安排、演出協調管理與播出成效掌握等工作。,,
,,,21行銷/企劃/專案,活動企劃人員,210203,具備協助活動主題規劃、流程設計安排、現場統籌執行與資源協調整合等相關實務經驗，熟悉活動企劃流程與專案推動原則，適合擔任活動企劃人員；從事活動方案設計、專案執行管理、廠商協調整合與成效評估分析等工作。,,
康樂士,6E434,"1.活動企劃與執行管理
1.1協助規劃與執行各類活動或團隊文化活動。
1.2負責活動流程安排與現場執行協調。1.3協助管理活動相關行政與資源配置。
2.活動視覺與場地佈置
2.1設計與製作活動宣傳素材與視覺展示用品。
2.2規劃並執行活動場地與會場環境佈置。
2.3協助維持活動現場視覺呈現與整體氛圍。
3.舞台技術與設備操作
3.1規劃與執行舞台佈景設置與場地搭建。
3.2操作燈光、音響與舞台相關設備。
3.3執行舞台設備檢查與日常維護作業。",16旅遊/餐飲/休閒,活動指導員,160303,具備協助節目策劃、內容編排、演出協調與現場表演等相關實務經驗，熟悉節目製作流程與團隊協作，適合擔任活動指導員；從事休閒活動執行、場域秩序維護、設施運作協助與服務品質管理等工作。,,
,,,13傳播/娛樂/藝術21行銷/企劃/專案,燈光/音響師,130110,具備舞台燈光與音響設備操作、舞台佈景與會場佈置、美術宣傳製作及播音設備保養維護等相關實務，熟悉演出活動技術流程與設備操作，適合擔任燈光／音響師；從事舞台燈光與音響系統架設操作、設備調整測試、演出現場技術支援及相關設備維護管理等工作。,,
,,,13傳播/娛樂/藝術21行銷/企劃/專案,視聽工程類人員,130111,具備舞台燈光與音響設備操作、會場佈置與舞台佈景設置、美術宣傳製作及播音設備操作維護等相關實務，熟悉視聽設備架設與活動技術支援流程，適合擔任視聽工程類人員；從事視聽系統設備架設、音響與影像設備操作維護、活動或演出技術支援與相關設備管理等工作。,,
,,,13傳播/娛樂/藝術21行銷/企劃/專案,數位平台直播人員,130205,具備協助節目策劃、內容編排、演出協調與現場表演等相關實務經驗，熟悉節目製作流程與團隊協作，適合擔任數位平台直播人員；從事透過數位平台進行影音播送相關經營工作。,,
,,,13傳播/娛樂/藝術21行銷/企劃/專案,節目製作人員,130108,具備協助節目策劃、內容編排、演出協調與現場表演等相關實務經驗，熟悉節目製作流程與團隊協作，適合擔任節目製作人員；從事節目內容規劃、製播統籌安排、演出協調管理與播出成效掌握等工作。,,
,,,13傳播/娛樂/藝術21行銷/企劃/專案,活動企劃人員,210203,具備協助活動主題規劃、流程設計安排、現場統籌執行與資源協調整合等相關實務經驗，熟悉活動企劃流程與專案推動原則，適合擔任活動企劃人員；從事活動方案設計、專案執行管理、廠商協調整合與成效評估分析等工作。,,
播音士,6E634,"1.播音與音訊內容傳播
1.1負責活動、節目或公共場合之播音與主持作業。
1.2依活動需求進行資訊傳達與現場廣播。1.3協助製作或播送音訊內容以支援活動或宣傳。
2.活動播音與主持支援
2.1擔任活動主持或現場廣播工作。
2.2配合活動流程進行即時播報與資訊提醒。
2.3協助維持活動秩序與現場溝通。
3.音訊設備操作與維護
3.1操作音響與播音設備以確保音訊品質。
3.2執行音訊設備檢查、基本維護與故障排除。
3.3協助管理音訊設備與相關器材。",13傳播/娛樂/藝術,電台工作人員,130102,具備播音執行播及音訊設備操作維護實務經驗，適合擔任電台工作人員，從事節目企劃編排、播音錄製等工作。,,
,,,13傳播/娛樂/藝術,主播,130101,具備播音主持、稿件朗讀掌握、現場控場表達與節目內容呈現等相關實務經驗，熟悉製播流程與公眾溝通原則，適合擔任主播；從事新聞播報主持、即時訊息傳達、節目內容呈現與現場應對處理等工作。,,
,,,13傳播/娛樂/藝術,節目主持人,130204,具備播音主持表達、節目內容掌握、現場節奏控場與聽眾互動應對等相關實務經驗，熟悉節目製播流程與口語溝通原則，適合擔任節目主持人；從事節目主持引導、現場互動掌控、內容串聯呈現與活動主持等工作。,,
,,,13傳播/娛樂/藝術,節目製作人員,130108,具備播音主持表達、節目內容掌握、現場節奏控場與聽眾互動應對等相關實務經驗，熟悉節目製播流程與口語溝通原則，適合擔任節目製作人，統籌執行與節目相關之各項錄影及行政業務。,,
保防督導官,6D11,"1.組織安全管理與制度規劃
1.1規劃並建立組織資訊安全與營運安全管理制度。
1.2督導各單位落實安全管理規範與作業流程。1.3辦理安全教育訓練並執行安全稽核與績效評估。
2.資訊與營運風險管理
2.1蒐集並分析安全風險資訊與潛在威脅。
2.2進行風險評估並提出防範與改善建議。
2.3建立安全事件通報與處理機制。
3.內部調查與事件處理
3.1調查資訊外洩、違規或安全事件。
3.2釐清事件原因並提出改善與防範措施。
3.3協助建立組織內部稽核與調查程序。",04財務/金融/保險,稽核人員,040107,具備制度規劃與檢核管理、風險資訊蒐集研判、事件調查與改善追蹤等相關實務，熟悉制度遵循與內部控制流程，適合擔任稽核人員；從事內部控制制度檢視、風險評估報告撰寫與缺失改善追蹤等工作。,,
,,,04財務/金融/保險,理賠人員,040304,具備案件調查處理、風險評估研判、制度規範檢核等相關實務，熟悉作業程序與控管流程，適合擔任保險理賠人員；從事事故資料查證、理賠案件審核與理賠報告撰寫等工作。,,
,,,21行銷/企劃/專案,市場調查/市調分析人員,210105,具備安全制度規劃管理、風險資訊蒐集研判、事件調查與協調處理等相關實務，熟悉制度遵循與風險評估流程，適合擔任市場調查市調分析人員；從事市場資料蒐集分析、風險評估報告撰寫與決策建議提供等工作。,,
,,,03人資/法務/智財,法律助理人員,030204,具備法令制度研析、案件調查處理、風險評估與紀錄管理等相關實務，熟悉制度遵循與程序控管流程，適合擔任法律助理人員；從事法律文件整理彙編、案件資料蒐集分析與訴訟行政支援等工作。,,
,,,09品管/製造/環衛,職業安全衛生人員,090301,具備安全制度規劃管理、風險資訊蒐集研判、事件調查與協調處理等相關實務，熟悉制度遵循與風險評估流程，適合擔任職業安全衛生人員，從事職業安全制度推動、作業環境風險評估與改善措施督導等工作。,應取得「職業安全衛生管理乙級技術士證」,
,,,18保全/軍警消,保全技術人員,180106,具備安全制度規劃管理、風險評估研判、事件調查與協調處理等相關實務，熟悉安全控管與防護流程，適合擔任保全技術人員；從事安全監控系統規劃建置、設備檢測維護與異常事件通報處理等工作。,,
,,,22其他職類,私家偵探(徵信員),220104,具備情報蒐集研判、人員背景調查、事件調查處理與證據資料分析等相關實務，熟悉調查蒐證與資訊整合流程，適合擔任私家偵探（徵信員）；從事案件調查、背景查證、資料蒐集分析與調查報告整理等工作。,,
反情報調查督導官,6D21,"1.企業安全調查與風險管理
1.1規劃並執行組織內部安全調查與風險評估作業。
1.2分析潛在威脅與內部風險來源，提出防範與改善建議。1.3建立組織安全防護與風險控制機制。
2.情資蒐集與分析研判
2.1蒐集與分析安全相關資訊與潛在威脅情報。
2.2進行風險研判並提供管理階層決策參考。
2.3建立安全監測與資訊通報機制。
3.內部調查與證據蒐集
3.1規劃與執行違規、洩密或安全事件調查。
3.2蒐集相關證據與資料並進行分析與鑑識。
3.3提出調查報告與改善建議。",22其他職類,私家偵探(徵信員),220104,具備情報蒐集研判、人員背景調查、事件調查處理與證據資料分析等相關實務，熟悉調查蒐證與資訊整合流程，適合擔任私家偵探（徵信員）；從事案件調查、背景查證、資料蒐集分析與調查報告整理等工作。,,
,,,04財務/金融/保險,稽核人員,040107,具備制度規劃與檢核管理、風險資訊蒐集研判、事件調查與改善追蹤等相關實務，熟悉制度遵循與內部控制流程，適合擔任稽核人員；從事內部控制制度檢視、風險評估報告撰寫與缺失改善追蹤等工作。,,
,,,04財務/金融/保險,理賠人員,040304,具備案件調查處理、風險評估研判、制度規範檢核等相關實務，熟悉作業程序與控管流程，適合擔任保險理賠人員；從事事故資料查證、理賠案件審核與理賠報告撰寫等工作。,,
,,,21行銷/企劃/專案,市場調查/市調分析人員,210105,具備事件調查規劃、風險資訊蒐集研判等相關實務經驗，熟悉調查分析流程，適合擔任市場調查市調分析人員；從事市場資料蒐集分析、風險評估報告撰寫與決策建議提供等工作。,,
,,,03人資/法務/智財,法律助理人員,030204,具備案件調查實務經驗，熟悉制度遵循與程序控管流程，適合擔任法律助理人員；從事法律文件整理彙編、案件資料蒐集分析與訴訟行政支援等工作。,,
,,,09品管/製造/環衛,職業安全衛生人員,090301,具備事件調查與協調處理等實務經驗，熟悉制度遵循與風險評估流程，適合擔任職業安全衛生人員，從事職業安全制度推動、作業環境風險評估與改善措施督導等工作。,應取得「職業安全衛生管理乙級技術士證」,
,,,18保全/軍警消,保全技術人員,180106,具備風險評估研判、事件調查與協調處理等相關實務經驗，熟悉安全控管與防護流程，適合擔任保全技術人員；從事安全監控系統規劃建置、設備檢測維護與異常事件通報處理等工作。,,
保防士,6D114,"1.組織安全管理與制度落實
1.1協助推動組織安全與保密管理制度之執行。
1.2監督並提醒員工遵循資訊安全與保密規範。1.3協助執行安全管理與保密相關作業。
2.安全資料蒐集與風險監測
2.1蒐集與整理安全相關資料與風險資訊。
2.2協助進行人員安全背景資料整理與管理。
2.3支援安全風險評估與事件監測作業。
3.安全事件調查支援
3.1協助調查資訊外洩或違規事件。
3.2蒐集相關資料並整理調查紀錄。
3.3支援安全事件處理與改善措施執行。",04財務/金融/保險,稽核人員,040107,具備制度規劃與檢核管理、風險資訊蒐集研判、事件調查與改善追蹤等相關實務，熟悉制度遵循與內部控制流程，適合擔任稽核人員；從事內部控制制度檢視、風險評估報告撰寫與缺失改善追蹤等工作。,,
,,,04財務/金融/保險,理賠人員,040304,具備案件調查處理、風險評估研判、制度規範檢核等相關實務，熟悉作業程序與控管流程，適合擔任保險理賠人員；從事事故資料查證、理賠案件審核與理賠報告撰寫等工作。,,
,,,21行銷/企劃/專案,市場調查/市調分析人員,210105,具備安全制度規劃管理、風險資訊蒐集研判、事件調查與協調處理等相關實務，熟悉制度遵循與風險評估流程，適合擔任市場調查市調分析人員；從事市場資料蒐集分析、風險評估報告撰寫與決策建議提供等工作。,,
,,,03人資/法務/智財,法律助理人員,030204,具備法令制度研析、案件調查處理、風險評估與紀錄管理等相關實務，熟悉制度遵循與程序控管流程，適合擔任法律助理人員；從事法律文件整理彙編、案件資料蒐集分析與訴訟行政支援等工作。,,
,,,09品管/製造/環衛,職業安全衛生人員,090301,具備安全制度規劃管理、風險資訊蒐集研判、事件調查與協調處理等相關實務，熟悉制度遵循與風險評估流程，適合擔任職業安全衛生人員，從事職業安全制度推動、作業環境風險評估與改善措施督導等工作。,應取得「職業安全衛生管理乙級技術士證」,
,,,18保全/軍警消,保全技術人員,180106,具備安全制度規劃管理、風險評估研判、事件調查與協調處理等相關實務，熟悉安全控管與防護流程，適合擔任保全技術人員；從事安全監控系統規劃建置、設備檢測維護與異常事件通報處理等工作。,,
,,,22其他職類,私家偵探(徵信員),220104,具備情報蒐集研判、人員背景調查、事件調查處理與證據資料分析等相關實務，熟悉調查蒐證與資訊整合流程，適合擔任私家偵探（徵信員）；從事案件調查、背景查證、資料蒐集分析與調查報告整理等工作。,,
保防兵,6D111,"1.安全制度行政支援
1.1協助執行組織安全與保密管理制度之日常作業。
1.2協助檢視員工遵循資訊安全與保密規範之情形。1.3支援安全管理相關行政與執行工作。
2.安全資料與文件管理
2.1辦理安全與保密相關文件之整理與歸檔。
2.2協助建立與維護安全管理資料紀錄。
2.3支援安全資料之整理與保存作業。
3.人員安全資料蒐集
3.1協助蒐集與整理人員安全相關資料。
3.2協助管理與更新安全調查資料。
3.3支援安全風險評估所需資料整理。",18保全/軍警消,運鈔員,180104,具備安全規範執行、風險辨識與通報等相關實務，熟悉標準作業程序與紀律控管要求，適合擔任運鈔員；從事現場安全維護、現金運送與異常狀況通報處理等工作。,,
,,,18保全/軍警消,停車場管理員,180105,具備安全巡查、監控回報實務經驗，適合轉銜停車場管理員；從事車輛進出管制、停車位巡檢、設備故障排除與場地環境維護等工作。,,
,,,18保全/軍警消,保全技術人員,180106,具備安全規範執行、風險辨識與通報等相關實務，熟悉標準作業程序與紀律控管要求，適合轉銜保全技術人員；從事門禁監控操作、巡邏安全檢查、設備維護保養與緊急狀況應對等工作。,,
,,,01經營/行政/總務,行政助理,010206,因具備協助文書處理與資料彙整等實務經驗，適合轉銜為行政助理，從事文件整理歸檔、資料建置維護與部門行政支援等工作。,,建議取得勞動部「電腦軟體應用」相關技術士證
,,,06客服/門市,連鎖店管理人員,060205,因於部隊長期接觸人員管理、物料補給、設施環境維護等實務工作，並具備遵守紀律、流程管控與標準化執行力，適合轉銜為連鎖店管理人員，從事服務品質維護、存貨管理、排班調度等門店營運工作。,,建議取得「門市服務」相關技術士證
,,,01經營/行政/總務,儲備幹部,010105,因於部隊長期接觸制度化作業流程，並具備遵守紀律、跨單位協作、情境應變與壓力下執行能力，適合轉銜企業儲備幹部，學習組織規章及營運流程，從事相關管理工作。,,
,,,22其他職類,私家偵探(徵信員),220104,具備資料蒐集整理、人員背景資料調查協助、保密規定執行查核與相關事件資料整理等實務經驗，熟悉基礎調查蒐證與資料分析流程，適合擔任私家偵探（徵信員）；從事案件資料蒐集、背景查證、資訊整理分析與調查報告資料彙整等工作。,,
監察督導官,6C11,"1.內部稽核與制度監督
1.1建立與執行內部稽核機制。
1.2檢視制度運作與流程合規性。1.3確保組織政策有效落實。
2.風險控管與案件調查
2.1辨識組織風險與異常狀況。
2.2執行內部調查與問題釐清。
2.3提出改善與預防措施。
3.法遵管理與廉政機制
3.1確保作業符合法規與制度要求。
3.2建立廉政與反舞弊機制。
3.3強化組織透明度與治理品質。",03人資/法務/智財,法律助理人員,030204,具備案件調查處理、法令制度審查、行政程序檢核等相關實務，熟悉法規適用與流程控管機制，適合擔任法律助理人員；從事法律文件整理彙編、案件資料蒐集分析與訴訟行政支援等工作。,,
,,,04財務/金融/保險,稽核人員,040107,具備制度督導查察、違失案件調查、程序與採購審查等相關實務，熟悉合規控管與內部控制流程，適合擔任稽核人員；從事內部控制制度檢視、合規審查與缺失改善追蹤等工作。,,
,,,04財務/金融/保險,理賠人員,040304,具備案件調查處理、事證資料比對、制度程序審查等相關實務，熟悉作業規範與控管流程，適合擔任理賠人員；從事事故資料查證、理賠案件審核與理賠報告撰寫等工作。,,
,,,21行銷/企劃/專案,市場調查/市調分析人員,210105,具備資訊蒐集研析、案件調查分析、制度執行成效評估等相關實務，熟悉資料判讀與流程控管，適合擔任市場調查市調分析人員；從事市場資料蒐集分析、趨勢研判與決策建議提供等工作。,,
,,,02業務/貿易/銷售,押匯及報關人員,020202,具備制度程序審查、文件資料查核、案件流程控管等相關實務，熟悉規範遵循與行政作業流程，適合擔任押匯及報關人員，從事進出口單證審核、報關資料整理與作業流程控管等工作。,應取得財政部「專責報關人員」資格,
,,,09品管/製造/環衛,職業安全衛生人員,090301,具備制度督導查察、風險評估分析、缺失改善追蹤等相關實務，熟悉作業規範與流程控管機制，適合擔任職業安全衛生人員，從事職業安全制度推動、作業環境風險評估與改善措施督導等工作。,應取得「職業安全衛生管理乙級技術士證」,
,,,15物流/運輸/資材,採購人員,150303,具備採購程序審查、文件資料查核、流程控管與風險評估等相關實務，熟悉規範遵循與行政作業流程，適合擔任採購人員，從事採購流程執行、供應商資料審核與合約文件管理等工作。,應取得「採購專業人員」相關訓練及格證書,
教誨官,6C24,"1.教育課程規劃與執行
1.1規劃並執行教育訓練課程。
1.2設計學習內容與評量方式。1.3確保學習成果達成目標。
2.輔導支持與行為發展
2.1提供個別或團體輔導支持。
2.2引導行為改善與態度調整。
2.3建立正向學習與成長環境。
3.成效評估與學習管理
3.1評估學習成果與進展。
3.2建立學習紀錄與追蹤機制。
3.3提供改善建議與優化方案。",03人資/法務/智財,教育訓練人員,030104,具備課程設計課堂講授等相關實務經驗，熟悉教學規劃與訓練成效追蹤機制，適合擔任教育訓練人員；從事教育訓練課程規劃、教學執行與訓練成效評估等工作。,,
,,,14教育/學術/研究,補習班導師／管理人員,140111,具備課程規劃講授、學習成效評量、學生行為輔導與紀錄管理等相關實務，熟悉教學流程與班級管理機制，適合擔任補習班導師管理人員；從事學生學習輔導、教學品質追蹤與班級經營管理等工作。,,
,,,14教育/學術/研究,社工人員,140120,具備個案輔導介入、行為觀察紀錄、教育支援與制度配合作業等相關實務，熟悉服務流程與個案管理機制，適合擔任社工人員；從事個案評估輔導、服務方案執行與資源連結協調等工作。,,
眷服管理督導官,6.00E+46,"1.專案規劃與建設管理
1.1規劃與制定社區改建與營建專案方案。
1.2審核圖說、都市計畫與施工方案，確保合規與可行性。1.3監督施工進度與建物維修，確保改建專案順利完成。
2.社區服務與居民關懷
2.1督導居民服務與社會支持活動，包括人口資料管理與生活照顧。
2.2組織社區交流活動、座談與聯誼，提升居民凝聚力。
2.3規劃安老育幼及社區福利措施，推動資源分配與支援計畫。
3.專案執行統籌與跨部門協作
3.1統籌改建專案實務執行，整合工程、行政與服務資源。
3.2協調各相關單位，確保政策、工程與服務流程順利運作。
3.3提供專案進度與成效分析，供管理層決策參考。",11營建/製圖/施作,營造經理人員,110103,具備營建統籌管理、工程流程協調控管、法規程序審理執行等相關實務，熟悉施工管理與行政流程運作機制，適合擔任營造經理人員，從事工程進度管理、跨單位協調與施工品質風險控管等工作。,,建議取得「營造工程管理」相關技術士證
,,,03人資/法務/智財,代書/地政士,030205,具備土地與權利文件審理、行政程序申辦協調、法規流程控管等相關實務經驗，熟悉產權登記與行政申請作業流程，適合轉銜代書/地政士，從事產權移轉登記辦理、契約文件審核與申請程序申辦等工作。。,,建議取得「地政士」證照
,,,06客服/門市,客戶服務主管,060101,具備住戶服務管理、專案整合協調、問題處理與回饋機制建置等相關實務經驗，熟悉服務流程與作業控管機制，適合擔任客戶服務主管；從事客服團隊管理、客訴處理與服務品質改善等工作。,,
,,,01經營/行政/總務,大廈或社區總幹事,010106,具備社區服務管理、工程修繕協調、行政流程控管等相關實務經驗，熟悉住戶溝通與公共事務運作機制，適合擔任大廈或社區總幹事；從事社區行政管理、設備維護協調與住戶服務溝通等工作。,,
,,,05廣告/公關/設計,公關企劃人員,050203,具備政策推動溝通協調、專案整合規劃、利害關係人意見彙整等相關實務經驗，熟悉專案流程與對外溝通機制，適合擔任公關企劃人員；從事公關活動規劃執行、議題溝通與媒體關係維護等工作。,,
通信兵將官,7A00,"1.資通電政策與制度治理
1.1制定組織之資訊、通訊與系統運作政策。
1.2規劃中長期通電系統發展與治理架構。
1.3確保制度與作業流程符合組織規範與需求。
2.系統作業督導與營運管控
2.1督導資訊與通訊系統之日常運作與支援任務。
2.2管控系統穩定度、可用性與作業效能。
2.3處理跨層級作業協調與風險管控。
3.組織領導與專業指導
3.1指導專業團隊執行通電相關任務。
3.2提供高階決策所需之專業建議。
3.3培育通電作業與管理人才。",01經營/行政/總務,經營管理主管,010101,具備政策制定、高階領導與資源整合能力，熟悉任務推動與績效管理，適合擔任經營管理主管，從事企業營運規劃、策略擬定與決策執行等工作。,,
,,,08資訊/軟體/系統,資訊管理部門主管,080101,具備通電資訊體系規劃統籌、系統運作監督管理等相關實務，熟悉資訊政策推動與作業流程控管機制，適合擔任資訊管理部門主管，從事資訊策略規劃、系統整合管理等工作。,,建議取得經濟部「資訊安全工程師能力鑑定證書」或「ISO/IEC27001」或「ISO/IEC27701」等相關證照
,,,21行銷/企劃/專案,專案管理主管,210301,具備通電資訊體系規劃統籌、跨單位資源整合協調等相關實務，熟悉政策推動與作業流程管制機制，適合擔任專案管理主管，從事專案規劃控管與團隊協調整合等工作。,,建議取得「國際專案管理師（PMP）認證」等相關證照
,,,21行銷/企劃/專案,營運管理師/ERP專案師,210302,具備通電資訊體系整合規劃、系統運作監督管理等相關實務，熟悉作業流程控管與跨單位協調機制，適合擔任營運管理師或ERP專案師，從事系統導入規劃與流程整合優化等工作。,,建議取得經濟部「營運智慧分析師能力鑑定證書」等相關證照
,,,22其他職類,顧問,220106,具備策略規劃、團隊領導、資源整合與危機應處能力，熟悉問題評斷與跨域協調，適合擔任企業顧問，提供營運策略諮詢及襄理重大專案工作。,,
資通電部隊指揮將官,BC00,"1.資訊與通訊系統治理與策略規劃
1.1規劃組織層級之資訊、通訊與系統能力發展藍圖。
1.2統籌系統建置、維運、升級與資源配置。
1.3評估新技術導入對組織運作與風險之影響。
2.系統運作、維運與能力評估
2.1建立系統維運與支援機制，確保服務穩定度。
2.2規劃測試、稽核與效能評估流程。
2.3管理供應、維修與生命週期相關作業。
3.人才培育、訓練與組織發展
3.1規劃專業人員訓練與能力培育體系。
3.2督導訓練成效，確保能力符合組織需求。
3.3提供高層決策所需之系統與人力發展建議。",01經營/行政/總務,經營管理主管,010101,具備政策制定、高階領導與資源整合能力，熟悉任務推動與績效管理，適合擔任經營管理主管，從事企業營運規劃、策略擬定與決策執行等工作。,,
,,,08資訊/軟體/系統,資訊管理部門主管,080101,具備通電資訊體系規劃統籌、系統運作監督管理等相關實務，熟悉資訊政策推動與作業流程控管機制，適合擔任資訊管理部門主管，從事資訊策略規劃、系統整合管理等工作。,,建議取得經濟部「資訊安全工程師能力鑑定證書」或「ISO/IEC27001」或「ISO/IEC27701」等相關證照
,,,21行銷/企劃/專案,專案管理主管,210301,具備通電資訊體系規劃統籌、跨單位資源整合協調等相關實務，熟悉政策推動與作業流程管制機制，適合擔任專案管理主管，從事專案規劃控管與團隊協調整合等工作。,,建議取得「國際專案管理師（PMP）認證」等相關證照
,,,21行銷/企劃/專案,營運管理師/ERP專案師,210302,具備通電資訊體系整合規劃、系統運作監督管理等相關實務，熟悉作業流程控管與跨單位協調機制，適合擔任營運管理師或ERP專案師，從事系統導入規劃與流程整合優化等工作。,,建議取得經濟部「營運智慧分析師能力鑑定證書」等相關證照
,,,22其他職類,顧問,220106,具備策略規劃、團隊領導、資源整合與危機應處能力，熟悉問題評斷與跨域協調，適合擔任企業顧問，提供營運策略諮詢及襄理重大專案工作。,,
通信部隊指揮官,BC01,"1.通信系統建置與運作管理
1.1規劃並建置組織所需之通訊系統架構。
1.2管理系統日常運作、維護與資源配置。
1.3確保系統穩定度、可用性與服務連續性。
2.通信能力規劃與人才培育
2.1規劃通信相關訓練與能力發展。
2.2指導人員熟悉系統操作與維運流程。
2.3評估訓練成效並持續優化作業能力。
3.跨單位協調與專業顧問支援
3.1協調內外部單位處理通訊相關事項。
3.2向管理層提供通訊系統與運作建議。
3.3支援關鍵任務之通訊規劃與風險判斷。",07工程/研發/生技,通訊系統工程師,070109,具備通訊系統建置整合、系統運作監督管理等相關實務，熟悉設備性能管理與維護流程控管機制，適合擔任通訊系統工程師，從事通訊系統規劃設計與設備測試維護等工作。,,建議取得勞動部「通信技術（電信線路）技術士」等相關證照
,,,07工程/研發/生技,RF通訊工程師,070110,具備通訊系統建置整合、頻率資源規劃管制等相關實務，熟悉設備性能測試與維護流程控管機制，適合擔任RF通訊工程師，從事射頻系統規劃設計與設備測試調校等工作。,,建議取得經濟部「天線設計工程師能力鑑定證書」等相關證照
,,,07工程/研發/生技,光電工程師,070107,具備通訊系統建置整合、系統運作監督管理等相關實務，熟悉設備性能檢測與維護流程控管機制，適合擔任光電工程師；從事光電系統規劃整合與設備測試維護等工作。,,
,,,10技術/維修/操作,通訊客服支援工程師,100209,具備通訊系統運作監督管理、設備故障排除指導等相關實務，熟悉維護流程控管與協調處理機制，適合擔任客服支援工程師，從事技術問題分析處理與客戶端支援服務等工作。,,建議取得勞動部「工業電子丙級技術士」等相關證照
,,,10技術/維修/操作,安防系統施作規劃管理人員,100212,具備通訊系統建置整合、現場施工協調管理等相關實務，熟悉設備部署規劃與維護流程控管機制，適合擔任安防系統施作規劃管理人員，從事安防系統規劃設計與施工進度管理等工作。，,,建議取得國家通訊傳播委員會「通信技術（電信線路）技術士證」等證照
通資電領導士,BC916,"1.電子設備測試與校準管理
1.1規劃與執行電子設備測試與校準作業。
1.2確保量測結果符合標準與品質要求。
1.3管理校準紀錄與追溯制度。
2.電子設備維修與品質控管
2.1指導維修人員進行設備檢修與故障排除。
2.2建立維修流程與品質控管機制。
2.3分析設備異常原因並提出改善措施。
3.技術改良與專業建議
3.1評估試驗器材效能與使用限制。
3.2提出設備升級、替代或流程優化建議。
3.3支援上級進行技術決策與採購評估。",10技術/維修/操作,通訊客服支援工程師,100209,具備通訊與電子設備故障診斷、試驗校準及技術指導經驗，熟悉維護流程控管與協調處理機制，適合擔任通訊客服支援工程師，從事協助解決客戶資通訊產品問題、提供技術諮詢、操作說明與教育訓練等工作。,,建議取得勞動部「工業電子丙級」技術士
,,,10技術/維修/操作,安防系統施作規劃管理人員,100212,具備電子設備維護管理、試驗校準與系統整合經驗，熟悉設備部署規劃與維護流程控管機制，適合擔任安防系統施作規劃管理人員，從事安防系統佈線、安裝、測試、維修等工作。,,建議取得勞動部「通信技術（電信線路）」技術士等證照
,,,10技術/維修/操作,電子設備裝修技術員,100208,具備無線電通訊作業、電子設備性能判斷與維修保養實務經驗，熟悉設備性能管理與維護流程，適合擔任電子設備裝修技術員，從事無線電、電子設備裝配、調整、檢修、測試與系統整備等工作。,,建議取得勞動部「工業電子丙級技術士」等證照
,,,10技術/維修/操作,通訊產品維修人員,100210,具備有線與無線通訊設備操作、故障排除與日常保養經驗，熟悉設備性能管理與維護流程，適合擔任通訊產品維修人員，從事通訊設備與產品之安裝、架設、維護、保養及客訴問題排除等工作。,,建議取得勞動部「通信技術（電信線路）技術士證」等證照
,,,10技術/維修/操作,電話及電報機裝修人員,100211,具備通訊作業流程、文電處理及線電設備維修與管理經驗，熟悉設備性能管理與維護流程，適合擔任電話及電報機裝修人員，從事電話與電報設備之安裝、修理、檢測及用戶端設備維護等工作。,,建議取得勞動部「數位電子」或「儀表電子」技術士等證照
,,,03人資/法務/智財,教育訓練人員,030104,具備部隊訓練與接受鑑測實務經驗，熟悉訓練規劃與評量全般流程，適合擔任教育訓練人員；從事企業人才發展相關工作。,,
,,,06客服/門市,連鎖店管理人員,060205,具備軍中差勤管理、物料補給及設施環境維護等實務經驗，熟悉人員調度與突發狀況處理，適合轉銜為連鎖店管理人員，從事連鎖體系門市營運管理、人員督導與日常營運協調等工作。,,建議取得勞動部核發之「門市服務技術士證」等相關證照
通資電士,7A115,"1.通信資訊處理與行政管理
1.1處理內外部通信資訊之接收、登錄、分流與傳遞。
1.2維護通信文件與作業紀錄之完整性與可追溯性。
1.3配合內控制度與資訊安全規範執行行政作業。
2.通信系統操作與通聯管理
2.1操作有線與無線通信系統，確保通聯品質與穩定性。
2.2即時監控通信狀況並進行異常通報與初步處置。
2.3支援組織內部即時通訊與跨單位聯繫需求。",10技術/維修/操作,通訊客服支援工程師,100209,具備通訊與電子設備故障診斷、試驗校準及技術指導經驗，熟悉維護流程控管與協調處理機制，適合擔任通訊客服支援工程師，從事協助解決客戶資通訊產品問題、提供技術諮詢、操作說明與教育訓練等工作。,,建議取得勞動部「工業電子丙級」技術士
,,,10技術/維修/操作,安防系統施作規劃管理人員,100212,具備電子設備維護管理、試驗校準與系統整合經驗，熟悉設備部署規劃與維護流程控管機制，適合擔任安防系統施作規劃管理人員，從事安防系統佈線、安裝、測試、維修等工作。,,建議取得勞動部「通信技術（電信線路）」技術士等證照
,,,10技術/維修/操作,電子設備裝修技術員,100208,具備無線電通訊作業、電子設備性能判斷與維修保養實務經驗，熟悉設備性能管理與維護流程，適合擔任電子設備裝修技術員，從事無線電、電子設備裝配、調整、檢修、測試與系統整備等工作。,,建議取得勞動部「工業電子丙級技術士」等證照
,,,10技術/維修/操作,通訊產品維修人員,100210,具備有線與無線通訊設備操作、故障排除與日常保養經驗，熟悉設備性能管理與維護流程，適合擔任通訊產品維修人員，從事通訊設備與產品之安裝、架設、維護、保養及客訴問題排除等工作。,,建議取得勞動部「通信技術（電信線路）技術士證」等證照
,,,10技術/維修/操作,電話及電報機裝修人員,100211,具備通訊作業流程、文電處理及線電設備維修與管理經驗，熟悉設備性能管理與維護流程，適合擔任電話及電報機裝修人員，從事電話與電報設備之安裝、修理、檢測及用戶端設備維護等工作。,,建議取得勞動部「數位電子」或「儀表電子」技術士等證照
,,,06客服/門市,連鎖店管理人員,060205,具備軍中差勤管理、物料補給及設施環境維護等實務經驗，熟悉人員調度與突發狀況處理，適合轉銜為連鎖店管理人員，從事連鎖體系門市營運管理、人員督導與日常營運協調等工作。,,建議取得勞動部核發之「門市服務技術士證」等相關證照
通資電兵,7A112,"1.通信作業與文件管理
1.1辦理通信文件之收發、傳遞與系統化歸檔。
1.2維護通信紀錄完整性與可追溯性。
2.有線／無線通信系統操作
2.1操作有線與無線通信設備執行日常通聯作業。
2.2監控通信狀況，確保訊號穩定與即時傳遞。
3.通信設備維護與基礎技術支援
3.1執行通信設備之例行檢查與保養作業。
3.2協助處理設備異常與簡易故障排除。",10技術/維修/操作,電子設備裝修技術員,100208,具備無線電通訊作業、電子設備性能判斷與維修保養實務經驗，熟悉設備性能管理與維護流程，適合擔任電子設備裝修技術員，從事無線電、電子設備裝配、調整、檢修、測試與系統整備等工作。,,建議取得勞動部「工業電子丙級技術士」等證照
,,,10技術/維修/操作,通訊產品維修人員,100210,具備有線與無線通訊設備操作、故障排除與日常保養經驗，熟悉設備性能管理與維護流程，適合擔任通訊產品維修人員，從事通訊設備與產品之安裝、架設、維護、保養及客訴問題排除等工作。,,建議取得勞動部「通信技術（電信線路）技術士證」等證照
,,,10技術/維修/操作,電話及電報機裝修人員,100211,具備通訊作業流程、文電處理及線電設備維修與管理經驗，熟悉設備性能管理與維護流程，適合擔任電話及電報機裝修人員，從事電話與電報設備之安裝、修理、檢測及用戶端設備維護等工作。,,建議取得勞動部「數位電子」或「儀表電子」技術士等證照
,,,02業務/貿易/銷售,網購助理,020104,具備通信文件收發、作業流程紀錄與設備操作支援等相關實務，熟悉標準作業程序與資訊保密管理，適合擔任網購助理，從事商品上架管理、訂單處理與客服後台支援等工作。,,
,,,06客服/門市,專櫃／門市（人員／儲備幹部）,060203,具備遵守紀律、跨單位協作、情境應變與壓力下執行能力，適合轉銜專櫃／門市儲備幹部，依職務需求，從事專櫃、賣場或店面門市內提供商品介紹及銷售服務等工作。,,建議取得勞動部核發之「門市服務技術士證」等相關證照
,,,06客服/門市,連鎖店管理人員,060205,具備軍中差勤管理、物料補給及設施環境維護等實務經驗，熟悉人員調度與突發狀況處理，適合轉銜為連鎖店管理人員，從事連鎖體系門市營運管理、人員督導與日常營運協調等工作。,,建議取得勞動部核發之「門市服務技術士證」等相關證照
通信電子督導官,7A11,"1.通信系統規劃與決策建議
1.1分析組織通信需求，提出系統配置與佈署建議。
1.2評估通信環境限制與風險，提供可行方案與決策依據。
1.3支援管理層進行通信與資訊基礎設施之策略判斷。
2.通信政策、計畫與作業流程設計
2.1擬訂通信系統建置與運作計畫，建立標準作業流程。
2.2協調跨部門需求，整合資源以確保計畫落實。
2.3依任務或專案需求，滾動修正通信作業與管理制度。
3.通信系統整合、訓練與對外協調
3.1指導通信系統建置、維運與效能管理。
3.2規劃通信人員教育訓練，提升系統操作與應變能力。
3.3協調公民營通信資源之運用與管制，確保整體通聯穩定。",07工程/研發/生技,光電工程師,070107,具備通訊系統建置整合、系統運作監督管理等相關實務，熟悉設備性能檢測與維護流程控管機制，適合擔任光電工程師；從事光電系統規劃整合與設備測試維護等工作。,,
,,,07工程/研發/生技,通訊系統工程師,070109,具備通訊系統建置整合、系統運作監督管理等相關實務，熟悉設備性能管理與維護流程控管機制，適合擔任通訊系統工程師，從事通訊系統規劃設計與設備測試維護等工作。,,建議取得勞動部「通信技術（電信線路）技術士」等相關證照
,,,07工程/研發/生技,RF通訊工程師,070110,具備通訊系統建置整合、頻率資源規劃管制等相關實務，熟悉設備性能測試與維護流程控管機制，適合擔任RF通訊工程師，從事射頻系統規劃設計與設備測試調校等工作。,,建議取得經濟部「天線設計工程師能力鑑定鑑定證書」等相關證照
,,,10技術/維修/操作,通訊客服支援工程師,100209,具備通訊系統運作監督管理、設備故障排除指導等相關實務，熟悉維護流程控管與協調處理機制，適合擔任通訊客服支援工程師，從事技術問題分析處理與客戶端支援服務等工作。,,建議取得勞動部「工業電子丙級技術士」等相關證照
,,,09品管/製造/環衛,品管／品保工程師,090107,具備通信電子計畫擬訂、系統建置與運作管制經驗，熟悉通信安全稽核架構與缺失態樣矯正規範，從事產品品質標準制定、製程品質管理與品質持續改善等工作。,,建議取得中華民國品質學會「品質工程師認證」
,,,10技術/維修/操作,安防系統施作規劃管理人員,100212,具備通訊系統建置整合、現場施工協調管理等相關實務，熟悉設備部署規劃與維護流程控管機制，適合擔任安防系統施作規劃管理人員，從事安防系統規劃設計與施工進度管理等工作。,,建議取得勞動部「通信技術（電信線路）技術士證」等證照
通信系統管制官,7A23,"1.長距離通訊系統規劃與管理
1.1規劃並管理長距離通訊系統之整體架構與運作模式。
1.2監控通訊效能，確保跨區域訊號穩定與可用性。
1.3評估系統容量與風險，提出改善與優化建議。
2.通訊網路管制與資源調度
2.1管理通訊網路資源配置，確保關鍵通聯優先順序。
2.2指導通訊站台處理異常狀況，維持網路運作連續性。
2.3協調多單位通訊需求，避免頻寬與資源衝突。
3.通訊技術顧問與跨單位協調
3.1提供通訊系統技術分析與專業建議，支援決策。
3.2協調內外部技術單位進行系統調整與問題排除。
3.3參與通訊安全與作業規範之研擬與執行。",07工程/研發/生技,光電工程師,070107,具備通訊系統建置整合、系統運作監督管理等相關實務，熟悉設備性能檢測與維護流程控管機制，適合擔任光電工程師；從事光電系統規劃整合與設備測試維護等工作。,,
,,,07工程/研發/生技,通訊系統工程師,070109,具備通訊系統建置整合、系統運作監督管理等相關實務，熟悉設備性能管理與維護流程控管機制，適合擔任通訊系統工程師，從事通訊系統規劃設計與設備測試維護等工作。,,建議取得勞動部「通信技術（電信線路）技術士」等相關證照
,,,07工程/研發/生技,RF通訊工程師,070110,具備通訊系統建置整合、頻率資源規劃管制等相關實務，熟悉設備性能測試與維護流程控管機制，適合擔任RF通訊工程師，從事射頻系統規劃設計與設備測試調校等工作。,,建議取得經濟部「天線設計工程師能力鑑定證書」等相關證照
,,,10技術/維修/操作,通訊客服支援工程師,100209,具備通訊系統運作監督管理、設備故障排除指導等相關實務，熟悉維護流程控管與協調處理機制，適合擔任通訊客服支援工程師，從事技術問題分析處理與客戶端支援服務等工作。,,建議取得勞動部「工業電子丙級技術士」等相關證照
,,,10技術/維修/操作,安防系統施作規劃管理人員,100212,具備通訊系統建置整合、現場施工協調管理等相關實務，熟悉設備部署規劃與維護流程控管機制，適合擔任安防系統施作規劃管理人員，從事安防系統規劃設計與施工進度管理等工作。,,建議取得國家通訊傳播委員會「通信技術（電信線路）技術士證」等證照
區域通信系統網路管理官,7A24,"1.系統需求分析與建置規劃
1.1分析組織或專案之通訊需求，轉化為系統規格與建置方案。
1.2規劃網路架構、節點配置與資源配置策略。
1.3評估部署風險與限制條件，提出可行的實施計畫。
2.網路營運管理與事件應變
2.1監控網路運作狀況，確保系統穩定與服務可用性。
2.2處理系統異常與突發事件，執行即時應變與修復。
2.3建立標準作業流程，降低系統中斷與風險影響。",07工程/研發/生技,光電工程師,070107,具備通訊系統建置整合、系統運作監督管理等相關實務，熟悉設備性能檢測與維護流程控管機制，適合擔任光電工程師；從事光電系統規劃整合與設備測試維護等工作。,,
,,,07工程/研發/生技,通訊系統工程師,070109,具備通訊系統建置整合、系統運作監督管理等相關實務，熟悉設備性能管理與維護流程控管機制，適合擔任通訊系統工程師，從事通訊系統規劃設計與設備測試維護等工作。,,建議取得勞動部「通信技術（電信線路）技術士」等相關證照
,,,07工程/研發/生技,RF通訊工程師,070110,具備通訊系統建置整合、頻率資源規劃管制等相關實務，熟悉設備性能測試與維護流程控管機制，適合擔任RF通訊工程師，從事射頻系統規劃設計與設備測試調校等工作。,,建議取得經濟部「天線設計工程師能力鑑定證書」等相關證照
,,,10技術/維修/操作,通訊客服支援工程師,100209,具備通訊系統運作監督管理、設備故障排除指導等相關實務，熟悉維護流程控管與協調處理機制，適合擔任通訊客服支援工程師，從事技術問題分析處理與客戶端支援服務等工作。,,建議取得勞動部「工業電子丙級技術士」等相關證照
,,,10技術/維修/操作,安防系統施作規劃管理人員,100212,具備通訊系統建置整合、現場施工協調管理等相關實務，熟悉設備部署規劃與維護流程控管機制，適合擔任安防系統施作規劃管理人員，從事安防系統規劃設計與施工進度管理等工作。,,建議取得勞動部「通信技術（電信線路）技術士證」等證照
電訊搜索官,7D34,"1.無線電頻譜監測與訊號分析
1.1監測與分析無線電頻譜，辨識異常或干擾訊號。
1.2執行訊號測試與定位，支援干擾排除與問題診斷。
1.3彙整分析結果，提出技術改善與風險評估建議。
2.通信安全稽核與合規管制
2.1規劃並執行通信安全稽核作業，確保通聯合規。
2.2管制通信參數與作業流程，降低外洩與干擾風險。
2.3依規範產出稽核紀錄與稽核文件。
3.技術協調、紀錄管理與查核
3.1協調跨單位無線電技術事項，支援作業決策。
3.2建立與維護作業紀錄、表報與追蹤機制。
3.3執行查核與改善建議，確保作業品質與一致性。",07工程/研發/生技,通訊系統工程師,070109,具備無線電訊號分析、通信系統稽核管制等相關實務，熟悉通信規範與技術參數控管機制，適合擔任通訊系統工程師，從事通訊系統規劃建置與設備測試維護等工作。,,建議取得勞動部「通信技術（電信線路）技術士」等相關證照
,,,07工程/研發/生技,EMC電子安規工程師,070112,具備無線電訊號分析、干擾處理與稽核管制作業等相關實務，熟悉通信規範與電磁環境控管機制，適合擔任EMC電子安規工程師，從事電磁相容測試驗證與干擾排除改善等工作。,,建議取得經濟部「電磁相容工程師能力鑑定證書」等相關證照
,,,07工程/研發/生技,RF通訊工程師,070110,具備無線電訊號分析、頻率干擾處理等相關實務，熟悉射頻參數監測與電磁環境控管機制，適合擔任RF通訊工程師，從事射頻系統設計調校與干擾排除改善等工作。,,建議取得經濟部「天線設計工程師能力鑑定證書」等相關證照
,,,09品管/製造/環衛,品管／品保工程師,090107,具備通信保密管制、無線電安全監控與異常分析等相關實務，熟悉通信安全稽核架構與缺失態樣矯正規範，適合擔任品管／品保工程師，從事產品品質標準制定、製程品質監控與品質異常分析改善等工作。,,建議取得中華民國品質學會「品質工程師認證」
,,,07工程/研發/生技,光電工程師,070107,具備電磁訊號分析、系統監測管制作業等相關實務，熟悉設備性能判讀與測試流程控管機制，適合擔任光電工程師；從事光電系統測試驗證與訊號品質分析等工作。,,
通資安全督導官,7F01,"1.資安策略規劃與治理架構設計
1.1制定組織整體資安策略與中長期發展藍圖。
1.2規劃資安治理架構、政策規範與風險控管原則。
1.3評估資安能量與成熟度，提出資源配置與改善方向。
2.資安事件應變與防護體系指導
2.1指導資安事件應變流程與處置準則。
2.2建立多層防護架構，強化預防、偵測與回復能力。
2.3協調跨單位資安應變資源，確保系統持續運作。
3.資安監測能力與人才培育
3.1規劃資訊系統安全監測與通報能量（SOC）。
3.2指導資安教育訓練與專業能力養成。
3.3促進資安技術、流程與人員能力之整合提升。",08資訊科技,資訊管理部門主管,080101,具備資訊安全策略規劃、防護體系建置等相關實務，熟悉資通系統架構與安全監測管理機制，適合擔任資訊管理部門主管，從事資訊安全政策制定與資安治理管理等工作。,,建議取得經濟部「資訊安全工程師能力鑑定證書」或「ISO/IEC27001」或「ISO/IEC27701」等相關證照
,,,08資訊科技,網路安全工程師,080104,具備資通安全防護規劃、資安監測管制等相關實務，熟悉系統架構分析與事件應變處理機制，適合擔任網路安全工程師，從事資安架構建置與威脅偵測應變等工作。,,建議取得經濟部「資訊安全工程師能力鑑定證書」或「ISO/IEC27001」等相關證照
,,,08資訊科技,網路管理工程師,080309,具備資通系統架構規劃、網路運作監測管制等相關實務，熟悉網路架構設計與維運管理機制，適合擔任網路管理工程師，從事網路建置維運與系統監控管理等工作。,,建議取得經濟部「資訊安全工程師能力鑑定證書」或「ISO/IEC27001」等相關證照
,,,08資訊科技,MIS／網管主管,080307,具備資通系統整體規劃、安全治理統籌等相關實務，熟悉資訊政策制定與維運管理機制，適合擔任MIS網管主管，從事資訊部門管理與系統維運統籌等工作。,,建議取得經濟部「資訊安全工程師能力鑑定證書」或「ISO/IEC27001」等相關證照
,,,09品管/製造/環衛,品管／品保工程師,090107,具備通資安全體系規劃、制度建構與監測機制設計等實務經驗，熟悉通信安全稽核架構與缺失態樣矯正規範，從事產品品質標準制定、製程品質管理與品質持續改善等工作。,,建議取得中華民國品質學會「品質工程師認證」
,,,03人資/法務/智財,教育訓練人員,030104,具備資安教育訓練規劃、制度準則建置等相關實務，熟悉課程推動與訓練成效評估機制，適合擔任教育訓練人員；從事教育訓練課程規劃與訓練成效評估等工作。,,
通信系統安全管制官,7F14,"1.通訊加密與密鑰管理規劃
1.1規劃通訊加密架構與密鑰管理制度。
1.2管制加密設備與金鑰生命週期，確保安全性與可用性。
1.3檢視加密作業流程，提出制度與技術優化建議。
2.通訊安全執行與合規督導
2.1建立通訊系統安全執行準則與管控機制。
2.2稽核通訊安全執行情形，確保符合政策與規範。
2.3協助處理安全風險與異常事件，降低外洩與中斷風險。
3.通訊安全訓練與制度精進
3.1規劃並執行通訊安全與加密作業訓練。
3.2提升人員對安全操作與保密要求之理解。
3.3彙整實務經驗，回饋制度與流程之持續改善。",08資訊科技,資訊管理部門主管,080101,具備資訊安全策略規劃、防護體系建置等相關實務，熟悉資通系統架構與安全監測管理機制，適合擔任資訊管理部門主管，從事資訊安全政策制定與資安治理管理等工作。,,建議取得經濟部「資訊安全工程師能力鑑定證書」或「ISO/IEC27001」或「ISO/IEC27701」等相關證照
,,,08資訊科技,網路安全工程師,080104,具備資通安全防護規劃、資安監測管制等相關實務，熟悉系統架構分析與事件應變處理機制，適合擔任網路安全工程師，從事資安架構建置與威脅偵測應變等工作。,,建議取得經濟部「資訊安全工程師能力鑑定證書」或「ISO/IEC27001」等相關證照
,,,08資訊科技,網路管理工程師,080309,具備資通系統架構規劃、網路運作監測管制等相關實務，熟悉網路架構設計與維運管理機制，適合擔任網路管理工程師，從事網路建置維運與系統監控管理等工作。,,建議取得經濟部「資訊安全工程師能力鑑定證書」或「ISO/IEC27001」等相關證照
,,,08資訊科技,MIS／網管主管,080307,具備資通系統整體規劃、安全治理統籌等相關實務，熟悉資訊政策制定與維運管理機制，適合擔任MIS網管主管，從事資訊部門管理與系統維運統籌等工作。,,建議取得經濟部「資訊安全工程師能力鑑定證書證書」或「ISO/IEC27001」等相關證照
,,,09品管/製造/環衛,品管／品保工程師,090107,具備通信系統安全管制、保密裝備運用與密鑰管理等相關實務經驗，熟悉通信安全稽核架構與缺失態樣矯正規範，從事產品品質標準制定、製程品質管理與品質持續改善等工作。,,建議取得中華民國品質學會「品質工程師認證」
,,,03人資/法務/智財,教育訓練人員,030104,具備通信保密教育訓練規劃、制度準則建置等實務經驗，熟悉課程推動與訓練成效評估機制，適合擔任教育訓練人員；從事教育訓練課程規劃與訓練成效評估等工作。,,
密碼語編審官,7F24,"1.加密政策與密碼體系治理
1.1制定組織層級之加密政策與密碼治理架構。
1.2設定加密強度、分類分級與使用規範。
1.3管理密碼制度之合規性與一致性。
2.加密政策與密碼體系治理
2.1研究密碼機制與演算法之安全性與適用性。
2.2評估加密技術風險，提出改進與強化方案。
2.3規劃密碼技術發展藍圖與更新策略。
3.密碼知識管理與制度傳承
3.1建構密碼制度知識庫與歷史脈絡文件。
3.2撰寫密碼理論與制度說明，支援教育訓練。
3.3確保密碼體系知識之延續與可治理性。",08資訊科技,網路安全工程師,080104,具備加密制度設計、機密分級管控等相關實務，熟悉安全政策規劃與防護機制建構邏輯，適合擔任網路安全工程師，從事資安架構規劃與安全機制強化等工作。,,建議取得勞動部「網路架設技術士」或經濟部「資訊安全工程師能力鑑定證書」等證照
,,,04財務/金融/保險,稽核人員,040107,具備密語規劃審定、機密分級控管等相關實務，熟悉權限規範建立與安全機制修訂流程，適合擔任稽核人員；從事內控制度建立與執行檢視等工作。,,
,,,09品管/製造/環衛,品管／品保工程師,090107,具備密碼語制度規劃、審核與分級管理等相關實務經驗，熟悉通信安全稽核架構與缺失態樣矯正規範，從事產品品質標準制定、製程品質管理與品質持續改善等工作。,,建議取得中華民國品質學會「品質工程師認證」
,,,14教育/學術/研究,數學專業研究人員,140304,具備密碼理論研究、加密機制建構等相關實務，熟悉模型設計與理論驗證分析方法，適合擔任數學專業研究人員；從事理論模型建構與應用數學研究等工作。,,
譯電領導士,BC046,"1.加密通訊資料處理與轉譯
1.1處理加密通訊資料之解譯、轉換與傳遞。
1.2確保通訊內容之正確性、完整性與時效性。
1.3依規範進行資料紀錄與通訊流程控管。
2.作業人員管理與訓練
2.1管理作業人員分工與值勤品質。
2.2執行在職訓練，確保人員熟悉作業流程。
2.3強化保密意識與作業程序。",01經營/行政/總務,行政總務人員,010302,具備機密文件與資訊處理實務經驗，熟悉行政作業規範與文書資料建檔，適合擔任行政總務人員；從事文件檔案管理等相關行政支援與跨部門協調工作。,,
,,,01經營/行政/總務,人力資源專員,030102,具備機密文件與資訊處理實務經驗，熟悉行政作業規範與保密要求，適合擔任人力資源專員；從事員工個資管理、人員調派等相關工作。,,
,,,10技術/維修/操作,通訊產品維修人員,100210,具備通信裝備操作、基本保養與作業流程執行經驗，熟悉通訊設備運作與安全使用規範，適合擔任通訊產品維修人員；建議參加國家通訊傳播委員會「通信技術（電信線路）技術士證」等證照，從事通訊設備或產品之安裝、架設、保養、維護及基本故障排除等工作。,,
,,,10技術/維修/操作,電話及電報機裝修人員,100211,具備電報文件處理、通信設備操作與裝備保全意識，熟悉電話及電報設備之基本運作原理，適合擔任電話及電報機裝修人員，從事電話與電報設備之安裝、修理、維護及現場支援等工作。,,建議取得勞動部「數位電子」或「儀表電子」技術士等證照
,,,06客服/門市,連鎖店管理人員,060205,具備軍中差勤管理、物料補給及設施環境維護等實務經驗，熟悉人員調度與突發狀況處理，適合轉銜為連鎖店管理人員，從事連鎖體系門市營運管理、人員督導與日常營運協調等工作。,,建議取得勞動部核發之「門市服務技術士證」
,,,06客服/門市,專櫃／門市（人員／儲備幹部）,060203,具備遵守紀律、跨單位協作、情境應變與壓力下執行能力，適合轉銜專櫃／門市儲備幹部；依職務需求，從事專櫃、賣場或店面門市內提供商品介紹及銷售服務等工作。,,建議取得勞動部核發之「門市服務技術士證」等相關證照
密碼譯電兵,7F042,"1.加密通訊文件處理與轉譯
1.1執行加密或非加密通訊文件之轉換與處理。
1.2確保通訊內容之正確性、完整性與時效性。
1.3依作業規範完成通訊紀錄與文件控管。
2.加密通訊文件處理與轉譯
2.1依規範執行加密、解密與通訊保防流程。
2.2遵循資安與保密法規，降低資訊外洩風險。
2.3協助維持通訊作業環境與流程安全。
3.加密通訊文件處理與轉譯
3.1管理與維護加密通訊設備之正常運作。
3.2回報設備異常並配合執行基本排除作業。
3.3確保設備使用與保管符合安全規範。",01經營/行政/總務,行政總務人員,010302,具備機密文件與資訊處理實務經驗，熟悉行政作業規範與文書資料建檔，適合擔任行政總務人員；從事文件檔案管理等相關行政支援與跨部門協調工作。,,
,,,01經營/行政/總務,人力資源專員,030102,具備機密文件與資訊處理實務經驗，熟悉行政作業規範與保密要求，適合擔任人力資源專員；從事員工個資管理、人員調派等相關工作。,,
,,,10技術/維修/操作,通訊產品維修人員,100210,具備通信裝備操作、基本保養與作業流程執行經驗，熟悉通訊設備運作與安全使用規範，適合擔任通訊產品維修人員；建議參加國家通訊傳播委員會「通信技術（電信線路）技術士證」等證照，從事通訊設備或產品之安裝、架設、保養、維護及基本故障排除等工作。,,
,,,10技術/維修/操作,電話及電報機裝修人員,100211,具備電報文件處理、通信設備操作與裝備保全意識，熟悉電話及電報設備之基本運作原理，適合擔任電話及電報機裝修人員，從事電話與電報設備之安裝、修理、維護及現場支援等工作。,,建議取得勞動部「數位電子」或「儀表電子」技術士等證照
,,,06客服/門市,連鎖店管理人員,060205,具備軍中差勤管理、物料補給及設施環境維護等實務經驗，熟悉人員調度與突發狀況處理，適合轉銜為連鎖店管理人員，從事連鎖體系門市營運管理、人員督導與日常營運協調等工作。,,建議取得勞動部核發之「門市服務技術士證」
,,,06客服/門市,專櫃／門市（人員／儲備幹部）,060203,具備遵守紀律、跨單位協作、情境應變與壓力下執行能力，適合轉銜專櫃／門市儲備幹部；依職務需求，從事專櫃、賣場或店面門市內提供商品介紹及銷售服務等工作。,,建議取得勞動部核發之「門市服務技術士證」等相關證照
密碼譯電士,7F045,"1.加密通訊文件處理與轉譯
1.1執行加密與非加密通訊文件之轉換與處理。
1.2確保資料內容之正確性、完整性與時效性。
1.3依規範完成通訊紀錄與文件控管。
2.加密作業執行與通訊保防
2.1依制度執行加密、解密與通訊保防流程。
2.2遵循資安與保密法規，降低資訊外洩風險。
2.3配合稽核與查核，維持作業合規性。
3.加密設備維運與人員訓練
3.1管理與維護加密通訊設備之正常運作。
3.2規劃並執行在職訓練，確保人員熟悉作業流程。
3.3強化保密意識與作業程序，提升整體作業品質。",01經營/行政/總務,行政總務人員,010302,具備機密文件與資訊處理實務經驗，熟悉行政作業規範與保密要求，適合擔任行政總務人員；從事文件檔案管理等相關行政支援與跨部門協調工作。,,
,,,01經營/行政/總務,人力資源專員,030102,具備機密文件與資訊處理實務經驗，熟悉行政作業規範與保密要求，適合擔任人力資源專員；從事員工個資管理、人員調派等相關工作。,,
,,,10技術/維修/操作,通訊產品維修人員,100210,具備通信裝備操作、基本保養與作業流程執行經驗，熟悉通訊設備運作與安全使用規範，適合擔任通訊產品維修人員；建議參加國家通訊傳播委員會「通信技術（電信線路）技術士證」等證照，從事通訊設備或產品之安裝、架設、保養、維護及基本故障排除等工作。,,
,,,10技術/維修/操作,電話及電報機裝修人員,100211,具備電報文件處理、通信設備操作與裝備保全意識，熟悉電話及電報設備之基本運作原理，適合擔任電話及電報機裝修人員，從事電話與電報設備之安裝、修理、維護及現場支援等工作。,,建議取得勞動部「數位電子」或「儀表電子」技術士等證照
,,,06客服/門市,連鎖店管理人員,060205,具備軍中差勤管理、物料補給及設施環境維護等實務經驗，熟悉人員調度與突發狀況處理，適合轉銜為連鎖店管理人員，從事連鎖體系門市營運管理、人員督導與日常營運協調等工作。,,建議取得勞動部核發之「門市服務技術士證」
,,,06客服/門市,專櫃／門市（人員／儲備幹部）,060203,具備遵守紀律、跨單位協作、情境應變與壓力下執行能力，適合轉銜專櫃／門市儲備幹部；依職務需求，從事專櫃、賣場或店面門市內提供商品介紹及銷售服務等工作。,,建議取得勞動部核發之「門市服務技術士證」等相關證照
雷達官,7G23,"1.雷達／感測系統部署規劃
1.1評估作業需求與環境條件，規劃感測系統部署方案。
1.2分析地形、遮蔽與干擾因素，優化系統配置。
1.3提出部署建議，支援決策與後續建置。
2.雷達系統操作與維運管理
2.1執行雷達系統安裝、啟用與操作。
2.2監控系統運作狀態，確保訊號品質與穩定性。
2.3配合維護與檢測，降低系統中斷風險。
3.作業指揮與技術指導
3.1指導作業人員依程序執行雷達任務。
3.2提供技術諮詢與問題排除建議。
3.3整合作業回饋，提升整體系統效能。",07工程/研發/生技,RF通訊工程師,070110,具備射頻系統部署規劃、電磁訊號監測分析等相關實務，熟悉設備操作與測試維護流程控管機制，適合擔任RF通訊工程師，從事射頻系統測試、干擾排除與通訊品質優化等工作。,,建議取得經濟部「天線設計工程師能力鑑定證書」等相關證照
,,,07工程/研發/生技,光電工程師,070107,具備感測系統規劃部署、訊號監測分析等相關實務，熟悉設備操作與測試維護流程控管機制，適合擔任光電工程師；從事光電系統建置與訊號測試分析等工作。,,
,,,07工程/研發/生技,通訊系統工程師,070109,具備雷達系統規劃部署、系統運作監督管理等相關實務，熟悉設備操作與維護流程控管機制，適合擔任通訊系統工程師，從事通訊系統規劃建置與設備測試維護等工作。,,建議取得勞動部「通信技術（電信線路）技術士」等相關證照
,,,07工程/研發/生技,EMC電子安規工程師,070112,具備電磁環境評估、設備抗干擾測試與系統安全監控等相關實務，熟悉電磁相容規範、測試流程與設備安全管理特性，適合擔任EMC電子安規工程師，從事電磁相容測試、產品安規驗證與干擾改善建議等工作。,,建議取得經濟部「電磁相容工程師能力鑑定證書」等相關證照
,,,07工程/研發/生技,電子產品系統工程師,070214,具備雷達系統規劃部署、系統整合監督等相關實務，熟悉設備性能測試與維護流程控管機制，適合擔任電子產品系統工程師，從事系統架構規劃與功能驗證測試等工作。,,建議取得勞動部「電力電子」技術士等相關證照
,,,07工程/研發/生技,電力系統工程師,070119,具備雷達系統部署規劃、系統運作監控等相關實務，熟悉電力供應評估與運轉維護流程控管機制，適合擔任電力系統工程師；從事電力系統規劃與運轉監測等工作。,,
雷達修護官,7G25,"1.雷達／高階設備測試與維修管理
1.1規劃並執行設備測試與預防性維護作業。
1.2監督設備檢修品質，確保系統穩定運作。
1.3分析故障原因，提出維修與改善建議。
2.技術人員培訓與作業指導
2.1指導技術人員依標準程序執行維修作業。
2.2規劃並實施在職訓練，提升團隊技術能力。
2.3建立技術文件與經驗傳承機制。
3.維修資源與備品管理
3.1管理維修備品與零組件之需求與庫存。
3.2審核申請流程，確保資源配置合理。
3.3協助建立設備維修紀錄與追蹤制度。",07工程/研發/生技,RF通訊工程師,070110,具備射頻系統測試檢修、電磁訊號監測分析等相關實務，熟悉設備操作與測試維護流程控管機制，適合擔任RF通訊工程師，從事射頻系統測試、干擾排除與通訊品質優化等工作。,,建議取得經濟部「天線設計工程師能力鑑定證書」等相關證照
,,,07工程/研發/生技,光電工程師,070107,具備感測系統測試檢修、訊號監測分析等相關實務，熟悉設備操作與測試維護流程控管機制，適合擔任光電工程師；從事光電系統建置與訊號測試分析等工作。,,
,,,07工程/研發/生技,通訊系統工程師,070109,具備雷達系統測試檢修、系統運作監督管理等相關實務，熟悉設備操作與維護流程控管機制，適合擔任通訊系統工程師，從事通訊系統規劃建置與設備測試維護等工作。,,建議取得勞動部「通信技術（電信線路）技術士」等相關證照
,,,07工程/研發/生技,EMC電子安規工程師,070112,具備電磁環境評估、設備抗干擾測試與系統安全監控等相關實務，熟悉電磁相容規範、測試流程與設備安全管理特性，適合擔任EMC電子安規工程師，從事電磁相容測試、產品安規驗證與干擾改善建議等工作。,,建議取得經濟部「電磁相容工程師能力鑑定證書」等相關證照
,,,07工程/研發/生技,電子產品系統工程師,070214,具備感測系統測試檢修、系統整合監督等相關實務，熟悉設備性能測試與維護流程控管機制，適合擔任電子產品系統工程師，從事系統架構規劃與功能驗證測試等工作。,,建議取得勞動部「電力電子」技術士等相關證照
,,,07工程/研發/生技,電力系統工程師,070119,具備雷達系統測試檢修、系統運作監控等相關實務，熟悉電力供應評估與運轉維護流程控管機制，適合擔任電力系統工程師；從事電力系統規劃與運轉監測等工作。,,
雷達領導士,BC815,"1.雷達／電子設備檢修與品質管理
1.1規劃並執行電子與感測設備之檢測與維修。
1.2管控維修流程與品質，確保設備穩定度。
1.3分析設備異常原因，提出改善建議。
2.技術團隊領導與在職訓練
2.1帶領技術人員執行設備維運作業。
2.2規劃並實施技術訓練，提升團隊能力。
2.3建立標準作業流程與經驗傳承機制。
3.維修作業流程優化
3.1建立故障分析與排除作業流程。
3.2優化檢修方法，降低設備停機風險。
3.3彙整維修數據，支援後續改善決策。",09品管/製造/環衛,測試校正人員,090104,具備雷達裝備性能檢查、量測工具操作與檢修驗證經驗，熟悉設備測試與校正流程，適合擔任測試校正人員；從事設備測試、校正作業、測試紀錄管理與品質驗證等工作。,,
,,,10技術/維修/操作,精密儀器製造工及修理工,100203,具備雷達與電子儀器操作、拆裝與基礎保修等相關實務，熟悉儀器維修流程、工具使用規範與安全作業特性，適合擔任精密儀器製造工及修理工，從事精密設備維修、功能檢查與簡易校正等工作。,,建議取得動部「儀表電子技術士」等相關證照
,,,10技術/維修/操作,通訊產品維修人員,100210,具備通訊與雷達裝備日常保養、檢修與故障排除經驗，熟悉通訊設備維修流程與安全作業規範，適合擔任通訊產品維修人員，從事通訊設備或產品之安裝、維修、保養及技術支援等工作。,,建議取得勞動部「數位電子」等相關證照
,,,10技術/維修/操作,電子設備裝修技術員,100208,具備雷達系統裝設、測試、保養與整體運作管理經驗，適合電子設備裝修技術員，從事各種無線電、雷達、電子醫療設備等電子設備裝配及檢修工作。,,建議取得勞動部「視聽電子」、「數位電子」或「電力電子」技術士等相關證照
,,,10技術/維修/操作,通訊客服支援工程師,100209,具備雷達裝備操作說明、故障初判與技術回饋等相關實務，熟悉支援服務流程、問題回報制度與標準作業說明特性，適合擔任通訊客服支援工程師，從事技術支援、問題排除指引與客戶回覆等工作。,,建議取得勞動部「工業電子丙級技術士」等相關證照
雷達兵,7G212,"1.雷達／感測設備操作與維運
1.1操作感測與電子設備，執行日常任務。
1.2進行設備例行檢查與基礎保養，確保穩定度。
1.3回報設備狀況與異常，配合後續維修。",09品管/製造/環衛,測試校正人員,090104,具備雷達裝備性能檢查、量測工具操作與檢修驗證經驗，熟悉設備測試與校正流程，適合擔任測試校正人員；從事設備測試、校正作業、測試紀錄管理與品質驗證等工作。,,
,,,10技術/維修/操作,精密儀器製造工及修理工,100203,具備雷達與電子儀器操作、拆裝與基礎保修等相關實務，熟悉儀器維修流程、工具使用規範與安全作業特性，適合擔任精密儀器製造工及修理工，從事精密設備維修、功能檢查與簡易校正等工作。,,建議取得動部「儀表電子技術士」等相關證照
,,,10技術/維修/操作,通訊產品維修人員,100210,具備通訊與雷達裝備日常保養、檢修與故障排除經驗，熟悉通訊設備維修流程與安全作業規範，適合擔任通訊產品維修人員，從事通訊設備或產品之安裝、維修、保養及技術支援等工作。,,建議取得勞動部「數位電子技術士」等相關證照
,,,10技術/維修/操作,電子設備裝修技術員,100208,具備雷達系統裝設、測試、保養與整體運作管理經驗，適合電子設備裝修技術員，從事各種無線電、雷達、電子醫療設備等電子設備裝配及檢修工作。,,建議取得勞動部「視聽電子」、「數位電子」或「電力電子技術士」等相關證照
,,,10技術/維修/操作,通訊客服支援工程師,100209,具備雷達裝備操作說明、故障初判與技術回饋等相關實務，熟悉支援服務流程、問題回報制度與標準作業說明特性，適合擔任通訊客服支援工程師，從事技術支援、問題排除指引與客戶回覆等工作。,,建議取得勞動部「工業電子丙級技術士」等相關證照
雷達士,7G215,"1.雷達／感測設備操作與維運
1.1操作感測與電子設備，執行日常任務。
1.2進行設備例行檢查與基礎保養，確保穩定度。
1.3回報設備狀況與異常，配合後續維修。
2.資訊蒐集、整理與回報
2.1蒐集系統輸出之資訊或數據。
2.2整理重點內容，依流程進行回報。
2.3支援決策或後續作業需求。
3.技術帶班與在職訓練
3.1指導作業人員依標準程序操作設備。
3.2規劃並執行在職訓練，提升團隊熟練度。
3.3強化安全操作與作業程序。",09品管/製造/環衛,測試校正人員,090104,具備雷達裝備性能檢查、量測工具操作與檢修驗證經驗，熟悉設備測試與校正流程，適合擔任測試校正人員；從事設備測試、校正作業、測試紀錄管理與品質驗證等工作。,,
,,,10技術/維修/操作,精密儀器製造工及修理工,100203,具備雷達與電子儀器操作、拆裝與基礎保修等相關實務，熟悉儀器維修流程、工具使用規範與安全作業特性，適合擔任精密儀器製造工及修理工，從事精密設備維修、功能檢查與簡易校正等工作。,,建議取得動部「儀表電子技術士」等相關證照
,,,10技術/維修/操作,通訊產品維修人員,100210,具備通訊與雷達裝備日常保養、檢修與故障排除經驗，熟悉通訊設備維修流程與安全作業規範，適合擔任通訊產品維修人員，從事通訊設備或產品之安裝、維修、保養及技術支援等工作。,,建議取得勞動部「視聽電子」、「數位電子」或「電力電子」技術士等相關證照
,,,10技術/維修/操作,電子設備裝修技術員,100208,具備雷達系統裝設、測試、保養與整體運作管理經驗，適合電子設備裝修技術員，從事各種無線電、雷達、電子醫療設備等電子設備裝配及檢修工作。,,建議取得勞動部「視聽電子」、「數位電子」或「電力電子」技術士等相關證照
,,,10技術/維修/操作,通訊客服支援工程師,100209,具備雷達裝備操作說明、故障初判與技術回饋等相關實務，熟悉支援服務流程、問題回報制度與標準作業說明特性，適合擔任通訊客服支援工程師，從事技術支援、問題排除指引與客戶回覆等工作。,,建議取得勞動部「工業電子丙級技術士」等相關證照
通材修護官,7A45,"1.設備鑑定與維修管理
1.1判斷設備損壞狀況，規劃維修、替換或報廢處置方案。
1.2督導設備修理、保養與回收流程，確保設備可用性。
1.3協助建立設備維修與堪用品管標準。
2.維修資源與補給控管
2.1規劃零組件檢修與補給需求，避免維修中斷。
2.2管理堪用零件之回收、矯正與再利用。
2.3彙整修護數據，支援資源配置與成本控管。
3.作業流程優化與技術建議
3.1擬訂或修正維修與生產作業程序，提升效率與品質。
3.2分析設備故障原因，提出改善與預防性保養建議。
3.3協助主管進行技術決策與作業制度優化。",07工程/研發/生技,通訊系統工程師,070109,具備通信與電子設備檢修維護、故障原因分析等相關實務，熟悉設備構造判讀與維修流程控管機制，適合擔任通訊系統工程師，從事通訊系統維護優化與故障排除等工作。,,建議取得勞動部「通信技術（電信線路）技術士」等相關證照
,,,07工程/研發/生技,RF通訊工程師,070110,具備射頻設備檢修維護、故障原因分析等相關實務，熟悉電子裝備構造判讀與測試流程控管機制，適合擔任RF通訊工程師，從事射頻系統測試驗證與故障排除等工作。,,建議取得經濟部「天線設計工程師能力鑑定證書」等相關證照
,,,07工程/研發/生技,電子工程師,070120,具備電子設備檢修維護、故障原因分析等相關實務，熟悉電子電路判讀與測試流程控管機制，適合擔任電子工程師，從事電子系統測試驗證與故障排除等工作。,,建議取得勞動部「視聽電子」、「數位電子」或「電力電子」技術士等相關證照
,,,07工程/研發/生技,電子產品系統工程師,070214,具備電子設備整合維護、故障原因分析等相關實務，熟悉系統構造判讀與測試流程控管機制，適合擔任電子產品系統工程師，從事系統整合驗證與功能測試優化等工作。,,建議取得勞動部「電力電子」技術士等相關證照
,,,07工程/研發/生技,EMC電子安規工程師,070112,具備電子設備檢修維護、故障原因分析等相關實務，熟悉設備測試流程與電磁干擾判讀機制，適合擔任EMC電子安規工程師，從事電磁相容測試驗證與干擾排除改善等工作。,,建議取得經濟部「電磁相容工程師能力鑑定證書」等相關證照
通資電裝備保養兵,7A442,"1.通信設備日常保養與檢查
1.1協助執行一般及區域通信設備之外觀檢查、功能測試與例行保養，維持設備正常運作與基本通聯品質。
1.2依標準作業程序進行一、二級保養與簡易零件更換，並回報異常狀況供後續維修判斷。
2.零件檢查與更換支援
2.1協助通信設備零件之檢查與二級審認，確認零件可用性與耗損情形，配合維修人員提出更換需求。
2.2依指示辦理零件領用與歸還，維持基礎備品與耗材之帳物相符，支援設備維護作業。
3.作業程序遵循與基礎技術學習
3.1依單位規定與保養手冊執行設備保養與檢查步驟，確保操作安全與作業程序。
3.2於實務中持續熟悉通信與通資電裝備之構造與功能，累積基礎維護與檢測經驗，支援後續進階維修作業。",10技術/維修/操作,電子設備裝修技術員,100208,具備通資電裝備保養、零件檢查與量測儀表操作等相關實務，熟悉設備維修與測試流程，適合擔任電子設備裝修技術員，從事電子設備裝配、檢修、測試與保養等工作。,,建議取得勞動部「電力電子」或「儀表電子」技術士等證照
,,,10技術/維修/操作,通訊產品維修人員,100210,具備通資電裝備保養、零件檢查與基本故障處理等相關實務，熟悉通訊設備維修流程與作業規範，適合擔任通訊產品維修人員，從事通訊設備安裝、檢修、保養與故障排除等工作。,,建議取得勞動部「數位電子」或「儀表電子」技術士等證照
,,,10技術/維修/操作,精密儀器製造工及修理工,100203,具備通資電裝備保養、基本修護與量測操作等相關實務，熟悉儀器維修流程、操作規範與安全管理特性，適合擔任精密儀器製造工及修理工，從事儀器保養、功能檢查與校準輔助等工作。,,建議取得精密儀器維修或量測技術相關訓練
,,,09品管/製造/環衛,測試校正人員,090104,具備設備檢查、量測儀表操作與測試紀錄協助等相關實務，熟悉測試與校正作業流程，適合擔任測試校正人員；從事設備測試、校正作業、測試紀錄管理與品質驗證等工作。,,
,,,10技術/維修/操作,電話及電報機裝修人員,100211,具備通信設備檢查、保養與零件處理等相關實務，熟悉通信設備作業流程與安全規範，適合擔任電話及電報機裝修人員，從事電話及電報設備安裝、修理、維護與現場支援等工作。,,建議取得勞動部「數位電子」或「儀表電子」技術士等證照
,,,08資訊/軟體/系統,資訊設備管制人員,080106,具備設備保養、零件檢查與使用紀錄協助等相關實務，熟悉設備管理與作業控管流程，適合擔任資訊設備管制人員，從事電腦與週邊設備操作、設備管理、使用管制與作業支援等工作。,,建議取得勞動部「電腦硬體裝修技術士證」等證照
,,,10技術/維修/操作,電腦組裝作業員,100206,具備電子設備零件辨識、基本組裝與檢查等相關實務，熟悉標準化作業流程與設備操作規範，適合擔任電腦組裝作業員，從事電腦組裝、零件安裝、基本測試與作業支援等工作。,,建議取得勞動部「電腦硬體裝修技術士證」等證照
通資電裝備修護兵,7A443,"1.通信／電子設備檢測與修護執行
1.1協助執行一般及區域通信設備之功能檢查、故障診斷與維修作業，確保設備維持可用狀態。
1.2依維修指示與標準程序進行保養、零件更換與測試驗證，縮短設備停機時間並完成維修紀錄。
2.零組件檢驗與三級審認支援
2.1協助通信設備零件之檢查與三級審認流程，評估零件是否可修復、可再用或需汰換。
2.2配合同步更新相關台帳與申請資料，支援後勤與維修單位掌握零件狀態與需求。
3.修護流程遵循與技術養成
3.1依裝備保養修護規定與技術手冊執行各項修護步驟，確保作業安全、品質與程序。
3.2在實務作業中持續精進儀表操作與電路除錯能力，累積通信裝備修護經驗，支援較高階維修工作。",10技術/維修/操作,電子設備裝修技術員,100208,具備通資電裝備檢查維修實務經驗，熟悉標準化維修與檢修流程，適合擔任電子設備裝修技術員，從事電子設備裝配、檢修、測試與保養等工作。,,建議取得勞動部「數位電子」或「儀表電子」技術士等證照
,,,10技術/維修/操作,通訊產品維修人員,100210,具備通資電裝備檢查維修實務經驗，熟悉通訊設備維修與測試流程，適合擔任通訊產品維修人員，從事通訊設備安裝、檢修、保養與故障排除等工作。,,建議取得勞動部「數位電子」或「儀表電子」技術士等證照
,,,10技術/維修/操作,電話及電報機裝修人員,100211,具備通資電裝備檢查維修實務經驗，熟悉通信設備裝修與維護流程，適合擔任電話及電報機裝修人員，從事電話及電報設備安裝、修理、維護與現場支援等工作。,,建議取得勞動部「數位電子」或「儀表電子」技術士等證照
,,,08資訊/軟體/系統,資訊設備管制人員,080106,具備通資電裝備檢查、保修實務經驗，熟悉設備管理與作業控管流程，適合擔任資訊設備管制人員，從事電腦與週邊設備操作、設備管理、使用管制與作業支援等工作。,,建議取得勞動部「電腦硬體裝修技術士證」等證照
,,,09品管/製造/環衛,測試校正人員,090104,具備通資電裝備檢查、量測儀表操作與測試紀錄協助等相關實務，熟悉設備測試與校正作業流程，適合擔任測試校正人員；從事設備測試、校正作業、測試紀錄管理與品質驗證等工作。,,
,,,10技術/維修/操作,電腦組裝作業員,100206,具備電子零件辨識、設備組裝與功能檢查等相關實務，熟悉標準化組裝與作業流程，適合擔任電腦組裝作業員，從事電腦組裝、零件安裝、基本測試與作業支援等工作。,,建議取得勞動部「電腦硬體裝修技術士證」等證照
,,,10技術/維修/操作,安防系統施作規劃管理人員,100212,具備通資電裝備檢查、保修實務經驗，熟悉通信設備裝修與維護流程，適合擔任安防系統施作規劃管理人員，從事安防設備安裝、線路佈設、系統測試與維修等工作。,,建議取得國家通訊傳播委員會「通信技術（電信線路）技術士證」等證照
通資電裝備保養士,7A445,"1.通信設備日常維護與一、二級保養
1.1負責一般及區域通信設備之日常檢查、清潔與功能測試，依保養計畫執行例行保養，維持設備穩定運作。
1.2依標準作業程序進行一、二級保養與簡易零件更換，記錄保養結果並通報異常供後續維修參考。
2.零件檢查與二級審認支援
2.1辦理通信設備零件之外觀與性能檢查，協助執行二級審認流程，判斷零件是否可用或需汰換。
2.2依規定申領與管理保養所需器材與零附件，維持備品數量及帳物相符，支援日常保養作業。
3.作業程序遵循與基礎技能養成
3.1依裝備保養修護規定與技術手冊執行各項保養與檢查步驟，確保作業安全、品質與程序要求。
3.2於實務中持續熟悉電機與通信裝備構造與操作特性，累積基礎維護與簡易修配經驗，支援進一步維修工作。",10技術/維修/操作,電子設備裝修技術員,100208,具備通資電裝備保養、零件檢查與量測儀表操作等相關實務，熟悉設備維修與測試流程，適合擔任電子設備裝修技術員，從事電子設備裝配、檢修、測試與保養等工作。,,建議取得勞動部「電力電子」或「儀表電子」技術士等證照
,,,10技術/維修/操作,通訊產品維修人員,100210,具備通資電裝備保養、零件檢查與基本故障處理等相關實務，熟悉通訊設備維修流程與作業規範，適合擔任通訊產品維修人員，從事通訊設備安裝、檢修、保養與故障排除等工作。,,建議取得勞動部「電力電子」或「儀表電子」技術士等證照
,,,10技術/維修/操作,精密儀器製造及修理人員,100203,具備通資電裝備保養、基本修護與量測操作等相關實務，熟悉儀器維修流程、操作規範與安全管理特性，適合擔任精密儀器製造及修理人員；從事儀器保養、功能檢查與校準輔助等工作。,,
,,,09品管/製造/環衛,測試校正人員,090104,具備設備檢查、量測儀表操作與測試紀錄協助等相關實務，熟悉測試與校正作業流程，適合擔任測試校正人員；從事設備測試、校正作業、測試紀錄管理與品質驗證等工作。,,
,,,10技術/維修/操作,電話及電報機裝修人員,100211,具備通信設備檢查、保養與零件處理等相關實務，熟悉通信設備作業流程與安全規範，適合擔任電話及電報機裝修人員，從事電話及電報設備安裝、修理、維護與現場支援等工作。,,建議取得勞動部「數位電子」或「儀表電子」技術士等證照
,,,08資訊/軟體/系統,資訊設備管制人員,080106,具備設備保養、零件檢查與使用紀錄協助等相關實務，熟悉設備管理與作業控管流程，適合擔任資訊設備管制人員，從事電腦與週邊設備操作、設備管理、使用管制與作業支援等工作。,,建議取得勞動部「電腦硬體裝修技術士證」等證照
,,,10技術/維修/操作,電腦組裝作業員,100206,具備電子設備零件辨識、基本組裝與檢查等相關實務，熟悉標準化作業流程與設備操作規範，適合擔任電腦組裝作業員，從事電腦組裝、零件安裝、基本測試與作業支援等工作。,,建議取得勞動部「電腦硬體裝修技術士證」等證照
通資電裝備修護士,7A446,"1.通信／電子設備故障診斷與高階維修
1.1負責一般及區域通信設備之功能檢查、故障分析與維修作業，對關鍵模組與電路進行除錯與修復，確保設備快速恢復運作。
1.2依維修標準流程執行三級以上修護與零件更換，含深度拆解、模組維修與整機測試，並完成維修紀錄與技術說明。
2.零組件檢驗與三級審認管理
2.1辦理通信設備零件之性能檢查與三級審認，評估零件修復可行性、再利用價值或汰換必要性，供後勤決策參考。
2.2配合維修需求辦理器材與零附件之申領與管制，掌握關鍵料件狀態與使用情形，支援維修進度與妥善率維持。
3.維修程序遵循與技術傳承
3.1依裝備修護規定與技術手冊執行各項修護步驟，確保維修作業符合安全規範與品質標準，降低再故障風險。
3.2透過實務維修與案例分析持續精進儀表操作與電路診斷能力，並在現場提供技術指導與經驗分享，協助提升整體維修能量。",10技術/維修/操作,電子設備裝修技術員,100208,具備通資電裝備檢查維修實務經驗，熟悉標準化維修與檢修流程，適合擔任電子設備裝修技術員，從事電子設備裝配、檢修、測試與保養等工作。,,建議取得勞動部「數位電子」或「儀表電子」技術士等證照
,,,10技術/維修/操作,通訊產品維修人員,100210,具備通資電裝備檢查維修實務經驗，熟悉通訊設備維修與測試流程，適合擔任通訊產品維修人員，從事通訊設備安裝、檢修、保養與故障排除等工作。,,建議取得勞動部「數位電子」或「儀表電子」技術士等證照
,,,10技術/維修/操作,電話及電報機裝修人員,100211,具備通資電裝備檢查維修實務經驗，熟悉通信設備裝修與維護流程，適合擔任電話及電報機裝修人員，從事電話及電報設備安裝、修理、維護與現場支援等工作。,,建議取得勞動部「數位電子」或「儀表電子」技術士等證照
,,,08資訊/軟體/系統,資訊設備管制人員,080106,具備通資電裝備檢查、保修實務經驗，熟悉設備管理與作業控管流程，適合擔任資訊設備管制人員，從事電腦與週邊設備操作、設備管理、使用管制與作業支援等工作。,,建議取得勞動部「電腦硬體裝修技術士證」等證照
,,,09品管/製造/環衛,測試校正人員,090104,具備通資電裝備檢查、量測儀表操作與測試紀錄協助等相關實務，熟悉設備測試與校正作業流程，適合擔任測試校正人員；從事設備測試、校正作業、測試紀錄管理與品質驗證等工作。,,
,,,10技術/維修/操作,電腦組裝作業員,100206,具備電子零件辨識、設備組裝與功能檢查等相關實務，熟悉標準化組裝與作業流程，適合擔任電腦組裝作業員，從事電腦組裝、零件安裝、基本測試與作業支援等工作。,,建議取得勞動部「電腦硬體裝修技術士證」等證照
,,,10技術/維修/操作,安防系統施作規劃管理人員,100212,具備通資電裝備檢查、保修實務經驗，熟悉通信設備裝修與維護流程，適合擔任安防系統施作規劃管理人員，從事安防設備安裝、線路佈設、系統測試與維修等工作。,,建議取得國家通訊傳播委員會「通信技術（電信線路）技術士證」等證照
光電工程官,7G03,"1.光電系統應用規劃與技術評估
1.1規劃光電技術在產品或系統上的應用方向，如感測、成像、瞄準或監控，提出技術可行性與發展建議。
1.2參與光電系統之方案評估與規格訂定，協助選擇合適之雷射、紅外線或光學模組，確保性能符合需求。
2.產學研合作與技術導入
2.1與研發機構、學術單位及供應商協同研討光電裝置之設計與運用模式，評估新技術導入之效益與風險。
2.2追蹤光電相關技術發展，整理測試與運用經驗，作為產品改良或新系統開發之參考。
3.教學訓練與使用者技術支援
3.1設計並實施光電設備操作與安全使用訓練，編寫教學教材與操作指引，協助使用者正確上手裝備。
3.2針對現場使用問題提供技術說明與操作建議，回收使用回饋，作為後續訓練與系統優化之依據。",07工程/研發/生技,光電工程師,070107,具備光電技術規劃應用、系統發展建議等相關實務，熟悉電磁理論運用與技術協作機制，適合擔任光電工程師；從事光電系統設計開發與技術整合等工作。,,
,,,07工程/研發/生技,光學工程師,070108,具備光電技術規劃應用、光學系統發展建議等相關實務，熟悉電磁理論運用與裝置整合機制，適合擔任光學工程師；從事光學系統設計開發與性能測試驗證等工作。,,
,,,07工程/研發/生技,通訊系統工程師,070109,具備光電系統規劃應用、技術整合協作等相關實務，熟悉電磁理論運用與系統發展評估機制，適合擔任通訊系統工程師；從事通訊系統規劃設計與技術整合等工作。,,建議取得勞動部「通信技術（電信線路）技術士」等相關證照
,,,07工程/研發/生技,RF通訊工程師,070110,具備電磁理論運用、技術規劃整合等相關實務，熟悉系統整合評估與性能驗證機制，適合擔任RF通訊工程師，從事射頻系統設計調校與性能測試驗證等工作。,,建議取得經濟部「天線設計工程師能力鑑定證書」等相關證照
,,,07工程/研發/生技,EMC電子安規工程師,070112,具備電磁理論運用、系統整合評估等相關實務，熟悉設備運作特性與干擾風險分析機制，適合擔任EMC電子安規工程師，從事電磁相容測試驗證與干擾抑制設計等工作。,,建議取得經濟部「電磁相容工程師能力鑑定證書」等相關證照
電子儀器修護官,7G44,"1.電子／量測儀器維修與檢測
1.1負責電子與通訊相關儀器設備之功能檢測、故障診斷與維修作業，確保量測與測試設備運作穩定且數據可靠。
1.2使用示波器、訊號產生器等量測工具進行電路測試、校正與驗證，並完成維修與檢測紀錄。
2.維修團隊技術指導與訓練
2.1規劃並指導維修人員之技術訓練與在職學習，示範標準維修流程與量測儀表使用方法，提升團隊專業能力。
2.2督導現場作業遵守安全與品質規範，針對異常案例進行檢討與經驗分享，降低重複故障發生率。
3.維修進度與備品資源管理
3.1擬訂並管控儀器維修進度與排程，協調設備停機與交付時程，確保維修工作與單位任務需求相互配合。
3.2審核維修與保養所需零附件之申請與使用情形，管理備品庫存與耗材，支援長期維護與成本控管。",07工程/研發/生技,EMC電子安規工程師,070112,具備電子儀器檢測維護、性能判讀分析等相關實務，熟悉測試工具操作與維修流程控管機制，適合擔任EMC電子安規工程師，從事安規測試、電磁干擾分析與改善驗證等工作。,,建議取得經濟部「電磁相容工程師能力鑑定證書」等相關證照
,,,07工程/研發/生技,RF通訊工程師,070110,具備射頻設備檢測維護、故障原因分析等相關實務，熟悉測試儀器操作與維修流程控管機制，適合擔任RF通訊工程師，從事射頻系統設計調校與性能測試驗證等工作。,,建議取得經濟部「天線設計工程師能力鑑定證書」等相關證照
,,,07工程/研發/生技,通訊系統工程師,070109,具備通信設備檢測維護、故障原因分析等相關實務，熟悉儀器操作與維修流程控管機制，適合擔任通訊系統工程師；從事通訊系統維護優化與故障排除等工作。,,建議取得勞動部「通信技術（電信線路）技術士」等相關證照
,,,07工程/研發/生技,電子工程師,070120,具備電子設備檢測維護、故障原因分析等相關實務，熟悉儀器構造判讀與測試流程控管機制，適合擔任電子工程師；從事電子系統測試驗證與問題分析改善等工作。,,
,,,09品管/製造/環衛,硬體測試工程師,090209,具備電子設備檢測分析、故障原因判讀等相關實務，熟悉測試工具操作與流程控管機制，適合擔任硬體測試工程師，從事產品測試驗證與問題改善等工作。,,建議取得勞動部「電腦硬體裝修」或「儀表電子」技術士等相關證照
,,,09品管/製造/環衛,品管／品保工程師,090107,具備設備檢測驗證、故障原因分析等相關實務，熟悉測試流程控管與品質追蹤機制，適合擔任品管品保工程師，從事品質檢驗、異常分析、改善追蹤與制度維護等工作。,,建議取得中華民國品質學會「品質工程師」等相關證照
光電通信修護兵,7G032,"1.光電通信設備操作與日常維護
1.1負責光電與通信相關設備的啟用、操作監看與例行檢查，確保系統運作穩定與訊號品質達到標準。
1.2依保養規範執行清潔、連接檢查與功能測試，進行簡易零件更換與異常回報，降低設備故障率。
2.故障排除與修護支援
2.1協助針對光電通信設備進行故障現象確認與初步診斷，配合工程人員執行測試、調整與修護作業。
2.2依指示使用基本量測儀表與工具，執行線路檢查、模組更換與功能驗證，確保修護結果符合使用需求。",10技術/維修/操作,電信及電力線路架設人員,100205,具備光電通信裝備操作、設備保修維護等相關實務，熟悉電子電路與通信原理應用機制，適合擔任電信及電力線路架設人員，從事通信線路架設施工與設備維護作業等工作。,,建議取得勞動部「電信線路」或「網路架設」技術士等相關證照
,,,10技術/維修/操作,通訊產品維修人員,100210,具備通訊設備保修、故障排除與功能測試等相關實務，熟悉通訊設備維修與測試流程，適合擔任通訊產品維修人員，從事通訊設備安裝、維護、故障排除與功能測試等工作。,,建議取得勞動部「數位電子」或「儀表電子」技術士等相關證照
,,,10技術/維修/操作,精密儀器製造及修理人員,100203,具備光電儀器操作、設備檢測與保修等相關實務，熟悉精密儀器維修校正規範，適合擔任精密儀器製造及修理人員，從事儀器維修、功能校正與測試驗證等工作。,,建議取得勞動部「電力電子」或「儀表電子」技術士等相關證照
,,,10技術/維修/操作,電子設備裝修技術員,100208,具備電子裝備操作、線路檢查與基本維修等相關實務，熟悉電子設備裝修與測試流程，適合擔任電子設備裝修技術員，從事電子設備裝配、檢修、測試與日常保養等工作。,,建議取得勞動部「數位電子」或「儀表電子」技術士等相關證照
,,,10技術/維修/操作,安防系統施作規劃管理人員,100212,具備弱電設備安裝、線路佈設與系統測試等相關實務，熟悉設備安裝與施工管理流程，適合擔任安防系統施作規劃管理人員，從事安防設備安裝、線路佈設、系統測試與維修等工作。,,建議取得國家通訊傳播委員會「通信技術（電信線路）技術士證」等證照
,,,09品管/製造/環衛,測試校正人員,090104,具備裝備操作檢測、性能判讀等相關實務，熟悉測試工具使用與維護流程作業，適合擔任測試校正人員；從事儀器校正與性能驗證等工作。,,
光電通信修護士,7G035,"1.光電通信系統操作與維護
1.1負責光電通信系統（含雷射、光纖等設備）之啟用、監控與日常檢查，確保系統連線品質與運作穩定。
1.2依據操作與保養規範，執行設備測試、參數調整與簡易修護，並回報與記錄異常狀況。
2.故障排除與修護支援
2.1針對光電通信設備異常現象進行初步診斷，配合工程人員使用量測工具與測試程序進行故障排除與修復。
2.2協助維護光纖、雷射模組等關鍵元件之連接與狀態檢查，降低中斷與訊號衰減風險。
3.在職訓練與操作知識傳承
3.1規劃並實施光電通信系統操作與基本維護之在職訓練，示範設備操作步驟與安全注意事項。
3.2整理系統操作經驗與常見故障案例，提供同仁技術指導與操作建議，協助建立標準化作業與知識庫。",10技術/維修/操作,電信及電力線路架設人員,100205,具備光電通信裝備操作、設備保修維護等相關實務，熟悉電子電路與通信原理應用機制，適合擔任電信及電力線路架設人員，從事通信線路架設施工與設備維護作業等工作。,,建議取得勞動部「電信線路」或「網路架設」技術士等相關證照
,,,10技術/維修/操作,通訊產品維修人員,100210,具備通訊設備保修、故障排除與功能測試等相關實務，熟悉通訊設備維修與測試流程，適合擔任通訊產品維修人員，從事通訊設備安裝、維護、故障排除與功能測試等工作。,,建議取得勞動部「數位電子」或「儀表電子」技術士等相關證照
,,,10技術/維修/操作,精密儀器製造及修理人員,100203,具備光電儀器操作、設備檢測與保修等相關實務，熟悉精密儀器維修校正規範，適合擔任精密儀器製造及修理人員，從事儀器維修、功能校正與測試驗證等工作。,,建議取得勞動部「電力電子」或「儀表電子」技術士等相關證照
,,,10技術/維修/操作,電子設備裝修技術員,100208,具備電子裝備操作、線路檢查與基本維修等相關實務，熟悉電子設備裝修與測試流程，適合擔任電子設備裝修技術員，從事電子設備裝配、檢修、測試與日常保養等工作。,,建議取得勞動部「數位電子」或「儀表電子」技術士等相關證照
,,,10技術/維修/操作,安防系統施作規劃管理人員,100212,具備弱電設備安裝、線路佈設與系統測試等相關實務，熟悉設備安裝與施工管理流程，適合擔任安防系統施作規劃管理人員，從事安防設備安裝、線路佈設、系統測試與維修等工作。,,建議取得國家通訊傳播委員會「通信技術（電信線路）技術士證」等證照
,,,09品管/製造/環衛,測試校正人員,090104,具備裝備操作檢測、性能判讀等相關實務，熟悉測試工具使用與維護流程作業，適合擔任測試校正人員；從事儀器校正與性能驗證等工作。,,
電子儀器修護兵,7G412,"1.電子儀器日常保養與維護
1.1負責各類電子與通信相關儀器設備之日常檢查、清潔與功能測試，確保設備維持穩定運作與量測精度。
1.2依保養計畫執行定期維護，如零件檢查、接點清潔與運轉確認，並記錄維護結果與異常狀況。
2.校準與檢修作業支援
2.1協助執行電子儀器之校準作業，操作量測與校正設備，確認儀器讀值與標準值一致，維持檢測可信度。
2.2針對儀器異常現象進行基本故障診斷，配合工程人員或維修廠進行零件更換與檢修，追蹤修復結果。
3.作業程序遵循與技術精進
3.1依設備操作手冊與維護規範執行保養與檢修步驟，確保作業安全與符合品質標準。
3.2於實務維護與檢修過程中持續累積電子儀器操作與除錯經驗，逐步提升獨立處理異常與維修能力。",10技術/維修/操作,精密儀器製造及修理人員,100203,具備電子儀器操作、設備檢測與保修等相關實務，熟悉精密儀器維修校正規範，適合擔任精密儀器製造及修理人員，從事儀器維修、功能校正與測試驗證等工作。,,建議取得勞動部「電力電子」或「儀表電子」技術士等相關證照
,,,10技術/維修/操作,電子設備裝修技術員,100208,具備電子裝備操作、線路檢查與基本維修等相關實務，熟悉電子設備裝修與測試流程，適合擔任電子設備裝修技術員，從事電子設備裝配、檢修、測試與日常保養等工作。,,建議取得勞動部「數位電子」或「儀表電子」技術士等相關證照
,,,10技術/維修/操作,安防系統施作規劃管理人員,100212,具備弱電設備安裝、線路佈設與系統測試等相關實務，熟悉設備安裝與施工管理流程，適合擔任安防系統施作規劃管理人員，從事安防設備安裝、線路佈設、系統測試與維修等工作。,,建議取得國家通訊傳播委員會「通信技術（電信線路）技術士證」等證照
,,,09品管/製造/環衛,測試校正人員,090104,具備通信電子儀器檢測維護、故障原因分析等相關實務，熟悉電子原理判讀與校準流程作業，適合擔任測試校正人員；從事設備校正與故障分析改良等工作。,,
,,,09品管/製造/環衛,品管測試技術員,090103,具備通信電子儀器保養維護、校準檢修等相關實務，熟悉電子原理判讀與檢測流程作業，適合擔任品管測試技術員；從事品質檢驗與機台校正等工作。,,
電子儀器修護士,7G415,"1.電子／通信儀器之校準與檢修
1.1負責通信與電子量測儀器之校準與功能檢測，依標準程序調整與修正量測誤差，維持儀器讀值之準確性。
1.2針對儀器異常現象進行故障診斷與零件更換，執行檢修與測試驗證，確保設備恢復正常運作。
2.儀器維護與性能維持
2.1執行通信電子儀器之日常檢查、清潔與運轉確認，依保養計畫進行預防性維護，降低突發故障風險。
2.2管理校準與維修紀錄，追蹤儀器性能變化與使用狀態，提供維護決策與更換評估參考。",10技術/維修/操作,精密儀器製造及修理人員,100203,具備電子儀器操作、設備檢測與保修等相關實務，熟悉精密儀器維修校正規範，適合擔任精密儀器製造及修理人員，從事儀器維修、功能校正與測試驗證等工作。,,建議取得勞動部「電力電子」或「儀表電子」技術士等相關證照
,,,10技術/維修/操作,電子設備裝修技術員,100208,具備電子裝備操作、線路檢查與基本維修等相關實務，熟悉電子設備裝修與測試流程，適合擔任電子設備裝修技術員，從事電子設備裝配、檢修、測試與日常保養等工作。,,建議取得勞動部「數位電子」或「儀表電子」技術士等相關證照
,,,10技術/維修/操作,安防系統施作規劃管理人員,100212,具備弱電設備安裝、線路佈設與系統測試等相關實務，熟悉設備安裝與施工管理流程，適合擔任安防系統施作規劃管理人員，從事安防設備安裝、線路佈設、系統測試與維修等工作。,,建議取得國家通訊傳播委員會「通信技術（電信線路）技術士證」等證照
,,,09品管/製造/環衛,測試校正人員,090104,具備通信電子儀器檢測維護、故障原因分析等相關實務，熟悉電子原理判讀與校準流程作業，適合擔任測試校正人員；從事設備校正與故障分析改良等工作。,,
,,,09品管/製造/環衛,品管測試技術員,090103,具備通信電子儀器保養維護、校準檢修等相關實務，熟悉電子原理判讀與檢測流程作業，適合擔任品管測試技術員；從事品質檢驗與機台校正等工作。,,
試驗裝備修校士,7G515,"1.試驗與量測裝備校準與維修
1.1負責試驗與量測設備之校準與功能檢測，依標準程序調整儀器讀值與量測條件，維持量測結果的準確性與一致性。
1.2執行試驗裝備之故障診斷、零件更換與修護作業，並進行修復後驗證測試，確保設備可長期穩定運作。
2.量測追溯與技術文件管理
2.1依校準與追溯規範，管理試驗裝備之校正週期、校正報告與相關紀錄，確保量測系統可追溯至國家或國際標準。
2.2整理與更新試驗與校準作業指引，說明操作條件、允收標準與不確定度資訊，支援品質管理與稽核需求。
3.試驗設備改良與技術精進建議
3.1依試驗與維修過程中發現的問題，分析現有試驗裝備之限制，提出功能改善、量測精度提升與自動化校正等建議。
3.2追蹤量測與校正技術發展，評估新型試驗儀器或校正方法之導入可行性，支援測試能力與效率的持續精進。",10技術/維修/操作,精密儀器製造及修理人員,100203,具備電子儀器操作、設備檢測與保修等相關實務，熟悉精密儀器維修校正規範，適合擔任精密儀器製造及修理人員，從事儀器維修、功能校正與測試驗證等工作。,,建議取得勞動部「電力電子」或「儀表電子」技術士等相關證照
,,,10技術/維修/操作,電子設備裝修技術員,100208,具備電子裝備操作、線路檢查與基本維修等相關實務，熟悉電子設備裝修與測試流程，適合擔任電子設備裝修技術員，從事電子設備裝配、檢修、測試與日常保養等工作。,,建議取得勞動部「數位電子」或「儀表電子」技術士等相關證照
,,,10技術/維修/操作,安防系統施作規劃管理人員,100212,具備弱電設備安裝、線路佈設與系統測試等相關實務，熟悉設備安裝與施工管理流程，適合擔任安防系統施作規劃管理人員，從事安防設備安裝、線路佈設、系統測試與維修等工作。,,建議取得國家通訊傳播委員會「通信技術（電信線路）技術士證」等證照
,,,09品管/製造/環衛,測試校正人員,090104,具備通信電子儀器檢測維護、故障原因分析等相關實務，熟悉電子原理判讀與校準流程作業，適合擔任測試校正人員；從事設備校正與故障分析改良等工作。,,
,,,09品管/製造/環衛,品管測試技術員,090103,具備通信電子儀器保養維護、校準檢修等相關實務，熟悉電子原理判讀與檢測流程作業，適合擔任品管測試技術員；從事品質檢驗與機台校正等工作。,,
電子戰裝備修護官,7B43,"1.電子與通訊系統維護與校準
1.1負責具干擾、攔截或監測功能之電子與通訊設備之檢查、維修與校準作業，確保系統在指定頻段與功率下穩定運作。
1.2依維護計畫執行預防保養、故障診斷與零組件更換，並完成測試與紀錄，維持系統可用率與可靠度。
2.系統改裝與效能精進
2.1參與電子裝備或系統之改裝與功能調整，配合新元件或模組導入，進行接線、配置與測試驗證，提升整體效能。
2.2根據實際運用與維修經驗，彙整故障模式與操作限制，提出硬體與軟體優化建議，支援後續產品改良或升級專案。
3.技術訓練與作業標準化
3.1規劃並實施維修人員的技術訓練，示範檢測流程、量測儀表使用與安全注意事項，提升團隊維護技能。
3.2制定或優化維修與檢查SOP，整理故障處理案例與檢修紀錄，建立知識文件，支援新進人員訓練與作業標準化。",07工程/研發/生技,通訊系統工程師,070109,具備電子戰裝備系統測試檢修、系統運作監督管理等相關實務，熟悉設備操作與維護流程控管機制，適合擔任通訊系統工程師，從事通訊系統規劃建置與設備測試維護等工作。,,建議取得勞動部「通信技術（電信線路）技術士」等相關證照
,,,07工程/研發/生技,光電工程師,070107,具備感測系統測試檢修、訊號監測分析等相關實務，熟悉設備操作與測試維護流程控管機制，適合擔任光電工程師；從事光電系統建置與訊號測試分析等工作。,,
,,,07工程/研發/生技,RF通訊工程師,070110,具備射頻系統測試檢修、電磁訊號監測分析等相關實務，熟悉設備操作與測試維護流程控管機制，適合擔任RF通訊工程師，從事射頻系統測試、干擾排除與通訊品質優化等工作。,,建議取得經濟部「天線設計工程師能力鑑定證書」等相關證照
,,,07工程/研發/生技,EMC電子安規工程師,070112,具備電磁環境評估、設備抗干擾測試與系統安全監控等相關實務，熟悉電磁相容規範、測試流程與設備安全管理特性，適合擔任EMC電子安規工程師，從事電磁相容測試、產品安規驗證與干擾改善建議等工作。,,建議取得經濟部「電磁相容工程師能力鑑定證書」等相關證照
,,,07工程/研發/生技,電子產品系統工程師,070214,具備感測系統測試檢修、系統整合監督等相關實務，熟悉設備性能測試與維護流程控管機制，適合擔任電子產品系統工程師，從事系統架構規劃與功能驗證測試等工作。,,建議取得勞動部「電力電子」技術士等相關證照
,,,07工程/研發/生技,電力系統工程師,070119,具備雷達系統測試檢修、系統運作監控等相關實務，熟悉電力供應評估與運轉維護流程控管機制，適合擔任電力系統工程師；從事電力系統規劃與運轉監測等工作。,,
電子戰裝備修護士,7B415,"1.電子／通訊系統保養、維修與校準
1.1負責具偵測、干擾或訊號分析功能之電子與通訊系統之日常檢查、預防保養與故障維修，確保系統在規範頻段與功率下穩定運作。
1.2依維護與校準規範使用量測儀表進行功能測試與參數調整，完成系統校準與測試紀錄，維持設備性能與可靠度。
2.技術文件運用與訓練支援
2.1閱讀並運用中英文技術手冊、原廠文件與維修圖說，協助問題診斷、作業規畫與改善建議之提出。
2.2協助規劃與實施設備操作與維護訓練，示範標準作業流程與安全注意事項，支援人員技能養成。
3.系統運作原理掌握與精進建議
3.1理解電子戰相關系統之用途、性能與作用原理，分析實際運用中的限制與故障模式，提出改善或調整建議。
3.2依維護與操作經驗回饋，使單位掌握裝備適用情境與最佳運用方式，作為後續系統優化與升級規劃之參考。",09品管/製造/環衛,測試校正人員,090104,具備電子戰裝備性能檢查、量測工具操作與檢修驗證經驗，熟悉設備測試與校正流程，適合擔任測試校正人員；從事設備測試、校正作業、測試紀錄管理與品質驗證等工作。,,
,,,10技術/維修/操作,精密儀器製造工及修理工,100203,具備電子戰操作、拆裝與基礎保修等相關實務，熟悉儀器維修流程、工具使用規範與安全作業特性，適合擔任精密儀器製造工及修理工，從事精密設備維修、功能檢查與簡易校正等工作。,,建議取得動部「儀表電子」技術士等相關證照
,,,10技術/維修/操作,通訊產品維修人員,100210,具備電子戰裝備日常保養、檢修與故障排除經驗，熟悉通訊設備維修流程與安全作業規範，適合擔任通訊產品維修人員，從事通訊設備或產品之安裝、維修、保養及技術支援等工作。,,建議取得勞動部「數位電子」技術士等相關證照
,,,10技術/維修/操作,電子設備裝修技術員,100208,具備電子戰系統裝設、測試、保養與整體運作管理經驗，適合電子設備裝修技術員，從事各種無線電、雷達、電子醫療設備等電子設備裝配及檢修工作。,,建議取得勞動部「視聽電子」、「數位電子」或「電力電子」技術士等相關證照
,,,10技術/維修/操作,通訊客服支援工程師,100209,具備精密裝備操作說明、故障初判與技術回饋等相關實務，熟悉支援服務流程、問題回報制度與標準作業說明特性，適合擔任通訊客服支援工程師，從事技術支援、問題排除指引與客戶回覆等工作。,,建議取得勞動部「工業電子丙級技術士」等相關證照
電子戰部隊指揮官,BC31,"1.關鍵系統建置與運維管理
1.1規劃並督導大型技術系統之建置、運作與維護。
1.2確保系統於高壓、高風險環境下維持穩定與可用性。
2.作業規劃與跨單位技術協調
2.1規劃專業系統作業流程與執行計畫。
2.2與相關單位協調系統介接、通訊與作業需求。
3.技術部署判斷與專業幕僚支援
3.1分析環境與系統條件，提出設備部署與運用建議。
3.2支援高階主管進行技術風險與效能判斷。",02業務/貿易/銷售,業務主管,020101,具備系統整合統籌、跨單位協調管理等相關實務，熟悉資源配置與運作流程控管機制，適合擔任業務主管；從事業務策略規劃與團隊管理整合等工作。,,
,,,07工程/研發/生技,光電工程師,070107,具備電子系統整合規劃、電磁環境運作管理等相關實務，熟悉裝備性能評估與系統協同運作機制，適合擔任光電工程師；從事光電系統規劃設計與性能測試驗證等工作。,,
,,,07工程/研發/生技,通訊系統工程師,070109,具備電子戰系統整合規劃、電磁環境運作管理等相關實務，熟悉裝備性能評估與系統協同運作機制，適合擔任通訊系統工程師，從事通訊系統規劃、系統整合測試與通訊效能優化等工作。,,建議取得勞動部「通信技術（電信線路）技術士」等相關證照
,,,07工程/研發/生技,RF通訊工程師,070110,具備射頻系統規劃、電磁干擾分析與設備效能調校等相關實務，熟悉射頻測試流程、系統驗證制度與工程管理特性，適合擔任RF通訊工程師，從事射頻系統分析、干擾問題排查與效能調校等工作。,,建議取得經濟部「天線設計工程師能力鑑定證書」等相關證照
,,,07工程/研發/生技,EMC電子安規工程師,070112,具備電磁相容測試、干擾風險評估與設備安規驗證等相關實務，熟悉安規測試流程、品質管理制度與工程驗證管理特性，適合擔任EMC電子安規工程師，從事EMC測試、安規驗證與電磁干擾風險分析等工作。,,建議取得經濟部「電磁相容工程師能力鑑定證書」等相關證照
電子戰督導官,7B11,"1.系統部署規劃與環境評估
1.1評估作業環境與系統條件，提出關鍵設施與系統部署建議。
1.2提供管理階層所需之技術情資與判斷依據。
2.作業態勢分析與決策支援
2.1進行系統運作狀況分析與風險研判。
2.2提出可行之行動方案與專業意見。
3.作業計畫制定與團隊訓練規劃
3.1規劃專業作業計畫、流程與執行準則。
3.2指導系統建置與實際運作方式。",02業務/貿易/銷售,業務主管,020101,具備系統整合統籌、跨單位協調管理等相關實務，熟悉資源配置與運作流程控管機制，適合擔任業務主管；從事業務策略規劃與團隊管理整合等工作。,,
,,,07工程/研發/生技,光電工程師,070107,具備電子系統整合規劃、電磁環境運作管理等相關實務，熟悉裝備性能評估與系統協同運作機制，適合擔任光電工程師；從事光電系統規劃設計與性能測試驗證等工作。,,
,,,07工程/研發/生技,通訊系統工程師,070109,具備電子戰系統整合規劃、電磁環境運作管理等相關實務，熟悉裝備性能評估與系統協同運作機制，適合擔任通訊系統工程師，從事通訊系統規劃、系統整合測試與通訊效能優化等工作。,,建議取得勞動部「通信技術（電信線路）技術士」等相關證照
,,,07工程/研發/生技,RF通訊工程師,070110,具備射頻系統規劃、電磁干擾分析與設備效能調校等相關實務，熟悉射頻測試流程、系統驗證制度與工程管理特性，適合擔任RF通訊工程師，從事射頻系統分析、干擾問題排查與效能調校等工作。,,建議取得經濟部署「天線設計工程師能力鑑定證書」等相關證照
,,,07工程/研發/生技,EMC電子安規工程師,070112,具備電磁相容測試、干擾風險評估與設備安規驗證等相關實務，熟悉安規測試流程、品質管理制度與工程驗證管理特性，適合擔任EMC電子安規工程師，從事EMC測試、安規驗證與電磁干擾風險分析等工作。,,建議取得經濟部「電磁相容工程師能力鑑定證書」等相關證照
電子戰兵,7B112,"1.無線電頻譜監測與訊號定位
1.1操作頻譜監測與訊號偵測設備，執行無線電訊號掃描、截收與強度分析，協助掌握可疑發射源活動情形。
1.2利用測向與位置推算技術，配合地圖與地理資訊工具，協助判定發射源可能位置並提供相關紀錄與報告。
2.無線電／電子裝備操作與維護
2.1負責相關偵測與干擾設備之啟用、模式切換與參數設定，依任務需求調整監測或干擾範圍與頻段。
2.2執行設備日常保養與功能檢查，包含連接檢查、模組測試與故障初步排除，確保系統維持可用狀態。
3.作業安全、隱蔽與現場支援
3.1依據作業守則執行裝備與車輛之隱蔽與偽裝，減少可被偵測之電磁與目視特徵，提升作業安全性。
3.2於現場支援技術團隊執行架設、撤收與移動作業，協助整理與回傳測得資料，支援後續分析與決策運用。",10技術/維修/操作,測量儀校技術人員,100108,具備電子訊號測向定位、裝備操作維護等相關實務，熟悉測量儀器判讀與現場作業流程控管機制，適合擔任測量儀校技術人員；從事測量設備操作校正與數據判讀等工作。,,
,,,10技術/維修/操作,精密儀器製造及修理人員,100203,具備電子偵蒐裝備操作維護、精密設備校調等相關實務，熟悉儀器性能判讀與保養維修流程控管機制，適合擔任精密儀器製造及修理人員，從事儀器組裝、設備維修與功能測試等工作。,,建議取得勞動部「工業電子」或「儀表電子」技術士等相關證照
,,,10技術/維修/操作,通訊產品維修人員,100210,具備電子偵蒐裝備操作維護、精密設備校調等相關實務，熟悉儀器性能判讀與保養維修流程控管機制，適合擔任通訊產品維修人員，從事通訊設備安裝、保養、故障排除與測試等工作。,,建議取得勞動部「數位電子」或「視聽電子」技術士證等相關證照
,,,10技術/維修/操作,電子設備裝修技術員,100208,具備電子裝備操作、設備保養與維護等相關實務工作，熟悉儀器維修流程、測試標準制度與作業紀律管理特性，適合擔任電子設備裝修技術員，從事設備維修、電路檢修與設備保養等工作。,,建議取得勞動部「工業電子」或「儀表電子」技術士等相關證照
,,,10技術/維修/操作,通訊客服支援工程師,100209,具備裝備現場操作支援、任務回報與技術紀錄整理等相關實務，熟悉客服支援流程、維修回報制度，適合擔任通訊客服支援工程師，從事設備故障排除、技術支援與維修紀錄回報等工作。,,建議取得勞動部「工業電子丙級技術士」等相關證照
電子戰士,7B115,"1.無線電頻譜監測與訊號定位
1.1操作頻譜監測與訊號偵測設備，執行無線電訊號掃描、截收與強度分析，協助辨識可疑發射源或干擾來源。
1.2結合測向技術與地理資訊系統，將測得方位與訊號特徵轉換為地面位置資訊，提供後續處置與決策參考。
2.監測設備操作維護與資料處理
2.1負責無線電監測與干擾相關設備之啟用、模式設定與日常保養，執行基本故障排除並維持設備可用性。
2.2使用電腦與相關應用軟體，進行監測資料之紀錄、整理與視覺化呈現，支援專業人員進一步分析。
3.現場管理、隱蔽與小組協作
3.1依作業規範執行裝備與人員之隱蔽與偽裝，維持作業安全並降低暴露風險。
3.2於小組中配合指揮與分工，協助新人熟悉設備操作與基本程序，維持現場作業秩序與團隊協同效率。",10技術/維修/操作,測量儀校技術人員,100108,具備電子訊號測向定位、裝備操作維護等相關實務，熟悉測量儀器判讀與現場作業流程控管機制，適合擔任測量儀校技術人員；從事測量設備操作校正與數據判讀等工作。,,
,,,10技術/維修/操作,精密儀器製造及修理人員,100203,具備電子偵蒐裝備操作維護、精密設備校調等相關實務，熟悉儀器性能判讀與保養維修流程控管機制，適合擔任精密儀器製造及修理人員，從事儀器組裝、設備維修與功能測試等工作。,,建議取得勞動部「工業電子」或「儀表電子」技術士等相關證照
,,,10技術/維修/操作,通訊產品維修人員,100210,具備電子偵蒐裝備操作維護、精密設備校調等相關實務，熟悉儀器性能判讀與保養維修流程控管機制，適合擔任通訊產品維修人員，從事通訊設備安裝、保養、故障排除與測試等工作。,,建議取得勞動部「數位電子」或「視聽電子」技術士證等相關證照
,,,10技術/維修/操作,電子設備裝修技術員,100208,具備電子裝備操作、設備保養與維護等相關實務工作，熟悉儀器維修流程、測試標準制度與作業紀律管理特性，適合擔任電子設備裝修技術員，從事設備維修、電路檢修與設備保養等工作。,,建議取得勞動部「工業電子」或「儀表電子」技術士等相關證照
,,,10技術/維修/操作,通訊客服支援工程師,100209,具備裝備現場操作支援、任務回報與技術紀錄整理等相關實務，熟悉客服支援流程、維修回報制度，適合擔任通訊客服支援工程師，從事設備故障排除、技術支援與維修紀錄回報等工作。,,建議取得勞動部「工業電子丙級技術士」等相關證照
資訊戰督導官,7K01,"1.資安戰略與計畫規劃
1.1擬定資訊安全與數位防護策略，規劃相關訓練與演練流程。
1.2設計作業計畫並確保與組織目標一致。
2.系統整合與資源管理
2.1整合資訊系統與資源配置，建立完整運作架構。
2.2確保資訊系統穩定、安全並符合規範要求。
3.作業安全與跨部門協調
3.1監控作業安全風險，落實網路與資訊安全防護措施。
3.2協調跨單位合作，確保資訊專案與業務順利推動。",08資訊/軟體/系統,資訊管理部門主管,080101,具備資訊系統規劃、資安管制與跨單位整合等相關實務，熟悉制度化資訊治理、資源配置與作業督導流程特性，適合擔任資訊管理部門主管，從事資訊政策規劃、制度建置、資源配置與組織督導等工作。,,建議取得經濟部「資訊安全工程師能力鑑定證書」或「ISO/IEC27001」或「ISO/IEC27701」等相關證照
,,,08資訊/軟體/系統,電子商務技術主管,080102,具備大型資訊系統治理、資安風險控管與跨部門協調等相關實務，熟悉企業資訊架構與資安管理流程特性，適合擔任電子商務技術主管；從事資訊策略制定、系統治理與資安政策督導等工作。,,
,,,08資訊/軟體/系統,網路安全工程師,080104,具備網路安全規劃、資安防護設定與事件應變支援等相關實務，熟悉資訊安全管理制度、風險控管流程與稽核管理特性，適合擔任網路安全工程師，從事資安監控、事件分析與防護機制維運等工作。,,建議取得經濟部「資訊安全工程師能力鑑定證書」或「ISO/IEC27001」等相關證照
,,,22其他職類,顧問,220106,具備政策研擬、制度設計與跨組織輔導等相關實務，熟悉治理架構、法規流程與風險管理特性，適合擔任資安顧問，從事資安政策建議與輔導等工作。,,建議取得經濟部「資訊安全工程師能力鑑定證書」或「ISO/IEC27001」或「ISO/IEC27701」等相關證照
,,,21行銷/企劃/專案,專案管理師,210304,具備資訊專案規劃、進度管制與資源整合等相關實務，熟悉專案管理制度、風險控管與溝通流程特性，適合擔任專案管理師，從事專案規劃、執行控管與成果交付等工作。,,建議取得「國際專案管理師（PMP）認證」等相關證照
資訊戰參謀官,7K02,"1.資訊蒐集與威脅監測作業
1.1規劃並執行資訊與網路環境之偵測、監控與資料蒐集作業。
1.2分析潛在威脅與異常行為，支援反制與防護決策。
2.資訊安全作業規劃與執行
2.1擬訂資訊安全與防護相關計畫與作業程序。
2.2督導資訊系統與網路環境之防護措施落實。
3.專業訓練與作業能力建構
3.1規劃並執行資訊與資安相關教育訓練。
3.2提升人員對資訊安全、情蒐與系統運作之理解。",08資訊/軟體/系統,資訊管理部門主管,080101,具備資訊系統規劃、資安管制與跨單位整合等相關實務，熟悉制度化資訊治理，適合擔任資訊管理部門主管，從事資訊政策規劃、制度建置、資源配置與組織督導等工作。,,建議取得經濟部「資訊安全工程師能力鑑定證書」或「ISO/IEC27001」或「ISO/IEC27701」等相關證照
,,,08資訊/軟體/系統,電子商務技術主管,080102,具備大型資訊系統治理、資安風險控管與跨部門協調等相關實務，熟悉企業資訊架構與資安管理流程特性，適合擔任電子商務技術主管；從事資訊策略制定、系統治理與資安政策督導等工作。,,
,,,08資訊/軟體/系統,網路安全工程師,080104,具備網路安全規劃、資安防護設定與事件應變支援等相關實務，熟悉資訊安全管理制度、風險控管流程與稽核管理特性，適合擔任網路安全工程師，從事資安監控、事件分析與防護機制維運等工作。,,建議取得經濟部「資訊安全工程師能力鑑定證書」或「ISO/IEC27001」等相關證照
,,,22其他職類,顧問,220106,具備政策研擬、制度設計與跨組織輔導等相關實務，熟悉治理架構、法規流程與風險管理特性，適合擔任資安顧問，從事資安政策建議與輔導等工作。,,建議取得經濟部「資訊安全工程師能力鑑定證書」或「ISO/IEC27001」或「ISO/IEC27701」等相關證照
,,,21行銷/企劃/專案,專案管理師,210304,具備資訊專案規劃、進度管制與資源整合等相關實務，熟悉專案管理制度、風險控管與溝通流程特性，適合擔任專案管理師，從事專案規劃、執行控管與成果交付等工作。,,建議取得「國際專案管理師（PMP）認證」等相關證照
資訊戰作業士,7K015,"1.安全監控與事件初步分析
1.1操作與監看資訊安全監控系統（如SIEM、入侵偵測／防禦系統），即時留意異常登入、流量或系統行為，並通報後續處置。
1.2協助彙整與分析可疑事件相關紀錄與日誌資料，提供初步研判結果與紀錄，供資安或資訊團隊進一步調查。
2.系統與設備管理維護
2.1操作並維護資訊安全或網路監測相關設備，執行帳號與權限設定、規則更新與基本健檢，確保系統依政策運作。
2.2辦理相關設備與軟體之申補、更新與保養，追蹤使用狀態與故障排除進度，維持工具與系統可用性。
3.團隊訓練與作業支援
3.1協助新進或所屬人員熟悉監測系統介面與基本操作流程，說明常見異常類型與通報機制，維持班組基本戰力。
3.2依上級規畫參與或執行攻防演練與模擬演習中的監測與記錄任務，回收相關資料供演訓檢討與改善使用。",08資訊/軟體/系統,資訊助理員,080105,具備資訊設備操作、事件回報與文件紀錄等相關實務，熟悉內部作業流程與資訊管理制度，適合擔任資訊助理員，從事系統操作支援、資料整理、通報紀錄與行政協助等工作。,,建議取得勞動部「電腦軟體應用技術士」等相關證照
,,,08資訊/軟體/系統,系統操作人員,080303,具備系統監控、事件通報與操作紀錄等相關實務，熟悉系統作業流程與值勤管理特性，適合擔任系統操作人員，從事系統監控、異常通報、操作紀錄與例行維運等工作。,,建議取得勞動部「電腦軟體應用技術士」等相關證照
,,,08資訊/軟體/系統,MIS╱網管類人員,080306,具備資訊系統操作、通報流程執行與紀錄維護等相關實務，熟悉制度化資訊管理與作業流程，適合擔任MIS╱網管類人員；從事系統維運、權限管理、事件回報與作業支援等工作。,,
,,,08資訊/軟體/系統,資訊設備管制人員,080106,具備設備管理、操作管制與異常回報等相關實務，熟悉設備管制制度與維運流程，適合擔任資訊設備管制人員，從事設備管控、使用紀錄、異常通報與維運協調等工作。,,建議取得勞動部「電腦硬體裝修技術士證」等證照
,,,08資訊/軟體/系統,資料庫管理人員,080103,具備資料輸入處理、資料檢核與系統資料維護等相關實務，熟悉資料管理流程、資料存取制度與作業紀律管理特性，適合擔任資料庫管理人員；從事資料維護、資料更新與資料正確性檢核等工作。,,
,,,10技術/維修/操作,通訊客服支援工程師,100209,具備系統操作支援、問題排查與使用者溝通等相關實務，熟悉服務支援流程、案件追蹤制度與回覆管理特性，適合擔任通訊客服支援工程師，從事技術支援、問題處理與使用者服務等工作。,,建議取得勞動部「工業電子丙級技術士」等相關證照
資訊戰作業士,7K015,"1.資訊與安全系統維護與故障排除
1.1負責關鍵資訊或安全相關系統之日常檢查、版本更新與異常排除，透過監測與測試維持系統穩定運作。
1.2針對系統與設備發生之故障執行問題診斷、硬體／軟體檢修與測試驗證，縮短停機時間並記錄處置過程。
2.設備維保與資產管理
2.1辦理伺服器、網路設備與周邊器材之保養、韌體更新與環境檢查，確保設備在安全與效能需求下運作。
2.2協助追蹤設備與零組件之庫存與使用情形，配合申補與汰換作業，維持系統維修與擴充所需資源。
3.技術訓練與作業標準化
3.1指導所屬人員熟悉系統檢修流程、工具使用與安全規範，協助新進人員快速適應維護作業。
3.2協助撰寫或更新系統維護手冊與故障排除指引，彙整常見問題與解決方案，推動作業標準化與知識傳承。",10技術/維修/操作,電子設備裝修技術員,100208,具備電子設備安裝、故障檢修與維護等相關實務，熟悉設備維修流程與技術作業管理特性，適合擔任電子設備裝修技術員，從事設備檢修、零組件更換、功能測試與維護作業等工作。,,建議取得勞動部「儀表電子」或「電力電子技術士」等相關證照
,,,10技術/維修/操作,精密儀器製造及修理人員,100203,具備精密設備維護、檢修與功能驗證等相關實務，熟悉設備檢修流程與品質控管特性，適合擔任精密儀器製造工及修理人員，從事設備修護、功能測試、校正支援與維護管理等工作。,,建議取得勞動部「工業電子」或「儀表電子」技術士等相關證照
,,,10技術/維修/操作,通訊客服支援工程師,100209,具備設備問題初判、使用者支援與事件通報等相關實務，熟悉客服支援流程與問題管理特性，適合擔任通訊客服支援工程師，從事設備支援、問題回應、故障轉派與處理追蹤等工作。,,建議取得勞動部「工業電子丙級技術士」等相關證照
,,,08資訊/軟體/系統,資訊助理員,080105,具備資訊設備操作、資料處理與使用者支援等相關實務，熟悉資訊服務流程、作業支援制度與文件管理特性，適合擔任資訊助理員，從事資訊操作支援、資料處理與使用者協助等工作。,,建議取得勞動部「電腦軟體應用技術士」等相關證照
,,,08資訊/軟體/系統,系統操作人員,080303,具備系統操作、設備監控與事件通報等相關實務，熟悉系統作業流程與值勤管理特性，適合擔任系統操作人員，從事系統監控、操作管理、異常通報與日常維運等工作。,,建議取得勞動部「電腦軟體應用技術士」等相關證照
資訊將官,7H00,"1.資訊政策與制度治理
1.1規劃並制定組織整體資訊政策與管理制度。
1.2確保資訊作業符合相關法規、內控制度與治理要求。
2.資訊業務管理與作業督導
2.1統籌資訊部門日常運作與業務推動。
2.2督導各項資訊作業流程，確保系統穩定與服務品質。
3.資訊管理能力建構與組織支援
3.1規劃資訊業務推動方向，支援組織發展目標。
3.2建立標準化作業與管理流程，提升資訊治理成熟度。",08資訊/軟體/系統,資訊管理部門主管,080101,具備通電資訊體系規劃統籌、系統運作監督管理等相關實務，熟悉資訊政策推動與作業流程控管機制，適合擔任資訊管理部門主管，從事資訊策略規劃、系統整合管理等工作。,,建議取得經濟部「資訊安全工程師能力鑑定證書」或「ISO/IEC27001」或「ISO/IEC27701」等相關證照
,,,01經營/行政/總務,經營管理主管,010101,具備政策制定、高階領導與資源整合能力，熟悉任務推動與績效管理，適合擔任經營管理主管，從事企業營運規劃、策略擬定與決策執行等工作。,,
,,,22其他職類,顧問,220106,具備策略規劃、團隊領導、資源整合與危機應處能力，熟悉問題評斷與跨域協調，適合擔任企業顧問，提供營運策略諮詢及襄理重大專案工作。,,
,,,21行銷/企劃/專案,專案管理主管,210301,具備通電資訊體系規劃統籌、跨單位資源整合協調等相關實務，熟悉政策推動與作業流程管制機制，適合擔任專案管理主管，從事專案規劃控管與團隊協調整合等工作。,,建議取得「國際專案管理師（PMP）認證」等相關證照
,,,08資訊/軟體/系統,電子商務主管,080102,具備大型資訊系統治理、資安風險控管與跨部門協調等相關實務，熟悉企業資訊架構與資安管理流程特性，適合擔任電子商務主管，從事資訊策略制定、系統治理與資安政策督導等工作。,,建議取得經濟部「資訊安全工程師能力鑑定證書」或「ISO/IEC27001」或「ISO/IEC27701」等相關證照
,,,21行銷/企劃/專案,營運管理師/ERP專案師,210302,具備通電資訊體系整合規劃、系統運作監督管理等相關實務，熟悉作業流程控管與跨單位協調機制，適合擔任營運管理師或ERP專案師，從事系統導入規劃與流程整合優化等工作。,,建議取得經濟部「營運智慧分析師能力鑑定證書」等相關證照
資訊指揮官,DK01,"1.資訊系統建置與營運管理
1.1規劃與督導資訊系統建置、維運與管理作業。
1.2即時掌握系統運作狀況，進行問題判斷與調整建議。
2.資訊安全與作業穩定控管
2.1統籌資訊作業安全與系統防護措施。
2.2留意系統風險與異常狀況，確保資訊環境安全。
3.資訊協調與團隊管理
3.1與相關單位協調資訊作業與系統需求。
3.2整合人力與技術資源，提升資訊作業效率。",08資訊/軟體/系統,資訊管理部門主管,080101,具備資訊系統建置管理、資訊作業管制與跨單位協調等相關實務，熟悉制度化資訊治理、資安管理與營運流程特性，適合擔任資訊管理部門主管，從事資訊政策規劃、制度建置、資源配置與組織督導等工作。,,建議取得經濟部「資訊安全工程師能力鑑定證書」或「ISO/IEC27001」或「ISO/IEC27701」等相關證照
,,,08資訊/軟體/系統,MIS╱網管主管,080307,具備資訊系統維運管理、網路監控與作業督導等相關實務，熟悉MIS管理制度、資安作業流程與事件控管特性，適合擔任MIS╱網管主管，從事系統治理、政策落實、風險控管與跨部門協調等工作。,,建議取得經濟部「資訊安全工程師能力鑑定證書證書」或「ISO/IEC27001」等相關證照
,,,08資訊/軟體/系統,電子商務技術主管,080102,具備大型資訊系統治理、資安風險控管與跨部門協調等相關實務，熟悉企業資訊架構與資安管理流程特性，適合擔任電子商務技術主管，從事資訊策略制定、系統治理與資安政策督導等工作。,,
,,,10技術/維修/操作,FAE工程師,100122,具備資訊設備整合、系統問題判斷與技術支援等相關實務，熟悉技術服務流程、客戶支援與方案導入特性，適合擔任FAE工程師，從事系統導入支援、技術諮詢與方案驗證等工作。,,
,,,21行銷/企劃/專案,專案管理師,210304,具備跨部門專案推動、進度控管與資源協調等相關實務，熟悉專案管理制度、溝通流程與風險控管特性，適合擔任專案管理師，從事專案規劃、執行追蹤與成果交付等工作。,,建議取得「國際專案管理師（PMP）認證」等相關證照
資訊作業督導官,7H01,"1.資訊系統治理與策略規劃
1.1規劃並督導組織整體資訊系統架構與管理作業。
1.2評估資訊系統效能與資源配置，提出優化建議。
2.資訊資源整合與專案督導
2.1統籌資訊系統研發與導入專案之推動與控管。
2.2整合人力、系統與技術資源，確保專案如期執行。
3.資訊安全與使用權限管理
3.1規劃資訊安全管制政策與使用層級分類機制。
3.2督導系統存取權限與資安風險控管作業。",08資訊/軟體/系統,資訊管理部門主管,080101,具備資訊系統規劃、資安管制與跨單位整合等相關實務，熟悉制度化資訊治理、資源配置與作業督導流程特性，適合擔任資訊管理部門主管，從事資訊政策規劃、制度建置、資源配置與組織督導等工作。,,建議取得經濟部「資訊安全工程師能力鑑定證書」或「ISO/IEC27001」或「ISO/IEC27701」等相關證照
,,,08資訊/軟體/系統,電子商務技術主管,080102,具備大型資訊系統治理、資安風險控管與跨部門協調等相關實務，熟悉企業資訊架構與資安管理流程特性，適合擔任電子商務技術主管；從事資訊策略制定、系統治理與資安政策督導等工作。,,
,,,08資訊/軟體/系統,網路安全工程師,080104,具備網路安全規劃、資安防護設定與事件應變支援等相關實務，熟悉資訊安全管理制度、風險控管流程與稽核管理特性，適合擔任網路安全工程師，從事資安監控、事件分析與防護機制維運等工作。,,建議取得經濟部「資訊安全工程師能力鑑定證書」或「ISO/IEC27001」等相關證照
,,,22其他職類,顧問,220106,具備政策研擬、制度設計與跨組織輔導等相關實務，熟悉治理架構、法規流程與風險管理特性，適合擔任資安顧問，從事資安政策建議與輔導等工作。,,建議取得經濟部「資訊安全工程師能力鑑定證書」或「ISO/IEC27001」或「ISO/IEC27701」等相關證照
,,,21行銷/企劃/專案,專案管理師,210304,具備資訊專案規劃、進度管制與資源整合等相關實務，熟悉專案管理制度、風險控管與溝通流程特性，適合擔任專案管理師，從事專案規劃、執行控管與成果交付等工作。,,建議取得「國際專案管理師（PMP）認證」等相關證照
電腦軟硬體官,7H04,"1.應用系統設計與程式開發
1.1負責資訊系統應用程式之功能設計與程式開發。
1.2撰寫應用系統需求規格與技術文件。
2.應用系統維運與效能改善
2.1規劃並執行應用程式維護與版本管理作業。
2.2分析系統執行狀況，提出效能改善與錯誤修正方案。
3.系統與網路設備規劃支援
3.1協助電腦系統、網路與週邊設備之規劃與建置。
3.2處理系統與設備故障檢修及日常維護作業。",08資訊/軟體/系統,網路管理工程師,080309,具備網路設備建置、連線設定與故障排除等相關實務，熟悉網路管理制度、設備設定流程與維運控管特性，適合擔任網路管理工程師，從事網路設備維護、連線設定與網路運作管理等工作。,,建議取得「CiscoCertifiedNetworkAssociate(CCNA)」等相關證照
,,,08資訊/軟體/系統,電子商務技術主管,080102,具備大型資訊系統治理、資安風險控管與跨部門協調等相關實務，熟悉企業資訊架構與資安管理流程特性，適合擔任電子商務技術主管，從事資訊策略制定、系統治理與資安政策督導等工作。,,
,,,08資訊/軟體/系統,資料庫管理人員,080103,具備資料庫系統規劃、資料存取權限管制與資訊安全控管等相關實務，熟悉資料管理制度、資訊安全流程與系統治理管理特性，適合擔任資料庫管理人員；從事資料庫建置與維運、資料存取權限管理與資料安全控管等工作。,,
,,,08資訊/軟體/系統,MIS程式設計師,080301,具備應用系統維護、程式修改與系統問題處理等相關實務，熟悉資訊系統開發流程、版本管理與維運制度特性，適合擔任MIS程式設計師，從事系統維護、程式開發支援與問題修正等工作。,,建議取得程式設計或系統維護相關訓練
,,,10技術/維修/操作,資訊客服支援工程師,100209,具備資訊設備問題診斷、系統設定支援與使用者溝通等相關實務，熟悉技術支援流程、問題回報與服務處理制度特性，適合擔任資訊客服支援工程師，從事技術支援、問題排除與使用者協助等工作。,,建議取得勞動部「電腦硬體應用」或「電腦軟體應用」技術士證等相關證照
,,,08資訊/軟體/系統,資訊設備管制人員,080106,具備電腦設備建置、系統設定與故障排除等相關實務，熟悉資訊設備管理制度、資產控管與維運流程特性，適合擔任資訊設備管制人員，從事資訊設備管理、系統安裝設定與設備維運等工作。,,建議取得勞動部「電腦硬體裝修技術士證」相關證照
自動資料處理官,7H07,"1.主機系統操作與日常維運
1.1負責電腦主機系統之日常操作、監控與例行維護。
1.2依作業流程確保系統穩定運行。
2.資料備援與作業紀錄管理
2.1執行系統資料備份、檢核與後備作業。
2.2製作並管理系統操作、控制台與使用紀錄。
3.資訊設備與網路支援作業
3.1協助電腦系統、網路與週邊設備之規劃與維護。
3.2執行設備故障檢修與基本維護作業。",08資訊/軟體/系統,MIS╱網管類人員,080306,具備資訊系統維運、網路設備管理與故障排除等相關實務，熟悉資訊設備管理制度、系統維護流程與作業紀律特性，適合擔任MIS╱網管類人員，從事資訊系統維運、網路設備管理與故障處理等工作。,,
,,,08資訊/軟體/系統,資料庫管理人員,080103,具備資料庫系統規劃、資料存取權限管制與資訊安全控管等相關實務，熟悉資料管理制度、資訊安全流程與系統治理管理特性，適合擔任資料庫管理人員，從事資料庫建置與維運、資料存取權限管理與資料安全控管等工作。,,
,,,08資訊/軟體/系統,系統分析師,080302,具備系統需求彙整、規格文件撰寫與系統改版支援等相關實務，熟悉系統開發流程、需求管理與文件化作業特性，適合擔任系統分析師，從事需求分析、系統規劃與功能規格撰寫等工作。,,建議取得經濟部「營運智慧分析師能力鑑定」等相關證照
,,,08資訊/軟體/系統,MIS程式設計師,080301,具備應用系統維護、功能調整與問題修正等相關實務，熟悉系統維運流程、版本管理與程式維護特性，適合擔任MIS程式設計師，從事系統維護、程式修改與功能支援等工作。,,
,,,10技術/維修/操作,資訊客服支援工程師,100209,具備系統問題受理、使用者溝通與故障初步判斷等相關實務，熟悉技術支援流程、服務回報與問題追蹤特性，適合擔任資訊客服支援工程師，從事系統支援、問題排除與使用者服務等工作。,,建議取得勞動部「電腦硬體應用」或「電腦軟體應用」技術士證等相關證照
,,,21行銷/企劃/專案,專案管理師,210304,具備需求整合、系統導入協調與進度管控等相關實務，熟悉專案管理流程、風險控管與服務交付特性，適合擔任專案管理師，從事專案規劃、跨單位協調與進度管理等工作。,,建議取得「國際專案管理師（PMP）認證」等相關證照
資訊網路工程官,7H08,"1.網路架構規劃與設計
1.1依據組織業務流程與系統需求，規劃內外部網路架構與分層設計，包含子網劃分、頻寬需求與安全區域配置。
1.2評估並選擇適當之網路設備與技術（如交換器、路由器、防火牆與無線網路），設計拓樸與連線方式以滿足效能與安全要求。
2.設備選型與導入評估
2.1針對新系統或擴充需求，評估現有網路環境與設備能力，提出硬體規格與建置方案，並進行成本與效益分析。
2.2參與網路設備導入之測試與驗證，確認設定、相容性與穩定性符合規畫目標後，安排正式上線與切換作業。
3.網路效能檢討與持續優化
3.1監控並分析網路流量與設備運作狀況，檢視瓶頸、延遲與故障點，提出改善與調整建議。
3.2依使用需求變化與新技術發展，規劃網路架構調整與升級路線，確保網路環境具擴充彈性與長期維運能力。",08資訊/軟體/系統,網路安全工程師,080104,具備網路安全規劃、資安防護設定與事件應變支援等相關實務，熟悉資訊安全管理制度、風險控管流程與稽核管理特性，適合擔任網路安全工程師，從事資安監控、事件分析與防護機制維運等工作。,,建議取得經濟部「資訊安全工程師能力鑑定證書」或「ISO/IEC27001」等相關證照
,,,08資訊/軟體/系統,網路管理工程師,080309,具備網路架構規劃、設備設定與連線故障排除等相關實務，熟悉網路維運流程、設備管理制度與系統穩定控管特性，適合擔任網路管理工程師，從事網路設備維護、連線設定與網路運作管理等工作。,,建議取得「CiscoCertifiedNetworkAssociate(CCNA)」等相關證照
,,,08資訊/軟體/系統,MIS╱網管類人員,080306,具備企業網路維運、資訊設備管理與系統支援等相關實務，熟悉資訊設備管理制度、維運流程與服務支援特性，適合擔任MIS╱網管類人員，從事企業網路維運、設備管理與資訊服務支援等工作。,,
,,,08資訊/軟體/系統,資訊設備管制人員,080106,具備資訊設備盤點、設備配置管制與使用權限管理等相關實務，熟悉資訊設備管理制度、資安分級分類流程與內控管理特性，適合擔任資訊設備管制人員，從事資訊設備資產管理、設備使用控管與稽核配合等工作。,,建議取得勞動部「電腦硬體裝修技術士證」等證照
資訊系統安全官,7H10,"1.資訊安全政策與防護作業執行
1.1執行組織資訊安全防護計畫與相關作業流程。
1.2管控資訊系統安全設定與防護措施落實情形。
2.資安設備管理與事件應變
2.1選用、管理並維護資訊安全防護設備（如防火牆、防毒系統）。
2.2協調處理資訊安全事件，並執行通報與追蹤。
3.資安訓練與整備評估
3.1推動資訊安全專業訓練與資安意識提升。
3.2參與資訊安全整備計畫之審查與評估。",08資訊/軟體/系統,網路安全工程師,080104,具備資安防護規劃、弱點辨識與資安事件處理等相關實務，熟悉資訊安全管理制度、風險評估流程與事件應變管理特性，適合擔任網路安全工程師，從事資安監控、事件分析與防護機制維運等工作。,,建議取得經濟部「資訊安全工程師能力鑑定證書」或「ISO/IEC27001」等相關證照
,,,08資訊/軟體/系統,資料庫管理人員,080103,具備資料庫安全設定、資料存取權限控管與資安稽核支援等相關實務，熟悉資料管理制度、資訊安全流程與系統治理管理特性，適合擔任資料庫管理人員；從事資料庫安全維運、資料存取權限管理與資安控管等工作。,,
,,,08資訊/軟體/系統,網路管理工程師,080309,具備網路設備管理、資安防護設定與網路效能監控等相關實務，熟悉網路管理流程、設備控管制度與資訊安全管理特性，適合擔任網路管理工程師，從事企業網路維運、資安防護設定與異常排查等工作。,,建議取得經濟部「資訊安全工程師能力鑑定證書」或「ISO/IEC27001」等相關證照
,,,08資訊/軟體/系統,系統分析師,080302,具備系統安全需求彙整、資安設計規劃與技術文件撰寫等相關實務，熟悉系統開發流程、需求管理制度與文件化作業特性，適合擔任系統分析師，從事系統需求分析、資安架構規劃與規格文件撰寫等工作。,,建議取得經濟部「營運智慧分析師能力鑑定」等相關證照
,,,08資訊/軟體/系統,MIS／網管類人員,080306,具備企業資訊系統維運、資安設定管理與使用者支援等相關實務，熟悉企業資訊作業流程、IT服務管理制度與資安管理特性，適合擔任MIS／網管類人員，從事企業資訊系統維運、資安設定與技術支援等工作。,,
資訊作業士,7H025,"1.電腦操作與資料處理
1.1依作業流程與表單內容，操作電腦終端與相關系統，執行資料輸入、查詢與更新，確保資料內容正確完整。
1.2依規定程序檢查與校對輸入資料，發現錯誤時進行更正或回報，維持資料庫與報表之正確性與一致性。
2.電腦與週邊設備操作維護
2.1協助操作與監看電腦主機、工作站及印表機等週邊設備，留意設備運作狀況並處理簡易異常或通報維修。
2.2依標準作業流程協助執行設備基本維護與環境檢查，如線路連接、耗材更換與簡易測試，確保設備維持可用狀態。
3.硬體與網路檢修協助
3.1在技術人員指導下，協助檢查電腦硬體、電子電路及網路連線狀況，進行初步故障判斷與紀錄。
3.2依指示協助更換簡易零組件、調整連線與測試設備功能，並協助整理維修紀錄，支援日後檢修與追蹤。",08資訊/軟體/系統,系統操作人員,080303,具備系統操作監控、作業流程執行與問題回報等相關實務，熟悉系統作業流程、操作紀錄與交接管理特性，適合擔任系統操作人員，從事系統日常監控、作業執行與異常通報等工作。,,建議取得勞動部「電腦軟體應用技術士」等相關證照
,,,08資訊/軟體/系統,資訊助理員,080105,具備資訊設備操作、資料處理與使用者支援等相關實務，熟悉資訊服務流程、作業支援制度與文件管理特性，適合擔任資訊助理員，從事資訊操作支援、資料處理與使用者協助等工作。,,建議取得勞動部「電腦軟體應用技術士」等相關證照
,,,08資訊/軟體/系統,資訊設備管制人員,080106,具備資訊設備操作、設備檢修維護與使用管制等相關實務，熟悉設備管理制度、維護流程與資產管制特性，適合擔任資訊設備管制人員，從事資訊設備管制、維護紀錄與操作支援等工作。,,建議取得勞動部「電腦硬體裝修技術士」等相關證照
,,,08資訊/軟體/系統,MIS╱網管類人員,080306,具備網路設備操作、系統維運支援與故障初判等相關實務，熟悉網路維運流程、作業紀律與事件回報管理特性，適合擔任MIS╱網管類人員；從事網路系統維運、設備設定與問題排除支援等工作。,,
,,,08資訊/軟體/系統,資料庫管理人員,080103,具備資料輸入處理、資料檢核與系統資料維護等相關實務，熟悉資料管理流程、資料存取制度與作業紀律管理特性，適合擔任資料庫管理人員，從事資料維護、資料更新與資料正確性檢核等工作。,,
,,,10技術/維修/操作,資訊客服支援工程師,100209,具備系統操作支援、問題排查與使用者溝通等相關實務，熟悉服務支援流程、案件追蹤制度與回覆管理特性，適合擔任資訊客服支援工程師，從事技術支援、問題處理與使用者服務等工作。,,建議取得勞動部「電腦硬體應用」或「電腦軟體應用」技術士證等相關證照
自動資料處理兵,7H072,"1.電腦操作與資料處理
1.1依作業流程與系統規定，操作電腦系統與相關程式，協助執行批次作業、資料處理與簡易程式操作，確保處理結果正確完整。
1.2依標準程序執行資料輸入與檢查作業，校對來源文件與系統資料，確保建檔內容正確、格式一致並可供後續分析與使用。
2.系統備援與紀錄管理
2.1依既定作業規範協助執行系統後備措施，如資料備份、備援作業與基本檢核，維持關鍵資料之安全與可回復性。
2.2製作與整理系統操作與作業紀錄，包含批次執行情形、異常狀況與處理結果，提供日後稽核、追蹤與問題分析使用。
3.網路防護執行與監控支援
3.1依指示協助執行基本網路防護與反制相關作業，如配合封鎖可疑連線、更新安全設定或啟用監測工具，支援資安人員作業。
3.2協助蒐集與整理網路偵蒐或安全監測相關紀錄，將可疑事件或異常行為回報相關單位，作為進一步防護與調查依據。",08資訊/軟體/系統,系統操作人員,080303,具備系統操作監控、作業流程執行與問題回報等相關實務，熟悉系統作業流程、操作紀錄與交接管理特性，適合擔任系統操作人員，從事系統日常監控、作業執行與異常通報等工作。,,建議取得勞動部「電腦軟體應用技術士」等相關證照
,,,08資訊/軟體/系統,資訊助理員,080105,具備資訊設備操作、資料處理與使用者支援等相關實務，熟悉資訊服務流程、作業支援制度與文件管理特性，適合擔任資訊助理員，從事資訊操作支援、資料處理與使用者協助等工作。,,建議取得勞動部「電腦軟體應用技術士」等相關證照
,,,08資訊/軟體/系統,資訊設備管制人員,080106,具備資訊設備操作、設備檢修維護與使用管制等相關實務，熟悉設備管理制度、維護流程與資產管制特性，適合擔任資訊設備管制人員，從事資訊設備管制、維護紀錄與操作支援等工作。,,建議取得勞動部「電腦硬體裝修技術士」等相關證照
,,,08資訊/軟體/系統,MIS╱網管類人員,080306,具備網路設備操作、系統維運支援與故障初判等相關實務，熟悉網路維運流程、作業紀律與事件回報管理特性，適合擔任MIS╱網管類人員，從事網路系統維運、設備設定與問題排除支援等工作。,,建議取得網路管理或資安基礎相關訓練
,,,08資訊/軟體/系統,資料庫管理人員,080103,具備資料輸入處理、資料檢核與系統資料維護等相關實務，熟悉資料管理流程、資料存取制度與作業紀律管理特性，適合擔任資料庫管理人員，從事資料維護、資料更新與資料正確性檢核等工作。,,
,,,10技術/維修/操作,資訊客服支援工程師,100209,具備系統操作支援、問題排查與使用者溝通等相關實務，熟悉服務支援流程、案件追蹤制度與回覆管理特性，適合擔任資訊客服支援工程師，從事技術支援、問題處理與使用者服務等工作。,,建議取得勞動部「電腦硬體應用」或「電腦軟體應用」技術士證等相關證照
數位技術督導官,7L01,"1.雲端架構規劃與數位轉型策略
1.1規劃企業雲端架構與數位發展藍圖。
1.2制定雲端導入策略與技術路線。
1.3評估雲端投資效益與資源配置。
2.雲端平台與資訊系統管理
2.1管理雲端資源（運算、儲存、網路）配置與使用。
2.2督導資訊系統在雲端環境之部署與維運。
2.3優化系統效能與可用性。
3.雲端服務營運與跨部門協作
3.1協調各部門進行雲端導入與應用整合。
3.2建立雲端服務管理流程與支援機制。
3.3確保系統服務穩定並滿足業務需求。",08資訊/軟體/系統,資訊管理部門主管,080101,具備雲端架構規劃、資訊系統整合等相關實務，熟悉資訊策略制定與資安控管，適合擔任資訊管理部門主管；從事資訊策略規劃與系統管理決策等工作。,,
,,,08資訊/軟體/系統,MIS／網管主管,080307,具備資訊系統建置、網路與雲端資源管理等相關實務，熟悉系統維運與資訊安全控管，適合擔任MIS網管主管；從事系統維運管理與資訊部門管理等工作。,,
,,,08資訊/軟體/系統,系統分析師,080302,具備資訊系統規劃、需求分析等相關實務，熟悉系統架構設計與流程分析，適合擔任系統分析師；從事系統規劃設計與需求分析等工作。,,
,,,21行銷/企劃/專案,專案管理主管,210301,具備數位專案統籌管理、跨單位資源整合等相關實務，熟悉專案流程控管與進度管制，適合擔任專案管理主管，從事專案規劃控管與團隊協調整合等工作。,,建議取得國際專案管理師（PMP）認證等相關證照
,,,21行銷/企劃/專案,產品企劃主管,210204,具備系統規劃、需求整合等相關實務，熟悉跨單位協調與資源配置，適合擔任產品企劃主管；從事產品規劃與跨部門整合等工作。,,
,,,02業務/貿易/銷售,業務主管,020101,具備技術方案推動、跨單位協調整合等相關實務，熟悉產品應用說明與雲端解決方案推廣，適合擔任業務主管；從事業務策略推動與客戶關係管理等工作。,,
,,,22其他職類,顧問,220106,具備數位轉型規劃、系統整合評估等相關實務，熟悉作業流程分析與改善建議，適合擔任顧問；從事企業診斷與經營改善方案規劃等工作。,,
數位雲端服務作業維運官,7L02,"1.雲端系統規格設計與需求分析
1.1撰寫雲端系統規格文件與技術需求說明。
1.2分析業務流程並轉化為系統設計需求。
1.3確保系統設計符合實務運作與使用情境。
2.雲端基礎架構建置與維運
2.1建置雲端運算、儲存與網路資源環境。
2.2執行雲端系統部署、設定與持續維護。
2.3優化資源配置以提升效能與成本效率。
3.雲端服務監控與營運穩定管理
3.1監控系統運行狀態與雲端資源使用情形。
3.2即時處理異常與故障排除（IncidentHandling）。
3.3確保服務可用性（Availability）與穩定性（Stability）。",08資訊/軟體/系統,MIS╱網管類人員,080306,具備雲端資源建置、資訊系統維運等相關實務，熟悉網路管理與系統監控，適合擔任MIS網管類人員；從事系統維運與網路管理等工作。,,
,,,08資訊/軟體/系統,系統分析師,080302,具備系統規格撰寫、需求轉譯等相關實務，熟悉系統架構與流程分析，適合擔任系統分析師；從事系統規劃設計與需求分析等工作。,,
,,,08資訊/軟體/系統,網路管理工程師,080309,具備網路與雲端資源管理、系統監控等相關實務，熟悉故障排除與系統穩定管理，適合擔任網路管理工程師；從事網路維運與系統穩定管理等工作。,,
,,,08資訊/軟體/系統,系統操作人員,080303,具備雲端資源建置、系統維運等相關實務，熟悉系統監控與故障排除，適合擔任系統操作人員，從事系統維護與技術支援等工作。,,建議取得勞動部「網路架設」等相關技術士證
,,,08資訊/軟體/系統,其他資訊專業人員,080109,具備雲端資訊系統建置、維運及資源監控專業能力，熟悉雲端服務導入與作業流程，適合擔任其他資訊專業人員，從事雲端系統規劃、維運及資源管理相關工作。,,
,,,21行銷/企劃/專案,專案管理師,210304,具備雲端系統建置規劃、維運專案執行等相關實務，熟悉跨單位協調與資源整合，適合擔任專案管理師，從事專案執行控管與系統導入協調等工作。,,建議取得國際專案管理師（PMP）認證等相關證照
,,,21行銷/企劃/專案,營運管理師／系統整合／ERP專案師,210302,具備資訊系統導入規劃、跨單位整合等相關實務，熟悉作業流程對應與系統維運管理，適合擔任營運管理師／系統整合／ERP專案師；從事系統導入整合與營運流程優化等工作。,,
,,,01經營/行政/總務,行政總務人員,010302,具備系統維運支援、資源配置管理等相關實務，熟悉作業流程執行與跨單位協調，適合擔任行政總務人員；從事日常行政支援與資源管理等工作。,,
,,,02業務/貿易/銷售,業務人員,020102,具備資訊系統應用說明、跨單位協調等相關實務，熟悉雲端服務運作與解決方案推廣，適合擔任業務人員；從事產品說明與客戶需求回應等工作。,,
雲端數位資訊整合官,7L03,"1.資料治理與資料盤點管理
1.1建立企業資料盤點機制與資料資產清冊。
1.2管理資料來源、格式與資料生命週期。
1.3推動資料治理政策與資料品質管理。
2.資料標準化與資料工程處理
2.1執行資料清洗（DataCleaning）與轉換（ETL/ELT）。
2.2建立資料標籤（Metadata）與欄位標準化規範。
2.3確保資料一致性與可用性。
3.異質資料整合與系統串接
3.1整合多來源資料（資料庫、API、系統平台）。
3.2建立資料串接機制與資料交換架構。
3.3支援跨系統資料流通與應用整合。",08資訊/軟體/系統,系統分析師,080302,具備資料整合規劃、系統需求分析等相關實務，熟悉異質系統串接與資料流程設計，適合擔任系統分析師；從事系統需求分析與跨系統整合等工作。,,
,,,08資訊/軟體/系統,資料庫管理人員,080103,具備資料結構規劃、資料治理等相關實務，熟悉資料標準化與欄位設計，適合擔任資料庫管理人員；從事資料庫建置與資料管理維護等工作。,,
,,,08資訊/軟體/系統,MIS╱網管類人員,080306,具備系統整合、資料應用支援等相關實務，熟悉雲端平台操作與跨系統串接，適合擔任MIS網管類人員；從事系統維運與應用支援等工作。,,
,,,02業務/貿易/銷售,業務人員,020102,具備系統操作說明、跨單位協調等相關實務，熟悉雲端系統運作與基礎應用情境，適合擔任業務人員；從事產品說明與客戶需求回應等工作。,,
,,,21行銷/企劃/專案,專案管理師,210304,具備資料整合專案規劃、跨單位協調等相關實務，熟悉資料流程設計與系統導入控管，適合擔任專案管理師，從事專案執行控管與系統導入協調等工作。,,建議取得國際專案管理師（PMP）認證等相關證照
,,,21行銷/企劃/專案,營運管理師／系統整合／ERP專案師,210302,具備資料整合規劃、跨系統流程對應等相關實務，熟悉資料標準化與系統串接，適合擔任營運管理師／系統整合／ERP專案師；從事系統導入整合與營運流程優化等工作。,,
,,,21行銷/企劃/專案,市場調查/市調分析,210105,具備資料整合分析、視覺化呈現等相關實務，熟悉多源資料彙整與分析模型應用，適合擔任市場調查／市調分析人員；從事市場調察與數據分析等工作。,,
數位開發整合官,7L04,"1.雲端應用系統開發與設計
1.1設計與開發雲端應用系統（Web/App/SaaS）。
1.2撰寫系統規格文件與技術設計文件。
1.3建立應用架構並確保系統可擴展性與穩定性。
2.全端開發與系統整合
2.1進行前端與後端系統整合開發（FullStackDevelopment）。
2.2設計與開發API（RESTful/GraphQL）。
2.3串接第三方服務與內部系統。
3.DevOps與持續整合部署（CI/CD）
3.1建立自動化部署流程（CI/CDPipeline）。
3.2整合開發、測試與部署流程。
3.3提升開發效率與系統交付速度。",08資訊/軟體/系統,軟體設計工程師,080202,具備雲端應用程式設計、系統整合等相關實務，熟悉API設計與前後端整合，適合擔任軟體設計工程師；從事軟體開發與系統設計等工作。,,
,,,08資訊/軟體/系統,網路軟體程式設計師,080203,具備雲端應用開發、網路系統整合等相關實務，熟悉API設計與服務串接，適合擔任網路軟體程式設計師；從事網路應用開發與系統整合等工作。,,
,,,08資訊/軟體/系統,Internet程式設計師,080304,具備雲端應用開發、Web系統設計等相關實務，熟悉前後端整合與API串接，適合擔任Internet程式設計師；從事網站應用開發與系統整合等工作。,,
,,,08資訊/軟體/系統,MIS程式設計師,080301,具備企業系統開發、雲端應用整合等相關實務，熟悉系統需求轉譯與API串接，適合擔任MIS程式設計師；從事企業資訊系統開發與維護等工作。,,
,,,08資訊/軟體/系統,其他資訊專業人員,080190,具備雲端應用開發與系統整合專業能力，熟悉程式設計、API串接、前後端整合及DevOps流程，適合擔任其他資訊專業人員，從事系統開發、平台整合及雲端應用維運相關工作。,,
,,,21行銷/企劃/專案,專案管理師,210304,具備軟體開發專案執行、跨單位協調等相關實務，熟悉需求分析、規格撰寫與系統導入控管，適合擔任專案管理師，從事專案執行控管與系統開發協調等工作。,,建議取得國際專案管理師（PMP）認證等相關證照
,,,21行銷/企劃/專案,營運管理師／系統整合／ERP專案師,210302,具備系統導入規劃、跨單位整合等相關實務，熟悉需求分析、流程對應與API串接，適合擔任營運管理師／系統整合／ERP專案師；從事系統導入整合與營運流程優化等工作。,,
,,,21行銷/企劃/專案,活動企劃人員,210203,具備專案規劃、跨單位協調等相關實務，熟悉需求分析與流程控管，適合擔任活動企劃人員；從事活動規劃執行與資源整合等工作。,,
,,,02業務/貿易/銷售,業務人員,020102,具備技術方案說明、跨單位協調等相關實務，熟悉雲端應用與系統整合情境，適合擔任業務人員；從事產品說明與客戶需求回應等工作。,,
數位資通作業士,7L025,"1.雲端平台維運與監控作業
1.1執行雲端系統日常維運與例行巡檢。
1.2監控資源使用狀況（運算、儲存、網路）。
1.3通報與處理系統異常事件（IncidentReporting）。
2.資料處理與基礎資料工程支援
2.1執行資料盤點、整理與分類作業。
2.2進行資料格式轉換與基本清洗處理。
2.3建立資料標籤與資料彙整機制。
3.應用系統部署與測試支援
3.1協助應用程式部署（Deployment）。
3.2支援系統介面設定與模組配置。
3.3協助測試作業（Testing/UAT支援）。",08資訊/軟體/系統,系統操作人員,080303,具備雲端系統監控、日常維運等相關實務，熟悉系統巡檢與異常通報，適合擔任系統操作人員；從事系統運行監控與故障排除等工作。,,
,,,08資訊/軟體/系統,MIS╱網管類人員,080306,具備系統維運、雲端環境設定等相關實務，熟悉網路連線與系統運作支援，適合擔任MIS網管類人員；從事系統維護與網路環境管理等工作。,,
,,,08資訊/軟體/系統,資料庫管理人員,080103,具備資料整理、資料處理等相關實務，熟悉資料盤點、格式轉換與分類作業，適合擔任資料庫管理人員；從事資料整理與資料維護等工作。,,
,,,08資訊/軟體/系統,資訊助理員,080105,具備資訊作業支援、文件整理等相關實務，熟悉系統操作與流程文件彙編，適合擔任資訊助理員；從事資訊支援與行政協助等工作。,,
,,,21行銷/企劃/專案,市場調查/市調分析,210105,具備資料整理、分類彙整等相關實務，熟悉資料盤點與基礎分析處理，適合擔任市場調查／市調分析人員；從事資料蒐集整理與初步分析等工作。,,
,,,01經營/行政/總務,行政總務人員,010302,具備作業流程支援、文件整理等相關實務，熟悉資料彙整與跨單位協調，適合擔任行政總務人員；從事日常行政支援與資源管理等工作。,,
,,,02業務/貿易/銷售,業務人員,020102,具備系統操作說明、跨單位協調等相關實務，熟悉雲端系統運作與基礎應用情境，適合擔任業務人員；從事產品說明與客戶需求回應等工作。,,
軍醫指揮將官,CC00,"1.醫療體系規劃與管理
1.1建立醫療組織運作架構。
1.2規劃整體醫療服務流程。
1.3提升體系運作效率與品質。
2.政策與制度設計
2.1制定醫療政策與管理制度。
2.2督導制度執行與品質控管。
2.3持續優化行政與服務流程。
3.組織領導與資源整合
3.1領導跨部門醫療團隊。
3.2整合人力、設備與資源。
3.3提升整體醫療服務效能。",17醫療/美容/保建,醫師,170101,本項軍職專長人員均經國家考試通過取得「醫師」資格，可直接轉銜。,,
,,,17醫療/美容/保建,醫院行政管理人員,170112,具備醫療體系統籌管理、醫務行政政策規劃、衛生勤務督導與醫療支援協調等相關實務，熟悉醫療行政管理與醫療資源整合流程，適合擔任醫院行政管理人員；從事醫療行政管理、醫療政策推動、醫療資源協調及醫療服務品質管理等工作。,,
,,,14教育/學術/研究,教授/副教授/助理教授,140201,具備醫療體系統籌規劃、醫務政策制度建構等相關實務，熟悉教學研究與專業人才培育機制，適合擔任教授/副教授/助理教授，從事醫學教學與學術研究工作。,,應取得教育部教授/副教授/助理教授資格
,,,14教育/學術/研究,生物學專業研究人員,140309,具備醫學體系規劃、衛生政策研究等相關實務，熟悉生物醫學理論與研究方法運用機制，適合擔任生物學專業研究人員；從事生物醫學研究與學術發展等工作。,,
,,,07工程/研發/生技,病理藥理研究人員,070208,具備醫學理論整合、衛生體系研究規劃等相關實務，熟悉臨床醫學知識與研究方法運用機制，適合擔任病理藥理研究人員；從事疾病機轉研究與藥理機制分析等工作。,,
,,,22其他職類,顧問,220106,具備醫療體系統籌規劃、醫務政策制度建構等相關實務，熟悉醫務行政管理與協調運作機制，適合擔任健康相關產業顧問；從事醫療政策諮詢與制度優化建議等工作。,,
軍醫指揮官,CC11,"1.醫療營運管理
1.1管理醫療單位整體運作。
1.2規劃醫療服務流程與制度。
1.3提升營運效率與服務品質。
2.醫療設施與品質管理
2.1督導醫療設施運作與維護。
2.2執行醫療品質管理與改善。
2.3確保服務安全與標準一致性。
3.醫療資源與流程調度
3.1分配醫療人力與資源配置。
3.2管理病患照護流程。
3.3提升整體醫療運作效率。",17醫療/美容/保建,醫院行政管理人員,170112,具備衛生勤務管理、醫療資源調度等相關實務，熟悉醫務行政運作與協調管理機制，適合擔任醫院行政管理人員；從事醫療行政統籌與部門協調管理等工作。,,
,,,17醫療/美容/保建,照顧實務指導員,170133,具備醫療處置指揮、照護流程督導等相關實務，熟悉醫療支援運作與人員訓練管理機制，適合擔任照顧實務指導員，從事照護作業指導與服務品質監督等工作。,,應取得衛福部「照顧服務員」單一級證照
,,,02業務/貿易/銷售,醫藥業務代表,020306,具備醫療專業知識整合、跨單位溝通協調等相關實務，熟悉醫療體系運作與產品應用評估機制，適合擔任醫藥業務代表；從事醫療產品介紹與客戶關係維護等工作。,,
,,,09品管/製造/環衛,公共衛生人員,090306,具備衛生勤務統籌規劃、醫療資源調度等相關實務，熟悉醫療支援運作與衛生體系管理機制，適合擔任公共衛生人員；從事公共衛生政策執行與防疫體系運作等工作。,,
,,,01經營/行政/總務,行政總務主管,010301,具備醫療單位統籌管理、資源配置調度等相關實務，熟悉行政流程控管與協調運作機制，適合擔任行政總務主管；從事行政統籌管理與資源調度等工作。,,
,,,03人資/法務/智財,教育訓練人員,030104,具備醫療專業訓練規劃、人員能力養成管理等相關實務，熟悉教學安排與訓練成效督導機制，適合擔任教育訓練人員；從事課程規劃執行與訓練成效評估等工作。,,
,,,22其他職類,顧問,220106,具備衛生勤務統籌規劃、醫療資源調度等相關實務，熟悉醫療支援運作，適合擔任醫病關係顧問；從事醫療糾紛調處相關工作。,,
軍醫將官,8A00,"1.醫療政策與制度設計
1.1制定醫療體系政策與發展方向。
1.2建立醫療制度與運作標準。
1.3推動醫療體系長期規劃。
2.醫療營運督導
2.1督導醫療單位運作與流程執行。
2.2管理跨層級醫療服務體系。
2.3提升整體醫療服務效率。
3.醫療品質與評鑑管理
3.1推動醫療機構評鑑制度。
3.2執行醫療品質監測與改善。
3.3提升醫療安全與服務標準。",17醫療/美容/保建,醫師,170101,本項軍職專長人員均經國家考試通過取得「醫師」資格，可直接轉銜。,,
,,,17醫療/美容/保建,醫院行政管理人員,170112,具備醫療政策規劃、醫務行政管理、衛生勤務督導及醫療品質管理等相關實務，熟悉醫療體系運作與行政管理流程，適合擔任醫院行政管理人員；從事醫療行政管理、醫療資源協調及服務品質管理等工作。,,
,,,14教育/學術/研究,教授/副教授/助理教授,140201,具備醫療體系統籌規劃、醫務政策制度建構等相關實務，熟悉教學研究與專業人才培育機制，適合擔任教授/副教授/助理教授，從事醫學教學與學術研究工作。,,應取得教育部教授/副教授/助理教授資格
,,,14教育/學術/研究,生物學專業研究人員,140309,具備醫學體系規劃、衛生政策研究等相關實務，熟悉生物醫學理論與研究方法運用機制，適合擔任生物學專業研究人員；從事生物醫學研究與學術發展等工作。,,
,,,07工程/研發/生技,病理藥理研究人員,070208,具備醫學理論整合、衛生體系研究規劃等相關實務，熟悉臨床醫學知識與研究方法運用機制，適合擔任病理藥理研究人員；從事疾病機轉研究與藥理機制分析等工作。,,
,,,22其他職類,顧問,220106,具備醫療體系統籌規劃、醫務政策制度建構等相關實務，熟悉醫務行政管理與協調運作機制，適合擔任健康相關產業顧問；從事醫療政策諮詢與制度優化建議等工作。,,
醫勤督導官,8A11,"1.醫勤政策與制度管理
1.1規劃醫療與衛生作業政策、制度與作業流程。
1.2督導政策與制度於各單位落實執行。
1.3建立考核與回饋機制，推動制度優化與改善。
2.醫院醫務與行政管理
2.1督導醫院醫務、行政管理制度之規劃與執行。
2.2協調醫療、人力與行政資源，確保醫院運作效能。
2.3建立績效指標與管理制度，強化醫院治理能力。
3.醫學與衛勤教育體系管理
3.1規劃醫學與衛勤教育之整體訓練架構與課程方向。
3.2督導教育計畫之執行與教學品質管理。
3.3評估教育成效，作為人才培育與制度調整之依據。",17醫療/美容/保建,醫院行政管理人員,170112,具備衛生勤務管理、醫療資源調度等相關實務，熟悉醫務行政運作與協調管理機制，適合擔任醫院行政管理人員；從事醫療行政統籌與部門協調管理等工作。,,
,,,17醫療/美容/保建,照顧實務指導員,170133,具備醫療處置指揮、照護流程督導等相關實務，熟悉醫療支援運作與人員訓練管理機制，適合擔任照顧實務指導員，從事照護作業指導與服務品質監督等工作。,,應取得衛福部「照顧服務員」單一級證照
,,,02業務/貿易/銷售,醫藥業務代表,020306,具備醫療專業知識整合、跨單位溝通協調等相關實務，熟悉醫療體系運作與產品應用評估機制，適合擔任醫藥業務代表；從事醫療產品介紹與客戶關係維護等工作。,,
,,,09品管/製造/環衛,公共衛生人員,090306,具備衛生勤務統籌規劃、醫療資源調度等相關實務，熟悉醫療支援運作與衛生體系管理機制，適合擔任公共衛生人員；從事公共衛生政策執行與防疫體系運作等工作。,,
,,,01經營/行政/總務,行政總務主管,010301,具備醫療單位統籌管理、資源配置調度等相關實務，熟悉行政流程控管與協調運作機制，適合擔任行政總務主管；從事行政統籌管理與資源調度等工作。,,
,,,03人資/法務/智財,教育訓練人員,030104,具備醫療專業訓練規劃、人員能力養成管理等相關實務，熟悉教學安排與訓練成效督導機制，適合擔任教育訓練人員；從事課程規劃執行與訓練成效評估等工作。,,
,,,22其他職類,顧問,220106,具備衛生勤務統籌規劃、醫療資源調度等相關實務，熟悉醫療支援運作，適合擔任醫病關係顧問；從事醫療糾紛調處相關工作。,,
醫務管理官,8A12,"1.醫療行政與營運管理
1.1規劃並管理醫療機構相關行政與營運作業。
1.2研究與制定醫療服務相關政策與管理方案。
1.3督導醫療行政流程並確保各項制度有效執行。
2.醫療服務規劃與應變管理
2.1規劃醫療服務運作與緊急應變處理流程。
2.2協調相關單位資源以支援突發事件之醫療需求。
2.3督導應變計畫之執行並定期檢討改善。
3.醫療品質管理與評鑑作業
3.1規劃並推動醫療品質管理制度。
3.2辦理醫療機構評鑑與品質檢核作業。
3.3分析評鑑結果並提出品質改善建議。",17醫療/美容/保建,醫院行政管理人員,170112,具備衛生勤務管理、醫療資源調度等相關實務，熟悉醫務行政運作與協調管理機制，適合擔任醫院行政管理人員；從事醫療行政統籌與部門協調管理等工作。,,
,,,17醫療/美容/保建,照顧實務指導員,170133,具備醫療處置指揮、照護流程督導等相關實務，熟悉醫療支援運作與人員訓練管理機制，適合擔任照顧實務指導員，從事照護作業指導與服務品質監督等工作。,,建議取得衛福部「照顧服務員」單一級證照
,,,02業務/貿易/銷售,醫藥業務代表,020306,具備醫療專業知識整合、跨單位溝通協調等相關實務，熟悉醫療體系運作與產品應用評估機制，適合擔任醫藥業務代表；從事醫療產品介紹與客戶關係維護等工作。,,
,,,09品管/製造/環衛,公共衛生人員,090306,具備衛生勤務統籌規劃、醫療資源調度等相關實務，熟悉醫療支援運作與衛生體系管理機制，適合擔任公共衛生人員；從事公共衛生政策執行與防疫體系運作等工作。,,
,,,01經營/行政/總務,行政總務主管,010301,具備醫療單位統籌管理、資源配置調度等相關實務，熟悉行政流程控管與協調運作機制，適合擔任行政總務主管；從事行政統籌管理與資源調度等工作。,,
,,,03人資/法務/智財,教育訓練人員,030104,具備醫療專業訓練規劃、人員能力養成管理等相關實務，熟悉教學安排與訓練成效督導機制，適合擔任教育訓練人員；從事課程規劃執行與訓練成效評估等工作。,,
,,,22其他職類,顧問,220106,具備衛生勤務統籌規劃、醫療資源調度等相關實務，熟悉醫療支援運作，適合擔任醫病關係顧問；從事醫療糾紛調處相關工作。,,
衛勤參謀官,8A16,"1.醫療制度與流程管理
1.1建立醫療管理制度與流程。
1.2督導執行並進行品質控管。
1.3持續優化制度與運作效率。
2.醫療資源整合與健康管理
2.1整合醫療服務與資源配置。
2.2推動預防醫學與健康管理。
2.3提升整體服務品質與效能。
3.數據分析與策略規劃
3.1蒐集與分析醫療數據。
3.2提供決策支援與改善建議。
3.3規劃應變與風險管理策略。",17醫療/美容/保建,醫院行政管理人員,170112,具備衛生勤務管理、醫療資源調度等相關實務，熟悉醫務行政運作與協調管理機制，適合擔任醫院行政管理人員；從事醫療行政統籌與部門協調管理等工作。,,
,,,17醫療/美容/保建,照顧實務指導員,170133,具備醫療處置指揮、照護流程督導等相關實務，熟悉醫療支援運作與人員訓練管理機制，適合擔任照顧實務指導員，從事照護作業指導與服務品質監督等工作。,,應取得衛福部「照顧服務員」單一級證照
,,,02業務/貿易/銷售,醫藥業務代表,020306,具備醫療專業知識整合、跨單位溝通協調等相關實務，熟悉醫療體系運作與產品應用評估機制，適合擔任醫藥業務代表；從事醫療產品介紹與客戶關係維護等工作。,,
,,,09品管/製造/環衛,公共衛生人員,090306,具備衛生勤務統籌規劃、醫療資源調度等相關實務，熟悉醫療支援運作與衛生體系管理機制，適合擔任公共衛生人員；從事公共衛生政策執行與防疫體系運作等工作。,,
,,,01經營/行政/總務,行政總務主管,010301,具備醫療單位統籌管理、資源配置調度等相關實務，熟悉行政流程控管與協調運作機制，適合擔任行政總務主管；從事行政統籌管理與資源調度等工作。,,
,,,03人資/法務/智財,教育訓練人員,030104,具備醫療專業訓練規劃、人員能力養成管理等相關實務，熟悉教學安排與訓練成效督導機制，適合擔任教育訓練人員；從事課程規劃執行與訓練成效評估等工作。,,
,,,22其他職類,顧問,220106,具備衛生勤務統籌規劃、醫療資源調度等相關實務，熟悉醫療支援運作，適合擔任醫病關係顧問；從事醫療糾紛調處相關工作。,,
預防醫學官,8A17,"1.公共健康監測與疾病預防管理
1.1規劃並推動傳染性疾病之預防與健康管理措施。
1.2建立健康監測機制並持續追蹤相關健康風險指標。
1.3執行健康風險管控與相關防護措施。
2.流行病學調查與環境衛生管理
2.1進行健康事件調查與流行病學資料分析。
2.2規劃並執行環境衛生管理與改善措施。
2.3蒐集、管理並運用公共健康相關資料以支援決策。
3.健康風險應變與防護機制建立
3.1規劃特殊健康風險事件之應變與處置流程。
3.2建立健康安全防護與應急管理制度。
3.3執行相關健康風險應變演練與防護措施。",17醫療/美容/保建,醫院行政管理人員,170112,具備衛生勤務管理、醫療資源調度等相關實務，熟悉醫務行政運作與協調管理機制，適合擔任醫院行政管理人員；從事醫療行政統籌與部門協調管理等工作。,,
,,,17醫療/美容/保建,照顧實務指導員,170133,具備醫療處置指揮、照護流程督導等相關實務，熟悉醫療支援運作與人員訓練管理機制，適合擔任照顧實務指導員，從事照護作業指導與服務品質監督等工作。,,應取得衛福部「照顧服務員」單一級證照
,,,02業務/貿易/銷售,醫藥業務代表,020306,具備醫療專業知識整合、跨單位溝通協調等相關實務，熟悉醫療體系運作與產品應用評估機制，適合擔任醫藥業務代表；從事醫療產品介紹與客戶關係維護等工作。,,
,,,09品管/製造/環衛,公共衛生人員,090306,具備衛生勤務統籌規劃、醫療資源調度等相關實務，熟悉醫療支援運作與衛生體系管理機制，適合擔任公共衛生人員；從事公共衛生政策執行與防疫體系運作等工作。,,
,,,01經營/行政/總務,行政總務主管,010301,具備醫療單位統籌管理、資源配置調度等相關實務，熟悉行政流程控管與協調運作機制，適合擔任行政總務主管；從事行政統籌管理與資源調度等工作。,,
,,,03人資/法務/智財,教育訓練人員,030104,具備醫療專業訓練規劃、人員能力養成管理等相關實務，熟悉教學安排與訓練成效督導機制，適合擔任教育訓練人員；從事課程規劃執行與訓練成效評估等工作。,,
,,,22其他職類,顧問,220106,具備衛生勤務統籌規劃、醫療資源調度等相關實務，熟悉醫療支援運作，適合擔任醫病關係顧問；從事醫療糾紛調處相關工作。,,
醫務領導士,CC015,"1.團隊管理與人員運作
1.1管理基層團隊工作分配。
1.2執行人員訓練與能力提升。
1.3維持組織運作與工作效率。
2.醫療與衛生作業支援
2.1指導醫療支援流程執行。
2.2落實衛生管理與作業標準。
2.3確保現場服務品質。
3.設備與場域維運
3.1檢查與維護設備狀態。
3.2管理場域使用與安全。
3.3確保設備穩定運作。",17醫療/美容/保建,醫院行政管理人員,170112,具備醫療勤務督導、人員管理協調等相關實務，熟悉作業流程控管與行政事務處理機制，適合擔任醫院行政管理人員；從事醫療行政協調與部門運作管理等工作。,,
,,,17醫療/美容/保建,照顧實務指導員,170133,具備醫療處置指揮、照護流程督導等相關實務，熟悉醫療支援運作與人員訓練管理機制，適合擔任照顧實務指導員，從事照護作業指導與服務品質監督等工作。,,應取得衛福部「照顧服務員」單一級證照
,,,09品管/製造/環衛,安全／衛生相關檢驗人員,090303,具備環境衛生管理、水質檢驗執行等相關實務，熟悉防疫作業流程與衛生安全控管機制，適合擔任安全衛生相關檢驗人員，從事環境檢測與衛生安全監測等工作。,,應取得國家環境研究院核發之相關證書
,,,01經營/行政/總務,行政總務人員,010302,具備基層勤務督導、行政事務處理等相關實務，熟悉作業流程控管與設備維護機制，適合擔任行政總務人員；從事行政支援與資產維護管理等工作。,,
,,,03人資/法務/智財,教育訓練人員,030104,具備衛勤訓練規劃、人員督導管理等相關經驗，熟悉訓練需求分析與課程規劃及評量實務，適合擔任教育訓練人員；從事課程設計、執行與學習成效評估等工作。,,
,,,06客服/門市,專櫃/門市（人員/儲備幹部）,060203,具備病患服務支援、行政流程執行等相關實務，熟悉現場作業協調與資料管理機制，適合擔任專櫃/門市人員儲備幹部；從事顧客服務與門市營運支援等工作。,,
,,,06客服/門市,連鎖店管理人員,060205,因為於部隊長期接觸人員管理、物料補給、設施環境維護等實務工作，並具備遵守紀律、流程管控與標準化執行力，適合擔任連鎖店管理人員，從事服務品質維護、存貨管理、排班調度等門店營運工作。,,建議取得「門市服務」相關技術士證
,,,22其他職類,顧問,220106,具備衛生勤務統籌規劃、醫療資源調度等相關實務，熟悉醫療支援運作，適合擔任醫病關係顧問；從事醫療糾紛調處相關工作。,,
醫務行政管理士,8A135,"1.醫療服務與病房支援
1.1協助病患照護與醫療流程執行。
1.2維持病房運作與環境管理。
1.3支援醫療服務流程順暢。
2.衛生管理與防疫執行
2.1執行環境清潔與消毒作業。
2.2推動感染預防與控制措施。
2.3維持安全與衛生標準。
3.行政與資料管理
3.1處理醫療行政與文書作業。
3.2管理病歷與相關資料。
3.3支援訓練與基礎醫療作業。",17醫療/美容/保建,醫院行政管理人員,170112,具備醫療勤務督導、人員管理協調等相關實務，熟悉作業流程控管與行政事務處理機制，適合擔任醫院行政管理人員；從事醫療行政協調與部門運作管理等工作。,,
,,,17醫療/美容/保建,照顧實務指導員,170133,具備醫療處置指揮、照護流程督導等相關實務，熟悉醫療支援運作與人員訓練管理機制，適合擔任照顧實務指導員，從事照護作業指導與服務品質監督等工作。,,應取得衛福部「照顧服務員」單一級證照
,,,09品管/製造/環衛,安全／衛生相關檢驗人員,090303,具備環境衛生管理、水質檢驗執行等相關實務，熟悉防疫作業流程與衛生安全控管機制，適合擔任安全衛生相關檢驗人員，從事環境檢測與衛生安全監測等工作。,,應取得國家環境研究院核發之相關證書
,,,01經營/行政/總務,行政總務人員,010302,具備基層勤務督導、行政事務處理等相關實務，熟悉作業流程控管與設備維護機制，適合擔任行政總務人員；從事行政支援與資產維護管理等工作。,,
,,,03人資/法務/智財,教育訓練人員,030104,具備衛勤訓練規劃、人員督導管理等相關經驗，熟悉訓練需求分析與課程規劃及評量實務，適合擔任教育訓練人員；從事課程設計、執行與學習成效評估等工作。,,
,,,06客服/門市,專櫃/門市（人員/儲備幹部）,060203,具備病患服務支援、行政流程執行等相關實務，熟悉現場作業協調與資料管理機制，適合擔任專櫃/門市人員儲備幹部；從事顧客服務與門市營運支援等工作。,,
,,,06客服/門市,連鎖店管理人員,060205,因為於部隊長期接觸人員管理、物料補給、設施環境維護等實務工作，並具備遵守紀律、流程管控與標準化執行力，適合擔任連鎖店管理人員，從事服務品質維護、存貨管理、排班調度等門店營運工作。,,建議取得勞動部「門市服務」相關技術士證
,,,22其他職類,顧問,220106,具備衛生勤務統籌規劃、醫療資源調度等相關實務，熟悉醫療支援運作，適合擔任醫病關係顧問；從事醫療糾紛調處相關工作。,,
醫務行政管理兵,8A221,"1.醫療照護支援與病房作業
1.1協助醫護人員執行病患日常照護與治療支援。
1.2協助病房秩序、安全與基本照護流程管理。
1.3支援急救處置及護理相關作業。
2.公共衛生與防疫作業
2.1執行環境衛生、飲水消毒與水質檢測作業。
2.2協助傳染病預防、防疫與防毒措施之執行。
2.3支援病房與醫療場域之安全與衛生管制。
3.醫務行政與資料管理
3.1協助病歷與醫療資料之點收、分類、建檔與保管。
3.2辦理醫務紀錄、統計報告及相關表冊整理。
3.3支援醫療單位日常行政與文件作業。",17醫療/美容/保建,醫院行政管理人員,170112,具備醫療行政支援、病歷資料管理等相關實務，熟悉病房運作流程與衛生管理機制，適合擔任醫院行政管理人員；從事醫療行政協調與資料管理等工作。,,
,,,17醫療/美容/保建,照顧服務員,170113,具備病患照護支援、防疫措施執行等實務經驗，適合轉銜照顧服務員，從事日常生活照顧、個人衛生協助、環境清潔維護與健康狀況觀察等工作。,,應取得勞動部「照顧服務員單一級技術士證」
,,,17醫療/美容/保建,醫院診所掛號員,170116,具備醫療行政支援、病患資料處理等相關實務，熟悉醫務紀錄管理與作業流程機制，適合擔任醫院診所掛號員；從事掛號作業與病患資料建檔管理等工作。,,
,,,09品管/製造/環衛,安全／衛生相關檢驗人員,090303,具備環境衛生管理、水質檢驗執行等相關實務，熟悉防疫作業流程與衛生安全控管機制，適合擔任安全衛生相關檢驗人員，從事環境檢測與衛生安全監測等工作。,,應取得國家環境研究院核發之相關證書
,,,01經營/行政/總務,行政助理,010206,具備醫務行政支援、文件資料整理等相關實務，熟悉作業流程與統計表冊管理機制，適合擔任行政助理；從事文件處理與資料建檔維護等工作。,,
,,,06客服/門市,專櫃/門市（人員/儲備幹部）,060203,具備病患服務支援、行政流程執行等相關實務，熟悉現場作業協調與資料管理機制，適合擔任專櫃/門市人員儲備幹部；從事顧客服務與門市營運支援等工作。,,
,,,06客服/門市,連鎖店管理人員,060205,因為於部隊長期接觸人員管理、物料補給、設施環境維護等實務工作，並具備遵守紀律、流程管控與標準化執行力，適合擔任連鎖店管理人員，從事服務品質維護、存貨管理、排班調度等門店營運工作。,,建議取得勞動部「門市服務」相關技術士證
環境衛生士,8A244,"1.公共衛生與環境維護
1.1執行環境清潔與消毒作業。
1.2進行蟲害防治與衛生管理。
1.3維持場域安全與衛生品質。
2.設備與設施管理
2.1檢查與維護衛生設施。
2.2執行設備保養與管理。
2.3確保設施正常運作。
3.環境監測與防疫支援
3.1執行水質與環境檢測。
3.2蒐集與紀錄監測數據。
3.3支援感染預防與環境管理。",09品管/製造/環衛,公共衛生人員,090306,具備環境衛生管理、醫療資料整理實務，適合轉銜公共衛生人員，從事環境衛生調查、傳染病預防監測、健康教育宣導與防疫措施執行等工作。,,
,,,09品管/製造/環衛,職業安全衛生人員,090301,具備環境衛生維護、人員領導管理實務經驗，適合轉銜為職業安全衛生人員，從事工作場所危害分析、安全稽核與作業環境改善等工作。,,建議取得勞動部「職業安全衛生管理乙級技術士證」
,,,09品管/製造/環衛,安全/衛生相關檢驗人員,090303,具備飲水消毒管理、水質檢驗監測實務，適合轉銜安全/衛生相關檢驗人員，從事作業環境監測、危害風險評估與改善措施檢查等工作。,,應取得國家環境研究院核發之相關證書
,,,09品管/製造/環衛,環境工程人員,090304,具備環境衛生管理、飲水消毒、蟲害防治及環境監測等相關實務，熟悉水質檢驗、廢水與廢棄物管理及公共衛生作業流程，適合擔任環境工程人員，從事環境監測、水質管理、污染防治及環境衛生維護等工作。,,應取得國家環境研究院核發之相關證書
,,,09品管/製造/環衛,廠務,090220,具備環境衛生及裝備設施維護經驗，熟悉場地巡檢及機具保養相關規範，適合擔任廠務；從事設備維護管理與現場修繕協調等工作。,,
,,,06客服/門市,專櫃/門市（人員/儲備幹部）,060203,具備環境檢測、設施維護等相關實務，熟悉現場作業協調與資料管理機制，適合擔任專櫃/門市人員儲備幹部；從事顧客服務與門市營運支援等工作。,,
,,,06客服/門市,連鎖店管理人員,060205,因為於部隊長期接觸人員管理、物料補給、設施環境維護等實務工作，並具備遵守紀律、流程管控與標準化執行力，適合擔任連鎖店管理人員，從事服務品質維護、存貨管理、排班調度等門店營運工作。,,建議取得勞動部「門市服務」相關技術士證
衛生裝備修護保養士,8A325,"1.醫療設備檢查與維護管理
1.1定期執行設備檢查與預防性保養作業。
1.2辦理設備基本維修與功能測試。
1.3確保設備維持正常運作與安全使用狀態。
2.設備維護計畫與作業管理
2.1協助規劃設備保養與維修作業計畫。
2.2依維護計畫執行設備保養與修復作業。
2.3檢討設備維護流程並提出改善建議。
3.基礎設備修護與技術支援
3.1執行焊接、管件處理與金屬加工等基礎維修作業。
3.2協助設備結構與相關設施之修復與維護。
3.3提供設備維修與技術支援以確保作業順利進行。",10技術/維修/操作,焊接、切割人員,100123,具備焊接、管鉗等基礎修護實務經驗，適合轉銜為焊接、切割人員，從事金屬氣體火焰及電弧焊接、切割等相關技術工作。,,建議取得勞動部「氬氣鎢極電銲電銲」、「一般手工電焊」相關技術士證
,,,10技術/維修/操作,木製品技術人員,100304,具備衛生設備檢查保養、木工基礎加工實務經驗，適合轉銜木製品技術人員，從事木材裁切加工、木製品組裝等工作。,,建議取得勞動部「門窗木工」相關技術士證
,,,10技術/維修/操作,鑄造/鍛造模具技術人員,100121,具備鍛工、木工修護能力，適合轉銜鑄造／鍛造模具技術人員，從事金屬鍛造與模具製造等工作。,,建議取得勞動部「鑄造」相關技術士證
,,,06客服/門市,專櫃/門市（人員/儲備幹部）,060203,具備設備維護及環境檢測等相關實務，熟悉現場作業協調與資料管理機制，適合擔任專櫃/門市人員儲備幹部；從事顧客服務與門市營運支援等工作。,,
,,,06客服/門市,連鎖店管理人員,060205,因為於部隊長期接觸人員管理、物料補給、設施環境維護等實務工作，並具備遵守紀律、流程管控與標準化執行力，適合擔任連鎖店管理人員，從事服務品質維護、存貨管理、排班調度等門店營運工作。,,建議取得勞動部「門市服務」相關技術士證
,,,09品管/製造/環衛,廠務,090220,具備設備預防保養規劃、修護執行等相關實務，熟悉設備性能檢驗與維修流程，適合擔任廠務；從事設備維護管理與現場修繕協調等工作。,,
第八類軍品補給兵,4B181,"1.倉儲與庫存管理
1.1管理物資接收與分類。
1.2維護庫存整理與存放秩序。
1.3確保倉儲環境整潔與有序。
2.物流與物資調度
2.1執行物資調撥與發放。
2.2協助物流搬運與配送作業。
2.3確保物資流通效率。
3.庫存維運與整理作業
3.1執行庫存翻堆與整理。
3.2維護物資存放狀態。
3.3協助盤點與基礎紀錄。",15物流/運輸/資材,倉管人員,150304,因具備軍品分類、包裝及庫儲實務經驗，適合轉銜為倉管人員，從事管控庫存物料收發、盤點等相關工作。,,建議取得勞動部「堆高機操作」技術士證
,,,15物流/運輸/資材,倉儲物流人員,150107,因具備軍品管理、庫存控管與作業流程協調經驗，適合轉銜為倉儲物流人員，負責進出貨、盤點、補貨與倉儲維護等物流管理工作。,,建議取得勞動部「堆高機操作」技術士證
,,,06客服/門市,賣場（人員/儲備幹部）,060202,具備設備維護及環境檢測等相關實務，熟悉現場作業協調與資料管理機制，適合擔任專櫃/門市人員儲備幹部；從事顧客服務與門市營運支援等工作。,,
,,,06客服/門市,連鎖店管理人員,060205,因為於部隊長期接觸人員管理、物料補給、設施環境維護等實務工作，並具備遵守紀律、流程管控與標準化執行力，適合擔任連鎖店管理人員，從事服務品質維護、存貨管理、排班調度等門店營運工作。,,建議取得勞動部「門市服務」相關技術士證
,,,09品管/製造/環衛,廠務助理,090214,具備設備預防保養規劃、修護執行等相關實務，熟悉設備性能檢驗與維修流程，適合擔任廠務助理；從事設備維護管理與現場修繕協調等工作。,,
第八類軍品補給士,4B185,"1.物資補給與庫存管理
1.1規劃與執行專用物資之補給與庫存管理作業。
1.2管制物資收發、存放與庫位配置。
1.3確保物資帳料一致與供應穩定。
2.倉儲營運與作業管制
2.1督導倉儲作業流程符合規範與安全要求。
2.2協調庫內調度、盤點與物料周轉。
2.3處理倉儲運作中之異常狀況與改善事項。
3.補給行政與文件作業
3.1編製補給、庫存與撥發相關管理報表。
3.2草擬與審處補給管理相關公文與函件。
3.3配合上級或相關單位進行行政聯繫與回報。",15物流/運輸/資材,倉管人員,150304,因具備軍品分類、包裝及庫儲實務經驗，適合轉銜為倉管人員，從事管控庫存物料收發、盤點等相關工作。,,建議取得勞動部「堆高機操作」技術士證
,,,15物流/運輸/資材,倉儲物流人員,150107,因具備軍品管理、庫存控管與作業流程協調經驗，適合轉銜為倉儲物流人員，負責進出貨、盤點、補貨與倉儲維護等物流管理工作。,,建議取得勞動部「堆高機操作」技術士證
,,,06客服/門市,賣場（人員/儲備幹部）,060202,具備設備維護及環境檢測等相關實務，熟悉現場作業協調與資料管理機制，適合擔任專櫃/門市人員儲備幹部；從事顧客服務與門市營運支援等工作。,,
,,,06客服/門市,連鎖店管理人員,060205,因為於部隊長期接觸人員管理、物料補給、設施環境維護等實務工作，並具備遵守紀律、流程管控與標準化執行力，適合擔任連鎖店管理人員，從事服務品質維護、存貨管理、排班調度等門店營運工作。,,建議取得勞動部「門市服務」相關技術士證
,,,09品管/製造/環衛,廠務,090210,因於部隊長期接觸裝備保養、環境巡查、物料管控等實務工作，並具備遵守安全作業規定與流程控管能力，適合轉銜廠務，從事設施維護、環境管理及報修協調等工作。,,
牙科士,8F135,"1.牙科醫療作業支援
1.1協助執行牙科治療、矯正與修復相關作業。
1.2準備診療所需器材與材料以支援醫療服務。
1.3協助醫療人員完成診療過程中的相關操作。
2.牙科影像與檢查作業
2.1協助操作牙科影像設備並進行影像資料處理。
2.2協助準備局部麻醉與牙齒測量相關作業。
2.3協助進行口腔清潔與基礎牙科檢查作業。
3.醫療器材與材料管理
3.1管理牙科器材與材料之準備、整理與保管。
3.2確保醫療器材維持良好使用狀態。
3.3協助辦理醫療器材與材料之補充作業。",17醫療/美容/保建,牙醫助理,170126,具備牙科治療協助、器材準備管理等相關實務，熟悉材料保管與消毒作業流程，適合擔任牙醫助理；從事臨床協助與器械管理等工作。,,
,,,17醫療/美容/保建,診所助理,170110,具備臨床治療協助、器材準備管理等相關實務，熟悉診療流程配合與消毒作業標準，適合擔任診所助理；從事診療協助與行政支援等工作。,,
,,,17醫療/美容/保建,醫院行政管理人員,170112,具備牙科臨床支援、器材材料管理等相關實務，熟悉醫療作業流程與紀錄保存標準，適合擔任醫院行政管理人員；從事醫療行政支援與資源管理等工作。,,
,,,17醫療/美容/保建,醫療設備控制人員,170128,具備牙科器材操作協助、設備保養管理等相關實務，熟悉醫療器械使用規範與消毒作業流程，適合擔任醫療設備控制人員；從事設備操作管理與維護監控等工作。,,
藥劑士,8G135,"1.藥品調配與發放作業
1.1依處方內容執行藥品調配作業。
1.2辦理處方受理與藥品發放相關流程。
1.3協助確認藥品調配與發放作業符合管理規範。
2.藥品庫存與儲存管理
2.1管理藥品之庫存、儲存條件與效期控管。
2.2建立並維護藥品庫存與帳務紀錄。
2.3監控藥品存量並辦理補充與更新作業。
3.藥品器具清潔與設備維護
3.1維護藥品調配相關器具之清潔與消毒作業。
3.2執行設備日常檢查與保養工作。
3.3確保藥品調配設備維持安全與正常運作。",02業務/貿易/銷售,醫藥業務代表,020306,具備藥品調配管理、藥理知識應用等相關實務，熟悉藥品說明與流通控管，適合擔任醫藥業務代表；從事產品專業解說與醫療通路維護等工作。,,
,,,17醫療/美容/保建,醫院行政管理人員,170112,具備藥品管理、庫存帳務處理等相關實務，熟悉藥品流通與效期控管流程，適合擔任醫院行政管理人員；從事藥品管理與醫療服務等工作。,,
,,,17醫療/美容/保建,診所助理,170110,具備醫療作業支援與環境維護能力，熟悉藥品效期控管、醫療耗材補給，適合擔任診所助理，從事櫃檯協助、醫療作業支援等工作。,,
,,,06客服/門市,賣場（人員/儲備幹部）,060202,具備藥品庫存盤點與帳務處理實務經驗，適合轉銜賣場（人員/儲備幹部）；從事場地維護、貨品管理等工作。,,
,,,06客服/門市,連鎖店管理人員,060205,因於部隊長期接觸人員管理、物料補給、設施環境維護等實務工作，並具備遵守紀律、流程管控與標準化執行力，適合轉銜為連鎖店管理人員，從事服務品質維護、存貨管理、排班調度等門店營運工作。,,建議取得勞動部「門市服務」相關技術士證
護理士,8H135,"1.藥品調配與發放作業
1.1依處方內容執行藥品調配作業。
1.2辦理處方受理與藥品發放相關流程。
1.3協助確認藥品調配與發放作業符合管理規範。
2.藥品庫存與儲存管理
2.1管理藥品之庫存、儲存條件與效期控管。
2.2建立並維護藥品庫存與帳務紀錄。
2.3監控藥品存量並辦理補充與更新作業。
3.藥品器具清潔與設備維護
3.1維護藥品調配相關器具之清潔與消毒作業。
3.2執行設備日常檢查與保養工作。
3.3確保藥品調配設備維持安全與正常運作。",17醫療/美容/保建,護理師/護士,170115,具備護理工作實務經驗，適合擔任護理師/護士；經國家考試通過取得「護理師」資格後，可直接轉銜護理師。,,
,,,17醫療/美容/保建,勞工健康服務護理人員,170132,具備護理實務經驗，熟悉健康管理相關規範，適合擔任勞工健康服務護理人員；從事員工健康檢查、健康紀錄管理與工作環境衛教等工作。,,
,,,17醫療/美容/保建,醫院行政管理人員,170112,具備器械消毒管理與病患紀錄整理等經驗，熟悉醫療院所作業流程，適合擔任醫院行政管理人員；從事診療紀錄管理、器械材料控管與衛教行政等工作。,,
,,,17醫療/美容/保建,診所助理,170110,具備器械消毒管理與病患紀錄整理等實務經驗，熟悉醫療院所作業流程，適合擔任診所助理；從事材料庫存控管與病患衛教等工作。,,
,,,17醫療/美容/保建,照顧實務指導員,170133,具備病患照護支援實務經驗，熟悉照顧服務作業流程，適合轉銜照顧服務員，從事日常生活照顧、個人衛生協助、環境清潔維護與健康狀況觀察等工作。,,應取得勞動部「照顧服務員單一級技術士證」
航潛生理士,8A294,"1.生理訓練作業支援
1.1協助執行人體生理相關訓練與操作作業。
1.2協助準備訓練所需設備與相關資源。
1.3支援訓練過程之現場作業與安全管理。
2.設備操作與維護管理
2.1協助操作專業設備並確保作業流程順暢。
2.2執行設備日常檢查與基本維護作業。
2.3確保設備維持安全與正常運作狀態。
3.作業環境與安全管理
3.1維護工作場所之整潔與安全環境。
3.2協助執行作業安全規範與風險防護措施。
3.3定期檢查作業環境並提出改善建議。",10技術/維修/操作,自動化機械加工技術人員,100106,具備設備操作維護、作業安全控管等相關實務，熟悉標準流程管理與設備保養制度，適合擔任自動化機械加工技術人員，從事自動化機械操作保養及維護工作。,,建議取得勞動部「機電整合」或「機械加工」相關技術士證
,,,10技術/維修/操作,電子設備裝修技術員,100208,具備設備操作維護、作業安全控管等相關實務，熟悉標準流程管理與設備保養制度，適合擔任電子設備裝修技術員，從事各種電子設備裝修工作。,,建議取得勞動部「工業電子」等相關技術士證
,,,17醫療/美容/保建,醫療設備控制人員,170128,具備醫療訓練設備操作協助、設備維護管理與作業環境整潔維持等相關實務，熟悉醫療設備使用與安全管理流程，適合擔任醫療設備控制人員；從事醫療設備操作協助、設備維護保養、使用管理及安全監控等工作。,,
,,,09品管/製造/環衛,廠務,090220,具備設備操作維護、作業安全控管等相關實務，熟悉標準流程管理與設備保養制度，適合擔任廠務人員；從事工作場所設備管理、環安設施維護等工作。,,
放射技術士,8J085,"1.影像檢測與操作
1.1執行醫療影像拍攝作業，針對不同部位與方法進行操作。
1.2協助影像拍攝流程之規劃與準備。
1.3確保影像檢測作業安全與品質符合規範。
2.影像處理與材料管理
2.1協助影像材料（如軟片、顯影液）之準備與處理。
2.2執行影像沖洗、顯影及整理作業。
2.3管理影像材料及相關試劑使用、存放與保養。
3.設備操作與維護
3.1操作醫療影像設備及物理治療機具。
3.2執行設備保養、調整及基本修護作業。
3.3確保設備正常運作與使用安全。",17醫療/美容/保建,醫事放射師,170104,具備影像檢查操作、設備維護管理等相關實務，熟悉醫療作業流程與影像品質控管制度，適合擔任醫事放射師；須經國家考試通過取得「醫事放射師」資格，從事醫學影像檢查、放射設備操作等工作。,,
,,,17醫療/美容/保建,醫療設備控制人員,170128,具備影像設備操作、設備維護管理等相關實務，熟悉醫療作業流程與設備安全管控制度，適合擔任醫療設備控制人員；從事醫療設備操作、設備調整保養等工作。,,
,,,17醫療/美容/保建,醫院行政管理人員,170112,具備設備保養與作業協調能力，熟悉檢查作業流程、器材管理，適合擔任醫院行政管理人員，從事診療紀錄管理、器械材料控管與衛教行政等工作。,,
復健士,8J126,"1.復健設備與器材管理
1.1準備與檢查理療設備使用狀態。
1.2協助設備操作與現場管理。
1.3維持設備正常使用與安全性。
2.復健照護與療程支援
2.1協助執行復健照護流程。
2.2支援治療過程中的現場需求。
2.3提升照護流程效率與服務品質合操作需求與安全規範。
3.衛教與訓練支援
3.1協助基礎健康照護知識傳達。
3.2支援人員操作教學與指導。
3.3協助培訓與流程標準落實。",17醫療/美容/保建,醫院行政管理人員,170112,具備復健醫學臨床與行政管理專業知識，熟悉病歷管理、醫療規劃及復健科運作流程，適合擔任醫院行政管理人員，從事醫療單位營運管理、制度規劃及醫務行政督導工作。,,
,,,14教育/學術/研究,生物學專業研究人員,140309,具備復健醫學臨床與研究能力，熟悉病歷管理、復健治療程序及科研方法，適合擔任生物學專業研究人員，從事復健醫學相關研究與學術發展工作。,,
,,,07工程/研發/生技,病理藥理研究人員,070208,具備復健醫學臨床診療與科研能力，熟悉病歷紀錄、治療流程及復健技術指導，適合擔任病理藥理研究人員，從事復健相關疾病機轉及療效研究工作。,,
,,,02業務/貿易/銷售,醫藥業務代表,020306,復健科醫官具備復健醫學臨床診療與治療計畫能力，熟悉病歷書寫、醫療程序及醫療器材使用，適合擔任醫藥業務代表，從事復健醫療產品推廣與專業諮詢工作。,,
,,,22其他職類,顧問,220106,具備復健醫療與臨床管理專業能力，熟悉疾病診斷治療、復健流程規劃及醫療品質評鑑機制，適合擔任顧問，從事醫療機構營運管理、復健服務優化及專業諮詢建議工作。,,
檢驗技術士,8J155,"1.實驗樣品分析與檢測
1.1協助進行微生物培養、寄生蟲檢測及血液與血清分析。
1.2協助生化分析與病理切片檢測作業。
1.3確保檢測作業符合實驗室安全與品質規範。
2.實驗器材製作與準備
2.1製作與準備玻璃及其他檢驗器材。
2.2協助標準化實驗材料及試劑的準備。
2.3確保器材與材料符合操作需求與安全規範。
3.設備操作與維護
3.1操作各類檢驗診斷設備。
3.2執行設備保養、校正及基本維護作業。
3.3確保實驗設備正常運作與安全使用。",17醫療/美容/保建,醫事檢驗師,170105,具備檢體分析操作、檢驗設備維護等相關實務，熟悉檢驗作業流程與品質控管制度，適合擔任醫事檢驗師；應經國家考試通過取得「醫事檢驗師」資格，從事臨床檢體檢驗、檢驗儀器操作等工作。,,
,,,17醫療/美容/保建,醫院行政管理人員,170112,具備設備保養與作業協調能力，熟悉檢查作業流程、器材管理，適合擔任醫院行政管理人員，從事診療紀錄管理、器械材料控管與衛教行政等工作。,,
醫學教育官,8B13,"1.醫學教育規劃與教學執行
1.1規劃醫學相關教育訓練課程與教學內容。
1.2執行教學活動並確保課程符合組織需求與學習目標。
1.3評估教學成效並持續優化課程內容。
2.教學研究與課程設計發展
2.1設計醫學相關課程教材與教學方案。
2.2進行教學方法與課程內容之研究與改進。
2.3發展專業訓練課程以提升人員專業能力。
3.專業知識整合與應用推廣
3.1整合醫學專業知識並轉化為教學內容。
3.2規劃專業知識應用之教育訓練方案。
3.3推動專業知識之標準化與教學應用。",17醫療/美容/保建,醫師,170101,本項軍職專長人員均經國家考試通過取得「醫師」資格，可直接轉銜。,,
,,,17醫療/美容/保建,醫院行政管理人員,170112,具備醫學教育規劃與教學設計能力，熟悉醫療訓練體系、課程發展及醫務運作流程，適合擔任醫院行政管理人員，從事醫療教育管理、制度規劃及行政督導工作。,,
,,,14教育/學術/研究,教授/副教授/助理教授,140201,具備醫學教育規劃與教學研究能力，熟悉課程設計、訓練規劃及醫學教學流程，適合擔任教授∕副教授∕助理教授，從事醫學教育、課程發展及學術研究工作。,應取得教育部教授/副教授/助理教授資格,
,,,14教育/學術/研究,生物學專業研究人員,140309,具備醫學教育與研究設計能力，熟悉課程規劃、教學方法及醫學相關研究流程，適合擔任生物學專業研究人員，從事醫學教育研究與生物醫學相關研究工作。,,
,,,14教育/學術/研究,講師,140116,具備醫學教學與課程設計能力，熟悉教學規劃、訓練執行及教育評估流程，適合擔任講師，從事醫學教育授課、課程發展及教學研究工作。,,
,,,03人資/法務/智財,教育訓練人員,030104,具備教育訓練規劃與教學設計能力，熟悉課程發展、訓練執行及成效評估流程，適合擔任教育訓練人員，從事企業培訓、課程規劃及人才發展工作。,,
,,,01經營/行政/總務,行政總務人員,010302,具備醫學教育規劃與行政管理能力，熟悉教學設計、課程推動及跨單位協調作業，適合擔任行政總務人員，從事行政事務管理、教育訓練規劃及組織運作支援工作。,,
,,,07工程/研發/生技,病理藥理研究人員,070208,具備醫學教學與研究設計能力，熟悉課程規劃、醫學研究方法及資料分析流程，適合擔任病理藥理研究人員，從事生物醫學研究與藥理相關實驗工作。,,
海底醫學生理官,8B15,"1.生理學研究與專業教學發展
1.1規劃特定環境下之人體生理反應相關研究主題。
1.2設計並執行專業訓練課程與教學活動。
1.3將研究成果轉化為教育訓練教材與學習內容。
2.職業健康管理與預防保健規劃
2.1規劃高風險作業環境之健康管理與預防保健措施。
2.2執行健康監測與風險評估作業。
2.3提供人員健康促進與安全作業建議。
3.醫學研究專案執行與管理
3.1協助規劃與執行醫學相關研究專案。
3.2蒐集與分析研究數據並整理研究成果。
3.3支援研究計畫之執行與成果應用推廣。",17醫療/美容/保建,醫院行政管理人員,170112,具備生理學研究與醫療保健專業能力，熟悉人員健康管理、預防醫學及研究規劃流程，適合擔任醫院行政管理人員，從事醫療單位管理、健康促進及行政規劃工作。,,
,,,14教育/學術/研究,教授/副教授/助理教授,140201,具備生理學研究與教學專業能力，熟悉課程規劃、研究設計及預防醫學應用，適合擔任教授∕副教授∕助理教授，從事生理學教學、醫學研究及學術發展工作。,應取得教育部教授/副教授/助理教授資格,
,,,14教育/學術/研究,生物學專業研究人員,140309,具備生理學研究與醫學實務能力，熟悉人體生理機制、預防醫學及研究設計流程，適合擔任生物學專業研究人員，從事生理學及海底醫學相關研究工作。,,
,,,14教育/學術/研究,講師,140116,具備生理學教學與研究能力，熟悉課程設計、教學執行及醫學研究流程，適合擔任講師，從事生理學教學、訓練規劃及學術研究工作。,,
,,,01經營/行政/總務,行政總務人員,010302,具備生理學研究與醫學教育專業能力，熟悉教學規劃、健康管理及研究作業流程，適合擔任行政總務人員，從事行政事務管理、教育訓練規劃及組織運作支援工作。,,
,,,02業務/貿易/銷售,醫藥業務代表,020306,具備生理學與預防醫學專業知識，熟悉人體機能、健康管理及醫學研究內容，適合擔任醫藥業務代表，從事醫療產品推廣、專業諮詢及市場開發工作。,,
,,,07工程/研發/生技,病理藥理研究人員,070208,具備生理學與醫學研究專業能力，熟悉人體機能、預防醫學及研究設計流程，適合擔任病理藥理研究人員，從事生理機制、藥理作用及相關醫學研究工作。,,
航空醫學生理官,8B16,"1.生理學研究與專業教學發展
1.1規劃特定作業環境下人體生理反應之研究主題。
1.2設計並執行專業訓練課程與教學活動。
1.3將研究成果轉化為教育訓練教材與學習內容。
2.職業健康管理與預防保健規劃
2.1規劃高風險作業環境之健康管理與預防保健措施。
2.2執行健康監測與風險評估作業。
2.3提供人員健康促進與安全作業建議。
3.醫學研究專案執行與管理
3.1協助規劃與執行醫學相關研究專案。
3.2蒐集與分析研究數據並整理研究成果。
3.3支援研究計畫之執行與成果應用推廣。",17醫療/美容/保建,醫院行政管理人員,170112,具備生理學研究與健康管理專業能力，熟悉人員健康監測、預防醫學及醫療規劃流程，適合擔任醫院行政管理人員，從事醫療單位管理、健康促進及行政規劃工作。,,
,,,14教育/學術/研究,教授/副教授/助理教授,140201,具備生理學教學與研究能力，熟悉課程規劃、研究設計及預防醫學應用，適合擔任教授、副教授或助理教授，從事生理學教學、醫學研究及學術發展工作。,應取得教育部教授/副教授/助理教授資格,
,,,14教育/學術/研究,生物學專業研究人員,140309,具備生理學研究與醫學應用能力，熟悉人體機能調適、預防醫學及研究設計流程，適合擔任生物學專業研究人員，從事生理學與航空醫學相關研究工作。,,
,,,14教育/學術/研究,講師,140116,具備生理學教學與研究能力，熟悉課程設計、教學執行及醫學研究流程，適合擔任講師，從事生理學教學、訓練規劃及學術研究工作。,,
,,,01經營/行政/總務,行政總務人員,010302,具備生理學研究與醫學教育專業能力，熟悉教學規劃、健康管理及研究作業流程，適合擔任行政總務人員，從事行政事務管理、教育訓練規劃及組織運作支援工作。,,
,,,02業務/貿易/銷售,醫藥業務代表,020306,具備生理學與預防醫學專業知識，熟悉人體機能、健康管理及醫學研究內容，適合擔任醫藥業務代表，從事醫療產品推廣、專業諮詢及市場開發工作。,,
,,,07工程/研發/生技,病理藥理研究人員,070208,具備生理學與醫學研究專業能力，熟悉人體機能調適、預防醫學及研究設計流程，適合擔任病理藥理研究人員，從事生理機制、藥理作用及航空醫學相關研究工作。,,
醫療督導官,8C01,"1.醫療營運管理與制度規劃
1.1規劃與制定醫療服務相關政策、制度與作業流程。
1.2督導各項作業執行並確保符合組織規範與目標。
1.3建立績效評估機制並執行成效追蹤與考核。
2.醫療機構管理與營運督導
2.1規劃醫療機構營運策略與管理制度。
2.2督導各部門運作並確保服務品質與作業效率。
2.3進行營運成效分析並提出優化建議。
3.品質管理與評鑑制度執行
3.1規劃與推動品質管理制度及標準作業流程。
3.2執行內外部評鑑準備、審查與改善作業。
3.3分析評鑑結果並推動持續改善措施。",17醫療/美容/保建,醫師,170101,本項軍職專長人員均經國家考試通過取得「醫師」資格，可直接轉銜。,,
,,,17醫療/美容/保建,醫院行政管理人員,170112,具備醫療政策規劃與醫院管理督導能力，熟悉制度建立、作業流程及評鑑考核機制，適合擔任醫院行政管理人員，從事醫療機構營運管理、制度規劃及品質監督工作。,,
,,,14教育/學術/研究,教授/副教授/助理教授,140201,具備臨床醫療、教學訓練與醫務管理能力，熟悉病歷紀錄、醫療流程及人員培訓機制，適合擔任教授、副教授或助理教授，從事醫學教育、臨床教學及醫療相關研究工作。,應取得教育部教授/副教授/助理教授資格,
,,,14教育/學術/研究,生物學專業研究人員,140309,具備臨床診療與醫學研究基礎能力，熟悉疾病診斷、病歷紀錄及醫療統計分析，適合擔任生物學專業研究人員，從事臨床醫學相關研究與生物醫學發展工作。,,
,,,07工程/研發/生技,病理藥理研究人員,070208,具備臨床診療與醫學研究基礎能力，熟悉疾病機轉、病歷分析及醫療統計流程，適合擔任病理藥理研究人員，從事疾病機制、藥物作用及臨床相關研究工作。,,
,,,02業務/貿易/銷售,醫藥業務代表,020306,具備臨床診療與醫療實務經驗，熟悉疾病診斷、醫療流程及醫護運作，適合擔任醫藥業務代表，從事醫療產品推廣、專業諮詢及醫療市場開發工作。,,
,,,22其他職類,顧問,220106,具備臨床醫療與醫院管理專業能力，熟悉疾病診斷治療、醫療流程運作及品質評鑑機制，適合擔任顧問，從事醫療機構營運管理、制度規劃及專業諮詢建議工作。,,
醫官,8C03,"1.臨床醫療服務執行
1.1執行病患之檢查、診斷與治療作業。
1.2提供門診、急診及住院照護相關醫療服務。
1.3依病患狀況制定與調整治療計畫。
2.醫療服務流程與病患處置管理
2.1執行病患收治、轉介與轉送作業流程。
2.2協調相關單位進行病患照護與資源配置。
2.3確保醫療服務流程順暢與即時性。
3.醫療團隊管理與人員督導
3.1督導醫護人員執行日常醫療作業。
3.2協調團隊分工以提升醫療服務品質。
3.3執行醫療作業品質監控與改善。",17醫療/美容/保建,醫師,170101,本項軍職專長人員均經國家考試通過取得「醫師」資格，可直接轉銜。,,
,,,17醫療/美容/保建,醫院行政管理人員,170112,具備臨床醫療與醫務管理專業能力，熟悉門急診與病房運作、醫護督導及醫療流程管理，適合擔任醫院行政管理人員，從事醫療機構營運管理、制度規劃及品質監督工作。,,
,,,14教育/學術/研究,教授/副教授/助理教授,140201,具備臨床醫療、教學訓練與醫務管理能力，熟悉病歷紀錄、醫療流程及人員培訓機制，適合擔任教授、副教授或助理教授，從事醫學教育、臨床教學及醫療相關研究工作。,應取得教育部教授/副教授/助理教授資格,
,,,14教育/學術/研究,生物學專業研究人員,140309,具備臨床診療與醫學研究基礎能力，熟悉疾病診斷、病歷紀錄及醫療統計分析，適合擔任生物學專業研究人員，從事臨床醫學相關研究與生物醫學發展工作。,,
,,,07工程/研發/生技,病理藥理研究人員,070208,具備臨床診療與醫學研究基礎能力，熟悉疾病機轉、病歷分析及醫療統計流程，適合擔任病理藥理研究人員，從事疾病機制、藥物作用及臨床相關研究工作。,,
,,,02業務/貿易/銷售,醫藥業務代表,020306,具備臨床診療與醫療實務經驗，熟悉疾病診斷、醫療流程及醫護運作，適合擔任醫藥業務代表，從事醫療產品推廣、專業諮詢及醫療市場開發工作。,,
,,,22其他職類,顧問,220106,具備臨床醫療與醫院管理專業能力，熟悉疾病診斷治療、醫療流程運作及品質評鑑機制，適合擔任顧問，從事醫療機構營運管理、制度規劃及專業諮詢建議工作。,,
內科醫官,8C13,"1.內科臨床醫療服務執行
1.1執行內科相關疾病之檢查、診斷與治療作業。
1.2提供門診、急診及住院病患之內科醫療服務。
1.3依病患狀況制定與調整個別化治療計畫。
2.病患照護流程與轉介管理
2.1執行病患收治、分流與轉介轉送作業。
2.2協調相關單位進行跨部門照護與資源配置。
2.3確保醫療服務流程順暢與處置即時性。
3.醫療團隊督導與作業管理
3.1督導醫護人員執行日常醫療照護作業。
3.2協調團隊分工以提升整體醫療服務品質。
3.3執行醫療作業品質監控與持續改善。",17醫療/美容/保建,醫師,170101,本項軍職專長人員均經國家考試通過取得「醫師」資格，可直接轉銜。,,
,,,17醫療/美容/保建,醫院行政管理人員,170112,具備臨床診療與醫務管理專業能力，熟悉門急診與病房運作、醫護督導及醫療流程管理，適合擔任醫院行政管理人員，從事醫療機構營運管理、制度規劃及品質監督工作。,,
,,,14教育/學術/研究,教授/副教授/助理教授,140201,具備臨床診療、教學訓練與醫務管理能力，熟悉病歷紀錄、醫療流程及人員培訓機制，適合擔任教授、副教授或助理教授，從事醫學教育、臨床教學及醫療相關研究工作。,應取得教育部教授/副教授/助理教授資格,
,,,14教育/學術/研究,生物學專業研究人員,140309,具備臨床診療與醫學研究基礎能力，熟悉疾病診斷、病歷紀錄及醫療統計分析，適合擔任生物學專業研究人員，從事臨床醫學相關研究與生物醫學發展工作。,,
,,,07工程/研發/生技,病理藥理研究人員,070208,具備臨床診療與醫學研究基礎能力，熟悉疾病機轉、病歷分析及醫療統計流程，適合擔任病理藥理研究人員，從事疾病機制、藥物作用及臨床相關研究工作。,,
,,,02業務/貿易/銷售,醫藥業務代表,020306,具備臨床診療與醫療實務經驗，熟悉疾病診斷、醫療流程及醫護運作，適合擔任醫藥業務代表，從事醫療產品推廣、專業諮詢及醫療市場開發工作。,,
,,,22其他職類,顧問,220106,具備臨床醫療與醫療管理專業能力，熟悉疾病診斷治療、醫療流程運作及品質評鑑機制，適合擔任顧問，從事醫療機構營運管理、制度規劃及專業諮詢建議工作。,,
小兒科醫官,8C29,"1.小兒臨床醫療服務執行
1.1執行嬰幼兒與兒童疾病之檢查、診斷與治療作業。
1.2提供門診、急診及住院之兒童醫療照護服務。
1.3依個案狀況制定與調整兒童專屬治療與照護計畫。
2.兒童健康管理與社區照護服務
2.1規劃與執行兒童預防保健與健康促進措施。
2.2提供家庭訪視與個案追蹤服務。
2.3執行社區與學校之健康管理與衛生指導。
3.醫療文件管理與健康資料分析
3.1撰寫與管理病歷、處方及醫療紀錄文件。
3.2整理檢查結果與會診資料並進行歸檔管理。
3.3執行疾病分類統計與兒童健康數據分析。",17醫療/美容/保建,醫師,170101,本項軍職專長人員均經國家考試通過取得「醫師」資格，可直接轉銜。,,
,,,17醫療/美容/保建,醫院行政管理人員,170112,具備兒科臨床診療與公共衛生專業能力，熟悉門急診與住院管理、健康促進及醫療流程運作，適合擔任醫院行政管理人員，從事醫療機構營運管理、制度規劃及品質監督工作。,,
,,,14教育/學術/研究,教授/副教授/助理教授,140201,具備臨床醫療、教學訓練與醫務管理能力，熟悉病歷紀錄、醫療流程及人員培訓機制，適合擔任教授、副教授或助理教授，從事醫學教育、臨床教學及醫療相關研究工作。,應取得教育部教授/副教授/助理教授資格,
,,,14教育/學術/研究,生物學專業研究人員,140309,具備臨床診療與醫學研究基礎能力，熟悉疾病診斷、病歷紀錄及醫療統計分析，適合擔任生物學專業研究人員，從事臨床醫學相關研究與生物醫學發展工作。,,
,,,07工程/研發/生技,病理藥理研究人員,070208,具備臨床診療與醫學研究基礎能力，熟悉疾病機轉、病歷分析及醫療統計流程，適合擔任病理藥理研究人員，從事疾病機制、藥物作用及臨床相關研究工作。,,
,,,02業務/貿易/銷售,醫藥業務代表,020306,具備臨床診療與醫療實務經驗，熟悉疾病診斷、醫療流程及醫護運作，適合擔任醫藥業務代表，從事醫療產品推廣、專業諮詢及醫療市場開發工作。,,
,,,22其他職類,顧問,220106,具備臨床醫療與醫院管理專業能力，熟悉疾病診斷治療、醫療流程運作及品質評鑑機制，適合擔任顧問，從事醫療機構營運管理、制度規劃及專業諮詢建議工作。,,
外科醫官,8C63,"1.外科臨床醫療服務與手術執行
1.1執行疾病之檢查、診斷與治療作業。
1.2提供門診、急診及住院病患之醫療照護服務。
1.3執行各類外科手術及相關醫療處置。
2.手術流程管理與術前術後照護
2.1規劃與執行手術前評估及準備作業。
2.2督導手術過程之作業流程與安全控管。
2.3管理術後照護流程並追蹤病患恢復狀況。
3.醫療團隊督導與專業技術指導
3.1指導醫護人員執行手術相關作業與技術流程。
3.2協調團隊分工以確保手術與照護品質。
3.3執行醫療作業品質監控與持續改善。",17醫療/美容/保建,醫師,170101,本項軍職專長人員均經國家考試通過取得「醫師」資格，可直接轉銜。,,
,,,17醫療/美容/保建,醫院行政管理人員,170112,具備臨床外科手術與病房醫療管理能力，熟悉病歷書寫、手術規劃及醫護指導程序，適合擔任醫院行政管理人員，從事醫院運作規劃、資源調配及醫療品質管理工作。,,
,,,14教育/學術/研究,教授/副教授/助理教授,140201,具備完整臨床手術與教學研究能力，熟悉病歷管理、手術規劃及醫療教學流程，適合擔任教授或副教授，從事醫學教育、臨床指導及外科研究工作。,應取得教育部教授/副教授/助理教授資格,
,,,14教育/學術/研究,生物學專業研究人員,140309,具備臨床診療與醫學研究基礎能力，熟悉疾病診斷、病歷紀錄及醫療統計分析，適合擔任生物學專業研究人員，從事臨床醫學相關研究與生物醫學發展工作。,,
,,,07工程/研發/生技,病理藥理研究人員,070208,具備臨床診療與醫學研究基礎能力，熟悉疾病機轉、病歷分析及醫療統計流程，適合擔任病理藥理研究人員，從事疾病機制、藥物作用及臨床相關研究工作。,,
,,,02業務/貿易/銷售,醫藥業務代表,020306,具備臨床診斷、手術執行及醫療管理經驗，熟悉病歷書寫、醫院運作及醫療器械使用，適合擔任醫藥業務代表，從事醫療產品推廣、臨床諮詢及醫院業務開發工作。,,
,,,22其他職類,顧問,220106,具備外科醫療與手術管理專業能力，熟悉疾病診斷治療、手術流程規劃及醫療品質評鑑機制，適合擔任顧問，從事醫療機構營運管理、手術流程優化及專業諮詢建議工作。,,
復健科醫官,8D03,"1.組織管理與績效評估
1.1規劃並執行組織內部人員績效評估制度。
1.2督導各單位人員工作表現與績效管理作業。
1.3依評估結果提出人力資源發展與管理建議。
2.法務行政管理
2.1指導法律相關部門之行政管理與作業運作。
2.2督導案件審理與法律程序相關行政流程。
2.3檢討並優化法律行政作業制度與流程。
3.檢討並優化法律行政作業制度與流程
3.1研究相關法規制度並提供組織決策參考。
3.2規劃法律制度與管理規範之建立與修訂。
3.3推動法律相關政策與制度之執行與落實。",17醫療/美容/保建,醫師,170101,本項軍職專長人員均經國家考試通過取得「醫師」資格，可直接轉銜。,,
,,,17醫療/美容/保建,醫院行政管理人員,170112,具備復健醫學臨床與行政管理專業知識，熟悉病歷管理、醫療規劃及復健科運作流程，適合擔任醫院行政管理人員，從事醫療單位營運管理、制度規劃及醫務行政督導工作。,,
,,,14教育/學術/研究,教授/副教授/助理教授,140201,具備復健醫學臨床與教學研究能力，熟悉病歷管理、復健治療程序及教學規劃，適合擔任教授、副教授或助理教授，從事復健醫學教學、臨床研究及專業人才培訓工作。,應取得教育部教授/副教授/助理教授資格,
,,,14教育/學術/研究,生物學專業研究人員,140309,具備復健醫學臨床與研究能力，熟悉病歷管理、復健治療程序及科研方法，適合擔任生物學專業研究人員，從事復健醫學相關研究與學術發展工作。,,
,,,07工程/研發/生技,病理藥理研究人員,070208,具備復健醫學臨床診療與科研能力，熟悉病歷紀錄、治療流程及復健技術指導，適合擔任病理藥理研究人員，從事復健相關疾病機轉及療效研究工作。,,
,,,02業務/貿易/銷售,醫藥業務代表,020306,復健科醫官具備復健醫學臨床診療與治療計畫能力，熟悉病歷書寫、醫療程序及醫療器材使用，適合擔任醫藥業務代表，從事復健醫療產品推廣與專業諮詢工作。,,
,,,22其他職類,顧問,220106,具備復健醫療與臨床管理專業能力，熟悉疾病診斷治療、復健流程規劃及醫療品質評鑑機制，適合擔任顧問，從事醫療機構營運管理、復健服務優化及專業諮詢建議工作。,,
放射科醫官,8D13,"1.組織管理與績效評估
1.1規劃並執行組織內部人員績效評估制度。
1.2督導各單位人員工作表現與績效管理作業。
1.3依評估結果提出人力資源發展與管理建議。
2.法務行政管理
2.1指導法律相關部門之行政管理與作業運作。
2.2督導案件審理與法律程序相關行政流程。
2.3檢討並優化法律行政作業制度與流程。
3.檢討並優化法律行政作業制度與流程
3.1研究相關法規制度並提供組織決策參考。
3.2規劃法律制度與管理規範之建立與修訂。
3.3推動法律相關政策與制度之執行與落實。",17醫療/美容/保建,醫師,170101,本項軍職專長人員均經國家考試通過取得「醫師」資格，可直接轉銜。,,
,,,17醫療/美容/保建,醫院行政管理人員,170112,具備放射科臨床與醫務管理專業能力，熟悉影像診斷、放射性物質使用及醫療流程，適合擔任醫院行政管理人員，從事醫療單位運作管理與行政規劃工作。,,
,,,14教育/學術/研究,教授/副教授/助理教授,140201,具備放射科臨床診斷、治療及教學研究專業能力，熟悉放射性物質使用、醫務計劃制定及醫技人員指導流程，適合擔任教授/副教授/助理教授，從事放射科臨床教學、醫學影像研究及醫院評鑑工作,應取得教育部教授/副教授/助理教授資格,
,,,14教育/學術/研究,生物學專業研究人員,140309,具備放射性物質檢查與治療之專業知識與臨床技能，熟悉放射科醫務計劃制定、醫技人員指導及醫院教學評鑑流程，適合擔任生物學專業研究人員，從事醫學影像診短研究工作。,,
,,,07工程/研發/生技,病理藥理研究人員,070208,具備放射科診斷、治療及研究能力，熟悉放射性物質操作、醫務計劃制定及影像技術指導，適合擔任病理藥理研究人員，從事醫學影像研究工作。,,
,,,02業務/貿易/銷售,醫藥業務代表,020306,具備放射診斷與治療專業知識，熟悉醫院醫務管理與醫療器材操作，適合擔任醫藥業務代表，從事醫療器材及放射相關產品推廣與業務開發工作。,,
,,,22其他職類,顧問,220106,具備醫學影像診斷與放射醫療專業能力，熟悉放射設備操作、影像判讀及醫療品質評鑑機制，適合擔任顧問，從事醫療機構影像部門管理、設備規劃及專業諮詢建議工作。,,
精神科醫官,8D25,"1.臨床評估與醫療服務執行
1.1執行心理健康相關評估、診斷與治療作業。
1.2提供門診、急診及住院個案之整合性醫療服務。
1.3依據個案狀況制定並調整治療與照護方案。
2.醫療文件管理與資料分析
2.1撰寫與管理醫療紀錄、處置紀錄及專業報告文件。
2.2彙整與分析檢查結果及相關醫療數據。
2.3建立疾病分類統計資料與視覺化分析報表。
3.醫療流程規劃與制度建立
3.1規劃心理健康相關作業流程與服務標準。
3.2建立並優化醫療作業程序與品質控管機制。
3.3推動標準作業流程落實以提升服務效率與一致性。",17醫療/美容/保建,醫師,170101,本項軍職專長人員均經國家考試通過取得「醫師」資格，可直接轉銜。,,
,,,17醫療/美容/保建,醫院行政管理人員,170112,具備精神科臨床診療與醫院行政管理能力，熟悉精神疾病治療、病歷管理及醫療程序，適合擔任醫院行政管理人員，從事醫院運作規劃與醫療管理工作。,,
,,,14教育/學術/研究,教授/副教授/助理教授,140201,具備精神科臨床診療與教學研究能力，熟悉精神疾病評估、治療及醫務管理程序，適合擔任教授/副教授/助理教授，從事精神醫學教學與臨床研究工作。,應取得教育部教授/副教授/助理教授資格,
,,,14教育/學術/研究,生物學專業研究人員,140309,具備精神科臨床診療與研究能力，熟悉精神疾病評估、治療及醫務管理流程，適合擔任生物學專業研究人員，從事精神醫學相關研究與學術發展工作。,,
,,,07工程/研發/生技,病理藥理研究人員,070208,具備精神科臨床與研究專業能力，熟悉精神疾病診療、醫務管理及教學流程，適合擔任病理藥理研究人員，從事精神醫學及相關藥理研究工作。,,
,,,02業務/貿易/銷售,醫藥業務代表,020306,具備精神科臨床與醫務管理專業能力，熟悉精神疾病診療、藥物使用及病歷管理，適合擔任醫藥業務代表，從事精神醫藥產品推廣與專業諮詢工作。,,
,,,22其他職類,顧問,220106,具備精神醫療與心理健康管理專業能力，熟悉疾病診斷治療、心理保健推動及醫療品質評鑑機制，適合擔任顧問，從事醫療機構營運管理、心理健康服務規劃及專業諮詢建議工作。,,
麻醉科醫官,8D33,"1.臨床麻醉作業執行與安全管理
1.1執行各類手術及醫療處置之麻醉評估與操作。
1.2依個案狀況制定麻醉計畫並進行即時調整。
1.3監測生理狀態並確保麻醉過程之安全與穩定。
2.醫療文件管理與資料分析
2.1撰寫與管理麻醉相關紀錄及專業文件。
2.2執行跨專業會診溝通並整合臨床資訊。
2.3建立疾病分類統計資料與分析報表。
3.醫療流程規劃與制度建立
3.1規劃麻醉相關作業流程與標準作業程序。
3.2建立與優化臨床作業規範及風險控管機制。
3.3推動標準作業流程落實以提升服務效率與一致性。",17醫療/美容/保建,麻醉科醫師,170103,具備麻醉科專業知識與手術麻醉經驗，熟悉麻醉紀錄、器材管理及醫院運作流程，適合擔任麻醉科醫師，從事手術麻醉及醫療管理工作。,應取得衛福部「醫師」證照,
,,,17醫療/美容/保建,醫院行政管理人員,170112,具備麻醉科臨床與管理專業能力，熟悉手術麻醉實施、紀錄管理及醫院運作流程，適合擔任醫院行政管理人員，從事醫療行政及科室管理工作。,,
,,,14教育/學術/研究,教授/副教授/助理教授,140201,具備麻醉科臨床與教學專業能力，熟悉手術麻醉實務、醫療研究及教育訓練，適合擔任教授/副教授/助理教授，從事麻醉學教學與臨床研究工作。,應取得教育部教授/副教授/助理教授資格,
,,,14教育/學術/研究,生物學專業研究人員,140309,具備麻醉科臨床操作與研究能力，熟悉手術麻醉實務、醫療數據統計及教學工作，適合擔任生物學專業研究人員，從事麻醉學相關臨床研究與教育工作。,,
,,,07工程/研發/生技,病理藥理研究人員,070208,具備麻醉科臨床操作與研究能力，熟悉手術麻醉流程、麻醉器材管理及臨床資料統計，適合擔任病理藥理研究人員，從事麻醉藥理及相關生技研發工作。,,
,,,02業務/貿易/銷售,醫藥業務代表,020306,具備麻醉科臨床實務與醫療管理能力，熟悉麻醉藥物使用與手術流程，適合擔任醫藥業務代表，從事麻醉藥品及醫療器材推廣與銷售工作。,,
,,,22其他職類,顧問,220106,具備麻醉醫療與手術支援專業能力，熟悉麻醉流程管理、醫療安全控管及品質評鑑機制，適合擔任顧問，從事醫療機構手術與麻醉管理、流程優化及專業諮詢建議工作。,,
病理檢驗科醫官,8D44,"1.檢驗作業執行與結果判讀
1.1執行病理與檢驗相關作業流程，確保檢體處理與分析之準確性。
1.2進行檢驗結果判讀並提供專業分析意見。
1.3支援臨床決策所需之檢驗資訊與專業建議。
2.醫療資料管理與統計分析
2.1建立與維護疾病分類及檢驗數據資料庫。
2.2執行統計分析並產出視覺化報表。
2.3應用數據分析結果支援決策與品質改善。
3.作業流程規劃與制度建立
3.1規劃檢驗相關作業流程與標準作業程序。
3.2建立並優化檢驗品質管理制度與作業規範。
3.3推動流程標準化以提升作業效率與準確性。",17醫療/美容/保建,醫師,170101,本項軍職專長人員均經國家考試通過取得「醫師」資格，可直接轉銜。,,
,,,17醫療/美容/保建,醫院行政管理人員,170112,具備病理檢驗科診斷與研究能力，熟悉檢驗業務流程、統計分析及醫務計劃，適合擔任醫院行政管理人員，從事醫療行政與品質管理工作。,,
,,,14教育/學術/研究,教授/副教授/助理教授,140201,具備病理檢驗科專業知識與臨床研究能力，熟悉醫學教學與科研流程，適合擔任教授/副教授/助理教授，從事病理檢驗科教育與學術研究工作。,應取得教育部教授/副教授/助理教授資格,
,,,14教育/學術/研究,生物學專業研究人員,140309,具備病理檢驗科專業知識與實驗研究能力，熟悉疾病檢驗、統計分析及科研教學流程，適合擔任生物學專業研究人員，從事病理檢驗與相關生物學研究工作。,,
,,,07工程/研發/生技,病理藥理研究人員,070208,具備病理檢驗科專業技能與實驗操作經驗，熟悉疾病檢驗流程、統計分析及研究方法，適合擔任病理藥理研究人員，從事病理檢驗與藥理相關研發工作。,,
,,,02業務/貿易/銷售,醫藥業務代表,020306,具備病理檢驗科專業知識與臨床檢驗經驗，熟悉醫藥產品特性及檢驗流程，適合擔任醫藥業務代表，從事醫藥產品推廣與業務拓展工作。,,
,,,22其他職類,顧問,220106,具備病理診斷與實驗室管理專業能力，熟悉檢驗流程、疾病分類統計及醫療品質評鑑機制，適合擔任顧問，從事醫療機構檢驗部門管理、品質優化及專業諮詢建議工作。,,
眼科醫官,8D63,"1.臨床評估與醫療服務執行
1.1執行視覺與眼部健康相關檢查、診斷與治療作業。
1.2提供門診、急診及住院個案之整合性醫療服務。
1.3依據個案狀況制定並調整治療與照護方案。
2.醫療文件管理與資料分析
2.1撰寫與管理醫療紀錄、處方內容及專業報告文件。
2.2整合會診資訊與檢查結果進行分析與判讀。
2.3建立疾病分類統計資料與視覺化分析報表。
3.醫療設備操作與技術應用
3.1操作各類眼科相關醫療設備進行檢測與治療。
3.2確保設備使用符合操作規範與安全標準。
3.3應用專業技術提升診斷準確性與治療效果。",17醫療/美容/保建,醫師,170101,本項軍職專長人員均經國家考試通過取得「醫師」資格，可直接轉銜。,,
,,,17醫療/美容/保建,醫院行政管理人員,170112,具備眼科臨床診治、醫務規劃及教學研究經驗，熟悉醫院行政及病歷管理流程，適合擔任醫院行政管理人員，從事醫療業務統籌、品質控管及行政管理工作。,,
,,,14教育/學術/研究,教授/副教授/助理教授,140201,具備眼科臨床診療、研究與教學經驗，熟悉醫務規劃與課程設計，適合擔任教授/副教授/助理教授，從事眼科醫學教學、學術研究及專業人才培訓工作。,應取得教育部教授/副教授/助理教授資格,
,,,14教育/學術/研究,生物學專業研究人員,140309,具備眼科臨床診療與研究經驗，熟悉醫務規劃及臨床數據分析，適合擔任生物學專業研究人員，從事眼科疾病研究、臨床試驗及學術專題研究工作。,,
,,,07工程/研發/生技,病理藥理研究人員,070208,具備眼科臨床診療與醫學研究經驗，熟悉病理與藥理分析及醫療器械操作，適合擔任病理藥理研究人員，從事眼科疾病相關研發與臨床研究工作。,,
,,,22其他職類,顧問,220106,具備眼科臨床診療與醫院管理經驗，熟悉醫療流程、教學與評鑑作業，適合擔任顧問，從事醫院行政及專業醫療諮詢工作。,,
耳鼻喉科醫官,8D73,"1.臨床評估與醫療服務執行
1.1執行耳鼻喉相關疾病之檢查、診斷與治療作業。
1.2提供門診、急診及住院個案之整合性醫療服務。
1.3依據個案狀況制定並調整治療與照護方案。
2.醫療文件管理與資料分析
2.1撰寫與管理醫療紀錄、處方內容及專業報告文件。
2.2整合會診資訊與檢查結果進行分析與判讀。
2.3建立疾病分類統計資料與視覺化分析報表。
3.醫療設備操作與技術應用
3.1操作各類耳鼻喉相關醫療設備進行檢測與治療。
3.2確保設備使用符合操作規範與安全標準。
3.3應用專業技術提升診斷準確性與治療效果。",17醫療/美容/保建,醫師,170101,本項軍職專長人員均經國家考試通過取得「醫師」資格，可直接轉銜。,,
,,,17醫療/美容/保建,醫院行政管理人員,170112,具備耳鼻喉科臨床診治、病歷管理及醫務規劃經驗，熟悉醫院行政運作與評鑑流程，適合擔任醫院行政管理人員，從事醫務管理、資源協調及品質監控等工作。,,
,,,14教育/學術/研究,教授/副教授/助理教授,140201,具備耳鼻喉科臨床診治、醫務規劃及教學研究經驗，熟悉病歷管理與醫院評鑑流程，適合擔任教授/副教授/助理教授，從事醫學教育、臨床指導及專業研究工作。,應取得教育部教授/副教授/助理教授資格,
,,,14教育/學術/研究,生物學專業研究人員,140309,具備耳鼻喉科臨床診治、醫療研究及教學經驗，熟悉病歷管理與醫務規劃流程，適合擔任生物學專業研究人員，從事醫學研究、臨床資料分析及實驗研究工作。,,
,,,07工程/研發/生技,病理藥理研究人員,070208,具備耳鼻喉科臨床診治、醫療研究與教學經驗，熟悉病歷管理、醫療器械操作及醫務規劃流程，適合擔任病理藥理研究人員，從事醫學研究、實驗設計及臨床資料分析工作。,,
,,,02業務/貿易/銷售,醫藥業務代表,020306,具備耳鼻喉科臨床診斷與治療經驗，熟悉病歷管理、醫療器械操作及醫務計劃流程，適合擔任醫藥業務代表，從事醫療產品推廣與專業諮詢工作。,,
,,,22其他職類,顧問,220106,具備耳鼻喉臨床診斷與治療專業能力，熟悉醫療器械操作、病歷書寫及疾病統計分析，適合擔任顧問，從事醫療機構耳鼻喉科專業諮詢、教學輔導及品質管理工作。,,
婦產科醫官,8D83,"1.臨床評估與醫療服務執行
1.1執行女性健康與生殖相關檢查、診斷與治療作業。
1.2提供門診、急診及住院個案之整合性醫療服務。
1.3依個案狀況制定並調整治療與照護方案。
2.醫療文件管理與資料分析
2.1撰寫與管理醫療紀錄、處方內容及專業報告文件。
2.2整合會診資訊與檢查結果進行分析與判讀。
2.3建立疾病分類統計資料與視覺化分析報表。
3.醫療設備操作與技術應用
3.1操作婦產相關醫療設備進行檢測與治療。
3.2確保設備使用符合操作規範與安全標準。
3.3應用專業技術提升診斷準確性與治療效果。",17醫療/美容/保建,醫師,170101,本項軍職專長人員均經國家考試通過取得「醫師」資格，可直接轉銜。,,
,,,17醫療/美容/保建,醫院行政管理人員,170112,具備婦產科臨床診治、病歷管理及醫務規劃經驗，熟悉醫院行政運作與評鑑流程，適合擔任醫院行政管理人員，從事醫務管理、資源協調、品質監控及行政督導等工作。,,
,,,14教育/學術/研究,教授/副教授/助理教授,140201,具備婦產科臨床診治、醫務規劃及教學研究經驗，熟悉病歷管理與醫院評鑑流程，適合擔任教授/副教授/助理教授，從事醫學教育、臨床指導及專業研究工作。,應取得教育部教授/副教授/助理教授資格,
,,,14教育/學術/研究,生物學專業研究人員,140309,具備婦產科臨床診治、醫療研究及教學經驗，熟悉病歷管理與醫務規劃流程，適合擔任生物學專業研究人員，從事醫學研究、臨床資料分析及實驗研究工作。,,
,,,07工程/研發/生技,病理藥理研究人員,070208,具備婦產科臨床診治、醫療研究與教學經驗，熟悉病歷管理、醫療器械操作及醫務規劃流程，適合擔任病理藥理研究人員，從事醫學研究、實驗設計及臨床資料分析工作。,,
,,,02業務/貿易/銷售,醫藥業務代表,020306,具備婦產科臨床診療與醫務管理經驗，熟悉醫療器械操作及病歷與檢查報告管理流程，適合擔任醫藥業務代表，從事醫療產品推廣與專業諮詢工作。,,
,,,22其他職類,顧問,220106,具備婦產科臨床診斷與治療專業能力，熟悉醫療器械操作、病歷書寫及疾病統計分析，適合擔任顧問，從事醫療機構婦產科專業諮詢、教學輔導及品質管理工作。,,
皮膚科醫官,8D93,"1.臨床評估與醫療服務執行
1.1執行皮膚健康相關檢查、診斷與治療作業。
1.2提供門診及住院個案之整合性醫療服務。
1.3依個案狀況制定並調整治療與照護方案。
2.醫療文件管理與資料分析
2.1撰寫與管理醫療紀錄、處方內容及專業報告文件。
2.2整合會診資訊與檢查結果進行分析與判讀。
2.3建立疾病分類統計資料與視覺化分析報表。
3.醫療設備操作與技術應用
3.1操作皮膚相關醫療設備進行檢測與治療。
3.2確保設備使用符合操作規範與安全標準。
3.3應用專業技術提升診斷準確性與治療效果。",17醫療/美容/保建,醫師,170101,本項軍職專長人員均經國家考試通過取得「醫師」資格，可直接轉銜。,,
,,,17醫療/美容/保建,醫院行政管理人員,170112,具備皮膚科臨床診治、病歷管理及醫務規劃經驗，熟悉醫院行政及評鑑流程，適合擔任醫院行政管理人員，從事醫務管理、病歷監控、資源協調及品質督導等工作。,,
,,,02業務/貿易/銷售,醫藥業務代表,020306,具備皮膚科臨床診療與醫務管理經驗，熟悉醫療器械操作與病歷管理流程，適合擔任醫藥業務代表，從事醫療產品推廣及專業諮詢工作。,,
,,,14教育/學術/研究,教授/副教授/助理教授,140201,具備皮膚科臨床診治、醫務規劃及教學研究經驗，熟悉病歷管理、醫療器械操作及醫院評鑑流程，適合擔任教授/副教授/助理教授，從事醫學教育、研究及臨床指導工作。,應取得教育部教授/副教授/助理教授資格,
,,,14教育/學術/研究,生物學專業研究人員,140309,具備皮膚科臨床診治、醫療研究與教學經驗，熟悉病歷管理與醫務規劃流程，適合擔任生物學專業研究人員，從事醫療研究、教學及臨床資料分析等工作。,,
,,,07工程/研發/生技,病理藥理研究人員,070208,具備皮膚科臨床診斷、治療與研究經驗，熟悉醫療儀器操作、病歷管理及醫務規劃，適合擔任病理藥理研究人員，從事醫學研究、技術開發及臨床實驗工作。,,
,,,22其他職類,顧問,220106,具備臨床醫療與醫療管理專業能力，熟悉疾病診斷治療、醫療流程運作及品質評鑑機制，適合擔任顧問，從事醫療機構營運管理、制度規劃及專業諮詢建議工作。,,
航空醫學醫官,8.00E+53,"1.職業健康管理與適任性評估
1.1規劃並執行高風險作業人員之健康檢查與預防保健措施。
1.2建立與修訂人員健康與體能評估標準。
1.3依健康狀況評估作業適任性並提供調整建議。
2.緊急醫療應變與現場處置
2.1執行突發事件之緊急醫療處置與救護作業。
2.2於移動或特殊環境中提供即時醫療支援。
2.3確保緊急應變流程符合安全與作業規範。
3.生理與心理狀態監測管理
3.1監測人員生理與心理狀態變化並進行評估。
3.2建立健康追蹤與風險預警機制。
3.3提供健康促進與壓力管理建議以維持最佳狀態。",17醫療/美容/保建,醫師,170101,本項軍職專長人員均經國家考試通過取得「醫師」資格，可直接轉銜。,,
,,,17醫療/美容/保建,醫院行政管理人員,170112,具備航空醫學臨床與預防保健經驗，熟悉空勤人員健康管理、飛行安全及醫務裝備運用，適合擔任醫院行政管理人員，從事醫療規劃、健康監控及醫務管理工作。,,
,,,14教育/學術/研究,教授/副教授/助理教授,140201,具備航空醫學臨床與教學研究經驗，熟悉空勤人員健康管理、飛行安全及醫務規劃，適合擔任教授/副教授/助理教授，從事航空醫學教學、研究與專業指導工作。,應取得教育部教授/副教授/助理教授資格,
,,,14教育/學術/研究,生物學專業研究人員,140309,具備航空醫學臨床、研究及裝備管理經驗，熟悉空勤人員健康監測、飛行安全與醫務規劃流程，適合擔任生物學專業研究人員，從事航空醫學研究、資料分析及專業技術指導工作。,,
,,,02業務/貿易/銷售,醫藥業務代表,020306,具備航空醫學臨床與空勤人員健康管理經驗，熟悉飛行醫療救護與體格標準流程，適合擔任醫藥業務代表，從事醫療產品推廣及專業諮詢工作。,,
,,,07工程/研發/生技,病理藥理研究人員,070208,具備航空醫學臨床、研究與裝備管理經驗，熟悉空勤人員健康監測、醫務規劃及飛行安全流程，適合擔任病理藥理研究人員，從事醫學研究、實驗設計及專業技術指導工作。,,
,,,22其他職類,顧問,220106,具備航空醫學臨床與研究經驗，熟悉空勤人員健康管理、飛行安全規範及醫務規劃流程，適合擔任顧問，從事專業醫學諮詢、健康管理建議及醫務政策指導工作。,,
海底醫學醫官,8.00E+73,"1.職業健康管理與適任性評估
1.1規劃並執行高風險環境作業人員之健康檢查與預防保健措施。
1.2建立與修訂耐壓、耐氧等生理適應能力評估標準。
1.3依健康與測試結果評估作業適任性並提供調整建議。
2.特殊環境醫療評估與治療
2.1執行壓力相關健康問題之檢查、診斷與治療作業。
2.2提供門診、急診及住院個案之整合性醫療服務。
2.3依個案狀況制定並調整治療與照護方案。
3.醫療文件管理與資料分析
3.1撰寫與管理醫療紀錄、處方內容及專業報告文件。
3.2整合檢查結果與會診資訊進行分析與判讀。
3.3建立疾病分類統計資料與視覺化分析報表。",17醫療/美容/保建,醫師,170101,本項軍職專長人員均經國家考試通過取得「醫師」資格，可直接轉銜。,,
,,,17醫療/美容/保建,醫院行政管理人員,170112,具備海底醫學臨床診療、減壓病處理、病歷管理及高壓艙操作經驗，熟悉醫務計畫規劃與醫院行政流程，適合擔任醫院行政管理人員；從事醫療作業協調、資源管理及行政監督工作。,,
,,,14教育/學術/研究,教授/副教授/助理教授,140201,具備海底醫學臨床診療、減壓病處理、高壓艙操作及教學研究經驗，熟悉醫務計畫規劃與臨床研究流程，適合擔任教授/副教授/助理教授，從事教學、研究與專業指導工作。,應取得教育部教授/副教授/助理教授資格,
,,,14教育/學術/研究,生物學專業研究人員,140309,具備海底醫學臨床診療、減壓病檢查、高壓艙操作及教學研究經驗，熟悉人體生理監測與醫務計畫規劃，適合擔任生物學專業研究人員，從事生物學研究與專業實驗工作。,,
,,,07工程/研發/生技,病理藥理研究人員,070208,具備海底醫學臨床診療、減壓病檢查及高壓艙操作經驗，熟悉人體生理監測、醫務計畫與研究作業，適合擔任病理藥理研究人員，從事病理與藥理研究及專業實驗工作。,,
,,,02業務/貿易/銷售,醫藥業務代表,020306,具備海底醫學臨床與預防保健經驗，熟悉潛水與高壓醫療作業流程，適合擔任醫藥業務代表，從事專業醫療產品推廣與客戶諮詢工作。,,
,,,22其他職類,顧問,220106,具備海底醫學臨床與預防保健經驗，熟悉潛水、減壓病檢查及高壓艙操作管理，適任顧問，從事專業諮詢、技術指導及醫務管理工作。,,
牙醫官,8F03,"1.臨床評估與醫療服務執行
1.1執行口腔與牙齒健康檢查、診斷與治療作業。
1.2提供門診及住院個案之整合性醫療服務。
1.3依個案狀況制定並調整治療與照護方案。
2.醫療文件管理與資料分析
2.1撰寫與管理醫療紀錄、處方內容及專業報告文件。
2.2整合會診資訊與檢查結果進行分析與判讀。
2.3建立疾病分類統計資料與視覺化分析報表。
3.醫療設備操作與技術應用
3.1操作各類牙科相關醫療設備進行檢測與治療。
3.2確保設備使用符合操作規範與安全標準。
3.3應用專業技術提升診斷準確性與治療效果。",17醫療/美容/保建,牙醫師,170102,本項軍職專長人員均經國家考試通過取得「牙醫師」資格，可直接轉銜。,,
,,,17醫療/美容/保建,醫院行政管理人員,170112,具備牙科臨床診療、病歷管理、醫療器械操作及醫務計畫規劃等實務，熟悉醫院行政與醫療管理流程，適合擔任醫院行政管理人員；從事醫療作業協調、教學指導及評鑑支援等工作。,,
,,,14教育/學術/研究,教授/副教授/助理教授,140201,具備牙科臨床診療、病歷管理、醫療器械操作及教學研究經驗，熟悉醫學教育與臨床研究流程，適合擔任教授/副教授/助理教授，從事教學授課、臨床指導與醫學研究工作。,應取得教育部教授/副教授/助理教授資格,
,,,14教育/學術/研究,生物學專業研究人員,140309,具備牙科臨床診療、病歷管理、醫療器械操作及教學研究經驗，熟悉生物醫學研究與臨床資料分析流程，適合擔任生物學專業研究人員；從事臨床研究、資料分析及醫學實驗工作。,,
,,,07工程/研發/生技,病理藥理研究人員,070208,具備牙科臨床診療、病歷管理、醫療器械操作及研究教學經驗，熟悉病理與藥理研究流程，適合擔任病理藥理研究人員；從事臨床研究、醫療技術分析及實驗研究等工作。,,
,,,22其他職類,顧問,220106,具備牙科臨床診療、醫務計畫規劃、病歷管理及教學研究經驗，熟悉醫院運作與專業流程，適合擔任顧問；提供醫療管理、專業指導及政策建議等諮詢服務。,,
藥事督導官,8G01,"1.藥事策略規劃與制度管理
1.1規劃藥事部門政策與管理制度。
1.2建立並優化作業流程與標準作業規範。
1.3推動制度執行並進行成效評估與持續改善。
2.醫療物資與供應鏈管理
2.1規劃藥品、醫療耗材及相關設備之供應與配置。
2.2管理供應流程並確保資源運用效率。
2.3建立庫存與補給管理機制以維持供應穩定。
3.部門營運管理與績效監督
3.1督導部門日常作業運行與品質控管。
3.2建立績效評估機制並進行成效分析。
3.3提出營運優化建議以提升整體運作效能。",17醫療/美容/保建,藥師,170108,本項軍職專長人員均經國家考試通過取得「藥師」資格，可直接轉銜。,,
,,,17醫療/美容/保建,醫院行政管理人員,170112,具備藥品管理、庫存帳務處理等相關實務，熟悉藥品流通與效期控管流程，適合擔任醫院行政管理人員；從事藥品管理與醫療服務等工作。,,
,,,02業務/貿易/銷售,醫藥業務代表,020306,具備藥品調配管理、藥理知識應用等相關實務，熟悉藥品說明與流通控管，適合擔任醫藥業務代表；從事產品專業解說與醫療通路維護等工作。,,
,,,01經營/行政/總務,行政總務主管,010301,具備藥品管理、資源配置調度等相關實務，熟悉行政流程控管與協調運作機制，適合擔任行政總務主管；從事行政統籌管理與資源調度等工作。,,
,,,07工程/研發/生技,病理藥理研究人員,070208,具備藥事管理與醫藥專業能力，熟悉藥物管理、醫療物資規劃及制度流程，適合擔任病理藥理研究人員，從事藥物機制、藥效評估及相關醫學研究工作。,,
,,,22其他職類,顧問,220106,具備藥事政策規劃與醫療物資管理專業能力，熟悉藥品管理、制度建立及評鑑考核機制，適合擔任顧問，從事醫療機構藥事管理、制度規劃及營運改善建議工作。,,
藥學（劑）官,8G03,"1.藥品研發與實驗分析
1.1執行藥物相關研發與製劑設計作業。
1.2進行天然物、食品及化學物質之成分分析與鑑定。
1.3規劃並執行實驗研究以驗證產品效能與安全性。
2.藥品使用規範與標準制定
2.1制定藥品使用原則與管理標準。
2.2建立用藥安全與風險控管機制。
2.3推動標準化用藥流程以提升使用品質。
3.藥事服務與臨床支援
3.1提供藥物相關專業建議與諮詢服務。
3.2推動特殊用藥服務（如營養支持、輸液製劑管理等）。
3.3建立藥物安全監測機制，包括不良反應通報與濃度監測。",17醫療/美容/保建,藥師,170108,本項軍職專長人員均經國家考試通過取得「藥師」資格，可直接轉銜。,,
,,,14教育/學術/研究,教授/副教授/助理教授,140201,具備藥物研究開發、藥理分析經驗，熟悉藥物使用標準制定、臨床藥學服務規劃，適合擔任教授/副教授/助理教授，從事醫學教育、研究及臨床指導工作。,應取得教育部教授/副教授/助理教授資格,
,,,17醫療/美容/保建,醫院行政管理人員,170112,具備藥品管理、庫存帳務處理等相關實務，熟悉藥品流通與效期控管流程，適合擔任醫院行政管理人員；從事藥品管理與醫療服務等工作。,,
,,,02業務/貿易/銷售,醫藥業務代表,020306,具備藥品調配管理、藥理知識應用等相關實務，熟悉藥品說明與流通控管，適合擔任醫藥業務代表；從事產品專業解說與醫療通路維護等工作。,,
,,,07工程/研發/生技,病理藥理研究人員,070208,具備藥理學與藥物研發專業能力，熟悉藥物分析、動物試驗及藥效評估流程，適合擔任病理藥理研究人員，從事藥物機制、毒理分析及新藥研發相關研究工作。,,
藥事行政官,8G34,"1.藥品庫存與帳務管理
1.1管理藥品庫存、儲存條件及效期控管機制。
1.2執行庫存盤點與帳務紀錄維護。
1.3確保庫存資訊正確性與符合作業規範。
2.藥品使用管理與行政流程執行
2.1執行藥品使用管理與配發相關作業流程。
2.2辦理行政作業與文件審查流程。
2.3支援內部審議機制運作與決策流程。
3.藥品政策與供應計畫規劃
3.1制定藥品使用原則與管理規範。
3.2規劃藥品供應與補給作業計畫。
3.3辦理新產品導入與申請相關行政流程。",02業務/貿易/銷售,醫藥業務代表,020306,具備藥品調配管理、藥理知識應用等相關實務，熟悉藥品說明與流通控管，適合擔任醫藥業務代表；從事產品專業解說與醫療通路維護等工作。,,
,,,17醫療/美容/保建,醫院行政管理人員,170112,具備藥品管理、庫存帳務處理等相關實務，熟悉藥品流通與效期控管流程，適合擔任醫院行政管理人員；從事藥品管理與醫療服務等工作。,,
,,,01經營/行政/總務,行政總務主管,010301,具備藥品管理、資源配置調度等相關實務，熟悉行政流程控管與協調運作機制，適合擔任行政總務主管；從事行政統籌管理與資源調度等工作。,,
,,,15物流/運輸/資材,採購人員,150303,具備藥品管理與醫療物資規劃專業能力，熟悉藥品採購、庫存控管及供應流程，適合擔任採購人員，從事物資採購、供應鏈管理及成本控管相關工作。,,
護理督導官,8H01,"1.護理策略規劃與制度管理
1.1規劃護理部門政策與管理制度。
1.2建立並優化作業流程與標準作業規範。
1.3推動制度執行並進行成效評估與持續改善。
2.護理營運管理與績效監督
2.1規劃與管理護理部門日常營運作業。
2.2督導作業執行品質並確保服務標準一致性。
2.3建立績效評估機制並進行成效分析與改善。
3.組織管理與人力發展
3.1規劃人力配置與資源調度以支援部門運作。
3.2督導人員專業發展與教育訓練推動。
3.3建立團隊管理機制以提升整體運作效能。",17醫療/美容/保建,護理師/護士,170115,本項軍職專長人員均經國家考試通過取得「護理師」資格，可直接轉銜。,,
,,,17醫療/美容/保建,醫院行政管理人員,170112,具備整體性病患照護、專科護理諮詢、教育訓練規劃及品質改善等實務，熟悉醫療作業與護理管理流程，適合擔任醫院行政管理人員；從事護理支援、作業協調及醫療行政管理等工作。,,
,,,17醫療/美容/保建,勞工健康服務護理人員,170132,具備護理管理與職場健康促進專業能力，熟悉健康評估、疾病預防及醫療品質管理，適合擔任勞工健康服務護理人員，從事員工健康管理、職業衛生推動及健康促進服務工作。,,
,,,17醫療/美容/保建,照顧實務指導員,170133,具備護理管理與教學督導專業能力，熟悉照護流程、品質管理及人員培訓機制，適合擔任照顧實務指導員，從事照護人員訓練、實務指導及服務品質提升工作。,,
,,,14教育/學術/研究,教授/副教授/助理教授,140201,具備護理政策規劃、專業教育訓練實務經驗，熟悉護理作業流程優化、醫療品質管理，適合擔任教授/副教授/助理教授，從事醫學教育、研究及臨床指導工作。,應取得教育部教授/副教授/助理教授資格,
,,,02業務/貿易/銷售,醫藥業務代表,020306,具備護理管理與醫療制度規劃專業能力，熟悉醫療流程、品質管理及評鑑機制，適合擔任醫藥業務代表，從事醫療產品推廣、專業諮詢及醫療市場開發工作。,,
,,,01經營/行政/總務,行政總務人員,010302,具備病患照護、健康評估、專科護理諮詢及教育訓練協調實務，熟悉醫療行政與作業流程，適合擔任行政總務人員；從事作業規劃、資源管理及行政協調等工作。,,
,,,22其他職類,顧問,220106,具備護理管理與醫療制度規劃專業能力，熟悉臨床流程、品質管理及評鑑考核機制，適合擔任顧問，從事醫療機構護理管理、制度優化及營運改善建議工作。,,
護理官,8H13,"1.臨床照護執行與個案管理
1.1提供個案整體性與持續性健康照護服務。
1.2評估個案健康狀況並制定照護計畫。
1.3持續追蹤照護成效並進行調整與優化。
2.健康需求評估與問題解決
2.1識別個案健康問題與照護需求。
2.2執行照護介入措施以改善健康狀況。
2.3提供支持性服務以促進個案穩定與恢復。
3.專業諮詢與跨部門協作
3.1提供護理相關專業諮詢與建議。
3.2與相關單位協作整合照護資源。
3.3支援跨專業團隊溝通與決策。",17醫療/美容/保建,護理師/護士,170115,本項軍職專長人員均經國家考試通過取得「護理師」資格，可直接轉銜。,,
,,,17醫療/美容/保建,醫院行政管理人員,170112,具備整體性病患照護、專科護理諮詢、教育訓練規劃及品質改善等實務，熟悉醫療作業與護理管理流程，適合擔任醫院行政管理人員；從事護理支援、作業協調及醫療行政管理等工作。,,
,,,17醫療/美容/保建,勞工健康服務護理人員,170132,具備臨床護理與健康管理專業能力，熟悉健康評估、疾病預防及護理照護流程，適合擔任勞工健康服務護理人員，從事員工健康管理、職業衛生推動及健康促進服務工作。,,
,,,17醫療/美容/保建,照顧實務指導員,170133,具備臨床護理與照護實務專業能力，熟悉病患照護流程、健康評估及護理品質管理，適合擔任照顧實務指導員，從事照護人員訓練、實務指導及服務品質提升工作。,,
,,,02業務/貿易/銷售,醫藥業務代表,020306,具備臨床護理與病患照護專業能力，熟悉醫療流程、健康評估及護理品質管理，適合擔任醫藥業務代表，從事醫療產品推廣、專業諮詢及醫療市場開發工作。,,
,,,01經營/行政/總務,行政總務人員,010302,具備病患照護、健康評估、專科護理諮詢及教育訓練協調實務，熟悉醫療行政與作業流程，適合擔任行政總務人員；從事作業規劃、資源管理及行政協調等工作。,,
航空醫學護理官,8H33,"1.特殊環境護理服務規劃與管理
1.1規劃特殊環境下之護理服務內容與作業流程。
1.2建立護理作業標準與執行規範。
1.3管理護理服務運作並進行品質監控。
2.移動式醫療照護執行
2.1提供移動環境中個案之基礎與進階護理照護服務。
2.2監測個案生理狀況並執行即時處置。
2.3確保照護過程符合安全規範與品質標準。",17醫療/美容/保建,護理師/護士,170115,本項軍職專長人員均經國家考試通過取得「護理師」資格，可直接轉銜。,,
,,,17醫療/美容/保建,醫院行政管理人員,170112,具備航空護理業務計畫與空運傷患護理實務，熟悉醫療作業與護理管理流程，適合擔任醫院行政管理人員；從事護理支援、作業協調及醫療行政管理等工作。,,
,,,17醫療/美容/保建,勞工健康服務護理人員,170132,具備臨床護理與特殊環境醫療照護能力，熟悉傷患轉運、健康評估及緊急處置流程，適合擔任勞工健康服務護理人員，從事員工健康管理、職業衛生推動及健康促進服務工作。,,
,,,17醫療/美容/保建,照顧實務指導員,170133,具備臨床護理與傷患照護實務能力，熟悉護理流程、健康評估及緊急處置作業，適合擔任照顧實務指導員，從事照護人員訓練、實務指導及服務品質提升工作。,,
,,,14教育/學術/研究,教授/副教授/助理教授,140201,具備航空護理業務規劃及空運傷患護理實務，熟悉護理教學與臨床研究流程，適合擔任教授/副教授/助理教授，從事教學授課、臨床研究與專業指導等工作。,應取得教育部教授/副教授/助理教授資格,
,,,14教育/學術/研究,生物學專業研究人員,140309,具備航空護理業務規劃與空運傷患護理實務，熟悉生物醫學研究與臨床資料分析流程，適合擔任生物學研究人員；從事臨床研究、資料分析及醫學實驗研究等工作。,,
,,,07工程/研發/生技,病理藥理研究人員,070208,具備航空護理業務規劃與空運傷患護理實務，熟悉病理與藥理研究流程，適合擔任病理藥理研究人員；從事臨床研究、醫療技術分析及實驗研究等工作。,,
海底醫學護理官,8H34,"1.特殊環境護理服務規劃與管理
1.1規劃高壓與特殊環境下之護理服務內容與作業流程。
1.2建立護理作業標準與執行規範。
1.3管理護理服務運作並進行品質監控。
2.移動式與現場照護執行
2.1提供特殊環境或移動情境中之護理照護服務。
2.2監測個案生理狀況並執行即時處置。
2.3確保照護過程符合安全規範與作業標準。
3.緊急應變與風險控管
3.1執行突發健康事件之緊急護理處置。
3.2評估環境壓力與作業風險並採取應對措施。
3.3維持照護過程之穩定性與安全性。",17醫療/美容/保建,護理師/護士,170115,本項軍職專長人員均經國家考試通過取得「護理師」資格，可直接轉銜。,,
,,,17醫療/美容/保建,醫院行政管理人員,170112,具備潛水病患評估與護理、壓力艙醫療器材檢查及衛教說明等實務，熟悉醫療作業與護理管理流程，適合擔任醫院行政管理人員；從事護理支援、設備管理及醫療作業協調等工作。,,
,,,17醫療/美容/保建,勞工健康服務護理人員,170132,具備臨床護理與特殊環境醫療照護專業能力，熟悉健康評估、緊急處置及職業傷病預防，適合擔任勞工健康服務護理人員，從事員工健康管理、職業衛生推動及健康促進服務工作。,,
,,,17醫療/美容/保建,照顧實務指導員,170133,具備臨床護理與特殊環境照護專業能力，熟悉病患評估、護理流程及緊急應變處置，適合擔任照顧實務指導員，從事照護人員訓練、實務指導及服務品質提升工作。,,
,,,14教育/學術/研究,教授/副教授/助理教授,140201,具備潛水病患評估與護理、壓力艙醫療器材操作及衛教指導等實務，熟悉醫療教學與臨床研究流程，適合擔任教授/副教授/助理教授，從事教學授課、臨床研究與專業指導等工作。,應取得教育部教授/副教授/助理教授資格,
,,,14教育/學術/研究,生物學專業研究人員,140309,具備潛水病患評估、護理及壓力艙醫療器材操作與衛教指導，熟悉生物醫學研究流程，適合擔任生物學研究人員；從事臨床研究、資料分析及醫學實驗等工作。,,
,,,07工程/研發/生技,病理藥理研究人員,070208,具備潛水病患評估、護理及壓力艙醫療器材操作與衛教指導等實務，熟悉病理與藥理研究流程，適合擔任病理藥理研究人員；從事臨床研究、資料分析及醫療實驗研究等工作。,,
,,,17醫療/美容/保建,醫療設備操控人員,170128,具備臨床護理與醫療設備操作專業能力，熟悉壓力艙設備運作、病患評估及安全監控流程，適合擔任醫療設備操控人員，從事醫療設備操作、監控及相關照護支援工作。,,
,,,22其他職類,顧問,220106,具備潛水病患評估、護理及壓力艙醫療器材操作與衛教指導等實務，熟悉醫療作業與臨床管理流程，適合擔任顧問；從事醫療技術諮詢、作業規劃與專業指導等工作。,,
醫事技術督導官,8J01,"1.醫療品質管理與評鑑執行
1.1規劃與執行醫療品質管理與評鑑制度。
1.2建立品質指標並進行績效監控。
1.3推動品質改善與制度優化。
2.醫事教育與專業訓練管理
2.1規劃醫事人員教育訓練與教學制度。
2.2管理專業訓練與研究發展計畫。
2.3提升醫療專業能力與組織知識體系。
3.部門運作與績效管理
3.1督導醫療技術部門日常運作。
3.2建立績效評估與考核機制。
3.3提供管理決策與組織改善建議。",17醫療/美容/保建,醫事檢驗師,170105,具備醫事技術管理與教學督導專業能力，熟悉檢驗作業流程、品質管理及評鑑機制，適合擔任醫事檢驗師，從事檢體分析、實驗室管理及檢驗品質監控工作。,應取得衛福部「醫事檢驗師」證照,
,,,17醫療/美容/保建,醫院行政管理人員,170112,具備醫事技術教學規劃、研究管理、作業考核及醫院評鑑協助等實務，熟悉醫療行政與作業流程，適合擔任醫院行政管理人員；從事醫院行政管理、醫事技術督導、教學與評鑑支援等工作。,,
,,,14教育/學術/研究,教授/副教授/助理教授,140201,具備醫事技術教學規劃、研究管理、作業考核及醫院評鑑協助等實務，熟悉教學與研究流程，適合擔任大專院校教職；從事教學授課、專業研究及醫事技術指導等工作。,應取得教育部教授/副教授/助理教授資格,
,,,14教育/學術/研究,生物學專業研究人員,140309,具備醫事技術教學規劃、研究管理、作業考核及醫院評鑑協助等實務，熟悉生物與醫療研究流程，適合擔任生物學專業研究人員；從事醫事技術研究、資料分析及實驗研究等工作。,,
,,,07工程/研發/生技,病理藥理研究人員,070208,具備醫事技術教學規劃、研究管理、作業考核及醫院評鑑協助等實務，熟悉病理與藥理研究流程，適合擔任病理藥理研究人員；從事醫事技術研究、實驗設計與資料分析等工作。,,
,,,02業務/貿易/銷售,醫藥業務代表,020306,具備醫事技術部門管理與督導能力，熟悉醫院作業規劃、教學與評鑑流程，適合擔任醫藥業務代表，從事醫藥產品推廣、客戶諮詢及業務拓展工作。,,
,,,22其他職類,顧問,220106,具備醫事技術教學規劃、研究管理、作業考核及醫院評鑑協助等實務，熟悉醫療流程與管理運作，適合擔任顧問；從事醫療技術諮詢、作業規劃、管理輔導及專業指導等工作。,,
醫事技術官,8J23,"1.醫療技術操作與臨床支援
1.1執行專科醫事技術作業（檢驗、影像、復健等）。
1.2支援臨床診療與醫療流程。
1.3確保醫療操作符合專業標準。
2.醫療設備操作與管理
2.1操作各類醫療設備與儀器。
2.2進行設備日常檢查與基本維護。
2.3確保設備安全與穩定運行。
3.醫療研究與技術優化支援
3.1協助醫療研究與資料蒐集。
3.2參與技術流程優化與改進。
3.3支援醫療品質與技術提升。",17醫療/美容/保建,醫事檢驗師,170105,具備醫事檢驗與儀器操作專業能力，熟悉檢驗流程、設備維護及醫療技術應用，適合擔任醫事檢驗師，從事檢體分析、實驗操作及檢驗品質管理工作。,應取得衛福部「醫事檢驗師」證照,
,,,17醫療/美容/保建,醫院行政管理人員,170112,具備醫事技術操作與儀器維護，熟悉醫療作業與研究協助流程，適合擔任醫院行政管理人員；從事醫療設備管理、作業協調及研究支援等工作。,,
,,,14教育/學術/研究,教授/副教授/助理教授,140201,具備核子、物理治療、職能治療、檢驗及放射等醫事技術操作與研究協助實務，熟悉教學與專業研究流程，合擔任教授/副教授/助理教授，從事教學授課、專業研究及技術指導等工作。,應取得教育部教授/副教授/助理教授資格,
,,,14教育/學術/研究,生物學專業研究人員,140309,具備核子、物理治療、職能治療、檢驗及放射等醫事技術操作與研究協助實務，熟悉生物與醫療研究流程，適合擔任生物學專業研究人員；從事醫療技術研究、資料分析及實驗研究等工作。,,
,,,07工程/研發/生技,病理藥理研究人員,070208,具備核子、物理治療、職能治療、檢驗及放射等醫事技術操作與研究協助實務，熟悉病理與藥理研究流程，適合擔任病理藥理研究人員；從事醫療技術研究、資料分析及實驗研究等工作。,,
,,,02業務/貿易/銷售,醫藥業務代表,020306,具備核子、物理治療、職能治療、檢驗及放射等專業操作經驗，熟悉醫療儀器使用與維護及技術研究流程，適合擔任醫藥業務代表，從事醫療器材推廣、產品技術諮詢及協助醫療機構採購決策。,,
心理分析官,8J33,"1.心理評估與測驗分析
1.1執行心理測評與個案評估。
1.2分析心理狀態與行為特徵。
1.3提供評估結果與專業建議。
2.心理健康管理與風險判讀
2.1辨識心理異常與潛在風險。
2.2進行心理狀況追蹤與分析。
2.3提供心理健康管理建議。
3.心理服務與組織支援
3.1支援心理健康相關業務與服務。
3.2協助建立心理支持與輔導機制。
3.3促進組織成員心理適應與穩定。",14教育/學術/研究,諮商心理師,170106,具備心理評估與分析專業能力，熟悉精神疾病及心理異常處理流程，適合擔任諮商心理師，從事個案心理輔導、心理健康促進及心理治療相關工作。,應取得衛福部「諮商心理師」證照,
,,,14教育/學術/研究,心理學研究人員,140308,具備心理分析、異常心理評估、個案追蹤與精神疾病研究協助等相關實務，熟悉心理資料蒐集與分析流程，適合擔任心理學研究人員；從事心理研究、資料分析、個案研究及研究報告整理等工作。,,
,,,14教育/學術/研究,教授/副教授/助理教授,140201,具備心理分析、異常心理評估、個案追蹤及精神疾病研究協助等相關實務，熟悉心理學理論與研究方法，適合擔任教授/副教授/助理教授，從事教學授課、學術研究、學生指導及研究成果整理等工作。,應取得教育部教授/副教授/助理教授資格,
,,,17醫療/美容/保建,醫院行政管理人員,170112,具備心理分析、異常心理評估、個案追蹤及精神疾病研究協助等實務，熟悉醫院行政與個案管理流程，適合擔任醫院行政管理人員；從事個案管理、資料整理、跨部門協調及醫療服務支援等工作。,,
,,,03人資/法務/智財,人力資源專員,030102,具備心理評估、行為分析與病理研究能力，熟悉官兵及病患心理狀態與調適流程，適合轉任人資領域擔任人力資源專員，負責員工心理健康管理、職場適應輔導及人才評估工作。,應取得「就業服務乙級技術士證」,
社會工作官,8J34,"1.個案評估與資料管理
1.1進行個案背景與社會環境評估。
1.2蒐集並整理個案相關資料。
1.3建立個案紀錄與追蹤機制。
2.個案服務與家庭支持
2.1協調個案與家庭之溝通與支持。
2.2協助心理治療與團體活動推動。
2.3連結相關資源以支援個案需求。
3.復健與社會適應輔導
3.1規劃心理與社會功能復健方案。
3.2協助個案重返組織與社會生活。
3.3追蹤復健成效並提供改善建議。",17醫療/美容/保建,社會工作師,170301,本項軍職專長人員均經國家考試通過取得「社會工作師」資格，可直接轉銜。,,
,,,17醫療/美容/保建,居家服務督導員,170130,具備個案評估、家屬聯繫、復健協助及追蹤管理等實務，熟悉個案管理與資源整合流程，適合擔任居家服務督導員；從事個案管理、服務規劃與品質督導等工作。,應取得衛福部「社會工作師」證照,
,,,17醫療/美容/保建,醫院行政管理人員,170112,具備個案資料調查、家屬聯繫、復健協助及醫療服務支援等實務，熟悉醫療行政與個案管理流程，適合擔任醫院行政管理人員；從事醫療行政、資料管理及資源協調等工作。,,
,,,14教育/學術/研究,社會／人類學研究人員,140306,具備個案資料調查、社會關係分析、家屬聯繫及心理與社會復健協助等實務，熟悉資料蒐集與分析流程，適合擔任社會／人類學研究人員；從事社會調查、資料分析及研究報告整理等工作。,,
,,,14教育/學術/研究,教授/副教授/助理教授,140201,具備個案調查分析、心理與社會復健協助、教學訓練支援及研究資料蒐集等實務，熟悉教學與研究運作流程，適合擔任大專院校教職，從事教學授課、學術研究、學生輔導及研究成果整理等工作。,應取得教育部教授/副教授/助理教授資格,
,,,03人資/法務/智財,人力資源專員,030102,具備精神健康與社會工作專業能力，熟悉病患資料調查、家庭與社會關係評估及心理復健流程，適合擔任人力資源專員，從事員工關懷、心理支持、社會資源協調及個案輔導相關工作。,應取得「就業服務乙級技術士證」,
醫學工程官,8H33,"1.醫療設備評估與管理
1.1評估醫療設備性能並提出選購建議。
1.2監督設備驗收、維修與操作安全。
1.3管理醫療裝備及相關資源。
2.技術操作指導與教育
2.1指導醫護或相關人員正確操作設備。
2.2制定操作流程與標準作業規範。
2.3培訓使用者以確保安全與效率。
3.專案研發與技術改進
3.1規劃醫療技術研發專案。
3.2設計與改良具特定功能之醫學儀器。
3.3提供研發成果支援臨床或醫療運作。",17醫療/美容/保建,醫事放射師,170104,具備醫學儀器管理與技術應用專業能力，熟悉醫療設備評估、維修保養及操作安全，適合擔任醫事放射師，從事醫療影像設備操作、檢查執行及儀器品質管理工作。,應取得衛福部「醫事放射師」證照,
,,,07工程/研發/生技,醫療器材研發工程師,070210,具備醫療儀器研發與工程整合專業能力，熟悉設備評估、系統設計及安全驗證流程，適合擔任醫療器材研發工程師，從事醫療設備開發、產品測試及技術研發工作。,,
,,,07工程/研發/生技,光電工程師,070108,具備醫療儀器研發與技術整合能力，熟悉設備評估、光學原理應用及系統維護管理，適合擔任光電工程師，從事光電系統設計、醫療影像技術開發及相關工程研發工作。,,
,,,17醫療/美容/保建,醫療設備操控人員,170128,具備醫療儀器操作與管理專業能力，熟悉設備評估、維修保養及使用安全規範，適合擔任醫療設備操控人員，從事醫療設備操作、監控及維護管理工作。,,
,,,02業務/貿易/銷售,醫藥業務代表,020306,具備醫學儀器評估、選購、驗收與維修管理能力，熟悉醫療科技與專案研發流程，適合擔任醫藥業務代表，從事醫療器材推廣、技術說明、客戶需求評估及售後服務相關工作。,,
臨床助理官,8J75,"1.臨床檢查與手術支援
1.1協助醫師完成臨床檢查與手術。
1.2管理及維護手術器械與耗材。
1.3確保臨床操作流程安全且高效。
2.醫療操作與資料管理
2.1協助醫師操作醫療設備與儀器。
2.2整理臨床病歷及醫療資訊資料。
2.3建立醫療文書與操作紀錄系統。
3.教學支援與醫院評鑑
3.1協助臨床教學、實習與實驗訓練。
3.2協助醫院或教學醫院評鑑作業。
3.3提供臨床教育及品質改進支援。",17醫療/美容/保建,照顧實務指導員,170133,具備醫療處置指揮、照護流程督導等相關實務，熟悉醫療支援運作與人員訓練管理機制，適合擔任照顧實務指導員，從事照護作業指導與服務品質監督等工作。,,建議取得衛福部「照顧服務員」單一級證照
,,,17醫療/美容/保建,醫院行政管理人員,170112,具備衛生勤務管理、醫療資源調度等相關實務，熟悉醫務行政運作與協調管理機制，適合擔任醫院行政管理人員；從事醫療行政統籌與部門協調管理等工作。,,
,,,17醫療/美容/保建,其他醫院從業人員,170190,具備臨床檢查與手術準備、醫療器械操作與保養、病歷與資料整理及病患照護等相關實務，熟悉醫療流程與臨床支援作業，適合擔任其他醫院從業人員；從事臨床檢查輔助、手術協助、醫療資料管理、教學支援及醫院評鑑協助等工作。,,
,,,02業務/貿易/銷售,醫藥業務代表,020306,具備醫療專業知識整合、跨單位溝通協調等相關實務，熟悉醫療體系運作與產品應用評估機制，適合擔任醫藥業務代表；從事醫療產品介紹與客戶關係維護等工作。,,
,,,22其他職類,顧問,220106,具備醫事技術教學規劃、研究管理、作業考核及醫院評鑑協助等實務，熟悉醫療流程與管理運作，適合擔任顧問；從事醫療技術諮詢、作業規劃、管理輔導及專業指導等工作。,,
營養官,8J93,"1.餐飲營養管理
1.1規劃營養與餐飲標準。
1.2管理餐食品質與供應流程。
1.3推動營養政策與執行。
2.採購與成本控制
2.1執行食材與設備採購。
2.2控管預算與成本支出。
2.3分析成本結構並優化支出。
3.庫存與設備管理
3.1管理庫存與物料流動。
3.2規劃設備使用與維護。
3.3提升營運效率與資源利用。",17醫療/美容/保建,營養師,170109,本項軍職專長人員均經國家考試通過取得「營養師」資格，可直接轉銜。,,
,,,14教育/學術/研究,教授/副教授/助理教授,140201,具備營養管理、食品供應規劃、採購與庫存管理、成本分析及教學訓練等相關實務，熟悉營養與食品相關知識及教學應用，適合擔任教授/副教授/助理教授，從事醫學教學與學術研究工作。,應取得教育部教授/副教授/助理教授資格,
,,,07工程/研發/生技,食品研發人員,070306,具備食品營養管理與供應鏈運作專業能力，熟悉食材採購、品質控管及成本分析，適合擔任食品研發人員，從事食品配方設計、營養分析及產品開發相關工作。,,建議取得高考「食品」技師資格或「食品品保工程師」能力鑑定證書
,,,07工程/研發/生技,食品化學工程技術員,070302,具備食品營養管理與食材品質控管專業能力，熟悉食品採購、儲存、分析及作業流程管理，適合擔任食品化學工程技術員，從事食品成分分析、品質檢測及製程管理等相關工作。,,建議取得高考「食品」技師資格或「食品品保工程師」能力鑑定證書
,,,16旅遊/餐飲/休閒,食品衛生管理師,160209,具備食品營養管理與衛生管控專業能力，熟悉食材採購、庫存管理及食品安全規範，適合擔任食品衛生管理師，從事食品衛生監督、品質控管及安全管理相關工作。,,建議取得高考「食品」技師資格或「食品品保工程師」能力鑑定證書
獸醫官,8P03,"1.動物醫療服務規劃與管理
1.1規劃動物醫療與保健作業流程。
1.2建立診療標準與操作規範。
1.3管理醫療服務運作並進行品質監控與改進。
2.動物臨床評估與照護
2.1執行動物健康檢查、診斷與治療支援。
2.2監測動物生理狀態並進行必要處置。
2.3確保臨床作業符合安全與衛生標準。
3.緊急醫療支援與風險控管
3.1協助處理突發動物健康事件。
3.2評估作業環境與個案風險，採取防範或緊急措施。
3.3協調資源與團隊進行應變與處理。",17醫療/美容/保建,獸醫,170114,本項軍職專長人員均經國家考試通過取得「獸醫師」資格，可直接轉銜。,,
,,,14教育/學術/研究,教授/副教授/助理教授,140201,具備醫療體系統籌規劃、醫務政策制度建構等相關實務，熟悉教學研究與專業人才培育機制，適合擔任教授/副教授/助理教授，從事醫學教學與學術研究工作。,應取得教育部教授/副教授/助理教授資格,
,,,14教育/學術/研究,生物學專業研究人員,140309,具備醫學體系規劃、衛生政策研究等相關實務，熟悉生物醫學理論與研究方法運用機制，適合擔任生物學專業研究人員；從事生物醫學研究與學術發展等工作。,,
,,,07工程/研發/生技,病理藥理研究人員,070208,具備生理學與醫學研究專業能力，熟悉人體機能、預防醫學及研究設計流程，適合擔任病理藥理研究人員，從事生理機制、藥理作用及相關醫學研究工作。,,
,,,22其他職類,顧問,220106,具備食品營養管理與食勤運作規劃專業能力，熟悉成本控管、採購流程及營運管理機制，適合擔任顧問，從事餐飲營運規劃、營養管理制度設計及成本優化建議工作。,,
測量將官,4L00,"1.工程與測量業務管理
1.1統籌測量相關專案與作業規劃。
1.2建立作業流程與品質標準。
1.3確保測量成果準確與穩定。
2.技術研發與能力提升
2.1推動測量技術研究與創新。
2.2導入新技術提升作業效率。
2.3建立專業技術發展方向。
3.設備管理與資源整合
3.1管理測量設備與技術資源。
3.2規劃資源配置與使用策略。
3.3提升整體作業效能與產出品質。",09品管/製造/環衛,工廠主管,090101,具備生產規劃、設備資源整合等相關實務，熟悉研發管理流程與組織績效管控制度，適合擔任工廠主管；從事生產計畫管理、設備資源調度等工作。,,
,,,21行銷/企劃/專案,專案管理主管,210301,具備規劃、設備資源整合等相關實務，熟悉研發管理流程與組織績效管控制度，適合擔任專案管理主管，從事專案規劃執行、跨部門資源協調等工作。。,,建議取得「國際專案管理師（PMP）認證」等相關證照
,,,14 教育/學術/研究,地質及地球科學研究人員,140303,具備測量作業督導、、技術研究、等相關實務，熟悉測量技術、資料分析與設備管理，適合擔任地質及地球科學研究人員；從事測量技術研究與應用、實地測量作業規劃、設備與材料管理、資料分析與研究報告整理等工作。,,
,,,22其他職類,顧問,220106,因具備計畫擬定、風險評估與專案推動經驗，擁有流程管控、資料蒐整與跨部門溝通能力，適合轉銜為顧問，接受企業委託，提供專業諮詢與經營改善建議。,,
測繪督導官,4L11,"1.測量專案與作業管理
1.1規劃並執行測量相關專案。
1.2控管作業進度與成果品質。
1.3協調團隊完成專案目標。
2.技術應用與設備管理
2.1督導測量技術應用與標準化。
2.2管理設備維護與使用效能。
2.3確保測量精度與作業穩定。
3.人才培育與技術發展
3.1規劃專業訓練與能力提升。
3.2建立技術傳承與知識管理。
3.3推動技術優化與持續改善。",11營建/製圖/施作,量測/儀校人員,110320,具備測量作業規劃、儀器製修管理等相關實務，熟悉品質管制流程與設備校驗制度，適合擔任量測儀校人員，從事量測校正作業、儀器維護管理等工作。 ,,建議取得勞動部「測量」等相關技術士證
,,,07工程/研發/生技,光電工程師,070107,具備測量作業規劃、儀器研發整合等相關實務，熟悉技術管理流程與設備運用制度，適合擔任光電工程師；從事光電系統設計、元件測試製作等工作。,,
,,,14 教育/學術/研究,地質及地球科學研究人員,140303,具備測量作業督導、、技術研究、等相關實務，熟悉測量技術、資料分析與設備管理，適合擔任地質及地球科學研究人員；從事測量技術研究與應用、實地測量作業規劃、設備與材料管理、資料分析與研究報告整理等工作。,,
,,,21行銷/企劃/專案,專案管理師,210304,具備測量任務規劃、作業管制與跨部門協調的能力，適合擔任專案管理師，從事專案規劃、進度管控、資源整合等工作，確保專案如期如質達成。,,建議取得「國際專案管理師（PMP）認證」等相關證照
,,,21行銷/企劃/專案,營運管理師/系統整合/ERP專案師,210302,具備測量計畫擬定與資源整合能力，適合擔任營運管理師/ERP專案師，從事營運流程優化、跨部門資源整合與績效追蹤等工作。,,建議取得經濟部「營運智慧分析師能力鑑定」等相關證書
測繪工程官,4L21,"1.測繪制度與技術標準管理
1.1建立與優化測繪作業流程與技術標準。
1.2確保測量成果一致性與品質控管。
1.3支援組織測繪相關制度運作。
2.測繪作業與訓練體系建置
2.1規劃專業訓練與技術能力發展。
2.2建立人員配置與作業支援機制。
2.3提升團隊執行效率與專業水準。
3.空間資料分析與應用
3.1蒐集與處理地圖、影像與空間資料。
3.2進行資料分析與製圖應用。
3.3將分析成果轉化為決策或應用資訊。",11營建/製圖/施作,量測/儀校人員,110320,具備測量作業規劃、儀器製修管理等相關實務，熟悉品質管制流程與設備校驗制度，適合擔任量測儀校人員，從事量測校正作業、儀器維護管理等工作。 ,,建議取得勞動部「測量」等相關技術士證
,,,07工程/研發/生技,光電工程師,070107,具備測量作業規劃、空間資料分析等相關實務，熟悉技術管理與測繪器材操作，適合擔任光電工程師；從事光電系統設計、元件測試製作等工作。,,
,,,21行銷/企劃/專案,專案管理師,210304,具備測量任務規劃、作業管制與跨部門協調的能力，適合擔任專案管理師，從事專案規劃、進度管控、資源整合等工作，確保專案如期如質達成。,,建議取得「國際專案管理師（PMP）認證」等相關證照
,,,21行銷/企劃/專案,營運管理師/系統整合/ERP專案師,210302,具備測量計畫擬定與資源整合能力，適合擔任營運管理師/ERP專案師，從事營運流程優化、跨部門資源整合與績效追蹤等工作。,,建議取得經濟部「營運智慧分析師能力鑑定」等相關證書
測量製圖技術官, 4L31,"1.測繪資料蒐集與成果管理
1.1規劃並執行測繪資料蒐集與整理作業，確保資料完整性與準確性。
1.2管理測繪成果資料之登錄、保存與分發，提升資料運用效率。
1.3審查測繪成果品質，確保資料符合技術標準。
2.空間影像判讀與資料分析
2.1分析地圖、航空影像與衛星影像資料，進行空間資訊判讀。
2.2整合多來源空間資料，支援測繪與地理資訊應用。
2.3應用影像分析技術，提升空間資料解析與運用能力。
3.空間資料蒐集與分析應用
3.1運用數位製圖工具進行地圖編繪與圖資處理。
3.2執行地圖製版與輸出流程，確保成果品質與格式標準。
3.3管理地圖印製與成果輸出作業，完成測繪成果製作。",11營建/製圖/施作,量測/儀校人員,110320,具備測量作業規劃、儀器製修管理等相關實務，熟悉品質管制流程與設備校驗制度，適合擔任量測儀校人員，從事量測校正作業、儀器維護管理等工作。 ,,建議取得勞動部「測量」等相關技術士證
,,,10技術/維修/操作,印刷及排版技術人員,100105,具備影像空間分析、測繪製圖經驗，熟悉製圖排版與印刷流程，適合轉銜印刷及排版技術人員，從事排版圖資編輯、印刷製版與成品核權檢查等工作。,,
,,,05 廣告/公關/設計,多媒體/動畫設計人員,050312,具備測量資料蒐集與分析、地圖及影像編繪等實務，熟悉電腦製圖與資料運用流程，適合擔任多媒體／動畫設計人員；從事地圖與影像資料製圖、數位圖像處理、資訊整理及多媒體設計應用工作。,,
,,,21行銷/企劃/專案,專案管理師,210304,具備測量任務規劃、作業管制與跨部門協調的能力，適合擔任專案管理師，從事專案規劃、進度管控、資源整合等工作，確保專案如期如質達成。,,建議取得「國際專案管理師（PMP）認證」等相關證照
,,,21行銷/企劃/專案,營運管理師/系統整合/ERP專案師,210302,具備測量計畫擬定與資源整合能力，適合擔任營運管理師/ERP專案師，從事營運流程優化、跨部門資源整合與績效追蹤等工作。,,建議取得經濟部「營運智慧分析師能力鑑定」等相關證書
測量兵,4L012,"1.測繪現場作業支援
1.1協助測繪作業現場之器材整備與作業支援。
1.2協助測量標誌設置與現場測量輔助工作。
1.3支援測繪團隊執行現場測量與資料記錄作業。
2.測量設備與器材管理
2.1整備與管理測量儀器及相關設備，確保器材正常運作。
2.2執行設備搬運、保管與維護作業，維持設備安全。
2.3協助設備清點與管理，確保測繪作業資源充足。
3.測繪資料與地圖管理
3.1協助整理與保存測繪成果資料及地圖。
3.2管理資料登錄與分類作業，確保資料可查詢與運用。
3.3遵循資料保密與防護規範，維護資料安全。",11營建/製圖/施作,量測/儀校人員,110320,具備協助測量作業、器材維護實務經驗，熟悉測繪流程，適合擔任量測/儀校人員，從事儀器設備校準、精度驗證測試、測量數據記錄與維護管理等工作。,,建議取得勞動部「測量」等相關技術士證
,,,11營建/製圖/施作,營建施工人員,110301,具備測量器材整備、成果資料保管等相關實務，熟悉現場作業流程與工具管理制度，適合擔任營建施工人員；從事施工現場支援、材料工具整備等工作。,,
,,,15物流/運輸/資材,倉管人員,150304,具備器材整備、物料搬運保管等相關實務，熟悉庫存管理流程，適合擔任倉管人員，從事庫存盤點管理、物料收發整理等工作。,,建議取得勞動部「堆高機操作」技術士證
,,,06客服/門市,賣場（人員/儲備幹部）,060202,具備設備維護及環境檢測等相關實務，熟悉現場作業協調與資料管理機制，適合擔任專櫃/門市人員儲備幹部；從事顧客服務與門市營運支援等工作。,,
,,,06客服/門市,連鎖店管理人員,060205,因為於部隊長期接觸人員管理、物料補給、設施環境維護等實務工作，並具備遵守紀律、流程管控與標準化執行力，適合擔任連鎖店管理人員，從事服務品質維護、存貨管理、排班調度等門店營運工作。,,建議取得勞動部「門市服務」相關技術士證
測量士,4L135,"1.測繪現地測量與技術操作
1.1執行各類測量作業之選點、設標與現地觀測。
1.2操作測量儀器進行基線、水準及三角測量。
1.3紀錄與整理測量數據，確保測量成果準確性。
2.測量標誌與監測設施管理
2.1執行測量標誌設置與維護作業，確保測量基準穩定。
2.2協助監測站觀測與資料紀錄作業。
2.3維護測量設施與設備，確保觀測作業正常運作。
3.測繪資料與圖資管理
3.1管理測量成果資料與相關圖資。
3.2協助資料登錄、整理與分發作業。
3.3支援測繪相關行政與資料管理工作。",11營建/製圖/施作,量測/儀校人員,110320,具備協助測量作業、器材維護實務經驗，熟悉測繪流程，適合擔任量測/儀校人員，從事儀器設備校準、精度驗證測試、測量數據記錄與維護管理等工作。,,建議取得勞動部「測量」等相關技術士證
,,,11營建/製圖/施作,營建施工人員,110301,具備測量器材整備、成果資料保管等相關實務，熟悉現場作業流程與工具管理制度，適合擔任營建施工人員；從事施工現場支援、材料工具整備等工作。,,
,,,15物流/運輸/資材,倉管人員,150304,具備器材整備、物料搬運保管等相關實務，熟悉庫存管理流程，適合擔任倉管人員，從事庫存盤點管理、物料收發整理等工作。,,建議取得勞動部「堆高機操作」技術士證
,,,06客服/門市,賣場（人員/儲備幹部）,060202,具備設備維護及環境檢測等相關實務，熟悉現場作業協調與資料管理機制，適合擔任專櫃/門市人員儲備幹部；從事顧客服務與門市營運支援等工作。,,
,,,06客服/門市,連鎖店管理人員,060205,因為於部隊長期接觸人員管理、物料補給、設施環境維護等實務工作，並具備遵守紀律、流程管控與標準化執行力，適合擔任連鎖店管理人員，從事服務品質維護、存貨管理、排班調度等門店營運工作。,,建議取得勞動部「門市服務」相關技術士證
測量製圖技術兵,4L312,"1.圖資處理與地圖製作支援
1.1協助地圖資料整理與製作。
1.2支援圖資輸出與成果整理。
1.3確保資料呈現清晰與一致。
2.製圖作業與圖面處理
2.1執行繪圖與圖面修整作業。
2.2處理圖層、標註與版面配置。
2.3維持圖面品質與細節準確。
3.圖表製作與視覺化呈現
3.1製作統計圖表與圖形內容。
3.2支援資料視覺化呈現需求。
3.3協助提升資訊傳達清晰度。",11營建/製圖/施作,量測/儀校人員,110320,具備製圖實務經驗，熟悉測量原理，適合擔任量測/儀校人員，從事儀器設備校準、精度驗證測試、測量數據記錄與維護管理等工作。,,建議取得勞動部「測量」等相關技術士證
,,,10技術/維修/操作,印刷及排版技術人員,100105,具備影像空間分析、測繪製圖經驗，熟悉製圖流程，適合轉銜印刷及排版技術人員；從事排版圖資編輯、印刷前置製版與成品品質檢查等工作。,,
,,,,裝飾繪畫、雕刻人員,7316,具備地圖繪編製作、圖資整理呈現等相關實務，熟悉製圖流程與圖面管理，適合擔任裝飾繪畫、雕刻人員；從事圖面繪製作業、圖形描繪製作等工作。,,
,,,05 廣告/公關/設計,平面廣告設計員,050311,具備地圖繪編製作、圖資視覺呈現等相關實務，熟悉製圖流程與圖面管理，適合擔任平面廣告設計員；從事版面視覺設計、圖像編排製作等工作。,,
測量儀器技術官,4L43,"1.測量儀器製造與修護管理
1.1規劃並管理測量儀器與配件之製造及維護作業。
1.2督導設備修護與保養流程，確保儀器穩定運作。
1.3協調資源與流程，提升儀器製造及維護效率。
2.測量儀器品質檢定與性能管理
2.1檢定測量儀器與成品性能、精度與效度。
2.2評估工作率與品質，確保儀器符合技術標準。
2.3建立檢測與紀錄制度，維持品質監控機制。
3.測量儀器技術研發與改進
3.1分析儀器構造與技術原理，提出改進方案。
3.2支援儀器研發與仿製計畫，提升技術能力。
3.3提供裝備補給與技術建議，支援作業與研發決策。",11營建/製圖/施作,量測/儀校人員,110320,具備製圖實務經驗，熟悉測量原理，適合擔任量測/儀校人員，從事各種測量實務及協助編製測量報告等工作。 ,,建議取得勞動部「測量」等相關技術士證
,,,07工程/研發/生技,光電工程師,070107,具備儀器結構研析、性能測試驗證等相關實務，熟悉技術研發流程與品質管控制度，適合擔任光電工程師；從事光電系統設計、元件測試改善等工作。,,
,,,09品管/製造/環衛,工業工程師,090202,具備生產流程規劃、資源效能分析等相關實務，熟悉作業管理制度與品質成本管控流程，適合擔任工業工程師；從事製程效率改善、作業流程優化等工作。,,
,,,09品管/製造/環衛,品管/品保工程師,090107,具備儀器性能檢定、製程品質管制等相關實務，熟悉品質管理流程與檢測標準制度，適合擔任品管/品保工程師，從事品質檢驗分析、製程品質改善等工作。,,建議取得中華民國品質學會「品質工程師認證」（經濟部認可）
,,,21行銷/企劃/專案,專案管理師,210304,具備測量儀器研發、製造與跨部門協調的能力，適合擔任專案管理師，從事專案規劃、進度管控、資源整合等工作，確保專案如期如質達成。,,建議取得「國際專案管理師（PMP）認證」等相關證照
,,,21行銷/企劃/專案,營運管理師/系統整合/ERP專案師,210302,具備測量儀器研發、製造與跨部門協調的能力，適合擔任營運管理師/ERP專案師，從事營運流程優化、跨部門資源整合與績效追蹤等工作。,,建議取得經濟部「營運智慧分析師能力鑑定」等相關證書
測量印刷技術官,4L51,"1.印刷作業管理與流程督導
1.1規劃並督導印刷作業流程，確保生產順利執行。
1.2管理印刷設備操作與保養，確保機具正常運作。
1.3協調印刷作業現場，提升作業效率與安全性。
2.印刷作業進度、品質與安全管控
2.1制定並核定印刷作業計畫，掌握生產進度。
2.2管控印刷品質與作業安全，確保成果符合標準。
2.3記錄與維護作業紀錄，建立品質追蹤與管理機制。
3.印製材料與印後加工管理
3.1統籌印刷材料採購與運用，確保資源充足。
3.2制定製本與印後加工規格，指導作業流程。
3.3督導印後加工技術與品質控管，確保成果達標。",10技術/維修/操作,印刷及排版技術人員,100105,具備影像空間分析、測繪製圖經驗，熟悉製圖印刷流程，適合轉銜印刷及排版技術人員，從事排版圖資編輯、印刷前置製版與成品品質檢查等工作。,,
,,,11營建/製圖/施作,量測/儀校人員,110320,具備製圖實務經驗，熟悉測量原理，適合擔任量測/儀校人員，從事各種測量實務及協助編製測量報告等工作。 ,,建議取得勞動部「測量」等相關技術士證
,,,09品管/製造/環衛,工業工程師,090202,具備生產流程規劃、資源效能分析等相關實務，熟悉工廠管理與品質管控，適合擔任工業工程師；從事製程效率改善、作業流程優化等工作。,,
,,,21行銷/企劃/專案,專案管理師,210304,具備印製生產管制、材料資源整合等相關實務，熟悉作業流程管理與品質控管制度，適合擔任專案管理師，從事專案規劃、進度管控、資源整合等工作，確保專案如期如質達成。,,建議取得「國際專案管理師（PMP）認證」等相關證照
,,,21行銷/企劃/專案,營運管理師/系統整合/ERP專案師,210302,具備生產流程管制、資源整合規劃等相關實務，熟悉作業管理制度與成本品質控管流程，適合擔任營運管理師/系統整合/ERP專案師，從事營運流程優化、跨部門資源整合與績效追蹤等工作。,,建議取得經濟部「營運智慧分析師能力鑑定」等相關證書
測量印刷技術士,4L115,"1.印刷製程與設備操作
1.1操作印刷設備並執行生產作業。
1.2進行設備維護與基本保養。
1.3確保生產流程穩定運作。
2.印前處理與品質控管
2.1規劃版面與印刷輸出設定。
2.2執行打樣與品質檢查。
2.3確保輸出成果符合標準。
3.成品製作與流程執行
3.1執行裝訂與包裝作業。
3.2管控製作流程與進度。
3.3維持成品品質一致性。",10技術/維修/操作,印刷及排版技術人員,100105,具備影像空間分析、測繪製圖經驗，熟悉製圖印刷流程，適合轉銜印刷及排版技術人員，從事排版圖資編輯、印刷前置製版與成品品質檢查等工作。,,
,,,11營建/製圖/施作,量測/儀校人員,110320,具備製圖實務經驗，熟悉測量原理，適合擔任量測/儀校人員，從事各種測量實務及協助編製測量報告等工作。 ,,建議取得勞動部「測量」等相關技術士證
,,,09品管/製造/環衛,工業工程師,090202,具備生產流程規劃、資源效能分析等相關實務，熟悉作業管理制度與品質成本管控流程，適合擔任工業工程師；從事製程效率改善、作業流程優化等工作。,,
,,,21行銷/企劃/專案,專案管理師,210304,具備印製生產管制、材料資源整合等相關實務，熟悉作業流程管理與品質控管制度，適合擔任專案管理師，從事專案規劃、進度管控、資源整合等工作，確保專案如期如質達成。,,建議取得「國際專案管理師（PMP）認證」等相關證照
,,,21行銷/企劃/專案,營運管理師/系統整合/ERP專案師,210302,具備生產流程管制、資源整合規劃等相關實務，熟悉作業管理制度與成本品質控管流程，適合擔任營運管理師/系統整合/ERP專案師，從事營運流程優化、跨部門資源整合與績效追蹤等工作。,,建議取得經濟部「營運智慧分析師能力鑑定」等相關證書
測量光學儀器技術士,4L125 ,"1.儀器維修與設備管理
1.1維修與保養光學測量設備。
1.2處理零組件更換與組裝作業。
1.3 確保設備正常運作與使用效能。
2.校正測試與性能驗證
2.1執行儀器精度測試與校正。
2.2檢測設備性能與穩定性。
2.3確保測量數據準確可靠。
3.品質檢測與問題排除
3.1 進行設備品質檢查與驗證。
3.2分析異常狀況並排除問題。
3.3提升設備品質與使用效率。",11營建/製圖/施作,量測/儀校人員,110320,具備測量器材維修實務經驗，熟悉測量原理，適合擔任量測/儀校人員，從事各種測量實務及協助編製測量報告等工作。 ,,建議取得勞動部「測量」等相關技術士證
,,,07工程/研發/生技,光電工程師,070107,具備儀器結構研析、性能測試驗證等相關實務，熟悉技術研發流程與品質管控制度，適合擔任光電工程師；從事光電系統設計、元件測試改善等工作。,,
,,,09品管/製造/環衛,工業工程師,090202,具備生產流程規劃、資源效能分析等相關實務，熟悉作業管理制度與品質成本管控流程，適合擔任工業工程師；從事製程效率改善、作業流程優化等工作。,,
,,,09品管/製造/環衛,品管/品保工程師,090107,具備儀器性能檢定、製程品質管制等相關實務，熟悉品質管理流程與檢測標準制度，適合擔任品管/品保工程師從事品質檢驗分析、製程品質改善等工作。,,建議取得中華民國品質學會「品質工程師認證」（經濟部認可）
,,,21行銷/企劃/專案,專案管理師,210304,具備測量儀器研發、製造與跨部門協調的能力，適合擔任專案管理師，從事專案規劃、進度管控、資源整合等工作，確保專案如期如質達成。,,建議取得「國際專案管理師（PMP）認證」等相關證照
,,,21行銷/企劃/專案,營運管理師/系統整合/ERP專案師,210302,具備測量儀器研發、製造與跨部門協調的能力，適合擔任營運管理師/ERP專案師，從事營運流程優化、跨部門資源整合與績效追蹤等工作。,,建議取得經濟部「營運智慧分析師能力鑑定」等相關證書
測量器材修護兵,4L422,"1.光學儀器修造與維護作業
1.1執行光學測量儀器的修造與維護作業。
1.2協助處理儀器配件與零件整備，確保運作順暢。
1.3支援日常儀器維護與現場操作管理。
2.精度檢測與校驗作業
2.1測定修造儀器的精度與效度。
2.2評估儀器工作效率，確保作業性能達標。
2.3記錄測試結果並提出改進建議。
3.品質檢驗與標準控管
3.1檢定光學測量儀器成品性能與精度。
3.2建立檢驗紀錄與品質控制流程。
3.3確保儀器符合使用標準與技術規範。",10技術/維修/操作,測量儀校技術人員,100108,具備測量器材維修實務經驗，熟悉測量原理，適合擔任量測/儀校人員，從事各種測量實務及協助編製測量報告等工作。,,建議取得勞動部「測量」等相關技術士證
,,,10技術/維修/操作,精密儀器製造及修理人員,100203,因為具備測量儀器修護及校正能力，適合擔任精密儀器製造及修理人員，從事精密儀器、光學設備等修理工作,應取得勞動部「數位電子」或「儀表電子」等相關技術士證,
,,,10技術/維修/操作,電子設備裝修技術員,100208,因為具備測量儀器修護及校正能力，適合擔任電子設備維修技術員，從事各種電子設備，如無線電等修理工作。,,建議取得勞動部「工業儀器」等相關技術士證
,,,09品管/製造/環衛,品管測試技術員,090103,因具備測量儀器修護及校正能力，適合擔任品管測試技術員，從事品管檢驗、機台校正等相關工作。,,建議取得中華民國品質學會「品質工程師認證」（經濟部認可）
測量器材修護士 ,4L424,"1.光學儀器修造與維護作業
1.1執行測量儀器的維修與修護作業。
1.2協助維持儀器功能穩定與操作正常。
1.3配合團隊完成儀器現場維護工作。
2.精度檢測與校驗作業
2.1裝配測量儀器及各類零件，確保精準契合。
2.2協助組裝流程標準化，提高作業效率。
2.3確保組件安裝符合技術規範與操作要求。
3.品質檢驗與標準控管
3.1使用檢驗儀表測量儀器精度。
3.2評估儀器性能並判定是否符合標準。
3.3建立檢驗紀錄與品質控管流程。",10技術/維修/操作,測量儀校技術人員,100108,具備測量器材維修實務經驗，熟悉測量原理，適合擔任量測/儀校人員，從事各種測量實務及協助編製測量報告等工作。,,建議取得勞動部「測量」等相關技術士證
,,,10技術/維修/操作,精密儀器製造及修理人員,100203,因為具備測量儀器修護及校正能力，適合擔任精密儀器製造及修理人員，從事精密儀器、光學設備等修理工作,應取得勞動部「數位電子」或「儀表電子」等相關技術士證,
,,,10技術/維修/操作,電子設備裝修技術員,100208,因為具備測量儀器修護及校正能力，適合擔任電子設備維修技術員，從事各種電子設備，如無線電等修理工作。,,建議取得勞動部「工業儀器」等相關技術士證
,,,09品管/製造/環衛,品管測試技術員,090103,因具備測量儀器修護及校正能力，適合擔任品管測試技術員，從事品管檢驗、機台校正等相關工作。,,建議取得中華民國品質學會「品質工程師認證」（經濟部認可）
兵工生產鑑測督導官,4N11,"1.生產與檢測流程管理
1.1管理製造與檢測相關流程。
1.2統籌生產與品質作業運行。
1.3確保流程穩定與產出品質。
2.技術發展與製程優化
2.1規劃檢測技術與製程改善方向。
2.2推動生產效率與品質提升。
2.3持續優化作業流程與技術應用。
3.資源整合與效能提升
3.1規劃設備、人力與物料配置。
3.2管控資源使用與作業效率。
3.3提升整體生產與檢測效能。",09品管/製造/環衛,工廠主管,090101,具備生產管理、資源統籌等相關實務，熟悉製造流程管制與品管理制度，適合擔任工廠主管；從事生產計畫管理、設備資源調度等工作。,,
,,,09品管/製造/環衛,品管/品保工程師,090107,具備產品製程品質分析實務，熟悉品管流程與手法，適合擔任品管/品保工程師，從事品質檢驗分析、製程品質改善等工作。 ,,建議取得中華民國品質學會「品質工程師認證」（經濟部認可）
,,,07工程/研發/生技,機械工程師,070216,具備生產管理、機構原理實務經驗，熟悉製造流程，適合擔任機械工程師，從事機械設計研發、設備改善優化等工作。,,建議取得勞動部「機械加工」技術士證
,,,07工程/研發/生技,機電整合工程師,070218,具備系統整合、性能測試等相關實務，熟悉技術研發流程與品質驗證制度，適合擔任機電整合工程師，從事機電系統設計、模組整合測試等工作。,,建議取得「機電整合」技術士證
,,,21行銷/企劃/專案,營運管理師/企業ERP管理師,210302,具備制度規劃與資源調度能力，適合擔任營運管理師/企業ERP管理師，從事企業營運規劃與管理諮詢。,,建議取得經濟部「營運智慧分析師」相關能力鑑定證書
,,,21行銷/企劃/專案,專案管理師,210304,因具備跨部門協調與計劃推動，適合擔任為專案管理師，運用專案管理技術，確保專案能在規定的時間內完成。,,建議取得「國際專案管理師（PMP）認證」等相關證照
,,,21行銷/企劃/專案,企業永續發展人員,210305,因具備計畫擬定、風險評估與專案推動經驗，擁有流程管控、資料蒐整與跨部門溝通能力，適合轉銜企業永續發展人員，從事企業碳盤查、減碳規劃及社會責任（CSR）等相關工作。,,建議取得經濟部「淨零碳規劃管理師」等相關能力鑑定
機工技術士,4N315,"1.精密機械加工與製造作業
1.1執行機械零件之量測與加工製造作業。
1.2操作車床、銑床等機加工設備完成零件加工。
1.3配合製造需求進行零件修護與調整。
2.設備操作與工廠安全管理
2.1操作並維護各類機械加工設備。
2.2執行設備保養與基礎維修作業。
2.3落實工廠安全作業與設備管理制度。
3.產品組裝與測試作業
3.1執行產品組裝與裝配流程。
3.2協助進行產品測試與品質檢查。
3.3依作業標準完成產品檢整與性能確認。",07工程/研發/生技,機械工程師,070216,具備各類機具操作及精密製造經驗，熟悉機構原理及生產流程，適合擔任機械工程師，從事與機械有關之產品設計、製造、維修、操作等工作。,,建議取得勞動部「鉗工」或「車床」等相關技術士證
,,,10技術/維修/操作,自動化機械加工技術人員,100106,熟悉機具操作與金屬加工流程，適合擔任自動化機械加工技術人員，從事自動化設備操作、工件製造與產線加工作業。,,建議取得勞動部「機電整合」或「機械加工」等相關技術士證
,,,10技術/維修/操作,傳統車床技術人員,100129,具備機械加工與精密量測技能，適合擔任傳統車床技術人員，從事金屬切削與零件製造工作。,,建議取得勞動部「車床」相關技術士證
,,,10技術/維修/操作,CNC車床技術人員,100114,具備車床與圖樣判讀基礎，適合擔任CNC車床技術人員，從事CNC車床機械加工相關工作。,,建議取得勞動部「電腦數值控制車床項乙級技術士」
,,,10技術/維修/操作,銑床技術人員,100113,具備機械加工與精密量測技能，適合轉擔任銑床技術人員，從事金屬零件之銑削加工與製作等相關工作。,,建議取得勞動部「銑床」技術士證
,,,09品管/製造/環衛,製程技術員,090203,具備彈藥及火工品檢整與測試作業經驗，適合擔任製程技術員；從事產品適當生產作業順序及時間配置等技術工作。,,
,,,09品管/製造/環衛,品管測試技術員,090103,具備彈藥及火工品檢整與測試作業經驗，適合擔任品管測試技術員，依據品質管制規範執行成品檢驗，確保產品符合製造標準。,,建議取得中華民國品質學會「品質工程師認證」（經濟部認可）
,,,09品管/製造/環衛,安全／衛生相關檢驗人員,090303,因具備火藥相關化學知識與作業環境風險評估能力，適合轉銜為安全／衛生相關檢驗人員，從事職業工作場所、產品生產等安全衛生檢驗工作。,,建議取得「化學性因子作業環境監測」相關技術士證
檢驗技術士,4N345,"1.儀表檢測與校正作業
1.1執行各類測試儀表之檢測與校正作業。
1.2進行儀表維修與性能確認。
1.3確保測量設備符合使用與品質標準。
2.測試設備維護與管理
2.1保養與維護測試設備與儀表器材。
2.2管理測試工具與設備使用狀況。
2.3確保檢測設備正常運作與安全使用。
3.產品品質判定與故障分析
3.1分析產品或設備故障狀況。
3.2判定產品是否符合品質與使用標準。
3.3協助提出改善建議與品質管理措施。",09品管/製造/環衛,製程技術員,090203,具備儀表檢修校正、設備測試維護等相關實務，熟悉製程作業流程與品質檢驗制度，適合擔任製程技術員；從事製程設備操作、品質檢測分析等工作。,,
,,,09品管/製造/環衛,品管/品保工程師,090107,具備儀表檢修校正、產品性能測試等相關實務，熟悉檢驗作業流程與品質控管制度，適合擔任品管/品保工程師，從事品質檢驗分析、製程品質改善等工作。 ,,建議取得中華民國品質學會「品質工程師認證」（經濟部認可）
,,,10技術/維修/操作,電子設備裝修技術員,100208,具備儀表檢修校正、設備測試維護等相關實務，熟悉檢修作業流程與設備保養制度，適合擔任電子設備裝修技術員，從事電子設備安裝、故障檢修維護等工作。,,建議取得勞動部「工業儀器」或「電器修護」等相關技術士證
傘具裝備修護官,4C91 ,"1.航空與安全裝備檢修管理
1.1規劃並執行航空或安全裝備之檢驗與維修作業。
1.2確保裝備性能穩定並符合使用安全標準。
1.3協助裝備性能改良與技術更新。
2.維修體系與設備管理
2.1規劃裝備維修設備與作業流程。
2.2建立維修作業標準與管理制度。
2.3督導維修單位運作與設備維護。
3.材料應用與品質控制
3.1評估材料性能並制定使用標準。
3.2管理裝備製作與處理流程品質。
3.3指導人員依標準完成裝備整備與品質檢查。",09品管/製造/環衛,工廠主管,090101,具備生產管理、設備維護等相關實務，熟悉製造流程管制與品質效能管理制度，適合擔任工廠主管；從事生產計畫管理、設備資源調度等工作。,,
,,,09品管/製造/環衛,品管/品保工程師,090107,具備生產管理、設備維護等相關實務，熟悉檢驗作業流程與品質控管制度，適合擔任品管/品保工程師，從事品質檢驗分析、製程品質改善等工作。 ,,建議取得中華民國品質學會「品質工程師認證」（經濟部認可）
,,,21行銷/企劃/專案,營運管理師/企業ERP管理師,210302,具備制度規劃與資源調度能力，適合擔任營運管理師/企業ERP管理師，從事企業營運規劃與管理諮詢。,,建議取得經濟部「營運智慧分析師」相關能力鑑定證書
,,,21行銷/企劃/專案,專案管理師,210304,因具備跨部門協調與計劃推動，適合擔任為專案管理師，運用專案管理技術，確保專案能在規定的時間內完成。,,建議取得「國際專案管理師（PMP）認證」等相關證照
空投器材官,4B18,"1.航空與安全裝備維修管理
1.1規劃並執行航空或安全裝備之檢驗與維修作業。
1.2確保裝備性能與使用安全符合標準。
1.3協助裝備性能改良與技術優化。
2.裝備維修體系與設備建置
2.1規劃裝備維修設備與維護作業流程。
2.2建立維修作業標準與技術管理制度。
2.3督導維修單位運作並提升作業效率。
3.材料技術與作業標準管理
3.1評估材料特性並制定使用與處理標準。
3.2管理裝備整備與摺疊作業品質。
3.3指導人員依標準完成裝備整備與品質檢查。",09品管/製造/環衛,工廠主管,090101,具備生產管理、設備維護等相關實務，熟悉製造流程管制與品質效能管理制度，適合擔任工廠主管；從事生產計畫管理、設備資源調度等工作。,,
,,,09品管/製造/環衛,品管/品保工程師,090107,具備生產管理、設備維護等相關實務，熟悉檢驗作業流程與品質控管制度，適合擔任品管/品保工程師，從事品質檢驗分析、製程品質改善等工作。 ,,建議取得中華民國品質學會「品質工程師認證」（經濟部認可）
,,,21行銷/企劃/專案,營運管理師/企業ERP管理師,210302,具備制度規劃與資源調度能力，適合擔任營運管理師/企業ERP管理師，從事企業營運規劃與管理諮詢。,,建議取得經濟部「營運智慧分析師」相關能力鑑定證書
,,,21行銷/企劃/專案,專案管理師,210304,因具備跨部門協調與計劃推動，適合擔任為專案管理師，運用專案管理技術，確保專案能在規定的時間內完成。,,建議取得「國際專案管理師（PMP）認證」等相關證照
蒙布皮革及橡膠兵,4B712,"1.材料加工與修復
1.1執行橡膠與皮革製品加工。
1.2進行修補與保養作業。
1.3確保產品品質與耐用性。
2.製作與品質控管
2.1製作功能性裝備或產品。
2.2執行清潔與修復流程。
2.3維持品質與使用安全。
3.物料與器材管理
3.1管理器材搬運與存放。
3.2執行包裝與整理作業。
3.3維持作業流程順暢。",10技術/維修/操作,橡膠製品技術人員,100307,因為具備各種橡膠品製作之技能，適合擔任橡膠製品技術人員；從事橡膠及合成橡膠，製造各種橡膠零件及產品之工作。,,
,,,10技術/維修/操作,車縫／裁縫類人員,100314,因具備裁剪、縫紉技術，適合轉銜車縫／裁縫類人員，從事紡織品、皮革及其他質料產品，手工或機器之縫製或修改等工作。,,建議取得勞動部「女裝」相關技術士證
,,,10技術/維修/操作,紡織及針織機械操作人員,100124,因為具備裁剪縫紉技術，適合擔任紡織及針織機械操作人員，從事成衣製造工作。,,
,,,09品管/製造/環衛,品管檢驗人員,090105,具備裁剪、縫紉技術及橡膠製品，並瞭解布料規格性能，適合擔任品管檢驗人員，依據品質管制標準規格檢查成品，使其符合製造標準工作。,,建議取得中華民國品質學會「品質工程師認證」（經濟部認可）
,,,09品管/製造/環衛,廠務助理,090214,擁有器材包裝及物品清點經驗，熟悉場所巡檢及機具維護，適合擔任廠務助理；從事設施維護、環境管理、報修協調及職業安全衛生等工作。,,
空投器材修護兵,4B982,"1.安全裝備維修與縫製作業
1.1執行安全裝備或織品裝備之檢查與維修作業。
1.2進行裝備縫製、修補與零件更換。
1.3確保裝備維持正常功能與使用安全。
2.裝備倉儲與資產管理
2.1辦理裝備點收、發放與庫存管理。
2.2執行裝備儲存與保管作業。
2.3建立裝備管理紀錄與追蹤機制。
3.設備操作與維修紀錄管理
3.1操作專用設備完成裝備維修作業。
3.2排除設備基本故障並進行日常保養。
3.3記錄維修作業內容與裝備狀態。",10技術/維修/操作,車縫／裁縫類人員,100314,因具備裁剪、縫紉技術，適合轉銜車縫／裁縫類人員，從事紡織品、皮革及其他質料產品，手工或機器之縫製或修改等工作。,,建議取得勞動部「女裝」相關技術士證
,,,10技術/維修/操作,紡織及針織機械操作人員,100124,因為具備裁剪縫紉技術，適合擔任紡織及針織機械操作人員；從事成衣製造工作。,,
,,,10技術/維修/操作,成衣製作打版人員,100111,具備傘具、空投器材裝備檢驗修護、改良實務經驗，適合擔任成衣製作打版人員，從事樣版製作、布料裁剪、車縫加工與品質檢驗等工作。,,建議取得勞動部「女裝」相關技術士證
,,,09品管/製造/環衛,品管檢驗人員,090105,因具備裁剪縫紉技術，並瞭解布料規格，適合轉銜為品管檢驗人員，依據品質管制標準規格檢查成品，使其符合製造標準工作。,,建議取得中華民國品質學會「品質工程師認證」（經濟部認可）
,,,09品管/製造/環衛,廠務助理,090214,擁有器材包裝及物品清點經驗，熟悉場所巡檢及機具維護，適合擔任廠務助理；從事設施維護、環境管理、報修協調及職業安全衛生等工作。,,
空投器材修護士,4B985,"1.安全裝備維修與改製作業
1.1執行安全裝備或織品裝備之檢查、維修與改製作業。
1.2進行裝備縫製、修補與零件更換。
1.3確保裝備符合使用安全與性能要求。
2.裝備物流與庫存管理
2.1辦理裝備點收、發放與庫存管理。
2.2執行裝備包裝、裝卸與儲存管理。
2.3建立裝備編號與管理紀錄。
3.設備操作與維修管理
3.1操作專用設備完成裝備維修作業。
3.2排除設備基礎故障並執行設備保養。
3.3記錄維修過程與裝備狀態，建立作業紀錄。",10技術/維修/操作,車縫／裁縫類人員,100314,因具備裁剪、縫紉技術，適合轉銜車縫／裁縫類人員，從事紡織品、皮革及其他質料產品，手工或機器之縫製或修改等工作。,,建議取得勞動部「女裝」相關技術士證
,,,10技術/維修/操作,紡織及針織機械操作人員,100124,因為具備裁剪縫紉技術，適合擔任紡織及針織機械操作人員；從事成衣製造工作。,,
,,,10技術/維修/操作,成衣製作打版人員,100111,具備傘具、空投器材裝備檢驗修護、改良實務經驗，適合擔任成衣製作打版人員證，從事樣版製作、布料裁剪、車縫加工與品質檢驗等工作。,,建議取得勞動部「女裝」相關技術士證
,,,09品管/製造/環衛,品管檢驗人員,090105,因具備裁剪縫紉技術，並瞭解布料規格，適合轉銜為品管檢驗人員，依據品質管制標準規格檢查成品，使其符合製造標準工作。,,建議取得中華民國品質學會「品質工程師認證」（經濟部認可）
,,,09品管/製造/環衛,廠務,090220,擁有器材包裝及物品清點經驗，熟悉場所巡檢及機具維護，適合擔任廠務；從事設施維護、環境管理、報修協調及職業安全衛生等工作。,,
採購將官,4P00,"1.採購政策與制度規劃
1.1 擬定組織層級之採購政策、制度與執行原則。
1.2 規劃年度或專案採購計畫，對應組織營運或任務需求。
1.3 建立採購治理架構，確保流程一致與標準化。
2.採購法規遵循與流程管理
2.1 督導採購作業依法進行，降低法律與合規風險。
2.2 審視採購程序適法性、完整性與內控要求。
2.3 處理採購爭議、異常狀況與程序修正建議。
3.跨單位採購執行督導
3.1 督導各級單位採購進度、品質與執行成效。
3.2 協調需求單位、執行單位與審核機制之運作。
3.3 以管理視角確保採購成果符合組織整體目標。",15物流/運輸/資材,採購主管,150301,具備統籌商情管理、招標發包、履約驗收等各採購階段實務經驗，熟悉採購法規及作業流程，適合轉銜採購主管，從事物品需求確認、供應商評選、價格協商與進貨驗收等工作。,應取得工程會「採購專業人員」訓練合格證書,
,,,15物流/運輸/資材,資材主管,150302,具備採購策略規劃、供應作業督導等相關實務，熟悉採購制度管理與流程管控機制，適合擔任資材主管；從事資材採購管理、供應鏈資源整合等工作。,,
,,,01 經營/行政/總務,經營管理主管,010101,具備整合採購規畫、執行審核作業經驗，適合轉銜經營管理主管，從事企業經營規劃與管理。,,
,,,21行銷/企劃/專案,專案管理主管,210301,具備策定採購政策、推動執行與團隊領導經驗，熟悉採購法規制度與作業流程管控機制，適合轉銜專案管理主管，從事專案規劃、管控及協調相關工作。,,建議取得「國際專案管理師（PMP）認證」等相關證照
,,,21行銷/企劃/專案,營運管理師／系統整合／ERP專案師,210302,具備採購政策規劃、統籌作業督導等相關實務，熟悉採購法規制度與作業流程管控機制，適合擔任營運管理師/系統整合/ERP專案師，從事營運流程規劃、系統整合推動等工作。,,建議取得經濟部「營運智慧分析師能力鑑定」等相關證書
,,,21行銷/企劃/專案,企業永續發展人員,210305,因具備採購計畫擬定、風險評估與專案推動經驗，擁有流程管控、資料蒐整與跨部門溝通能力，適合轉銜企業永續發展人員，從事企業碳盤查、減碳規劃及社會責任（CSR）等相關工作。,,建議取得經濟部產業發展署「淨零碳規劃管理師能力鑑定」等相關證書
,,,22其他職類,顧問,220106,因具備計畫擬定、風險評估與專案推動經驗，擁有流程管控、資料蒐整與跨部門溝通能力，適合轉銜為顧問，接受企業委託，提供專業諮詢及經營改善建議。,,
採購督導官,4P11,"1.採購政策與制度規劃
1.1 擬定組織整體採購政策、制度與年度計畫。
1.2 建立採購作業標準（SOP）與分階段作業架構。
1.3 以制度設計確保採購作業一致性與可複製性。
2.採購流程管理與法規遵循
2.1 指導採購各階段作業依法合規執行。
2.2 檢視並優化採購流程，降低制度風險與作業落差。
2.3 協調相關部門，確保採購行政運作順暢。
3.採購能力建構與組織推動
3.1 規劃並推動採購宣導與教育訓練。
3.2 建立採購人員制度理解與作業一致性。
3.3 提升組織整體採購專業與治理成熟度。",15物流/運輸/資材,採購主管,150301,具備統籌商情管理、招標發包、履約驗收等各採購階段實務經驗，熟悉採購法規及作業流程，適合轉銜採購主管，從事物品需求確認、供應商評選、價格協商與進貨驗收等工作。,應取得工程會「採購專業人員」訓練合格證書,
,,,15物流/運輸/資材,資材主管,150302,具備採購策略規劃、供應作業督導等相關實務，熟悉採購制度管理與流程管控機制，適合擔任資材主管；從事資材採購管理、供應鏈資源整合等工作。,,
,,,04 財務/金融/保險,稽核人員,040107,具備採購制度規劃、流程稽核督導等相關實務，熟悉法規遵循流程與內控制度管理機制，適合擔任稽核人員；從事內部稽核執行、制度流程查核等工作。,,
,,,02 業務/貿易/銷售,國貿人員,020201,具備採購規劃管理、跨單位協調等相關實務，熟悉法規作業流程與供應管控機制，適合擔任國貿人員；從事進出口作業處理、貨運安排與訂單管理等工作。,,
,,,02 業務/貿易/銷售,押匯及報關人員,020202,具備執行軍品國外採購實務經驗，熟悉法規遵循流程與作業審核機制，適合擔任押匯及報關人員；從事出貨文件審核、報關程序辦理等工作。,,
,,,21行銷/企劃/專案,專案管理主管,210301,具備策定採購政策、推動執行與團隊領導經驗，熟悉採購法規制度與作業流程管控機制，適合轉銜專案管理主管，從事專案規劃、管控及協調相關工作。,,建議取得「國際專案管理師（PMP）認證」等相關證照
,,,21行銷/企劃/專案,市場調查/市調分析,210105,具備商情資料蒐整、需求趨勢分析等相關實務，熟悉作業流程規劃與決策支援機制，適合擔任市場調查/市調分析；從事市場資料分析、產業情報研析等工作。,,
,,,21行銷/企劃/專案,營運管理師／系統整合／ERP專案師,210302,具備採購政策規劃、統籌作業督導等相關實務，熟悉採購法規制度與作業流程管控機制，適合擔任營運管理師/系統整合/ERP專案師，從事營運流程規劃、系統整合推動等工作。,,建議取得經濟部「營運智慧分析師能力鑑定」等相關證書
,,,21行銷/企劃/專案,企業永續發展人員,210305,因具備採購計畫擬定、風險評估與專案推動經驗，擁有流程管控、資料蒐整與跨部門溝通能力，適合轉銜企業永續發展人員，從事企業碳盤查、減碳規劃及社會責任（CSR）等相關工作。,,建議取得經濟部產業發展署「淨零碳規劃管理師能力鑑定」等相關證書
採購士,4P464,"1.採購政策與計畫執行支援
1.1 協助制定與落實採購政策與年度採購計畫。
1.2 追蹤採購計畫執行情形，確保作業依規推展。
1.3 協助主管進行採購制度與作業面之落地執行。
2.採購流程推動與行政控管
2.1 協助辦理採購各階段作業與跨單位協調。
2.2 處理採購部門行政作業，確保流程順暢與資料完整。
2.3 配合法規要求，維持採購文件與作業之合規性。
3.採購專業推廣與成本分析支援
3.1 協助推動採購法規宣導與教育訓練。
3.2 進行商品成本分析，提供採購決策參考。
3.3 協助建立採購人員對制度與流程之理解。",15物流/運輸/資材,採購人員,150303,具備審查採購、進貨驗收等實務經驗，適合轉銜採購人員，從事物品需求確認、供應商評選、價格協商與進貨驗收等工作。,應取得工程會「採購專業人員」相關訓練及格證書,
,,,15物流/運輸/資材,物管／資材,150305,具備採購策略規劃、供應作業督導等相關實務，熟悉採購制度管理與流程管控機制，適合擔任物管／資材人員；從事資材採購管理、供應鏈資源整合等工作。,,
,,,02 業務/貿易/銷售,國貿人員,020201,具備採購規劃管理、跨單位協調等相關實務，熟悉法規作業流程與供應管控機制，適合擔任國貿人員；從事進出口作業處理、貨運安排與訂單管理等工作。,,
,,,01經營/行政/總務,行政總務人員,010302,具備採購部門行政管理、物資協調與文書處理經驗，適合轉銜為行政總務人員。從事文書行政、庶務支援、設備管理與跨單位協調等任務。,,
,,,21行銷/企劃/專案,專案管理師,210304,具備商情管理、招標發包、履約驗收等各採購階段實務經驗，熟悉採購法規制度與作業流程管控機制，適合轉銜專案管理師，從事專案規劃、管控及協調相關工作。,,建議取得「國際專案管理師（PMP）認證」等相關證照
,,,21行銷/企劃/專案,市場調查/市調分析,210105,具備商情資料蒐整、需求趨勢分析等相關實務，熟悉作業流程規劃與決策支援機制，適合擔任市場調查/市調分析；從事市場資料分析、產業情報研析等工作。,,
科技指揮將官,DJ00,"1.科技研發管理
1.1規劃科技發展與研發方向。
1.2推動技術創新與研發專案。
1.3提升組織技術競爭力。
2.專案督導與執行管理
2.1督導大型研發計畫執行。
2.2管控專案進度與資源配置。
2.3確保計畫成果與執行品質。
3.組織領導與資源整合
3.1統籌跨部門協調與合作。
3.2執行高階決策與營運管理。
3.3提升組織整體運作效率。",09品管/製造/環衛,工廠主管,090101,具備研發策略規劃、組織運作統籌等相關實務；熟悉研發流程控管與協調運作機制，適合擔任工廠主管；從事營運規劃與部門管理運作等工作。,,
,,,01經營/行政/總務,經營管理主管,010101,具備研發策略規劃、組織運作統籌等相關實務；熟悉政策制定與流程控管機制，適合擔任經營管理主管；從事營運策略規劃與組織決策管理等工作。,,
,,,21行銷/企劃/專案,專案管理主管,210301,具備研發計畫統籌管理、跨單位資源整合等相關實務；熟悉專案流程控管與進度管制機制，適合擔任專案管理主管，從事專案規劃控管與團隊協調整合等工作。,,建議取得「國際專案管理師（PMP）認證」等相關證照
,,,02業務/貿易/銷售,業務主管,020101,具備研發成果推動、跨單位協調整合等相關實務，熟悉產品應用說明與裝備推廣情境，適合擔任業務主管；從事業務策略推動與團隊管理等工作。,,
,,,14教育/學術/研究,教授／副教授／助理教授,140201,具備科技研發策略規劃、研究方向統籌等相關實務，熟悉學術發展脈絡與專業知識整合機制，適合擔任教授/副教授/助理教授，從事教學授課與學術研究發展等工作。,應取得教育部教授/副教授/助理教授資格,
,,,07工程/研發/生技,產品研發工程師,070203,具備研發策略規劃、技術發展統籌等相關實務，熟悉研發流程控管與技術整合機制，適合擔任產品研發工程師；從事產品開發規劃與技術設計整合等工作。,,
,,,22其他職類,顧問,220106,具備研發策略規劃、科技趨勢判斷等相關實務，熟悉政策制定與協調運作機制，適合擔任顧問；從事專業諮詢提供與策略建議等工作。,,
科技研究將官,9A00,"4.研發策略與規劃
1.1擬定技術發展方向與策略。
1.2規劃中長期研發藍圖。
1.3推動創新與技術應用。5.研發專案管理
2.1管理多項研發專案進度。
2.2控管資源與執行成效。
2.3確保專案如期達成目標。6.組織與資源整合
3.1領導跨領域研發團隊。
3.2整合技術、人力與資源。
3.3提升研發效率與成果產出。",09品管/製造/環衛,工廠主管,090101,具備研發策略規劃、組織運作統籌等相關實務；熟悉研發流程控管與協調運作機制，適合擔任工廠主管；從事營運規劃與部門管理運作等工作。,,
,,,01經營/行政/總務,經營管理主管,010101,具備研發策略規劃、組織運作統籌等相關實務；熟悉政策制定與流程控管機制，適合擔任經營管理主管；從事營運策略規劃與組織決策管理等工作。,,
,,,21行銷/企劃/專案,專案管理主管,210301,具備研發計畫統籌管理、跨單位資源整合等相關實務；熟悉專案流程控管與進度管制機制，適合擔任專案管理主管，從事專案規劃控管與團隊協調整合等工作。,,建議取得「國際專案管理師（PMP）認證」等相關證照
,,,02業務/貿易/銷售,業務主管,020101,具備研發成果推動、跨單位協調整合等相關實務，熟悉產品應用說明與裝備推廣情境，適合擔任業務主管；從事業務策略推動與團隊管理等工作。,,
,,,14教育/學術/研究,教授／副教授／助理教授,140201,具備科技研發策略規劃、研究方向統籌等相關實務，熟悉學術發展脈絡與專業知識整合機制，適合擔任教授/副教授/助理教授，從事教學授課與學術研究發展等工作。,應取得教育部教授/副教授/助理教授資格,
,,,07工程/研發/生技,產品研發工程師,070203,具備研發策略規劃、技術發展統籌等相關實務，熟悉研發流程控管與技術整合機制，適合擔任產品研發工程師；從事產品開發規劃與技術設計整合等工作。,,
,,,22其他職類,顧問,220106,具備研發策略規劃、科技趨勢判斷等相關實務，熟悉政策制定與協調運作機制，適合擔任顧問；從事專業諮詢提供與策略建議等工作。,,
電機電子研究督導官,9A01,"1.電機電子研發管理與技術規劃
1.1規劃電機電子相關產品之研發方向與技術策略。
1.2督導研發專案執行並確保符合技術規格與品質標準。
1.3整合研發資源以提升產品開發效率與創新能力。
2.產品設計與製造流程管理
2.1督導電機設備之設計開發與技術驗證流程。
2.2管理產品生產製造流程並確保品質穩定。
2.3協調設計與製造單位以優化產品開發與量產效率。
3.設備維護與全生命週期管理
3.1規劃設備維護策略與保養制度。
3.2督導設備維修作業並確保運作穩定性。
3.3建立設備全生命週期管理機制以提升使用效益。",07工程/研發/生技,光電工程研發主管,070211,具備電機系統研發督導、產品設計整合等相關實務，熟悉研發流程控管與測試驗證機制，適合擔任光電工程研發主管；從事研發管理與產品設計整合等工作。,,
,,,09品管/製造/環衛,工廠主管,090101,具備產品設計生產整合、設備維護全生命週期管理等相關實務，熟悉製程流程控管與品質維護機制，適合擔任工廠主管；從事生產管理與製程品質控管等工作。,,
,,,,品管/品保主管,090102,具備品質標準審查、工程改善機制規劃等相關實務，熟悉品質管理流程建立與測試驗證控管機制，適合擔任品管品保主管；從事品質制度建置與製程品質改善管理等工作。,,建議取得ISO9001主導稽核員證書
,,,01經營/行政/總務,經營管理主管,010101,具備研發策略規劃、組織運作統籌等相關實務，熟悉資源配置與流程控管機制，適合擔任經營管理主管；從事營運策略規劃與組織管理決策等工作。,,
,,,21行銷/企劃/專案,專案管理主管,210301,具備研發計畫統籌管理、跨單位資源整合等相關實務，熟悉專案流程控管與進度管制機制，適合擔任專案管理主管，從事專案規劃控管與團隊協調整合等工作。,,建議取得「國際專案管理師（PMP）認證」等相關證照
,,,02業務/貿易/銷售,業務主管,020101,具備研發成果推動、跨單位協調整合等相關實務，熟悉產品應用說明與裝備推廣情境，適合擔任業務主管；從事業務策略推動與團隊管理等工作。,,
,,,07工程/研發/生技,機電整合工程師,070218,具備電機系統研發與工程整合專業能力，熟悉設備設計、生產維修及系統分析流程，適合擔任機電整合工程師，從事機電系統設計、整合開發及技術維護相關工作。,,建議取得高考「電機工程」或「電子工程」技師資格
,,,14教育/學術/研究,教授／副教授／助理教授,140201,具備電機電子技術研發統籌、研究方向規劃等相關實務，熟悉學術發展脈絡與專業知識整合機制，適合擔任教授副教授助理教授，從事教學授課與學術研究發展等工作。,應取得教育部教授/副教授/助理教授資格,
資訊工程管理研究官,9B03,"1.資訊系統規劃與架構設計
1.1規劃企業資訊系統整體架構與發展藍圖。
1.2執行系統需求分析與功能設計。
1.3管理系統開發、維運與持續優化。
2.數位轉型策略與長期規劃
2.1規劃組織資訊化與數位轉型策略。
2.2進行長期技術發展與投資效益分析。
2.3制定資訊治理與發展路徑。
3.決策支援系統建置與資料應用
3.1規劃與建置決策支援系統與資料分析平台。
3.2整合多來源資料以支援管理決策。
3.3建立數據分析模型以提升決策品質與效率。",08資訊/軟體/系統,資訊管理部門主管,080101,具備資訊系統規劃設計、決策支援系統建置等相關實務，熟悉資訊作業準則制定與系統維運管理機制，適合擔任資訊管理部門主管；從事資訊策略規劃與系統管理決策等工作。,,
,,,08資訊/軟體/系統,MIS╱網管主管,080307,具備資訊系統規劃建置、維運管理等相關實務，熟悉資訊作業準則制定與網路管理機制，適合擔任MIS網管主管；從事系統維運統籌與資訊部門管理等工作。,,
,,,01經營/行政/總務,經營管理主管,010101,具備資訊策略規劃、組織運作統籌等相關實務，熟悉決策支援分析與流程控管機制，適合擔任經營管理主管；從事營運策略規劃與組織管理決策等工作。,,
,,,21行銷/企劃/專案,專案管理主管,210301,具備資訊系統專案規劃、跨單位資源整合等相關實務，熟悉專案流程控管與進度管制機制，適合擔任專案管理主管，從事專案規劃控管與團隊協調整合等工作。,,建議取得國際專案管理師（PMP）認證等相關證照
,,,02業務/貿易/銷售,業務主管,020101,具備資訊方案推動、跨單位協調整合等相關實務，熟悉產品應用說明與裝備推廣情境，適合擔任業務主管；從事業務策略推動與團隊管理等工作。,,
,,,08資訊/軟體/系統,系統分析師,080302,具備資訊系統規劃與管理專業能力，熟悉系統分析、設計維護及決策支援機制，適合擔任系統分析師，從事系統需求分析、架構設計及資訊系統優化相關工作。,,
,,,14教育/學術/研究,教授／副教授／助理教授,140201,具備資訊系統研究規劃、學術發展統籌等相關實務，熟悉理論方法應用與專業知識整合機制，適合擔任教授副教授助理教授，從事教學授課與學術研究發展等工作。,應取得教育部教授/副教授/助理教授資格,
機械系統研究督導官,9C01,"1.機械工程研發策略與技術管理
1.1規劃機械工程相關產品與系統之研發方向。
1.2督導研發專案執行並確保符合技術規格與品質標準。
1.3整合技術資源以提升研發效率與創新能力。
2.機械設計與系統整合
2.1督導機械設備與關鍵組件之設計開發。
2.2規劃機電整合系統（含冷卻與空調系統）之設計。
2.3確保系統整合符合功能需求與性能指標。
3.製造工程與工藝設計管理
3.1督導製造流程中工具、模具與夾具之設計與優化。
3.2管理製造工程流程並提升生產效率與品質。
3.3推動製程技術改善以降低成本並提升穩定性。",07工程/研發/生技,產品研發工程師,070203,具備機械系統設計整合、工程技術改善規劃等相關實務，熟悉產品設計流程與測試驗證機制，適合擔任產品研發工程師；從事產品設計開發與技術優化等工作。,,
,,,07工程/研發/生技,機構工程師,070204,具備機構設計整合、工程技術改進規劃等相關實務，熟悉產品設計流程與結構驗證機制，適合擔任機構工程師，從事機構設計開發與結構優化等工作。,,建議取得高考「機械工程」技師資格
,,,07工程/研發/生技,機械工程師,070216,具備機械工程設計、製造與研發專業能力，熟悉武器系統與先進機械工程技術，適合擔任機械工程師，從事機械裝備設計、測試及工程改進相關工作。,,建議取得勞動部核發「鉗工或車床」等相關技術士證
,,,07工程/研發/生技,機電整合工程師,070218,具備機電系統整合規劃、跨領域設計協調等相關實務，熟悉產品設計流程與測試驗證機制，適合擔任機電整合工程師；從事系統整合設計與功能測試驗證等工作。,,
,,,09品管/製造/環衛,品管/品保主管,090102,具備品質標準審查、工程改善機制規劃等相關實務，熟悉品質管理流程建立與測試驗證控管機制，適合擔任品管品保主管；從事品質制度建置與製程品質改善管理等工作。,,建議取得ISO9001主導稽核員證書
,,,01經營/行政/總務,經營管理主管,010101,具備研發策略規劃、組織運作統籌等相關實務，熟悉資源配置與流程控管機制，適合擔任經營管理主管；從事營運策略規劃與組織管理決策等工作。,,
,,,21行銷/企劃/專案,專案管理主管,210301,具備研發計畫統籌管理、跨單位資源整合等相關實務，熟悉專案流程控管與進度管制機制，適合擔任專案管理主管，從事專案規劃控管與團隊協調整合等工作。,,建議取得國際專案管理師（PMP）認證等相關證照
,,,02業務/貿易/銷售,業務主管,020101,具備技術方案推動、跨單位協調整合等相關實務，熟悉產品應用說明與裝備推廣情境，適合擔任業務主管；從事業務策略推動與客戶關係管理等工作。,,
,,,14教育/學術/研究,教授／副教授／助理教授,140201,具備機械工程研究規劃、技術發展統籌等相關實務，熟悉學術研究方法與專業知識整合機制，適合擔任教授副教授助理教授，從事教學授課與學術研究發展等工作。,應取得教育部教授/副教授/助理教授資格,
材料科學研究官,9D03,"1.材料研發與技術應用
1.1執行各類材料之分析、測試與製程開發。
1.2研究材料特性並進行應用技術開發。
1.3將材料技術導入產品或製程以提升性能與品質。
2.材料製程與品質管理制度建構
2.1規劃材料製備與測試流程之標準作業程序。
2.2建立材料品質管理制度與檢驗規範。
2.3監控製程品質並持續優化作業流程。
3.研發專案參與與執行
3.1參與材料相關研發專案之規劃與執行。
3.2協助跨部門合作推動技術開發進程。
3.3追蹤專案進度並確保達成技術目標。",07工程/研發/生技,材料研發人員,070303,具備材料分析測試、研發計畫參與等相關實務，熟悉材料製程與品質制度規劃機制，適合擔任材料研發人員；從事材料開發設計與性能測試驗證等工作。,,
,,,09品管/製造/環衛,品管/品保主管,090102,具備品質制度規劃、材料測試驗證等相關實務，熟悉品質標準建立與異常改善流程，適合擔任品管品保主管，從事品管制度建置與製程改善等工作。,,建議取得ISO9001主導稽核員證書
,,,14教育/學術/研究,化學相關研究人員,140310,具備材料分析測試、化學特性研究等相關實務，熟悉實驗設計與數據分析方法，適合擔任化學相關研究人員；從事材料化學分析與實驗研究等工作。,,
,,,21行銷/企劃/專案,專案管理師,210304,具備研發計畫執行、跨單位協調等相關實務，熟悉專案流程控管與進度追蹤機制，適合擔任專案管理師，從事專案執行控管與協調支援等工作。,,建議取得國際專案管理師（PMP）認證等相關證照
,,,14教育/學術/研究,教授／副教授／助理教授,140201,具備材料科學研究規劃、技術發展統籌等相關實務，熟悉學術研究方法與專業知識整合機制，適合擔任教授/副教授/助理教授，從事教學授課與學術研究發展等工作。,應取得教育部教授/副教授/助理教授資格,
化學工程研究督導官,9.00E+01,"1.化學工程研發策略與技術整合
1.1規劃化學工程相關領域之研發方向與技術策略。
1.2督導跨領域化學技術整合與應用開發。
1.3推動技術創新以提升產品與製程競爭力。
2.化學製程開發與製造技術管理
2.1督導化學製程之設計、開發與優化。
2.2管理各類加工技術之應用（如研磨、熱處理及其他製程技術）。
2.3提升製程效率、穩定性與產品品質。
3.材料與應用技術研究
3.1督導材料（如光電材料、功能性材料）之開發與應用研究。
3.2研究材料特性（如腐蝕行為、電化學性質）並進行應用分析。
3.3推動材料技術於產品與系統中的應用整合。",07工程/研發/生技,化學工程師,070301,具備材料分析測試、製程應用等相關實務，熟悉材料特性判讀與品質制度規劃，適合擔任化學工程師；從事製程開發與材料應用分析等工作。,,建議取得高考「化學工程」技師資格
,,,07工程/研發/生技,特用化學工程師,070305,具備材料分析測試、特用材料應用開發等相關實務，熟悉製程規劃與品質制度設計，適合擔任特用化學工程師；從事化學品研發與製程設計優化等工作。,,建議取得高考「化學工程」技師資格
,,,09品管/製造/環衛,工廠主管,090101,具備材料製程規劃、品質制度建置等相關實務，熟悉生產流程控管與設備運作管理，適合擔任工廠主管；從事生產管理與製程品質控管等工作。,,
,,,09品管/製造/環衛,品管/品保主管,090102,具備品質制度規劃、材料測試驗證等相關實務，熟悉品質標準建立與異常改善流程，適合擔任品管品保主管，從事品管制度建置與製程改善等工作。,,建議取得ISO9001主導稽核員證書
,,,09品管/製造/環衛,工安/環工主管,090302,具備材料製程風險評估、環境安全管控等相關實務，熟悉安全標準建立與異常防治流程，適合擔任工安/環工主管，從事職業安全管理與環境保護制度建置等工作。,,建議取得勞動部「職業安全衛生管理乙級技術士」證
,,,14教育/學術/研究,化學相關研究人員,140310,具備材料分析測試、化學特性研究等相關實務，熟悉實驗設計與數據分析方法，適合擔任化學相關研究人員；從事化學分析與實驗研究等工作。,,
,,,01經營/行政/總務,經營管理主管,010101,具備研發策略規劃、組織運作統籌等相關實務，熟悉資源配置與流程控管機制，適合擔任經營管理主管；從事營運策略規劃與組織管理決策等工作。,,
,,,21行銷/企劃/專案,專案管理主管,210301,具備研發計畫統籌管理、跨單位資源整合等相關實務，熟悉專案流程控管與進度管制，適合擔任專案管理主管，從事專案規劃控管與團隊協調整合等工作。,,建議取得國際專案管理師（PMP）認證等相關證照
,,,02業務/貿易/銷售,業務主管,020101,具備技術方案推動、跨單位協調整合等相關實務，熟悉產品應用說明情境，適合擔任業務主管；從事業務策略推動與客戶關係管理等工作。,,
,,,14教育/學術/研究,教授／副教授／助理教授,140201,具備材料科學研究規劃、技術發展統籌等相關實務，熟悉學術研究方法與專業知識整合，適合擔任教授/副教授/助理教授，從事教學授課與學術研究發展等工作。,應取得教育部教授/副教授/助理教授資格,
化學戰防護技術研究官,9.00E+23,"1.特殊化學材料研發與配方設計
1.1進行功能性化學材料之合成、配方設計與特性分析。
1.2研究材料反應機制與應用特性。
1.3開發具特定功能之化學產品與應用方案。
2.檢測技術與安全防護系統開發
2.1開發物質檢測與分析技術。
2.2規劃安全防護與風險控制技術方案。
2.3建立污染處理與環境安全管理技術。
3.健康影響評估與防護應用研究
3.1分析化學物質對人體或環境之影響。
3.2建立風險評估模型與防護對策。
3.3研究健康防護與應變處理技術。",07工程/研發/生技,化學工程師,070301,具備材料分析測試、製程應用等相關實務，熟悉材料特性判讀與品質制度規劃，適合擔任化學工程師；從事製程開發與材料應用分析等工作。,,建議取得高考「化學工程」技師資格
,,,07工程/研發/生技,特用化學工程師,070305,具備材料分析測試、特用材料應用開發等相關實務，熟悉製程規劃與品質制度設計，適合擔任特用化學工程師；從事化學品研發與製程設計優化等工作。,,建議取得高考「化學工程」技師資格
,,,09品管/製造/環衛,工廠主管,090101,具備製程規劃、研發成果轉化等相關實務，熟悉生產流程控管與安全管理，適合擔任工廠主管；從事生產管理與製程品質控管等工作。,,
,,,09品管/製造/環衛,品管/品保主管,090102,具備品質制度規劃、化學分析驗證等相關實務，熟悉品質標準建立與異常改善流程，適合擔任品管品保主管；從事品管制度建置與製程改善等工作。,,
,,,09品管/製造/環衛,工安/環工主管,090302,具備化學風險評估、防護技術規劃等相關實務，熟悉安全標準建立與污染防治流程，適合擔任工安/環工主管，從事職業安全管理與環境保護制度建置等工作。,,建議取得勞動部「職業安全衛生管理乙級技術士」證
,,,14教育/學術/研究,化學相關研究人員,140310,具備化學分析、配方研究等相關實務，熟悉實驗設計與數據分析方法，適合擔任化學相關研究人員；從事化學分析與實驗研究等工作。,,
,,,01經營/行政/總務,經營管理主管,010101,具備研發策略規劃、組織運作統籌等相關實務，熟悉資源配置與流程控管機制，適合擔任經營管理主管；從事營運策略規劃與組織管理決策等工作。,,
,,,21行銷/企劃/專案,專案管理主管,210301,具備研發計畫統籌管理、跨單位資源整合等相關實務，熟悉專案流程控管與進度管制，適合擔任專案管理主管，從事專案規劃控管與團隊協調整合等工作。,,建議取得國際專案管理師（PMP）認證等相關證照
,,,02業務/貿易/銷售,業務主管,020101,具備技術方案推動、跨單位協調整合等相關實務，熟悉產品應用說明與防護技術推廣，適合擔任業務主管；從事業務策略推動與客戶關係管理等工作。,,
,,,14教育/學術/研究,教授／副教授／助理教授,140201,具備化學防護與材料技術研究規劃、學術發展統籌等相關實務，熟悉學術研究方法與專業知識整合，適合擔任教授/副教授/助理教授，從事教學授課與學術研究發展等工作。,應取得教育部教授/副教授/助理教授資格,
生物科學研究官,9.00E+25,"1.生物技術研發與應用
1.1進行生物相關技術之研究與開發。
1.2分析微生物、生物分子及其作用機制。
1.3推動生物技術於醫療、環境或產業之應用。
2.生物檢測與分析技術開發
2.1開發生物檢測與分析方法（如病原檢測技術）。
2.2建立實驗室檢驗流程與標準作業程序。
2.3提升檢測準確度與效率。
3.公共衛生與疾病研究
3.1研究新興疾病之發展趨勢與傳播機制。
3.2分析疾病對人體與社會之影響。
3.3提供疾病預防與控制之科學依據。",14教育/學術/研究,生物學專業與研究人員,140309,具備生物偵檢分析、防護技術研究等相關實務，熟悉實驗設計與疾病防治研究方法，適合擔任生物學專業研究人員；從事生物醫學研究與實驗分析等工作。,,
,,,14教育/學術/研究,教授／副教授／助理教授,140201,具備生物科學研究規劃、疾病防治技術發展等相關實務，熟悉學術研究方法與專業知識整合，適合擔任教授/副教授/助理教授，從事教學授課與學術研究發展等工作。,應取得教育部教授/副教授/助理教授資格,
,,,07工程/研發/生技,醫藥研發人員,070206,具備生物檢測分析、疾病防治技術研究等相關實務，熟悉實驗設計與數據分析方法，適合擔任醫藥研發人員；從事新藥開發與生物實驗研究等工作。,,
,,,07工程/研發/生技,實驗化驗人員,070304,具備生物檢測分析、實驗操作等相關實務，熟悉檢驗流程與數據判讀方法，適合擔任實驗化驗人員；從事樣本檢測與實驗分析等工作。,,
,,,09品管/製造/環衛,公共衛生人員,090306,具備疫病監測分析、生物檢測等相關實務，熟悉疾病傳播途徑與防治研究，適合擔任公共衛生人員；從事疫情監測與衛生研究支援等工作。,,
應用物理研究官,9F13,"1.應用物理研究與理論分析
1.1進行電磁學與相關物理理論之研究與建模。
1.2分析物理現象並建立數學模型以解釋系統行為。
1.3將基礎物理理論轉化為工程應用技術。
2.電磁技術與材料應用開發
2.1研究材料之電磁特性與行為。
2.2開發電磁相關應用技術（如感測、通訊或能量應用）。
2.3推動材料特性於產品或系統中的應用。
3.電子與電磁元件設計
3.1設計與開發電磁相關元件與模組。
3.2執行元件製作、測試與性能驗證。
3.3優化元件設計以提升效能與穩定性。",14教育/學術/研究,物理天文研究人員,140301,具備電磁理論分析、物理模型建構等相關實務，熟悉材料電磁性質研究與數據分析方法，適合擔任物理天文研究人員；從事理論分析與實驗研究等工作。,,
,,,07工程/研發/生技,材料研發人員,070303,具備材料電磁性質分析、元件設計等相關實務，熟悉材料特性判讀與測試驗證方法，適合擔任材料研發人員；從事材料開發設計與性能測試驗證等工作。,,
,,,07工程/研發/生技,光電工程師,070107,具備電磁理論分析、光電元件設計等相關實務，熟悉材料電磁性質與訊號特性分析，適合擔任光電工程師；從事光電系統設計與性能測試驗證等工作。,,
,,,07工程/研發/生技,EMC電子安規工程師,070112,具備電磁理論分析、干擾機制判讀等相關實務，熟悉電磁特性測試與數據分析方法，適合擔任EMC電子安規工程師；從事電磁相容測試驗證與干擾分析改善等工作。,,
,,,21行銷/企劃/專案,專案管理師,210304,具備研發計畫執行、跨單位協調等相關實務，熟悉專案流程控管與進度追蹤，適合擔任專案管理師，從事專案執行控管與協調支援等工作。,,建議取得國際專案管理師（PMP）認證等相關證照
,,,14教育/學術/研究,教授／副教授／助理教授,140201,具備物理研究規劃、技術發展統籌等相關實務，熟悉學術研究方法與專業知識整合，適合擔任教授副教授助理教授，從事教學授課與學術研究發展等工作。,應取得教育部教授/副教授/助理教授資格,
工業工程研究督導官,9G01,"1.系統可靠度工程與品質提升
1.1規劃產品或系統可靠度提升策略。
1.2執行可靠度分析、預測及失效模式分析（FMEA）。
1.3建立可靠度設計與驗證流程以提升產品穩定性。
2.測試驗證與標準制定
2.1規劃產品測試與驗證計畫。
2.2制定環境測試與品質驗證標準。
2.3監控測試結果並進行品質改善。
3.成本分析與效益優化
3.1分析產品或製程成本結構。
3.2規劃成本降低與效益提升方案。
3.3建立成本與品質平衡之決策模型。",09品管/製造/環衛,工廠主管,090101,具備可靠度工程分析、製程優化管理等相關實務，熟悉統計分析應用與生產流程控管，適合擔任工廠主管；從事生產管理與製程品質改善等工作。,,
,,,09品管/製造/環衛,品管/品保主管,090102,具備品質制度規劃、可靠度分析等相關實務，熟悉品質標準建立與失效模式分析，適合擔任品管品保主管，從事品管制度建置與製程改善等工作。,,建議取得ISO9001主導稽核員證書
,,,09品管/製造/環衛,工安/環工主管,090302,具備工安政策規劃、風險評估等相關實務，熟悉安全標準建立與作業環境改善，適合擔任工安環工主管照，從事職業安全管理與環境保護制度建置等工作。,,建議取得勞動部「職業安全衛生管理乙級技術士」證
,,,09品管/製造/環衛,工業工程師,090202,具備製程效率分析、系統優化規劃等相關實務，熟悉統計分析應用與資源配置，適合擔任工業工程師，從事流程改善與生產效率提升等工作。,,建議取得高考「工業工程」技師資格
,,,09品管/製造/環衛,可靠度工程師,090207,具備可靠度分析、失效模式判讀等相關實務，熟悉驗證計畫規劃與環境試驗分析，適合擔任可靠度工程師；從事產品可靠度驗證與失效分析改善等工作。,,
,,,01經營/行政/總務,經營管理主管,010101,具備工程策略規劃、組織運作統籌等相關實務，熟悉資源配置與流程控管，適合擔任經營管理主管；從事營運策略規劃與組織管理決策等工作。,,
,,,21行銷/企劃/專案,專案管理主管,210301,具備工程專案統籌管理、跨單位資源整合等相關實務，熟悉專案流程控管與進度管制，適合擔任專案管理主管，從事專案規劃控管與團隊協調整合等工作。,,建議取得國際專案管理師（PMP）認證等相關證照
,,,02業務/貿易/銷售,業務主管,020101,具備技術方案推動、跨單位協調整合等相關實務，熟悉產品應用說明與解決方案推廣，適合擔任業務主管；從事業務策略推動與客戶關係管理等工作。,,
,,,14教育/學術/研究,教授／副教授／助理教授,140201,具備工業工程研究規劃、技術發展統籌等相關實務，熟悉學術研究方法與專業知識整合，適合擔任教授/副教授/助理教授，從事教學授課與學術研究發展等工作。,應取得教育部教授/副教授/助理教授資格,
土木研究督導官,9H01,"1.土木與建築工程規劃設計管理
1.1規劃土木與建築工程之整體設計與執行策略。
1.2督導結構工程與基礎設施設計作業。
1.3整合工程規劃、設計與施工管理流程。
2.環境調查與工程可行性評估
2.1執行工程基地環境調查與資料分析。
2.2進行設施規劃之可行性研究與風險評估。
2.3提供工程決策之技術分析與建議。
3.結構工程與耐震設計
3.1進行結構系統設計與安全評估。
3.2規劃耐震設計與結構強化方案。
3.3執行結構量測與性能分析。",09品管/製造/環衛,建築師,110101,具備土木結構規劃設計、工程品質管制等相關實務，熟悉工程分析計算與設計驗證，適合擔任建築師，從事建築規劃設計與工程整合等工作。,應通過高考取得建築師資格後,
,,,09品管/製造/環衛,土木工程師,110102,具備土木結構規劃設計、工程分析等相關實務，熟悉工程測量、設計驗證與品質管制，適合擔任土木工程師，從事工程設計與施工管理等工作。,,建議取得高考「土木工程」技師資格
,,,09品管/製造/環衛,結構工程師,110108,具備結構分析、耐震設計等相關實務，熟悉結構計算與設計驗證，適合擔任結構工程師，從事結構設計與安全評估等工作。,,建議取得高考「結構工程」技師資格
,,,09品管/製造/環衛,營建主管,110111,具備工程規劃統籌、跨單位協調等相關實務，熟悉施工流程控管與品質管制，適合擔任營建主管；從事工程專案管理與施工管理等工作。,,
,,,01經營/行政/總務,經營管理主管,010101,具備工程策略規劃、組織運作統籌等相關實務，熟悉資源配置與流程控管，適合擔任經營管理主管；從事營運策略規劃與組織管理決策等工作。,,
,,,21行銷/企劃/專案,專案管理主管,210301,具備工程專案統籌管理、跨單位資源整合等相關實務，熟悉專案流程控管與進度管制，適合擔任專案管理主管，從事專案規劃控管與團隊協調整合等工作。,,建議取得國際專案管理師（PMP）認證等相關證照
,,,14教育/學術/研究,教授／副教授／助理教授,140201,具備土木工程研究規劃、技術發展統籌等相關實務，熟悉學術研究方法與專業知識整合，適合擔任教授/副教授/助理教授，從事教學授課與學術研究發展等工作。,應取得教育部教授/副教授/助理教授資格,
系統工程研究督導官,9K01,"1.系統工程整合與架構設計
1.1規劃複雜產品或系統之整體架構與技術藍圖。
1.2定義系統規格、功能需求與介面整合標準。
1.3協調各子系統整合以確保整體運作一致性。
2.研發專案管理與策略規劃
2.1規劃與管理系統研發專案與技術路線。
2.2分析專案需求、風險與資源配置。
2.3推動前瞻技術發展與創新研發策略。
3.測試驗證系統與品質管理
3.1規劃測試系統與驗證流程（含軟體與硬體）。
3.2建立測試設備與儀器應用機制。
3.3執行測試評估並確保系統符合品質與性能要求。",09品管/製造/環衛,工廠主管,090101,具備系統規劃整合、研發計畫統籌等相關實務，熟悉規格制定與測試驗證，適合擔任工廠主管；從事生產系統管理與製程品質控管等工作。,,
,,,09品管/製造/環衛,品管/品保主管,090102,具備品質制度規劃、可靠度分析等相關實務，熟悉品質標準建立與測試驗證流程，適合擔任品管品保主管；從事品管制度建置與製程改善等工作。,,
,,,09品管/製造/環衛,可靠度工程師,090207,具備可靠度分析、系統驗證規劃等相關實務，熟悉失效模式分析與測試驗證流程，適合擔任可靠度工程師；從事產品可靠度驗證與失效分析改善等工作。,,
,,,07工程/研發/生技,產品研發工程師,070203,具備系統架構規劃、產品開發整合等相關實務，熟悉需求分析與測試驗證流程，適合擔任產品研發工程師；從事產品設計開發與系統整合等工作。,,
,,,01經營/行政/總務,經營管理主管,010101,具備研發策略規劃、組織運作統籌等相關實務，熟悉資源配置與流程控管，適合擔任經營管理主管；從事營運策略規劃與組織管理決策等工作。,,
,,,21行銷/企劃/專案,專案管理主管,210301,具備系統專案統籌管理、跨單位資源整合等相關實務，熟悉專案流程控管與進度管制，適合擔任專案管理主管，從事專案規劃控管與團隊協調整合等工作。,,建議取得國際專案管理師（PMP）認證等相關證照
,,,02業務/貿易/銷售,業務主管,020101,具備技術方案推動、跨單位協調整合等相關實務，熟悉產品應用說明與系統解決方案推廣，適合擔任業務主管；從事業務策略推動與客戶關係管理等工作。,,
,,,14教育/學術/研究,教授／副教授／助理教授,140201,具備系統工程研究規劃、技術發展統籌等相關實務，熟悉學術研究方法與專業知識整合，適合擔任教授/副教授/助理教授，從事教學授課與學術研究發展等工作。,應取得教育部教授/副教授/助理教授資格,
,,,22其他職類,顧問,220106,具備系統工程策略規劃、技術整合判斷等相關實務，熟悉需求分析與方案評估，適合擔任顧問；從事專業諮詢與策略建議等工作。,,
主財將官,FA00,"1.財務策略與預算規劃
1.1制定組織整體財務策略與方向。?
1.2規劃預算編列與資源配置機制。?
1.3確保資金運用效益最大化。
2.財務管理與內控機制
2.1建立財務制度與作業流程。?
2.2監督會計、審核與資金管理運作。?
2.3降低財務風險並確保合規性。
3.財務報告與對外溝通
3.1彙整與分析財務資訊與報告。?
3.2向利害關係人進行財務說明。
3.3支援決策並提升組織透明度。?",04財務/金融/保險,財務主管,40101,具備預算籌編執行、財務控管審核、現金會計管理與資源配置統籌等相關實務經驗，熟悉財務規劃流程與內部控制原則，適合擔任財務主管；從事財務策略規劃、預算編製管理、資金調度控管與財務報表分析等工作。,,
,,,04財務/金融/保險,會計主管,40103,具備預算籌編執行、內部審核控管、現金會計管理與財務統計分析等相關實務經驗，熟悉會計作業流程與內部控制原則，適合擔任會計主管；從事會計作業督導審核、財務報表分析、稅務申報管理與投融資決策建議等工作。,,
,,,04財務/金融/保險,銀行/投顧經理,40210,具備預算籌編執行、資金調度管理、財務分析報告與內部審核控管等相關實務經驗，熟悉財務管理流程與風險控管原則，適合擔任銀行或投顧經理；從事資金管理規劃、財務顧問服務、投資風險評估與營運管理督導等工作。,,
,,,04財務/金融/保險,金融專業主管,40211,具備預算籌編執行、資金調度控管、內部審核管理與財務分析報告等相關實務經驗，熟悉金融管理流程與風險控管原則，適合擔任金融專業主管；從事資金運用規劃、金融業務管理、風險評估控管與績效成果分析等工作。,,
,,,01經營/行政/總務,經營管理主管,10101,具備預算籌編管理、資源配置統籌、財務控管審核與政策推動執行等相關實務經驗，熟悉營運策略規劃與績效管理原則，適合擔任經營管理主管；從事營運策略制定、組織資源整合、財務績效分析與整體營運管理等工作。,,
,,,21行銷/企劃/專案,專案管理主管,210301,具備預算籌編控管、資源配置統籌、內部審核管理與政策推動執行等相關實務經驗，熟悉專案治理架構與績效控管原則，適合擔任專案管理主管，從事專案策略規劃、資源整合管理、進度品質控管與成果評估分析等工作。,,建議取得國際專案管理師（PMP）認證
,,,21行銷/企劃/專案,企業永續發展人員,210305,具備預算籌編管理、資源配置統籌、財務控管審核與績效統計分析等相關實務經驗，熟悉制度管理架構與指標控管原則，適合擔任企業永續發展人員，從事永續指標建置管理、資源配置規劃、績效報告編製與持續改善推動等工作。,,建議取得經濟部產業發展署「淨零碳規劃管理師能力鑑定證書」
,,,22其他職類,顧問,220106,因具備計畫擬定、風險評估與專案推動經驗，擁有流程管控、資料蒐整與跨部門溝通能力，適合擔任為顧問，接受企業委託，提供專業諮詢及經營改善建議。,,
主財管理督導官,FA01,"1.財務政策與制度治理
1.1制定並推動組織財務管理政策與制度。?
1.2建立財務管理流程與監督機制，確保制度落實。?
1.3督導各部門財務作業，提升組織財務治理能力。
2.預算規劃與財務管理
2.1規劃並編列年度預算，確保資源有效配置。?
2.2督導預算執行、會計作業與內部審核流程。?
2.3進行財務統計分析，支援管理決策。
3.資源整合與專業培訓
3.1統籌組織財力與物力資源，支援營運需求。?
3.2規劃財務專業訓練，提升人員專業能力。
3.3進行財務簡報與跨單位溝通，促進政策理解與執行。",04財務/金融/保險,財務主管,40101,具備預算籌編執行、財務控管審核、現金會計管理與資源配置統籌等相關實務經驗，熟悉財務規劃流程與內部控制原則，適合擔任財務主管；從事財務策略規劃、預算編製管理、資金調度控管與財務報表分析等工作。,,
,,,04財務/金融/保險,會計師,40102,具備預算籌編執行、財務控管審核、現金會計管理與資源配置統籌等相關實務經驗，熟悉財務規劃流程與內部控制原則，適合擔任會計師，從事會計事務之規劃與執行，或提供個人、企業、團體或政府機關等會計問題諮詢、業務審計等服務工作。,應取得會計師資格,
,,,04財務/金融/保險,會計主管,40103,具備預算籌編執行、內部審核控管、現金會計管理與財務統計分析等相關實務經驗，熟悉會計作業流程與內部控制原則，適合擔任會計主管；從事會計作業督導審核、財務報表分析、稅務申報管理與投融資決策建議等工作。,,
,,,04財務/金融/保險,銀行/投顧經理,40210,具備預算籌編執行、資金調度管理、財務分析報告與內部審核控管等相關實務經驗，熟悉財務管理流程與風險控管原則，適合擔任銀行或投顧經理；從事資金管理規劃、財務顧問服務、投資風險評估與營運管理督導等工作。,,
,,,04財務/金融/保險,金融專業主管,40211,具備預算籌編執行、資金調度控管、內部審核管理與財務分析報告等相關實務經驗，熟悉金融管理流程與風險控管原則，適合擔任金融專業主管；從事資金運用規劃、金融業務管理、風險評估控管與績效成果分析等工作。,,
,,,01經營/行政/總務,經營管理主管,10101,具備預算籌編管理、資源配置統籌、財務控管審核與政策推動執行等相關實務經驗，熟悉營運策略規劃與績效管理原則，適合擔任經營管理主管；從事營運策略制定、組織資源整合、財務績效分析與整體營運管理等工作。,,
,,,21行銷/企劃/專案,專案管理主管,210301,具備預算籌編控管、資源配置統籌、內部審核管理與政策推動執行等相關實務經驗，熟悉專案治理架構與績效控管原則，適合擔任專案管理主管，從事專案策略規劃、資源整合管理、進度品質控管與成果評估分析等工作。,,建議取得國際專案管理師（PMP）認證
,,,21行銷/企劃/專案,企業永續發展人員,210305,具備預算籌編管理、資源配置統籌、財務控管審核與績效統計分析等相關實務經驗，熟悉制度管理架構與指標控管原則，適合擔任企業永續發展人員，從事永續指標建置管理、資源配置規劃、績效報告編製與持續改善推動等工作。,,建議取得經濟部產業發展署「淨零碳規劃管理師」等相關能力鑑定
財務部隊指揮官,CD11,"1.財務運作與資金管理
1.1管理組織經費運用與資金流動。?
1.2協調各部門資源分配需求。
1.3確保資金運作穩定與效率。?
2.制度執行與內控管理
2.1落實財務制度與作業流程。?
2.2監督帳務處理與內部控制機制。?
2.3降低風險並確保合規運作。
3.財務分析與團隊發展
3.1彙整分析財務數據與報告。?
3.2提供管理決策所需資訊。
3.3培育團隊專業能力與作業品質。",04財務/金融/保險,財務主管,40101,具備經費控管調配、財務法令解釋應用、內部稽核督導與財務報告彙整等相關實務經驗，熟悉財務制度建置與風險控管原則，適合擔任財務主管；從事財務策略規劃、預算控管管理、內部控制監督與財務報表分析等工作。,,
,,,04財務/金融/保險,會計師,40102,具備經費控管調配、財務法令解釋應用、內部稽核督導與財務報告彙整等相關實務經驗，熟悉財務規劃流程與內部控制原則，適合擔任會計師，從事會計事務之規劃與執行，或提供個人、企業、團體或政府機關等會計問題諮詢、業務審計等服務工作。,應取得會計師資格,
,,,04財務/金融/保險,會計主管,40103,具備經費控管調配、財務法令解釋應用、內部審核督導與財務報告彙整等相關實務經驗，熟悉會計作業流程與內部控制原則，適合擔任會計主管；從事會計作業監督審核、財務報表分析、稅務管理與內控機制建置等工作。,,
,,,04財務/金融/保險,銀行/投顧經理,40210,具備經費控管調配、財務法令解釋應用、內部審核督導與財務報告彙整等相關實務經驗，熟悉資金管理流程與風險控管原則，適合擔任銀行或投顧經理；從事資金運用規劃、投資風險評估、客戶資產管理與營運績效監督等工作。,,
,,,04財務/金融/保險,金融專業主管,40211,具備經費控管調配、財務法令解釋應用、內部審核督導與財務報告整合等相關實務經驗，熟悉金融管理流程與風險控管原則，適合擔任金融專業主管；從事資金運用規劃、金融業務管理、風險評估控管與績效成果分析等工作。,,
,,,01經營/行政/總務,經營管理主管,10101,具備經費控管調配、財務法令解釋應用、內部審核督導與資源配置統籌等相關實務經驗，熟悉營運策略規劃與績效管理原則，適合擔任經營管理主管；從事營運策略制定、組織資源整合、財務績效分析與整體營運管理等工作。,,
,,,21行銷/企劃/專案,專案管理主管,210301,具備經費控管調配、財務法令解釋應用、內部審核督導與資源配置統籌等相關實務經驗，熟悉專案治理架構與績效控管原則，適合擔任專案管理主管，從事專案策略規劃、資源整合管理、進度品質控管與成果評估分析等工作。,,建議取得國際專案管理師（PMP）認證
,,,21行銷/企劃/專案,企業永續發展人員,210305,具備經費控管調配、財務法令解釋應用、內部審核督導與資源配置統籌等相關實務經驗，熟悉制度管理架構與指標控管原則，適合擔任企業永續發展人員，從事永續指標建置管理、資源配置規劃、績效報告編製與持續改善推動等工作。,,建議取得經濟部產業發展署「淨零碳規劃管理師能力鑑定證書」
會計審計官,FA04,"1.內部稽核與制度設計
1.1建立與優化內部控制與審核流程。
1.2規劃會計與財務作業制度。
1.3確保制度符合規範與運作需求。
2.預算與財務執行審查
2.1審查預算使用與執行成效。
2.2檢視財務流程與作業合理性。
2.3提出改善建議提升效率。
3.財務分析與風險控管
3.1查核資產、資金與帳務資料。
3.2分析財務數據與潛在風險。
3.3提供管理決策參考資訊。",04財務/金融/保險,會計師,40102,具備經費控管調配、財務法令解釋應用、內部稽核督導與財務報告彙整等相關實務經驗，熟悉財務規劃流程與內部控制原則，適合擔任會計師，從事會計事務之規劃與執行，或提供個人、企業、團體或政府機關等會計問題諮詢、業務審計等服務工作。,應取得會計師資格,
,,,04財務/金融/保險,審計人員,40106,具備內部審核制度研擬、預算執行查核、財產與資金盤點檢查及審計報告編製等相關實務經驗，熟悉審計作業流程與內部控制原則，適合擔任審計人員；從事財務收支查核、會計紀錄審查、風險缺失分析與審計諮詢建議等工作。,,
,,,04財務/金融/保險,稽核人員,40107,具備內部審核制度研擬、預算執行查核、財務流程檢查與缺失改善建議等相關實務經驗，熟悉內部控制架構與風險評估原則，適合擔任稽核人員，從事內控制度建置修訂、作業流程稽核、風險分析評估與改善措施追蹤等工作。,,建議取得「銀行內部控制與內部稽核」相關合格證書
,,,04財務/金融/保險,主辦及成本會計,40104,具備預算籌編執行、成本分析控管、內部審核制度建置與財務報告編製等相關實務經驗，熟悉會計作業流程與成本控管原則，適合擔任主辦及成本會計；從事成本計算分析、預算管理執行、財務報表編製與內部控管機制維護等工作。,,
,,,04財務/金融/保險,財務專業人員,40109,具備預算籌編執行、財務數據分析、內部審核制度建置與財務報告編製等相關實務經驗，熟悉財務管理流程與風險控管原則，適合擔任財務專業人員；從事財務分析評估、投資融資規劃、資金運用管理與專業報告撰擬等工作。,,
,,,21行銷/企劃/專案,營運管理師/系統整合/ERP專案師,210302,具備預算執行查核、內部審核制度建置、財務流程改善與報告整合分析等相關實務經驗，熟悉流程優化原則與專案管理架構，適合擔任營運管理師/系統整合/ERP專案師，從事營運流程整合、系統導入規劃、專案執行管理與效益分析評估等工作。,,建議取得經濟部「營運智慧分析師能力鑑定證書」
財務官,FA12,"1.財務作業與會計管理
1.1處理日常財務與會計相關作業。
1.2管理帳務資料與收支流程。
1.3確保作業準確與符合規範。
2.資金運用與流程控管
2.1管理資金調度與使用效率。
2.2控管財務流程與作業品質。
2.3提升整體運作穩定性。
3.財務分析與改善優化
3.1分析財務數據與作業狀況。
3.2發現問題並提出改善建議。
3.3協助優化制度與流程設計。",04財務/金融/保險,會計師,40102,具備財務制度研訂、經費收支審核、財務報表分析與法規解釋應用等相關實務經驗，熟悉會計查核流程與內部控制原則，適合擔任會計師，從事會計事務之規劃與執行，或提供個人、企業、團體或政府機關等會計問題諮詢、業務審計等服務工作。,應取得會計師資格,
,,,04財務/金融/保險,財務專業人員,40109,具備財務制度研訂、經費收支管理、資金調度效率分析與財務查核改善等相關實務經驗，熟悉財務管理流程與風險控管原則，適合擔任財務專業人員；從事財務分析評估、資金運用規劃、投融資管理與財務報告撰擬等工作。,,
,,,04財務/金融/保險,理財專員,40207,具備財務制度研訂、經費收支管理、資金調度分析與財務報告撰擬等相關實務經驗，熟悉資金運用原則與風險評估流程，適合擔任理財專員；從事資產配置規劃、投資理財建議、客戶資金管理與財務分析說明等工作。,,
,,,04財務/金融/保險,金融研究員,40205,具備預算編審、財務統計分析、制度研訂與收支績效評估等相關實務經驗，熟悉財務資料分析流程與風險評估原則，適合擔任金融研究員；從事金融市場分析、投資評估報告撰寫、產業財務趨勢研析與研究資料整理等工作。,,
,,,04財務/金融/保險,融資授信業務人員,40202,具備經費查核、資金調度、財務報表審閱與風險評估等相關實務經驗，熟悉資金控管原則與審查流程，適合擔任融資授信業務人員；從事企業與個人授信評估、信用額度審查與風險控管等工作。,,
,,,04財務/金融/保險,徵信人員,40212,具備經費查核、財務資料審閱、異常分析與風險評估等相關實務經驗，熟悉資料查核流程與控管原則，適合擔任徵信人員；從事信用調查、財務背景分析、風險研判與徵信報告撰寫等工作。,,
統計官,FA23,"1.數據管理與統計分析
1.1蒐集、整理與管理各類數據資料。
1.2進行統計分析與資料解讀。
1.3建立數據應用與分析機制。
2.商業分析與成本評估
2.1分析營運數據與績效表現。
2.2進行成本效益與資源使用分析。
2.3提出優化建議提升經營效率。
3.報表製作與決策支援
3.1製作統計報表與視覺化圖表。
3.2彙整分析結果供管理層參考。
3.3支援策略規劃與決策制定。",04財務/金融/保險,統計精算人員,40302,具備統計制度研擬、資料蒐整分析、成本效益評估與專案調查設計等相關實務經驗，熟悉統計分析流程與量化評估原則，適合擔任統計精算人員；從事數據分析建模、成本效益評估、統計報告撰寫與決策支援分析等工作。,,
,,,14教育/學術/研究,教授／副教授／助理教授,140201,具備統計制度研擬、專題研究設計、資料分析建模與成本效益評估等相關實務經驗，熟悉統計研究方法與成果解釋原則，適合擔任教授／副教授／助理教授，從事統計教學、學術研究發表、研究計畫設計與學生指導等工作。,應取得教育部教授／副教授／助理教授資格,
,,,14教育/學術/研究,統計學研究人員,140305,具備統計資料蒐集分析、專案進度控管實務經驗，適合擔任統計學研究人員，從事統計方法研究開發、調查抽樣設計、資料模型建構與分析報告撰寫等工作。,,
,,,21行銷/企劃/專案,市場調查/市調分析,210105,具備統計制度研擬、專案調查設計、資料蒐整分析與成本效益評估等相關實務經驗，熟悉統計分析流程與數據解讀原則，適合擔任市場調查／市調分析；從事市場數據分析、問卷調查設計、消費趨勢研判與研究報告撰寫等工作。,,
財務兵,FA111,"1.會計資料與帳務整理
1.1整理會計資料與財務報表。
1.2登錄帳務資料與成本會計紀錄。
1.3確保財務資料完整與可查核。
2.財務憑證與付款作業支援
2.1整理費用支付憑證與相關文件。
2.2協助帳務與付款作業流程。
2.3維持財務文件管理與紀錄。
3.財務行政與制度支援
3.1協助整理財務相關法規與制度文件。
3.2支援成本會計與財務行政作業。
3.3協助各項財務資料統整與報表製作。",04財務/金融/保險,會計/出納/記帳人員,40105,具備財務記錄、帳務對帳等實務經驗，熟悉帳籍整理與財務資料建檔流程，適合擔任會計/出納/記帳人員，從事財務處理記錄、會計交易紀錄等工作。,,建議取得「記帳士」證照
,,,01經營/行政/總務,行政總務人員,10302,具備報表及帳籍、憑證資料整理經驗，熟悉帳務處理流程、資料建檔，適合擔任行政總務人員；從事文件與檔案管理、辦公環境與資源維護等行政支援等工作。,,
,,,06客服/門市,連鎖店管理人員,60205,因於部隊長期接觸人員管理、物料補給、設施環境維護等實務工作，並具備遵守紀律、流程管控與標準化執行力，適合擔任為連鎖店管理人員，從事服務品質維護、存貨管理、排班調度等門店營運工作。,,建議取得「門市服務」相關技術士證
,,,06客服/門市,賣場（人員／儲備幹部）,60202,因具備物品管理、庫存整理與基礎行政協作能力，熟悉數據核對、資料處理，適合擔任為賣場儲備幹部；進行收銀、陳列、補貨與顧客服務等作業，並培養營運管理與團隊領導能力。,,
,,,06客服/門市,售票/收銀人員,60204,具備款項收受、帳務清點實務經驗，熟悉金流處理、資料核對，適合擔任售票/收銀人員；從事票務處理、收銀結帳、款項盤點與客戶服務等工作。,,
,,,15物流/運輸/資材,倉管人員,150304,具備細節控管與資料準確性維護能力，熟悉報表製作及數據比對流程，適合擔任倉管人員，從事物資進出處理、庫存清點、帳目登錄與物品整理等工作。,,建議取得「堆高機操作」技術士證
財務士,FA114,"1.預算與會計作業管理
1.1協助預算分配與經費使用管理。
1.2執行帳務審核與成本資料登錄。
1.3協助財務報表與成本分析作業。
2.財務資料與帳務管理
2.1登錄與維護會計帳冊與財務資料。
2.2整理統計資料並進行基礎分析。
2.3確保財務資料完整與可追溯性。
3.薪資與資金管理
3.1協助薪資、保險與所得稅等財務行政作業。
3.2管理單位現金與資金收支。
3.3維持財務作業流程與資金安全。",04財務/金融/保險,會計/出納/記帳人員,40105,具備財務記錄、帳務對帳等實務經驗，熟悉財務資料整理及現金保管作業，適合擔任會計/出納/記帳人員，從事財務處理記錄、會計交易紀錄等工作。,,建議取得「記帳士」證照
,,,01經營/行政/總務,行政總務人員,10302,具備報表及帳籍、憑證資料整理經驗，熟悉財務審核、薪資與保險作業流程，適合擔任行政總務人員；從事文件與檔案管理、辦公環境與資源維護等行政支援等工作。,,
,,,15物流/運輸/資材,採購人員,150303,具備小額採購尋商比價、進貨驗收等實務經驗，適合擔任採購人員；從事需求確認、廠商評選、價格協商與進貨驗收等工作。,,
,,,06客服/門市,連鎖店管理人員,60205,因於部隊長期接觸人員管理、物料補給、設施環境維護等實務工作，並具備遵守紀律、流程管控與標準化執行力，適合擔任連鎖店管理人員，從事服務品質維護、存貨管理、排班調度等門店營運工作。,,建議取得「門市服務」相關技術士證
,,,06客服/門市,賣場（人員／儲備幹部）,60202,具備預算報表整理、帳務登錄實務經驗，熟悉數據核對及行政作業流程，適合擔任為賣場儲備幹部；進行收銀、陳列、補貨與顧客服務等作業，並培養營運管理與團隊領導能力。,,
,,,06客服/門市,售票/收銀人員,60204,具備款項收受、帳務清點實務經驗，熟悉金流處理及資料整理流程，適合售票/收銀人員；從事票務處理、收銀結帳、款項盤點與客戶服務等工作。,,
軍法將官,LA00,"1.組織管理與績效評估
1.1規劃並執行組織內部人員績效評估制度。
1.2督導各單位人員工作表現與績效管理作業。
1.3依評估結果提出人力資源發展與管理建議。
2.法務行政管理
2.1指導法律相關部門之行政管理與作業運作。
2.2督導案件審理與法律程序相關行政流程。
2.3檢討並優化法律行政作業制度與流程。
3.檢討並優化法律行政作業制度與流程
3.1研究相關法規制度並提供組織決策參考。
3.2規劃法律制度與管理規範之建立與修訂。
3.3推動法律相關政策與制度之執行與落實。",03人資/法務/智財,法務／智財主管,030302,具備法務統籌、制度規劃與人員督導考核等相關實務，熟悉法務作業流程與行政管控機制，適合擔任法務或智財主管相關職務，從事企業法務制度規劃及智慧財產權管理等相關工作。,,
,,,03人資/法務/智財,法律顧問人員,030202,具備案件審查處理、法律文書撰寫審核、法規研究分析與法律諮詢服務等相關實務，熟悉制度化審查流程與行政管理作業機制，適合擔任法律顧問人員，從事法律資料蒐集整理、契約審閱與風險評估、公司法律問題處理等工作。,,建議取得律師資格
,,,01經營/行政/總務,高階主管特別助理,010201,具備制度規劃推動、跨單位協調整合與人員督導考核等相關實務，熟悉制度化行政流程與績效管理機制，適合擔任高階主管特別助理。從事決策資料分析整理、專案推動執行、跨部門協調與主管交辦事項管理等工作。,,
,,,01經營/行政/總務,人力資源主管,030101,具備人員管理統籌、制度規劃推動、績效考核執行與組織協調整合等相關實務，熟悉制度化人員管理與培訓，適合擔任人力資源主管相關職務，從事員工招募任用管理、薪資獎酬制度規劃、訓練發展推動與人事規章建置等工作。,,
軍事院檢將官,CE00,"1.法務業務管理與制度推動
1.1督導法律相關業務之整體運作與發展。
1.2規劃並推動法律案件處理流程與作業制度。
1.3檢討並優化法律業務執行機制。
2.組織人員管理與績效評估
2.1規劃並執行組織人員績效評估制度。
2.2督導各單位人員工作表現與專業發展。
2.3依評估結果提出人力資源管理與培育建議。
3.法規研究與行政制度規劃
3.1研究相關法律制度並提供組織決策參考。
3.2規劃法律行政制度與作業規範。
3.3推動相關制度修訂與管理機制落實。",03人資/法務/智財,法務／智財主管,030302,具備法務統籌、制度規劃與人員督導考核等相關實務，熟悉法務作業流程與行政管控機制，適合擔任法務或智財主管相關職務，從事企業法務制度規劃及智慧財產權管理等相關工作。,,
,,,03人資/法務/智財,法律顧問人員,030202,具備案件審查處理、法律文書撰寫審核、法規研究分析與法律諮詢服務等相關實務，熟悉制度化審查流程與行政管理作業機制，適合擔任法律顧問人員格，從事法律資料蒐集整理、契約審閱與風險評估、公司法律問題處理等工作。,,建議取得律師資格
,,,01經營/行政/總務,高階主管特別助理,010201,具備制度規劃推動、跨單位協調整合與人員督導考核等相關實務，熟悉制度化行政流程與績效管理機制，適合擔任高階主管特別助理。從事決策資料分析整理、專案推動執行、跨部門協調與主管交辦事項管理等工作。,,
,,,01經營/行政/總務,人力資源主管,030101,具備人員管理統籌、制度規劃推動、績效考核執行與組織協調整合等相關實務，熟悉制度化人員管理與培訓，適合擔任人力資源主管相關職務，從事員工招募任用管理、薪資獎酬制度規劃、訓練發展推動與人事規章建置等工作。,,
軍事院檢主官,CE11,"1.法務管理與制度運作
1.1管理法務作業流程與案件運作機制。
1.2督導案件分配與執行品質。
1.3確保法務制度符合法規與標準。
2.組織管理與績效評估
2.1執行人事管理與績效評估制度。
2.2規劃組織運作與人力配置。
2.3提升組織效率與執行力。
3.法治推動與行政整合
3.1推動法治教育與法律服務。
3.2規劃法律政策與制度改善。
3.3整合法務、監所及行政資源。",03人資/法務/智財,法務／智財主管,030302,具備法務統籌、制度規劃與人員督導考核等相關實務，熟悉法務作業流程與行政管控機制，適合擔任法務或智財主管相關職務，從事企業法務制度規劃及智慧財產權管理等相關工作。,,
,,,03人資/法務/智財,法律顧問人員,030202,具備案件審查處理、法律文書撰寫審核、法規研究分析與法律諮詢服務等相關實務，熟悉制度化審查流程與行政管理作業機制，適合擔任法律顧問人員，從事法律資料蒐集整理、契約審閱與風險評估、公司法律問題處理等工作。,,建議取得律師資格
,,,01經營/行政/總務,高階主管特別助理,010201,具備制度規劃推動、跨單位協調整合與人員督導考核等相關實務，熟悉制度化行政流程與績效管理機制，適合擔任高階主管特別助理。從事決策資料分析整理、專案推動執行、跨部門協調與主管交辦事項管理等工作。,,
,,,01經營/行政/總務,人力資源主管,030101,具備人員管理統籌、制度規劃推動、績效考核執行與組織協調整合等相關實務，熟悉制度化人員管理與培訓，適合擔任人力資源主管相關職務，從事員工招募任用管理、薪資獎酬制度規劃、訓練發展推動與人事規章建置等工作。,,
軍法督導官,LA01,"1.法務與案件管理
1.1管理法律案件與審查流程。
1.2控管案件進度與程序執行。
1.3確保法律作業合規性。
2.法律文件與行政管理
2.1審核法律文件與相關資料。
2.2管理法務行政與案件紀錄。
2.3維持法務作業品質與一致性。
3.法規制度與合規治理
3.1推動法規制度與教育宣導。
3.2參與法規修訂與制度優化。
3.3執行合規管理與風險控管。",03人資/法務/智財,法務／智財主管,030302,具備法律服務、契約審閱、法規研究與制度規劃等相關實務經驗，熟悉法務流程與內控機制，適合擔任法務／智財主管，從事企業智慧財產權管理規劃、法務制度建置與執行、契約審閱與爭議處理等工作。,,
,,,03人資/法務/智財,律師,030201,具備案件調查、法律文書撰寫、訴訟程序執行等相關實務經驗，熟悉制度化審理流程與行政管理作業機制，適合擔任律師，從事法律諮詢服務、訴訟代理、法庭辯護、契約談判與紛爭處理等相關工作。,應取得律師資格,
,,,03人資/法務/智財,法律顧問人員,030202,具備案件調查處理、法律文書撰寫審核、法規研究與諮詢服務等相關實務，熟悉制度化審查流程與行政管理作業機制，適合擔任法律顧問人員，從事企業法律問題處理、法律資料蒐集整理、契約審閱與風險評估等工作。,,
,,,03人資/法務/智財,代書／地政士,030202,具備案件調查處理、法律文書審核撰寫、訴訟程序執行與法規諮詢服務等相關實務，熟悉制度化審查流程與行政管理作業機制，適合擔任代書∕地政士相關職務，從事土地及不動產交易文件申請、權利移轉登記、契約審閱與法規諮詢服務等工作。,應取得地政士執照,
,,,04財務/金融/保險,稽核人員,040107,具備法律案件審查、法規適用判斷、流程監管等相關實務，熟悉制度化內部控制流程與合規管理機制，適合擔任稽核人員；從事內控制度建立與檢討、作業流程查核、合規風險評估與稽核報告撰寫等工作。,,
,,,03人資/法務/智財,教育訓練人員,030104,具備法治教育推動、課程規劃與制度宣導等相關實務，熟悉教材設計、課程實施與評量流程，適合擔任教育訓練人員，從事訓練評估、課程規劃與執行等工作。,,
軍法書記官,LA04,"1.案件文書與資料管理
1.1製作、整理並歸檔案件相關文件，確保資料完整。
1.2執行案件記錄與編案管理，維持資料一致性。
2.行政報表與流程支援
2.1編製表報與行政文件，支援案件與管理決策。
2.2配合流程進度進行文件分送與行政協調。
3.證物與資產管理
3.1登記、管理案件證物、罰金與扣押物，確保流程合規。
3.2辦理軍法行政事務之分配與執行，維持作業秩序。",03人資/法務/智財,法律助理人員,030204,具備案件登記、卷宗整理與裁決書製作等相關實務，熟悉司法程序、文書管理及相關作業要求，適合擔任法律助理人員，從事案件資料整理、訴訟支援與相關行政處理等工作。,,
,,,03人資/法務/智財,人力資源專員,030102,具備資料管理與行政支援等相關實務，熟悉文件管理與個資保護，適合擔任人力資源專員，從事人事資料整理、行政支援與績效考核等工作。,,建議取得勞動部「就業服務乙級技術士」
,,,03人資/法務/智財,代書／地政士,030202,具備法律文書製作、案件資料登錄、文件編案存管與行政流程執行等相關實務，熟悉制度化文件管理流程與內部控管作業機制，適合擔任代書∕地政士相關職務，從事土地及不動產交易文件申請、權利移轉登記辦理、契約文件審閱與資料管理等工作。,應取得地政士執照,
,,,01經營/行政/總務,行政總務人員,010302,具備文件製作存管、行政流程執行、資料登錄與事務協調等相關實務，熟悉制度化行政作業流程與總務管理機制，適合擔任行政總務人員。從事一般行政庶務管理、跨部門支援與後勤事務協調等工作。,,
軍法行政官,LA05,"1.法務行政與流程支援
1.1執行法務行政與文件處理。?
1.2協助案件與流程運作。?
1.3維持作業流程順暢。
2.法治推廣與合規支援
2.1協助法規宣導與教育推動。?
2.2支援制度落實與風險預防。
2.3維持組織合規運作。
3.法律服務與法規審查
3.1提供基礎法律支援與諮詢。
3.2協助法規文件審查。
3.3參與制度優化與修訂建議。",03人資/法務/智財,法務／智財主管,030302,具備法律服務、契約審閱、法規研究與制度規劃等相關實務經驗，熟悉法務流程與內控機制，適合擔任法務／智財主管，從事企業智慧財產權管理規劃、法務制度建置與執行、契約審閱與爭議處理等工作。,,
,,,03人資/法務/智財,律師,030201,具備案件調查、法律文書撰寫、訴訟程序執行等相關實務經驗，熟悉制度化審理流程與行政管理作業機制，適合擔任律師，從事法律諮詢服務、訴訟代理、法庭辯護、契約談判與紛爭處理等相關工作。,應取得律師資格,
,,,03人資/法務/智財,法律顧問人員,030202,具備案件調查處理、法律文書撰寫審核、法規研究與諮詢服務等相關實務，熟悉制度化審查流程與行政管理作業機制，適合擔任法律顧問人員，從事企業法律問題處理、法律資料蒐集整理、契約審閱與風險評估等工作。,,
,,,03人資/法務/智財,代書／地政士,030202,具備案件調查處理、法律文書審核撰寫、訴訟程序執行與法規諮詢服務等相關實務，熟悉制度化審查流程與行政管理作業機制，適合擔任代書∕地政士相關職務，從事土地及不動產交易文件申請、權利移轉登記、契約審閱與法規諮詢服務等工作。,應取得地政士執照,
,,,04財務/金融/保險,稽核人員,040107,具備法律案件審查、法規適用判斷、流程監管等相關實務，熟悉制度化內部控制流程與合規管理機制，適合擔任稽核人員；從事內控制度建立與檢討、作業流程查核、合規風險評估與稽核報告撰寫等工作。,,
,,,03人資/法務/智財,教育訓練人員,030104,具備法治教育推動、課程規劃與制度宣導等相關實務，熟悉教材設計、課程實施與評量流程，適合擔任教育訓練人員，從事訓練評估、課程規劃與執行等工作。,,
公設辯護官,LA35,"1.辯護業務執行
1.1依法辦理辯護案件，保障當事人法律權益。
1.2配合法律程序完成必要之辯護作業。
2.法律文書與筆錄處理
2.1製作與整理辯護相關法律文件。
2.2執行筆錄與案件紀錄，確保資料可追溯。
3.程序遵循與行政支援
3.1依規定完成案件流程與行政作業。
3.2配合制度與時程要求，確保案件運作順暢。",03人資/法務/智財,法務／智財主管,030302,軍旅歷練具備法律服務、契約審閱、法規研究與制度規劃等相關實務經驗，熟悉法務流程與內控機制，適合擔任法務／智財主管，從事企業智慧財產權管理規劃、法務制度建置與執行、契約審閱與爭議處理等工作。,,
,,,03人資/法務/智財,律師,030201,軍旅歷練具備案件調查、法律文書撰寫、訴訟程序執行等相關實務經驗，熟悉制度化審理流程與行政管理作業機制，適合擔任律師，從事法律諮詢服務、訴訟代理、法庭辯護、契約談判與紛爭處理等相關工作。,應取得律師資格,
,,,03人資/法務/智財,法律顧問人員,030202,軍旅歷練具備案件調查處理、法律文書撰寫審核、法規研究與諮詢服務等相關實務，熟悉制度化審查流程與行政管理作業機制，適合擔任法律顧問人員，從事企業法律問題處理、法律資料蒐集整理、契約審閱與風險評估等工作。,,
,,,03人資/法務/智財,代書／地政士,030202,軍旅歷練具備案件調查處理、法律文書審核撰寫、訴訟程序執行與法規諮詢服務等相關實務，熟悉制度化審查流程與行政管理作業機制，適合擔任代書∕地政士相關職務，從事土地及不動產交易文件申請、權利移轉登記、契約審閱與法規諮詢服務等工作。,應取得地政士執照,
,,,04財務/金融/保險,稽核人員,040107,具備法律案件審查、法規適用判斷、流程監管等相關實務，熟悉制度化內部控制流程與合規管理機制，適合擔任稽核人員；從事內控制度建立與檢討、作業流程查核、合規風險評估與稽核報告撰寫等工作。,,
,,,03人資/法務/智財,教育訓練人員,030104,軍旅歷練具備法治教育推動、課程規劃與制度宣導等相關實務，熟悉教材設計、課程實施與評量流程，適合擔任教育訓練人員，從事訓練評估、課程規劃與執行等工作。,,
法醫官,LA23,"1.法醫檢驗與死因分析
1.1執行屍體檢驗與醫學分析。?
1.2判讀傷害機制與死亡原因。?
1.3出具專業鑑定報告。
2.解剖與病理鑑識
2.1進行法醫解剖與組織檢驗。?
2.2分析病理變化與致死因素。
2.3出具專業鑑定報告
3.鑑識支援與司法應用
3.1提供司法案件之專業鑑識意見。
3.2協助調查單位進行證據分析。
3.3確保鑑識結果符合法律規範。",通俗職業未收錄依UCAN對應,法醫師,,依軍職專長與公務人員職系認定對照表，直接對照法醫師，從事法醫學鑑定、專業判斷與司法協助等工作。,依法醫師法應取得法務部核發之「法醫師執照」,
法制官,LA33,"1.法規制度規劃與審查
1.1擬訂、修正與審查內部法規制度，確保與上位法規一致。
1.2提供法規適用諮詢，協助業務單位正確執行。
2.行政救濟與案件處理
2.1辦理國家賠償與訴願案件，確保程序正當與風險控管。
2.2統籌軍法與法制行政事項，支援組織法律運作。
3.法治教育與制度推動
3.1規劃並推動法制與軍法教育，提升組織法規素養。
3.2結合法規與實務運作，強化制度落實與治理效能。",03人資/法務/智財,法務／智財主管,030302,軍旅歷練具備法律服務、契約審閱、法規研究與制度規劃等相關實務經驗，熟悉法務流程與內控機制，適合擔任法務／智財主管，從事企業智慧財產權管理規劃、法務制度建置與執行、契約審閱與爭議處理等工作。,,
,,,03人資/法務/智財,律師,030201,軍旅歷練具備案件調查、法律文書撰寫、訴訟程序執行等相關實務經驗，熟悉制度化審理流程與行政管理作業機制，適合擔任律師，從事法律諮詢服務、訴訟代理、法庭辯護、契約談判與紛爭處理等相關工作。,應取得律師資格,
,,,03人資/法務/智財,法律顧問人員,030202,軍旅歷練具備案件調查處理、法律文書撰寫審核、法規研究與諮詢服務等相關實務，熟悉制度化審查流程與行政管理作業機制，適合擔任法律顧問人員，從事企業法律問題處理、法律資料蒐集整理、契約審閱與風險評估等工作。,,
,,,03人資/法務/智財,代書／地政士,030202,軍旅歷練具備案件調查處理、法律文書審核撰寫、訴訟程序執行與法規諮詢服務等相關實務，熟悉制度化審查流程與行政管理作業機制，適合擔任代書∕地政士相關職務，從事土地及不動產交易文件申請、權利移轉登記、契約審閱與法規諮詢服務等工作。,應取得地政士執照,
,,,04財務/金融/保險,稽核人員,040107,具備法律案件審查、法規適用判斷、流程監管等相關實務，熟悉制度化內部控制流程與合規管理機制，適合擔任稽核人員；從事內控制度建立與檢討、作業流程查核、合規風險評估與稽核報告撰寫等工作。,,
,,,03人資/法務/智財,教育訓練人員,030104,軍旅歷練具備法治教育推動、課程規劃與制度宣導等相關實務，熟悉教材設計、課程實施與評量流程，適合擔任教育訓練人員，從事訓練評估、課程規劃與執行等工作。,,
監獄主官,CE21,"1.機構營運管理
1.1管理機構整體運作與制度。?
1.2規劃流程並提升營運效率。?
1.3確保組織穩定與運作順暢。
2.人員與對象管理
2.1建立人員管理與控管機制。?
2.2維持場域秩序與安全。
2.3處理突發狀況與風險事件。
3.組織領導與制度規劃
3.1領導團隊與分配人力資源。
3.2建立管理制度與作業規範。
3.3提升整體管理品質與效率。",01經營/行政/總務,行政總務主管,010301,具備監所管理、紀律維護、人員分工協調與行政作業統籌等實務經驗，熟悉制度化行政流程與績效管理，適合擔任行政總務主管，從事行政制度規劃、庶務管理、跨部門協調等相關行政支援工作。,,
,,,01經營/行政/總務,大廈或社區總幹事／幹事,010106,具備監所管理、紀律維護、人員分工協調與行政作業統籌等實務經驗，熟悉制度化行政流程與突發事件處理，適合擔任大廈或社區總幹事／幹事，從事社區行政管理、秩序維護與住戶溝通協調等工作。,,
,,,10技術/維修/操作,安防系統施作規劃管理人員,100212,具備收容規劃、分區控管與監控配置規劃等相關實務經驗，熟悉安全監控設施運作維管及危機應變機制，適合擔任安防系統施作規劃管理人員，從事安防系統規劃設計、監視系統整合與安全動線規劃管理等工作。,,建議取得勞動部「室內配線技術士證」等相關證照
,,,06客服/門市,賣場主管/管理人員,060201,具備組織運作管理與人員督導經驗，熟悉制度執行、現場秩序維持，適合擔任賣場主管/管理人員，從事門市營運管理及現場問題處理等工作。,,
,,,03人資/法務/智財,教育訓練人員,030104,具備溝通協調與管理能力，熟悉規範落實、行為輔導，適合擔任教育訓練人員從事訓練課程規劃、成效評估等工作。,,
監獄（戒護）督導官,LA11,"1.安全管理與風險控管
1.1規劃與監督場域安全機制。?
1.2維持秩序與降低風險事件。?
1.3確保組織運作穩定。
2.制度規劃與執行督導
2.1建立管理制度與作業流程。?
2.2督導制度執行與品質控管。
2.3優化組織運作與管理效率。
3.人員管理與發展機制
3.1管理對象行為與日常運作。
3.2規劃教育訓練與發展機制。
3.3執行評估與管理決策支援。",01經營/行政/總務,行政總務主管,010301,具備監所管理、紀律維護、人員分工協調與行政作業統籌等實務經驗，熟悉制度化行政流程與績效管理，適合擔任行政總務主管，從事行政制度規劃、庶務管理、跨部門協調等相關行政支援工作。,,
,,,01經營/行政/總務,大廈或社區總幹事／幹事,010106,具備監所管理、紀律維護、人員分工協調與行政作業統籌等實務經驗，熟悉制度化行政流程與突發事件處理，適合擔任大廈或社區總幹事／幹事，從事社區行政管理、秩序維護與住戶溝通協調等工作。,應取得內政部國土管理署核發之「公寓大廈管理服務人員認可證」等相關證照,
,,,18保全/軍警消,保全技術人員,180106,具備高風險場域安全管理、戒護流程規劃與危機應變處置等相關實務，熟悉安全制度規劃、控管流程與突發事件應處通報，適合擔任保全技術人員，從事安全設備管理維護、門禁監控系統操作與現場安全事件處理等工作。,,建議取得內政部國土管理署核發之「公寓大廈管理服務人員認可證」等相關證照
,,,10技術/維修/操作,安防系統施作規劃管理人員,100212,具備收容規劃、分區控管與監控配置規劃等相關實務經驗，熟悉安全監控設施運作維管及危機應變機制，適合擔任安防系統施作規劃管理人員，從事安防系統規劃設計、監視系統整合與安全動線規劃管理等工作。,,建議取得勞動部「室內配線技術士證」等相關證照
,,,18保全/軍警消,保全人員,180101,具備戒護勤務、秩序維護與危機應變等相關實務，熟悉安全管理制度、勤務流程與突發事件處理特性，適合擔任保全人員，從事安全戒護、現場巡查與事件通報等工作。,,建議取得保全業務或危機處理相關訓練
觀護官,LA34,"1.個案監督與管理
1.1執行個案監督與遵循規範管理。?
1.2追蹤個案行為與生活狀況。?
1.3建立紀錄並評估執行情形。
2.輔導支持與行為改善
2.1提供個案輔導與支持服務。?
2.2協助改善行為與生活適應。
2.3強化個案自我管理能力。
3.再社會化與風險預防
3.1協助個案回歸社會體系。
3.2降低再犯風險並建立支持網絡。
3.3推動預防犯罪相關措施。",03人資/法務/智財,法律助理人員,030204,具備協助辦理法律服務、輔導訴訟事項，以及各項法令規章修正之審核與意見提供，熟悉司法程序流程、文書管理制度與作業紀律管理特性，適合擔任法律助理人員，從事案件資料整理、訴訟支援與行政協助等工作。,,
,,,17醫療/美容/保建,社會工作師,170301,具備個案追蹤、風險評估與行為督導等相關實務，熟悉保護管束制度、跨網絡協作流程與高風險個案管理特性，適合擔任社會工作，從事個案輔導、資源連結與風險追蹤等工作。,，應取得衛生福利部核發之「社會工作師執照」,
,,,14教育/學術/研究,社工人員,140120,具備保護管束、個案溝通與問題介入等相關實務，熟悉社會福利制度、個案服務流程與跨單位合作管理特性，適合擔任社工人員，從事教育性或預防性之的服務諮詢，並提供兒少安置及相關輔導工作。,,
軍法戒護士,LA215,"1.場域管理與秩序維護
1.1維持場域秩序與運作流程。?
1.2管理出入與作業流程執行。?
1.3確保環境安全與整潔。
2.人員安全管控
2.1執行人員進出與管制作業。?
2.2進行現場監護與安全維持。
2.3應對突發狀況與風險事件。
3.行政與行為管理
3.1處理相關文書與紀錄。
3.2觀察與評估人員行為狀況。
3.3管理生活規範與衛生標準。",18保全/軍警消,場地管理人員,180107,具備秩序維護、群眾行為觀察與衝突預防等相關實務，熟悉場地管理流程、安全規範制度與現場應變特性，適合擔任場地管理人員，從事場地秩序維護、安全巡查與突發狀況處理等工作。,,
,,,18保全/軍警消,運鈔員,180104,具備高風險人員戒護、路線押送與突發狀況應變等相關實務，熟悉安全作業流程、勤務紀律與風險控管管理特性，適合擔任運鈔員，從事現金押運、安全戒護與突發事件應變等工作。,,
,,,01經營/行政/總務,大廈或社區總幹事／幹事,010106,具備現場秩序維護、異常行為觀察與衝突預防等相關實務，熟悉管理規章制度、巡查流程與安全管理特性，適合擔任大廈或社區總幹事／幹事，從事社區行政管理、秩序維護與突發事件處理等工作。,,
,,,01經營/行政/總務,行政總務人員,010302,具備勤務紀錄、流程執行與行政支援等相關實務，熟悉行政作業流程、內部控管制度與紀律管理特性，適合擔任行政總務人員，從事行政庶務管理、紀錄維護與後勤支援等工作。,,
,,,22其他職類,私家偵探（徵信員）,220104,具備人員行為觀察、異常辨識與資料蒐集等相關實務，熟悉蒐證流程、風險評估制度與保密管理特性，適合擔任私家偵探（徵信員），從事行為追蹤、資料蒐集與風險判斷等工作。,,
,,,06客服/門市,連鎖店管理人員,060205,具備溝通協調與責任管理能力，熟悉制度落實、突發狀況應對，適合擔任連鎖店管理人員，從事門市營運管理及現場問題處理等工作,,
軍法戒護領導士,CE015,"1.場域管理與安全控管
1.1規劃並管理場域運作流程。?
1.2維持秩序與環境安全。?
1.3確保各項作業順利執行。
2.人員管控與監護管理
2.1指導人員執行管制作業。?
2.2督導現場安全與流程遵循。
2.3處理突發狀況與風險事件。
3.團隊管理與組織運作
3.1規劃人員訓練與工作分配。
3.2提升團隊執行效率與穩定性。
3.3維持組織運作與人員管理品質。",18保全/軍警消,場地管理人員,180107,具備秩序維護、群眾行為觀察與衝突預防等相關實務，熟悉場地管理流程、安全規範制度與現場應變特性，適合擔任場地管理人員，從事場地秩序維護、安全巡查與突發狀況處理等工作。,,建議取得場地管理或安全管理相關訓練
,,,18保全/軍警消,運鈔員,180104,具備高風險人員戒護、路線押送與突發狀況應變等相關實務，熟悉安全作業流程、勤務紀律與風險控管管理特性，適合擔任運鈔員，從事現金押運、安全戒護與突發事件應變等工作。,,建議取得保全人員或運鈔安全相關訓練
,,,01經營/行政/總務,大廈或社區總幹事／幹事,010106,具備現場秩序維護、異常行為觀察與衝突預防等相關實務，熟悉管理規章制度、巡查流程與安全管理特性，適合擔任大廈或社區總幹事／幹事，從事社區行政管理、秩序維護與突發事件處理等工作。,,
,,,01經營/行政/總務,行政總務人員,010302,具備勤務紀錄、流程執行與行政支援等相關實務，熟悉行政作業流程、內部控管制度與紀律管理特性，適合擔任行政總務人員，從事行政庶務管理、紀錄維護與後勤支援等工作。,,
,,,22其他職類,私家偵探（徵信員）,220104,具備人員行為觀察、異常辨識與資料蒐集等相關實務，熟悉蒐證流程、風險評估制度與保密管理特性，適合擔任私家偵探（徵信員），從事行為追蹤、資料蒐集與風險判斷等工作。,,建議取得徵信實務或法律蒐證相關訓練
,,,06客服/門市,連鎖店管理人員,060205,具備溝通協調與責任管理能力，熟悉制度落實、突發狀況應對，適合擔任連鎖店管理人員，從事門市營運管理及現場問題處理等工作,,
軍法戒護兵,LA211,"1.場域管理與秩序維護
1.1協助維持場域秩序與運作。?
1.2執行環境整理與流程支援。?
1.3確保作業正常進行。
2.人員安全管控支援
2.1協助人員進出與管理。?
2.2支援現場安全維持。
2.3配合處理突發狀況。
3.行為觀察與管理支援
3.1觀察人員狀況與行為表現。
3.2協助執行管理規範。
3.3維持生活與衛生標準。",18保全/軍警消,場地管理人員,180107,具備秩序維護、群眾行為觀察與衝突預防等相關實務，熟悉場地管理流程、安全規範制度與現場應變特性，適合擔任場地管理人員，從事場地秩序維護、安全巡查與突發狀況處理等工作。,,建議取得場地管理或安全管理相關訓練
,,,18保全/軍警消,運鈔員,180104,具備高風險人員戒護、路線押送與突發狀況應變等相關實務，熟悉安全作業流程、勤務紀律與風險控管管理特性，適合擔任運鈔員，從事現金押運、安全戒護與突發事件應變等工作。,,建議取得保全人員或運鈔安全相關訓練
,,,01經營/行政/總務,大廈或社區總幹事／幹事,010106,具備現場秩序維護、異常行為觀察與衝突預防等相關實務，熟悉管理規章制度、巡查流程與安全管理特性，適合擔任大廈或社區總幹事／幹事，從事社區行政管理、秩序維護與突發事件處理等工作。,,
,,,01經營/行政/總務,行政總務人員,010302,具備勤務紀錄、流程執行與行政支援等相關實務，熟悉行政作業流程、內部控管制度與紀律管理特性，適合擔任行政總務人員，從事行政庶務管理、紀錄維護與後勤支援等工作。,,
,,,22其他職類,私家偵探（徵信員）,220104,具備人員行為觀察、異常辨識與資料蒐集等相關實務，熟悉蒐證流程、風險評估制度與保密管理特性，適合擔任私家偵探（徵信員），從事行為追蹤、資料蒐集與風險判斷等工作。,,
,,,06客服/門市,連鎖店管理人員,060205,具備溝通協調與責任管理能力，熟悉制度落實、突發狀況應對，適合擔任連鎖店管理人員，從事門市營運管理及現場問題處理等工作,,
感訓部隊指揮官,DF21,"1.專案規劃與執行管理
1.1規劃並推動各項專案活動與作業計畫。?
1.2指導團隊依計畫執行相關作業並確保目標達成。?
1.3監控專案進度並適時調整執行策略。
2.組織行政與資源管理
2.1管理單位行政事務與日常運作。?
2.2規劃教育訓練與專業能力培養活動。?
2.3管理設備與資源維護以確保運作穩定。
3.作業流程與績效管理
3.1建立作業流程與執行標準。?
3.2監督各項作業成果並進行績效評估。?
3.3檢討作業執行成效並提出改善措施。",01經營/行政/總務,行政總務主管,010301,具備監所管理、紀律維護、人員分工協調與行政作業統籌等實務經驗，熟悉制度化行政流程與績效管理，適合擔任行政總務主管，從事行政制度規劃、庶務管理、跨部門協調等相關行政支援工作。,,
,,,01經營/行政/總務,大廈或社區總幹事／幹事,010106,具備監所管理、紀律維護、人員分工協調與行政作業統籌等實務經驗，熟悉制度化行政流程與突發事件處理，適合擔任大廈或社區總幹事／幹事，從事社區行政管理、秩序維護與住戶溝通協調等工作。,,
,,,10技術/維修/操作,安防系統施作規劃管理人員,100212,具備收容規劃、分區控管與監控配置規劃等相關實務經驗，熟悉安全監控設施運作維管及危機應變機制，適合擔任安防系統施作規劃管理人員，從事安防系統規劃設計、監視系統整合與安全動線規劃管理等工作。,,建議取得勞動部「室內配線技術士證」等相關證照
,,,06客服/門市,賣場主管/管理人員,060201,具備組織運作管理與人員督導經驗，熟悉制度執行、現場秩序維持，適合擔任賣場主管/管理人員，從事門市營運管理及現場問題處理等工作。,,
,,,03人資/法務/智財,教育訓練人員,030104,具備溝通協調與管理能力，熟悉規範落實、行為輔導，適合擔任教育訓練人員從事訓練課程規劃、成效評估等工作。,,
靶機發射收回作業兵,4D922,"1.設備組裝與整合測試
1.1執行設備模組拆解、組裝與結合，確保系統完整運作
1.2依標準流程完成裝置安裝與功能測試（含附屬模組）
2.品質檢測與作業前驗證
2.1執行設備運行前檢查作業，確保符合操作標準
2.2進行重量平衡與參數校正，確保設備運作安全性
3.作業支援與技術執行
3.1協助設備操作與作業執行（如發射、運行等流程）
3.2配合團隊完成作業流程中各項技術支援任務",10技術/維修/操作,遙控無人機專業人員,100316,具備高價值資產管理經驗，能執行複雜環境下的風險評估與損害管制，熟悉飛安流程與性能操作，適合擔任遙控無人機專業人員，操作無人機從事商用、空拍、監測、研究等工作。,應取得交通部民航局「遙控無人機操作證」等相關證照,
,,,10技術/維修/操作,自動化機械加工技術人員,100106,具備大型無人機操作管制、設備維護檢修等相關實務，熟悉作業流程管理與安全管控制度，適合擔任自動化機械加工技術人員；從事自動化設備操作、設備維修保養等工作。,,
,,,10技術/維修/操作,電子設備裝修技術員,100208,具備大型無人機設備檢修、系統操作管制等相關實務，熟悉作業流程管理與安全管控制度，適合擔任電子設備裝修技術員，從事電子設備安裝、故障檢修維護等工作。,,建議取得勞動部「電子」相關技術士證
,,,08資訊/軟體/系統,其他資訊專業人員,080190,具備系統操作與資訊整合能力，熟悉無人機導控、設備維運及人員訓練管理，適合擔任其他資訊專業人員，從事系統操作、設備管理及技術支援等相關工作。,,
,,,09品管/製造/環衛,品管測試技術員,090103,因具備大型無人機保養檢查各類技術實務經驗，熟悉依標準程序執行功能測試，適合轉銜為品管測試技術員，根據品質管制標準規格，檢查成品，使其符合製造標準等工作。,,建議取得中華民國品質學會「品質工程師認證」（經濟部認可）
靶機發射作業士,4D925,"1.設備組裝與系統整合
1.1執行設備模組組裝與整合
1.2依作業標準完成設備配置與安裝
2.設備檢測與品質驗證
2.1執行設備運作前檢查
2.2進行參數校正與平衡調整
3.現場作業與技術支援
3.1支援設備運行與操作流程
3.2配合團隊完成技術作業任務",10技術/維修/操作,遙控無人機專業人員,100316,具備高價值資產管理經驗，能執行複雜環境下的風險評估與損害管制，熟悉飛安流程與性能操作，適合擔任遙控無人機專業人員，操作無人機從事商用、空拍、監測、研究等工作。,應取得交通部民航局「遙控無人機操作證」等相關證照,
,,,10技術/維修/操作,自動化機械加工技術人員,100106,具備大型無人機操作管制、設備維護檢修等相關實務，熟悉作業流程管理與安全管控制度，適合擔任自動化機械加工技術人員；從事自動化設備操作、設備維修保養等工作。,,
,,,10技術/維修/操作,電子設備裝修技術員,100208,具備大型無人機設備檢修、系統操作管制等相關實務，熟悉作業流程管理與安全管控制度，適合擔任電子設備裝修技術員，從事電子設備安裝、故障檢修維護等工作。,,建議取得勞動部「電子」相關技術士證
,,,08資訊/軟體/系統,其他資訊專業人員,080190,具備系統操作與資訊整合能力，熟悉無人機導控、設備維運及人員訓練管理，適合擔任其他資訊專業人員，從事系統操作、設備管理及技術支援等相關工作。,,
,,,09品管/製造/環衛,品管測試技術員,090103,因具備大型無人機保養檢查各類技術實務經驗，熟悉依標準程序執行功能測試，適合轉銜為品管測試技術員，根據品質管制標準規格，檢查成品，使其符合製造標準等工作。,,建議取得中華民國品質學會「品質工程師認證」（經濟部認可）
靶機追蹤控制作業士,4D935,"1.通訊與控制設備測試
1.1執行發射與接收設備之功能測試與檢查
1.2確認通訊系統運作狀態與訊號傳輸穩定性
2.系統校正與設備檢測
2.1執行作業設備之校正與參數調整
2.2操作資料記錄與回放設備，進行數據驗證
3.系統整合與聯合測試
3.1執行多設備系統整合測試作業
3.2確認各系統間運作協調與功能正常",10技術/維修/操作,遙控無人機專業人員,100316,具備高價值資產管理經驗，能執行複雜環境下的風險評估與損害管制，熟悉飛安流程與性能操作，適合擔任遙控無人機專業人員，操作無人機從事商用、空拍、監測、研究等工作。,應取得交通部民航局「遙控無人機操作證」等相關證照,
,,,10技術/維修/操作,自動化機械加工技術人員,100106,具備大型無人機操作管制、設備維護檢修等相關實務，熟悉作業流程管理與安全管控制度，適合擔任自動化機械加工技術人員；從事自動化設備操作、設備維修保養等工作。,,
,,,10技術/維修/操作,電子設備裝修技術員,100208,具備大型無人機設備檢修、系統操作管制等相關實務，熟悉作業流程管理與安全管控制度，適合擔任電子設備裝修技術員，從事電子設備安裝、故障檢修維護等工作。,,建議取得勞動部「電子」相關技術士證
,,,08資訊/軟體/系統,其他資訊專業人員,080190,具備系統操作與資訊整合能力，熟悉無人機導控、設備維運及人員訓練管理，適合擔任其他資訊專業人員，從事系統操作、設備管理及技術支援等相關工作。,,
,,,09品管/製造/環衛,品管測試技術員,090103,因具備精密系統操作、督導管制各類技術實務經驗，熟悉依標準程序執行功能測試，適合轉銜為品管測試技術員，根據品質管制標準規格，檢查成品，使其符合製造標準等工作。,,建議取得中華民國品質學會「品質工程師認證」（經濟部認可）
靶機追蹤控制系統修護兵,4D942,"1.通訊與控制設備維修
1.1協助發射、接收與通訊設備之檢修與故障排除
1.2執行設備模組拆裝與零件更換作業
2.系統設備維護與測試
2.1協助電腦系統與控制設備之檢查與維護
2.2進行設備功能測試與運作驗證
3.天線與周邊設備管理
3.1協助天線與相關設備之檢查與保養
3.2維持設備運作效能與穩定性",10技術/維修/操作,精密儀器製造及修理人員,100203,具備電子儀器操作、設備檢測與保修等相關實務，熟悉精密儀器維修校正規範，適合擔任精密儀器製造及修理人員，從事儀器維修、功能校正與測試驗證等工作。,,建議取得勞動部「電力電子」或「儀表電子」技術士等相關證照
,,,10技術/維修/操作,電子設備裝修技術員,100208,具備電子裝備操作、線路檢查與基本維修等相關實務，熟悉電子設備裝修與測試流程，適合擔任電子設備裝修技術員，從事電子設備裝配、檢修、測試與日常保養等工作。,,建議取得勞動部「數位電子」或「儀表電子」技術士等相關證照
,,,10技術/維修/操作,安防系統施作規劃管理人員,100212,具備弱電設備安裝、線路佈設與系統測試等相關實務，熟悉設備安裝與施工管理流程，適合擔任安防系統施作規劃管理人員，從事安防設備安裝、線路佈設、系統測試與維修等工作。,,建議取得國家通訊傳播委員會「通信技術（電信線路）技術士證」等證照
,,,09品管/製造/環衛,測試校正人員,090104,具備通信電子儀器檢測維護、故障原因分析等相關實務，熟悉電子原理判讀與校準流程作業，適合擔任測試校正人員；從事設備校正與故障分析改良等工作。,,
,,,09品管/製造/環衛,品管測試技術員,090103,具備通信電子儀器保養維護、校準檢修等相關實務，熟悉電子原理判讀與檢測流程作業，適合擔任品管測試技術員，從事品質檢驗與機台校正等工作。,,建議取得中華民國品質學會「品質工程師認證」（經濟部認可）
靶機追蹤控制系統修護技術士,4D946,"1.高階設備維護與保養
1.1執行設備預防性保養與定期維護作業
1.2依維護標準進行系統檢查與狀態評估
2.故障診斷與修復
2.1進行設備故障分析與問題判斷
2.2執行系統修復與零件更換作業
3.系統維運與品質管理
3.1建立與維護設備保養與修護紀錄
3.2依作業標準執行設備維運管理",10技術/維修/操作,精密儀器製造及修理人員,100203,具備電子儀器操作、設備檢測與保修等相關實務，熟悉精密儀器維修校正規範，適合擔任精密儀器製造及修理人員，從事儀器維修、功能校正與測試驗證等工作。,,建議取得勞動部「電力電子」或「儀表電子」技術士等相關證照
,,,10技術/維修/操作,電子設備裝修技術員,100208,具備電子裝備操作、線路檢查與基本維修等相關實務，熟悉電子設備裝修與測試流程，適合擔任電子設備裝修技術員，從事電子設備裝配、檢修、測試與日常保養等工作。,,建議取得勞動部「數位電子」或「儀表電子」技術士等相關證照
,,,10技術/維修/操作,安防系統施作規劃管理人員,100212,具備弱電設備安裝、線路佈設與系統測試等相關實務，熟悉設備安裝與施工管理流程，適合擔任安防系統施作規劃管理人員，從事安防設備安裝、線路佈設、系統測試與維修等工作。,,建議取得國家通訊傳播委員會「通信技術（電信線路）技術士證」等證照
,,,09品管/製造/環衛,測試校正人員,090104,具備通信電子儀器檢測維護、故障原因分析等相關實務，熟悉電子原理判讀與校準流程作業，適合擔任測試校正人員；從事設備校正與故障分析改良等工作。,,
,,,09品管/製造/環衛,品管測試技術員,090103,具備通信電子儀器保養維護、校準檢修等相關實務，熟悉電子原理判讀與檢測流程作業，適合擔任品管測試技術員，從事品質檢驗與機台校正等工作。,,建議取得中華民國品質學會「品質工程師認證」（經濟部認可）
射控系統修護官,4D43,"1.精密控制系統維護與保養
1.1執行精密控制與自動化設備之保養、檢查與調整作業
1.2依維護標準進行設備測試與校正，確保系統運作穩定
2.系統維修與故障排除
2.1進行設備異常診斷與問題分析
2.2執行系統修復與零件更換作業
3.技術培訓與作業管理
3.1規劃並執行設備操作與維修人員之教育訓練
3.2建立標準作業流程（SOP）與維護制度",07工程/研發/生技,RF通訊工程師,070110,具備射頻系統測試檢修、電磁訊號監測分析等相關實務，熟悉設備操作與測試維護流程控管機制，適合擔任RF通訊工程師，從事射頻系統測試、干擾排除與通訊品質優化等工作。,,建議取得經濟部「天線設計工程師能力鑑定證書」等相關證照
,,,07工程/研發/生技,光電工程師,070107,具備感測系統測試檢修、訊號監測分析等相關實務，熟悉設備操作與測試維護流程控管機制，適合擔任光電工程師；從事光電系統建置與訊號測試分析等工作。,,
,,,07工程/研發/生技,通訊系統工程師,070109,具備雷達系統測試檢修、系統運作監督管理等相關實務，熟悉設備操作與維護流程控管機制，適合擔任通訊系統工程師，從事通訊系統規劃建置與設備測試維護等工作。,,建議取得勞動部「通信技術（電信線路）技術士」等相關證照
,,,07工程/研發/生技,EMC電子安規工程師,070112,具備電磁環境評估、設備抗干擾測試與系統安全監控等相關實務，熟悉電磁相容規範、測試流程與設備安全管理特性，適合擔任EMC電子安規工程師，從事電磁相容測試、產品安規驗證與干擾改善建議等工作。,,建議取得經濟部「電磁相容工程師能力鑑定證書」等相關證照
,,,07工程/研發/生技,電子產品系統工程師,070214,具備感測系統測試檢修、系統整合監督等相關實務，熟悉設備性能測試與維護流程控管機制，適合擔任電子產品系統工程師，從事系統架構規劃與功能驗證測試等工作。,,建議取得勞動部「電力電子」技術士等相關證照
,,,07工程/研發/生技,電力系統工程師,070119,具備雷達系統測試檢修、系統運作監控等相關實務，熟悉電力供應評估與運轉維護流程控管機制，適合擔任電力系統工程師；從事電力系統規劃與運轉監測等工作。,,
射控雷達修護官,4D47,"1.精密雷達／感測系統維護
1.1執行高精密感測與監測設備之安裝、定期測試與校正
1.2進行設備保養、調整與功能檢查，確保系統穩定運作
2.系統整合與故障排除
2.1整合感測設備與控制系統（如操作平台）之運作
2.2執行設備異常診斷與故障排除
3.設備升級與技術優化
3.1執行設備大修與性能改善工程
3.2提出設備優化與技術改進建議",07工程/研發/生技,RF通訊工程師,070110,具備射頻系統測試檢修、電磁訊號監測分析等相關實務，熟悉設備操作與測試維護流程控管機制，適合擔任RF通訊工程師，從事射頻系統測試、干擾排除與通訊品質優化等工作。,,建議取得經濟部「天線設計工程師能力鑑定證書」等相關證照
,,,1.1.07工程/研發/生技,光電工程師,070107,具備感測系統測試檢修、訊號監測分析等相關實務，熟悉設備操作與測試維護流程控管機制，適合擔任光電工程師；從事光電系統建置與訊號測試分析等工作。,,
,,,07工程/研發/生技,通訊系統工程師,070109,具備雷達系統測試檢修、系統運作監督管理等相關實務，熟悉設備操作與維護流程控管機制，適合擔任通訊系統工程師，從事通訊系統規劃建置與設備測試維護等工作。,,建議取得勞動部「通信技術（電信線路）技術士」等相關證照
,,,07工程/研發/生技,EMC電子安規工程師,070112,具備電磁環境評估、設備抗干擾測試與系統安全監控等相關實務，熟悉電磁相容規範、測試流程與設備安全管理特性，適合擔任EMC電子安規工程師，從事電磁相容測試、產品安規驗證與干擾改善建議等工作。,,建議取得經濟部「電磁相容工程師能力鑑定證書」等相關證照
,,,07工程/研發/生技,電子產品系統工程師,070214,具備感測系統測試檢修、系統整合監督等相關實務，熟悉設備性能測試與維護流程控管機制，適合擔任電子產品系統工程師，從事系統架構規劃與功能驗證測試等工作。,,建議取得勞動部「電力電子」技術士等相關證照
,,,07工程/研發/生技,電力系統工程師,070119,具備雷達系統測試檢修、系統運作監控等相關實務，熟悉電力供應評估與運轉維護流程控管機制，適合擔任電力系統工程師；從事電力系統規劃與運轉監測等工作。,,
飛彈雷達修護官,4D53,"1.高頻雷達與感測系統維護
1.1執行高頻雷達與感測設備之檢修、保養與功能測試
1.2維護追蹤、測距與影像感測系統之運作穩定性
2.系統故障診斷與維修
2.1進行設備異常分析與故障排除
2.2執行系統修復與零件更換作業
3.技術培訓與維運管理
3.1規劃並執行設備操作與維修人員之教育訓練
3.2建立設備維護標準流程與作業制度",07工程/研發/生技,RF通訊工程師,070110,具備射頻系統測試檢修、電磁訊號監測分析等相關實務，熟悉設備操作與測試維護流程控管機制，適合擔任RF通訊工程師，從事射頻系統測試、干擾排除與通訊品質優化等工作。,,建議取得經濟部「天線設計工程師能力鑑定證書」等相關證照
,,,07工程/研發/生技,光電工程師,070107,具備感測系統測試檢修、訊號監測分析等相關實務，熟悉設備操作與測試維護流程控管機制，適合擔任光電工程師；從事光電系統建置與訊號測試分析等工作。,,
,,,07工程/研發/生技,通訊系統工程師,070109,具備雷達系統測試檢修、系統運作監督管理等相關實務，熟悉設備操作與維護流程控管機制，適合擔任通訊系統工程師，從事通訊系統規劃建置與設備測試維護等工作。,,建議取得勞動部「通信技術（電信線路）技術士」等相關證照
,,,07工程/研發/生技,EMC電子安規工程師,070112,具備電磁環境評估、設備抗干擾測試與系統安全監控等相關實務，熟悉電磁相容規範、測試流程與設備安全管理特性，適合擔任EMC電子安規工程師，從事電磁相容測試、產品安規驗證與干擾改善建議等工作。,,建議取得經濟部「電磁相容工程師能力鑑定證書」等相關證照
,,,07工程/研發/生技,電子產品系統工程師,070214,具備感測系統測試檢修、系統整合監督等相關實務，熟悉設備性能測試與維護流程控管機制，適合擔任電子產品系統工程師，從事系統架構規劃與功能驗證測試等工作。,,建議取得勞動部「電力電子」技術士等相關證照
,,,07工程/研發/生技,電力系統工程師,070119,具備雷達系統測試檢修、系統運作監控等相關實務，熟悉電力供應評估與運轉維護流程控管機制，適合擔任電力系統工程師；從事電力系統規劃與運轉監測等工作。,,
靶機系統官,4D63,"1.系統運作管理與作業統籌
1.1統籌設備系統之日常運作與作業規劃
1.2管理設備操作流程與任務執行進度
2.系統操作與維運管理
2.1督導設備操作與控制系統運作
2.2管理設備保養、維修與維運作業
3.人員培訓與資源管理
3.1規劃並執行技術人員教育訓練
3.2管理設備補給與資源配置",10技術/維修/操作,遙控無人機專業人員,100316,具備高價值資產管理經驗，能執行複雜環境下的風險評估與損害管制，熟悉飛安流程與性能操作，適合擔任遙控無人機專業人員，操作無人機從事商用、空拍、監測、研究等工作。,應取得交通部民航局「遙控無人機操作證」等相關證照,
,,,07工程/研發/生技,機構工程師,070204,具備系統結構設計並具性能評估實務經驗，熟悉性能操作與飛安流程，適合轉銜機構工程師；從事人機互動、避障規劃、系統架構設計等相關工作。,,
,,,08資訊/軟體/系統,其他資訊專業人員,080190,具備系統操作與資訊整合能力，熟悉無人機導控、設備維運及人員訓練管理，適合擔任其他資訊專業人員，從事系統操作、設備管理及技術支援等相關工作。,,
,,,03人資/法務/智財,教育訓練人員,030104,具備任務規劃督導、部隊訓練管理等相關實務，熟悉訓練制度設計與績效評核流程，適合擔任教育訓練人員；從事訓練課程規劃、教學成效評估等工作。,,
,,,21行銷/企劃/專案,活動企劃人員,210203,具備任務規劃執行、跨單位協調整合等相關實務，熟悉活動流程設計與現場運作管理機制，適合擔任活動企劃人員；從事活動企劃設計、執行統籌協調等工作。,,
,,,21行銷/企劃/專案,專案管理師,210304,具備任務規劃、作業管制與跨部門協調的能力，熟悉專案流程與風險管控，適合擔任專案管理師，從事專案規劃、進度管控、資源整合等工作，確保專案如期如質達成。,,建議取得「國際專案管理師（PMP）認證」等相關證照
,,,21行銷/企劃/專案,營運管理師/系統整合/ERP專案師,210302,具備任務規劃、作業管制與資源整合能力，熟悉專案流程與風險管控，適合擔任營運管理師/ERP專案師，從事營運流程優化、跨部門資源整合與績效追蹤等工作。,,建議取得經濟部「營運智慧分析師能力鑑定」等相關證書
光電指揮系統修護官,4D73,"1.光電系統安裝與測試
1.1執行光學感測與光電設備之安裝與初期測試
1.2進行系統功能驗證與參數設定，確保設備符合運作標準
2.系統維護與故障排除
2.1執行光電設備之保養、校正與性能調整
2.2進行設備異常診斷與故障排除
3.系統整合與問題解決
3.1整合光電系統與主控制系統之運作
3.2分析並解決系統整合過程中之技術問題",07工程/研發/生技,光電工程師,070107,具備光電技術規劃應用、系統發展建議等相關實務，熟悉電磁理論運用與技術協作機制，適合擔任光電工程師；從事光電系統設計開發與技術整合等工作。,,
,,,07工程/研發/生技,光學工程師,070108,具備光電技術規劃應用、光學系統發展建議等相關實務，熟悉電磁理論運用與裝置整合機制，適合擔任光學工程師；從事光學系統設計開發與性能測試驗證等工作。,,
,,,07工程/研發/生技,通訊系統工程師,070109,具備光電系統規劃應用、技術整合協作等相關實務，熟悉電磁理論運用與系統發展評估機制，適合擔任通訊系統工程師；從事通訊系統規劃設計與技術整合等工作。,,建議取得勞動部「通信技術（電信線路）技術士」等相關證照
,,,07工程/研發/生技,RF通訊工程師,070110,具備電磁理論運用、技術規劃整合等相關實務，熟悉系統整合評估與性能驗證機制，適合擔任RF通訊工程師，從事射頻系統設計調校與性能測試驗證等工作。,,建議取得經濟部「天線設計工程師能力鑑定證書」等相關證照
,,,07工程/研發/生技,EMC電子安規工程師,070112,具備電磁理論運用、系統整合評估等相關實務，熟悉設備運作特性與干擾風險分析機制，適合擔任EMC電子安規工程師，從事電磁相容測試驗證與干擾抑制設計等工作。,,建議取得經濟部「電磁相容工程師能力鑑定證書」等相關證照
,,,21行銷/企劃/專案,專案管理師,210304,因為具備策定精密裝備保養修護作業能力，熟悉規劃、協調與跨單位資源整合流程，適合轉銜為專案管理師，確保專案如期如質達成。,,建議取得國際專案管理師（PMP）認證
,,,21行銷/企劃/專案,企業永續發展人員,210305,因具備計畫擬定、風險評估與專案推動能力，熟悉流程管控、資料蒐整與跨部門協調，所需核心職能與企業永續工作高度相符，適合轉銜為企業永續發展人員，投入碳盤查、減碳策略及企業社會責任（CSR）相關工作。,,建議取得經濟部產發署「淨零碳規劃管理師」等能力鑑定
飛彈發電機修護官,4D74,"1.電力與環控設備維護
1.1執行發電機、變頻器與環境控制設備之檢修與保養作業
1.2進行設備功能測試與運轉監控，確保系統穩定供電與環控效能
2.系統故障診斷與維修
2.1分析電力與環控設備異常狀況並進行故障排除
2.2執行設備修復與零件更換作業
3.維運管理與資源管制
3.1督導設備維護、補給與保修作業流程
3.2管理設備維修紀錄與資源配置",09品管/製造/環衛,品管/品保工程師,090107,因具備系統妥善率及可靠度維持專業背景，並熟悉發電機檢查保修程序，適合轉銜為品管工程師，從事產品標準設定及利用各種管理技術，維持與改進其品質。,,建議取得中華民國品質學會「品質工程師認證」（經濟部認可）
,,,07工程/研發/生技,電子工程師,070120,因具備電子控制元件、感測器與電源模組等檢測維修背景，熟悉精密裝備保修維護作業，適合轉銜為電子工程師，從事電子電路系統設計整合等相關工作。,,建議取得勞動部「電力電子」等相關技術士證
,,,07工程/研發/生技,機械工程師,070216,因具備精密組裝、機構校調等相關經驗，熟悉精密裝備保修維護作業，適合轉銜為機械工程師，從事與機械有關之產品設計、製造、維修、操作等工作。,,建議取得勞動部「鉗工」或「車床」等相關技術士證
,,,11營建/製圖/施作,機械設計／繪圖人員,110204,因為具備飛彈裝備之結構檢修與精密組裝能力，熟悉零組件配合與機構運作原理，適合轉銜為機械設計人員，從事設備設計、製造與測試改良工作。,,建議取得勞動部「電腦輔助立體製圖丙級」及iPAS「工具機機械設計工程師」
,,,21行銷/企劃/專案,專案管理師,210304,因為具備策定精密裝備保養修護作業能力，熟悉規劃、協調與跨單位資源整合流程，適合轉銜為專案管理師，確保專案如期如質達成。,,建議取得國際專案管理師（PMP）認證
,,,21行銷/企劃/專案,企業永續發展人員,210305,因具備計畫擬定、風險評估與專案推動能力，熟悉流程管控、資料蒐整與跨部門協調，所需核心職能與企業永續工作高度相符，適合轉銜為企業永續發展人員，投入碳盤查、減碳策略及企業社會責任（CSR）相關工作。,,建議取得經濟部產發署「淨零碳規劃管理師」等能力鑑定
